word,word_type,color,stim_condition,correct_resp,thisN,thisTrialN,thisRepN,resp.keys,resp.corr,resp.rt,resp.duration,trials.thisRepN,trials.thisTrialN,trials.thisN,trials.thisIndex,thisRow.t,notes,Instructions.started,instr_text.started,Instructions.stopped,trial.started,fixation.started,fixation.stopped,word_stim.started,resp.started,trial.stopped,trials.resp.keys,trials.resp.corr,trials.resp.rt,trials.resp.duration,Thanks.started,text.started,Thanks.stopped,participant,session,date,expName,expVersion,psychopyVersion,frameRate,expStart,
,,,,,,,,,,,,,,,,,,0.010813700035214424,0.02448490000097081,2.0111303000012413,,,,,,,,,,,,,,1,001,2025-11-18_20h03.11.027,emotional stroop_untitled,,2025.1.1,59.7787230709264,2025-11-18 20h03.45.044066 +0530,
Stone,neutral,yellow,I,y,0,0,0,y,1,1.5350409999955446,None,0,0,0,19,2.057328300026711,,,,,2.039790600014385,2.057328300026711,2.507918899995275,2.507918899995275,2.507918899995275,4.075064500037115,y,1,1.5350409999955446,None,,,,1,001,2025-11-18_20h03.11.027,emotional stroop_untitled,,2025.1.1,59.7787230709264,2025-11-18 20h03.45.044066 +0530,
Pencil,neutral,green,I,g,1,1,0,g,1,1.4325543000013568,None,0,1,1,14,4.090603600023314,,,,,4.078619000036269,4.090603600023314,4.575140000029933,4.575140000029933,4.575140000029933,6.01180460001342,g,1,1.4325543000013568,None,,,,1,001,2025-11-18_20h03.11.027,emotional stroop_untitled,,2025.1.1,59.7787230709264,2025-11-18 20h03.45.044066 +0530,
Table,neutral,blue,I,b,2,2,0,b,1,1.0838545000297017,None,0,2,2,13,6.024899400013965,,,,,6.014596900029574,6.024899400013965,6.524511000025086,6.524511000025086,6.524511000025086,7.611189200018998,b,1,1.0838545000297017,None,,,,1,001,2025-11-18_20h03.11.027,emotional stroop_untitled,,2025.1.1,59.7787230709264,2025-11-18 20h03.45.044066 +0530,
Sadness,emotional,yellow,I,y,3,3,0,y,1,0.7396396999829449,None,0,3,3,7,7.624226899992209,,,,,7.614026900031604,7.624226899992209,8.124201000027824,8.124201000027824,8.124201000027824,8.877340400009416,y,1,0.7396396999829449,None,,,,1,001,2025-11-18_20h03.11.027,emotional stroop_untitled,,2025.1.1,59.7787230709264,2025-11-18 20h03.45.044066 +0530,
Fear,emotional,red,C,r,4,4,0,r,1,1.4695357999880798,None,0,4,4,0,8.890582600026391,,,,,8.88259970000945,8.890582600026391,9.391608600039035,9.391608600039035,9.391608600039035,10.861720899993088,r,1,1.4695357999880798,None,,,,1,001,2025-11-18_20h03.11.027,emotional stroop_untitled,,2025.1.1,59.7787230709264,2025-11-18 20h03.45.044066 +0530,
Road,neutral,green,I,g,5,5,0,g,1,1.6222259999485686,None,0,5,5,18,10.87283380003646,,,,,10.86529490002431,10.87283380003646,11.373361300036777,11.373361300036777,11.373361300036777,12.996382500045002,g,1,1.6222259999485686,None,,,,1,001,2025-11-18_20h03.11.027,emotional stroop_untitled,,2025.1.1,59.7787230709264,2025-11-18 20h03.45.044066 +0530,
Violence,emotional,blue,I,b,6,6,0,b,1,1.2838648000033572,None,0,6,6,9,13.024639500014018,,,,,13.00285150000127,13.024639500014018,13.507502700027544,13.507502700027544,13.507502700027544,14.794316000014078,b,1,1.2838648000033572,None,,,,1,001,2025-11-18_20h03.11.027,emotional stroop_untitled,,2025.1.1,59.7787230709264,2025-11-18 20h03.45.044066 +0530,
Window,neutral,red,I,r,7,7,0,r,1,0.7849712999886833,None,0,7,7,12,14.807522899995092,,,,,14.797185000032187,14.807522899995092,15.30794040003093,15.30794040003093,15.30794040003093,16.094762600027025,r,1,0.7849712999886833,None,,,,1,001,2025-11-18_20h03.11.027,emotional stroop_untitled,,2025.1.1,59.7787230709264,2025-11-18 20h03.45.044066 +0530,
Chair,neutral,green,I,g,8,8,0,g,1,0.9946293999673799,None,0,8,8,10,16.107440599997062,,,,,16.097870199999306,16.107440599997062,16.60738920001313,16.60738920001313,16.60738920001313,17.611020500015,g,1,0.9946293999673799,None,,,,1,001,2025-11-18_20h03.11.027,emotional stroop_untitled,,2025.1.1,59.7787230709264,2025-11-18 20h03.45.044066 +0530,
Injury,emotional,green,I,g,9,9,0,g,1,0.7048232000088319,None,0,9,9,6,17.623411800013855,,,,,17.616250200022478,17.623411800013855,18.123588300019037,18.123588300019037,18.123588300019037,18.844352999993134,g,1,0.7048232000088319,None,,,,1,001,2025-11-18_20h03.11.027,emotional stroop_untitled,,2025.1.1,59.7787230709264,2025-11-18 20h03.45.044066 +0530,
Threat,emotional,blue,I,b,10,10,0,b,1,1.3015295999939553,None,0,10,10,5,18.858561400033068,,,,,18.847476200025994,18.858561400033068,19.35757290001493,19.35757290001493,19.35757290001493,20.661642400023993,b,1,1.3015295999939553,None,,,,1,001,2025-11-18_20h03.11.027,emotional stroop_untitled,,2025.1.1,59.7787230709264,2025-11-18 20h03.45.044066 +0530,
Death,emotional,green,I,g,11,11,0,g,1,1.7711194999865256,None,0,11,11,2,20.68985910003539,,,,,20.66821960004745,20.68985910003539,21.173336400010157,21.173336400010157,21.173336400010157,22.962265600042883,g,1,1.7711194999865256,None,,,,1,001,2025-11-18_20h03.11.027,emotional stroop_untitled,,2025.1.1,59.7787230709264,2025-11-18 20h03.45.044066 +0530,
Paper,neutral,yellow,I,y,12,12,0,y,1,1.02913769998122,None,0,12,12,15,22.974256100016646,,,,,22.96637949999422,22.974256100016646,23.473785700043663,23.473785700043663,23.473785700043663,24.51051470002858,y,1,1.02913769998122,None,,,,1,001,2025-11-18_20h03.11.027,emotional stroop_untitled,,2025.1.1,59.7787230709264,2025-11-18 20h03.45.044066 +0530,
Anger,emotional,red,C,r,13,13,0,r,1,0.9632191000273451,None,0,13,13,8,24.523327700037044,,,,,24.5135777000105,24.523327700037044,25.023712099995464,25.023712099995464,25.023712099995464,25.99397010001121,r,1,0.9632191000273451,None,,,,1,001,2025-11-18_20h03.11.027,emotional stroop_untitled,,2025.1.1,59.7787230709264,2025-11-18 20h03.45.044066 +0530,
Pain,emotional,blue,I,b,14,14,0,b,1,0.993037500011269,None,0,14,14,1,26.007223599997815,,,,,25.99654580000788,26.007223599997815,26.506677200028207,26.506677200028207,26.506677200028207,27.510247500031255,b,1,0.993037500011269,None,,,,1,001,2025-11-18_20h03.11.027,emotional stroop_untitled,,2025.1.1,59.7787230709264,2025-11-18 20h03.45.044066 +0530,
Bottle,neutral,yellow,I,y,15,15,0,y,1,0.9234983999631368,None,0,15,15,11,27.524497600039467,,,,,27.513414700049907,27.524497600039467,28.023710200039204,28.023710200039204,28.023710200039204,28.960202300047968,y,1,0.9234983999631368,None,,,,1,001,2025-11-18_20h03.11.027,emotional stroop_untitled,,2025.1.1,59.7787230709264,2025-11-18 20h03.45.044066 +0530,
Garden,neutral,red,I,r,16,16,0,r,1,0.6487843000213616,None,0,16,16,16,28.97371089999797,,,,,28.962873600015882,28.97371089999797,29.474675800011028,29.474675800011028,29.474675800011028,30.126941599999554,r,1,0.6487843000213616,None,,,,1,001,2025-11-18_20h03.11.027,emotional stroop_untitled,,2025.1.1,59.7787230709264,2025-11-18 20h03.45.044066 +0530,
Panic,emotional,yellow,I,y,17,17,0,y,1,1.0565166000160389,None,0,17,17,3,30.141102300025523,,,,,30.12971320003271,30.141102300025523,30.64011490001576,30.64011490001576,30.64011490001576,31.710906199994497,y,1,1.0565166000160389,None,,,,1,001,2025-11-18_20h03.11.027,emotional stroop_untitled,,2025.1.1,59.7787230709264,2025-11-18 20h03.45.044066 +0530,
Abuse,emotional,red,C,r,18,18,0,r,1,0.6228121999884024,None,0,18,18,4,31.723213899997063,,,,,31.71354240004439,31.723213899997063,32.22332200000528,32.22332200000528,32.22332200000528,32.8603146999958,r,1,0.6228121999884024,None,,,,1,001,2025-11-18_20h03.11.027,emotional stroop_untitled,,2025.1.1,59.7787230709264,2025-11-18 20h03.45.044066 +0530,
Book,neutral,blue,I,b,19,19,0,b,1,0.750710699998308,None,0,19,19,17,32.87347769999178,,,,,32.86281960003544,32.87347769999178,33.37304590002168,33.37304590002168,33.37304590002168,34.1265904000029,b,1,0.750710699998308,None,,,,1,001,2025-11-18_20h03.11.027,emotional stroop_untitled,,2025.1.1,59.7787230709264,2025-11-18 20h03.45.044066 +0530,
Anger,emotional,red,C,r,20,0,1,r,1,0.9869223000132479,None,1,0,20,8,34.140098900010344,,,,,34.13129620003747,34.140098900010344,34.63992780004628,34.63992780004628,34.63992780004628,35.62810560001526,r,1,0.9869223000132479,None,,,,1,001,2025-11-18_20h03.11.027,emotional stroop_untitled,,2025.1.1,59.7787230709264,2025-11-18 20h03.45.044066 +0530,
Panic,emotional,yellow,I,y,21,1,1,y,1,1.5155499000102282,None,1,1,21,3,35.63995020004222,,,,,35.631956800003536,35.63995020004222,36.13995129999239,36.13995129999239,36.13995129999239,37.66056260000914,y,1,1.5155499000102282,None,,,,1,001,2025-11-18_20h03.11.027,emotional stroop_untitled,,2025.1.1,59.7787230709264,2025-11-18 20h03.45.044066 +0530,
Sadness,emotional,yellow,I,y,22,2,1,y,1,0.6568033000221476,None,1,2,22,7,37.67328540002927,,,,,37.6634232000215,37.67328540002927,38.172922600002494,38.172922600002494,38.172922600002494,38.84352070000023,y,1,0.6568033000221476,None,,,,1,001,2025-11-18_20h03.11.027,emotional stroop_untitled,,2025.1.1,59.7787230709264,2025-11-18 20h03.45.044066 +0530,
Paper,neutral,yellow,I,y,23,3,1,y,1,0.5791797999991104,None,1,3,23,15,38.85675690002972,,,,,38.847112100047525,38.85675690002972,39.356361200043466,39.356361200043466,39.356361200043466,39.94302860001335,y,1,0.5791797999991104,None,,,,1,001,2025-11-18_20h03.11.027,emotional stroop_untitled,,2025.1.1,59.7787230709264,2025-11-18 20h03.45.044066 +0530,
Table,neutral,blue,I,b,24,4,1,b,1,0.8808814000221901,None,1,4,24,13,39.95638620003592,,,,,39.945968999993056,39.95638620003592,40.45679460000247,40.45679460000247,40.45679460000247,41.34363670001039,b,1,0.8808814000221901,None,,,,1,001,2025-11-18_20h03.11.027,emotional stroop_untitled,,2025.1.1,59.7787230709264,2025-11-18 20h03.45.044066 +0530,
Window,neutral,red,I,r,25,5,1,r,1,0.569715499994345,None,1,5,25,12,41.356142700009514,,,,,41.34644210000988,41.356142700009514,41.857288100000005,41.857288100000005,41.857288100000005,42.42803830001503,r,1,0.569715499994345,None,,,,1,001,2025-11-18_20h03.11.027,emotional stroop_untitled,,2025.1.1,59.7787230709264,2025-11-18 20h03.45.044066 +0530,
Book,neutral,blue,I,b,26,6,1,b,1,0.7597010000026785,None,1,6,26,17,42.43945240002358,,,,,42.43110680003883,42.43945240002358,42.939586199994665,42.939586199994665,42.939586199994665,43.71003410004778,b,1,0.7597010000026785,None,,,,1,001,2025-11-18_20h03.11.027,emotional stroop_untitled,,2025.1.1,59.7787230709264,2025-11-18 20h03.45.044066 +0530,
Stone,neutral,yellow,I,y,27,7,1,y,1,0.9980847999686375,None,1,7,27,19,43.722965700028,,,,,43.712686100043356,43.722965700028,44.22329799999716,44.22329799999716,44.22329799999716,45.22734110004967,y,1,0.9980847999686375,None,,,,1,001,2025-11-18_20h03.11.027,emotional stroop_untitled,,2025.1.1,59.7787230709264,2025-11-18 20h03.45.044066 +0530,
Death,emotional,green,I,g,28,8,1,g,1,0.9271944999927655,None,1,8,28,2,45.23922920000041,,,,,45.22994039999321,45.23922920000041,45.73906019999413,45.73906019999413,45.73906019999413,46.6767639000318,g,1,0.9271944999927655,None,,,,1,001,2025-11-18_20h03.11.027,emotional stroop_untitled,,2025.1.1,59.7787230709264,2025-11-18 20h03.45.044066 +0530,
Injury,emotional,green,I,g,29,9,1,g,1,1.1194581000017934,None,1,9,29,6,46.69011220004177,,,,,46.67942480003694,46.69011220004177,47.18920220003929,47.18920220003929,47.18920220003929,48.31123890000163,g,1,1.1194581000017934,None,,,,1,001,2025-11-18_20h03.11.027,emotional stroop_untitled,,2025.1.1,59.7787230709264,2025-11-18 20h03.45.044066 +0530,
Bottle,neutral,yellow,I,y,30,10,1,y,1,0.7892597999889404,None,1,10,30,11,48.32232490001479,,,,,48.315476900024805,48.32232490001479,48.822120400029235,48.822120400029235,48.822120400029235,49.62622930004727,y,1,0.7892597999889404,None,,,,1,001,2025-11-18_20h03.11.027,emotional stroop_untitled,,2025.1.1,59.7787230709264,2025-11-18 20h03.45.044066 +0530,
Road,neutral,green,I,g,31,11,1,g,1,0.7491415000404231,None,1,11,31,18,49.639300300041214,,,,,49.63029440003447,49.639300300041214,50.139371299999766,50.139371299999766,50.139371299999766,50.8941027999972,g,1,0.7491415000404231,None,,,,1,001,2025-11-18_20h03.11.027,emotional stroop_untitled,,2025.1.1,59.7787230709264,2025-11-18 20h03.45.044066 +0530,
Chair,neutral,green,I,g,32,12,1,g,1,0.7692610999802127,None,1,12,32,10,50.90583840000909,,,,,50.897383700008504,50.90583840000909,51.405864600033965,51.405864600033965,51.405864600033965,52.17666100000497,g,1,0.7692610999802127,None,,,,1,001,2025-11-18_20h03.11.027,emotional stroop_untitled,,2025.1.1,59.7787230709264,2025-11-18 20h03.45.044066 +0530,
Abuse,emotional,red,C,r,33,13,1,r,1,1.889234200003557,None,1,13,33,4,52.1890357999946,,,,,52.18067319999682,52.1890357999946,52.68978860002244,52.68978860002244,52.68978860002244,54.59363780001877,r,1,1.889234200003557,None,,,,1,001,2025-11-18_20h03.11.027,emotional stroop_untitled,,2025.1.1,59.7787230709264,2025-11-18 20h03.45.044066 +0530,
Garden,neutral,red,I,r,34,14,1,r,1,0.8053218999993987,None,1,14,34,16,54.60578919999534,,,,,54.597089200047776,54.60578919999534,55.10656570002902,55.10656570002902,55.10656570002902,55.9261766000418,r,1,0.8053218999993987,None,,,,1,001,2025-11-18_20h03.11.027,emotional stroop_untitled,,2025.1.1,59.7787230709264,2025-11-18 20h03.45.044066 +0530,
Threat,emotional,blue,I,b,35,15,1,b,1,0.7397135000210255,None,1,15,35,5,55.93983610003488,,,,,55.928977100003976,55.93983610003488,56.43871900002705,56.43871900002705,56.43871900002705,57.19324370002141,b,1,0.7397135000210255,None,,,,1,001,2025-11-18_20h03.11.027,emotional stroop_untitled,,2025.1.1,59.7787230709264,2025-11-18 20h03.45.044066 +0530,
Pain,emotional,blue,I,b,36,16,1,b,1,0.7039688999648206,None,1,16,36,1,57.20638879999751,,,,,57.19624580000527,57.20638879999751,57.70642649999354,57.70642649999354,57.70642649999354,58.42632850003429,b,1,0.7039688999648206,None,,,,1,001,2025-11-18_20h03.11.027,emotional stroop_untitled,,2025.1.1,59.7787230709264,2025-11-18 20h03.45.044066 +0530,
Fear,emotional,red,C,r,37,17,1,r,1,0.7313217999762855,None,1,17,37,0,58.439457800006494,,,,,58.42882010003086,58.439457800006494,58.938738199998625,58.938738199998625,58.938738199998625,59.6760149000329,r,1,0.7313217999762855,None,,,,1,001,2025-11-18_20h03.11.027,emotional stroop_untitled,,2025.1.1,59.7787230709264,2025-11-18 20h03.45.044066 +0530,
Violence,emotional,blue,I,b,38,18,1,b,1,0.7508675000281073,None,1,18,38,9,59.68918780004606,,,,,59.67872290004743,59.68918780004606,60.189398400019854,60.189398400019854,60.189398400019854,60.94278870004928,b,1,0.7508675000281073,None,,,,1,001,2025-11-18_20h03.11.027,emotional stroop_untitled,,2025.1.1,59.7787230709264,2025-11-18 20h03.45.044066 +0530,
Pencil,neutral,green,I,g,39,19,1,g,1,0.9807002000161447,None,1,19,39,14,60.95637540001189,,,,,60.94559850002406,60.95637540001189,61.45454619999509,61.45454619999509,61.45454619999509,62.44226979999803,g,1,0.9807002000161447,None,,,,1,001,2025-11-18_20h03.11.027,emotional stroop_untitled,,2025.1.1,59.7787230709264,2025-11-18 20h03.45.044066 +0530,
Fear,emotional,red,C,r,40,0,2,r,1,0.8750492000253871,None,2,0,40,0,62.45419960003346,,,,,62.44466740003554,62.45419960003346,62.9569257000112,62.9569257000112,62.9569257000112,63.84264470002381,r,1,0.8750492000253871,None,,,,1,001,2025-11-18_20h03.11.027,emotional stroop_untitled,,2025.1.1,59.7787230709264,2025-11-18 20h03.45.044066 +0530,
Violence,emotional,blue,I,b,41,1,2,b,1,0.7126007999759167,None,2,1,41,9,63.85540140001103,,,,,63.84588380000787,63.85540140001103,64.35544020001544,64.35544020001544,64.35544020001544,65.07736080000177,b,1,0.7126007999759167,None,,,,1,001,2025-11-18_20h03.11.027,emotional stroop_untitled,,2025.1.1,59.7787230709264,2025-11-18 20h03.45.044066 +0530,
Stone,neutral,yellow,I,y,42,2,2,y,1,0.6799712000065483,None,2,2,42,19,65.08893240004545,,,,,65.08088160003535,65.08893240004545,65.5888663000078,65.5888663000078,65.5888663000078,66.27616440004203,y,1,0.6799712000065483,None,,,,1,001,2025-11-18_20h03.11.027,emotional stroop_untitled,,2025.1.1,59.7787230709264,2025-11-18 20h03.45.044066 +0530,
Road,neutral,green,I,g,43,3,2,r,0,0.6862231999984942,None,2,3,43,18,66.28888030000962,,,,,66.27880289999302,66.28888030000962,66.78839200001676,66.78839200001676,66.78839200001676,67.4754945000168,r,0,0.6862231999984942,None,,,,1,001,2025-11-18_20h03.11.027,emotional stroop_untitled,,2025.1.1,59.7787230709264,2025-11-18 20h03.45.044066 +0530,
Anger,emotional,red,C,r,44,4,2,r,1,0.9038590000127442,None,2,4,44,8,67.48846250004135,,,,,67.47848410002189,67.48846250004135,67.98927200003527,67.98927200003527,67.98927200003527,68.90901570004644,r,1,0.9038590000127442,None,,,,1,001,2025-11-18_20h03.11.027,emotional stroop_untitled,,2025.1.1,59.7787230709264,2025-11-18 20h03.45.044066 +0530,
Garden,neutral,red,I,r,45,5,2,r,1,1.7657798000145704,None,2,5,45,16,68.92184379999526,,,,,68.91173230001004,68.92184379999526,69.42313740000827,69.42313740000827,69.42313740000827,71.19268969999393,r,1,1.7657798000145704,None,,,,1,001,2025-11-18_20h03.11.027,emotional stroop_untitled,,2025.1.1,59.7787230709264,2025-11-18 20h03.45.044066 +0530,
Injury,emotional,green,I,g,46,6,2,g,1,1.1939051000517793,None,2,6,46,6,71.20512590004364,,,,,71.19564920000266,71.20512590004364,71.7049048000481,71.7049048000481,71.7049048000481,72.90876190003473,g,1,1.1939051000517793,None,,,,1,001,2025-11-18_20h03.11.027,emotional stroop_untitled,,2025.1.1,59.7787230709264,2025-11-18 20h03.45.044066 +0530,
Book,neutral,blue,I,b,47,7,2,b,1,1.2224168999819085,None,2,7,47,17,72.92174180003349,,,,,72.91143510001712,72.92174180003349,73.4217335000285,73.4217335000285,73.4217335000285,74.66019260004396,b,1,1.2224168999819085,None,,,,1,001,2025-11-18_20h03.11.027,emotional stroop_untitled,,2025.1.1,59.7787230709264,2025-11-18 20h03.45.044066 +0530,
Death,emotional,green,I,g,48,8,2,g,1,3.5278127000201494,None,2,8,48,2,74.67131360003259,,,,,74.6628769999952,74.67131360003259,75.17236750002485,75.17236750002485,75.17236750002485,78.70836770004826,g,1,3.5278127000201494,None,,,,1,001,2025-11-18_20h03.11.027,emotional stroop_untitled,,2025.1.1,59.7787230709264,2025-11-18 20h03.45.044066 +0530,
Threat,emotional,blue,I,b,49,9,2,b,1,0.8405324000050314,None,2,9,49,5,78.72137949999887,,,,,78.7115793999983,78.72137949999887,79.2213145000278,79.2213145000278,79.2213145000278,80.07695469999453,b,1,0.8405324000050314,None,,,,1,001,2025-11-18_20h03.11.027,emotional stroop_untitled,,2025.1.1,59.7787230709264,2025-11-18 20h03.45.044066 +0530,
Paper,neutral,yellow,I,y,50,10,2,y,1,0.9159757000161335,None,2,10,50,15,80.08873680001125,,,,,80.08017080003629,80.08873680001125,80.58891069999663,80.58891069999663,80.58891069999663,81.50882380001713,y,1,0.9159757000161335,None,,,,1,001,2025-11-18_20h03.11.027,emotional stroop_untitled,,2025.1.1,59.7787230709264,2025-11-18 20h03.45.044066 +0530,
Window,neutral,red,I,r,51,11,2,r,1,0.7386860999977216,None,2,11,51,12,81.52116320002824,,,,,81.5124230000074,81.52116320002824,82.02103890001308,82.02103890001308,82.02103890001308,82.77566370001296,r,1,0.7386860999977216,None,,,,1,001,2025-11-18_20h03.11.027,emotional stroop_untitled,,2025.1.1,59.7787230709264,2025-11-18 20h03.45.044066 +0530,
Table,neutral,blue,I,b,52,12,2,b,1,0.715491600043606,None,2,12,52,13,82.78827350004576,,,,,82.77845450001769,82.78827350004576,83.28764850000152,83.28764850000152,83.28764850000152,84.00897270004498,b,1,0.715491600043606,None,,,,1,001,2025-11-18_20h03.11.027,emotional stroop_untitled,,2025.1.1,59.7787230709264,2025-11-18 20h03.45.044066 +0530,
Chair,neutral,green,I,g,53,13,2,g,1,0.73290529998485,None,2,13,53,10,84.02090880001197,,,,,84.01223560003564,84.02090880001197,84.52176269999472,84.52176269999472,84.52176269999472,85.25915490003536,g,1,0.73290529998485,None,,,,1,001,2025-11-18_20h03.11.027,emotional stroop_untitled,,2025.1.1,59.7787230709264,2025-11-18 20h03.45.044066 +0530,
Abuse,emotional,red,C,r,54,14,2,r,1,0.7007570000132546,None,2,14,54,4,85.27278739999747,,,,,85.26266070001293,85.27278739999747,85.77090400003362,85.77090400003362,85.77090400003362,86.47534720000112,r,1,0.7007570000132546,None,,,,1,001,2025-11-18_20h03.11.027,emotional stroop_untitled,,2025.1.1,59.7787230709264,2025-11-18 20h03.45.044066 +0530,
Bottle,neutral,yellow,I,y,55,15,2,b,0,0.5968795999651775,None,2,15,55,11,86.4884008000372,,,,,86.4784970000037,86.4884008000372,86.98792000004323,86.98792000004323,86.98792000004323,87.59125050000148,b,0,0.5968795999651775,None,,,,1,001,2025-11-18_20h03.11.027,emotional stroop_untitled,,2025.1.1,59.7787230709264,2025-11-18 20h03.45.044066 +0530,
Pencil,neutral,green,I,g,56,16,2,g,1,2.0791054999572225,None,2,16,56,14,87.60540480003692,,,,,87.5940059000277,87.60540480003692,88.10505549999652,88.10505549999652,88.10505549999652,90.19253729999764,g,1,2.0791054999572225,None,,,,1,001,2025-11-18_20h03.11.027,emotional stroop_untitled,,2025.1.1,59.7787230709264,2025-11-18 20h03.45.044066 +0530,
Panic,emotional,yellow,I,y,57,17,2,y,1,1.1079665000434034,None,2,17,57,3,90.20438330003526,,,,,90.19606240000576,90.20438330003526,90.70482710003853,90.70482710003853,90.70482710003853,91.82540830003563,y,1,1.1079665000434034,None,,,,1,001,2025-11-18_20h03.11.027,emotional stroop_untitled,,2025.1.1,59.7787230709264,2025-11-18 20h03.45.044066 +0530,
Sadness,emotional,yellow,I,y,58,18,2,y,1,1.0445674000075087,None,2,18,58,7,91.83719140000176,,,,,91.82844980002847,91.83719140000176,92.33736710000085,92.33736710000085,92.33736710000085,93.39129190001404,y,1,1.0445674000075087,None,,,,1,001,2025-11-18_20h03.11.027,emotional stroop_untitled,,2025.1.1,59.7787230709264,2025-11-18 20h03.45.044066 +0530,
Pain,emotional,blue,I,b,59,19,2,b,1,0.7723867000313476,None,2,19,59,1,93.40399110002909,,,,,93.39399820001563,93.40399110002909,93.90292880003108,93.90292880003108,93.90292880003108,94.6903416000423,b,1,0.7723867000313476,None,,,,1,001,2025-11-18_20h03.11.027,emotional stroop_untitled,,2025.1.1,59.7787230709264,2025-11-18 20h03.45.044066 +0530,
Road,neutral,green,I,g,60,0,3,g,1,1.303979700023774,None,3,0,60,18,94.70321609999519,,,,,94.69298610003898,94.70321609999519,95.20350080000935,95.20350080000935,95.20350080000935,96.52307620004285,g,1,1.303979700023774,None,,,,1,001,2025-11-18_20h03.11.027,emotional stroop_untitled,,2025.1.1,59.7787230709264,2025-11-18 20h03.45.044066 +0530,
Pain,emotional,blue,I,b,61,1,3,b,1,0.8302943999879062,None,3,1,61,1,96.5362512000138,,,,,96.52514010004234,96.5362512000138,97.0371650000452,97.0371650000452,97.0371650000452,97.87290390004637,b,1,0.8302943999879062,None,,,,1,001,2025-11-18_20h03.11.027,emotional stroop_untitled,,2025.1.1,59.7787230709264,2025-11-18 20h03.45.044066 +0530,
Chair,neutral,green,I,g,62,2,3,g,1,1.08055549999699,None,3,2,62,10,97.88650180003606,,,,,97.87529009999707,97.88650180003606,98.38630940002622,98.38630940002622,98.38630940002622,99.4748280000058,g,1,1.08055549999699,None,,,,1,001,2025-11-18_20h03.11.027,emotional stroop_untitled,,2025.1.1,59.7787230709264,2025-11-18 20h03.45.044066 +0530,
Threat,emotional,blue,I,b,63,3,3,b,1,0.7739742000121623,None,3,3,63,5,99.486757900042,,,,,99.47841800004244,99.486757900042,99.98694530001376,99.98694530001376,99.98694530001376,100.77439199999208,b,1,0.7739742000121623,None,,,,1,001,2025-11-18_20h03.11.027,emotional stroop_untitled,,2025.1.1,59.7787230709264,2025-11-18 20h03.45.044066 +0530,
Anger,emotional,red,C,r,64,4,3,r,1,0.7149334999849088,None,3,4,64,8,100.787200700026,,,,,100.77731860004133,100.787200700026,101.28747999999905,101.28747999999905,101.28747999999905,102.00765430001775,r,1,0.7149334999849088,None,,,,1,001,2025-11-18_20h03.11.027,emotional stroop_untitled,,2025.1.1,59.7787230709264,2025-11-18 20h03.45.044066 +0530,
Paper,neutral,yellow,I,y,65,5,3,y,1,0.9753071999875829,None,3,5,65,15,102.02062990004197,,,,,102.01089259999571,102.02062990004197,102.5205421000137,102.5205421000137,102.5205421000137,103.50721270003123,y,1,0.9753071999875829,None,,,,1,001,2025-11-18_20h03.11.027,emotional stroop_untitled,,2025.1.1,59.7787230709264,2025-11-18 20h03.45.044066 +0530,
Fear,emotional,red,C,r,66,6,3,r,1,0.9505012999870814,None,3,6,66,0,103.52027350000571,,,,,103.51014590001432,103.52027350000571,104.02086660003988,104.02086660003988,104.02086660003988,104.973938500043,r,1,0.9505012999870814,None,,,,1,001,2025-11-18_20h03.11.027,emotional stroop_untitled,,2025.1.1,59.7787230709264,2025-11-18 20h03.45.044066 +0530,
Sadness,emotional,yellow,I,y,67,7,3,y,1,0.9053578999591991,None,3,7,67,7,104.98746850003954,,,,,104.97750370000722,104.98746850003954,105.48888930003159,105.48888930003159,105.48888930003159,106.4076443000231,y,1,0.9053578999591991,None,,,,1,001,2025-11-18_20h03.11.027,emotional stroop_untitled,,2025.1.1,59.7787230709264,2025-11-18 20h03.45.044066 +0530,
Table,neutral,blue,I,b,68,8,3,b,1,0.7007265000138432,None,3,8,68,13,106.42013080004836,,,,,106.41090560000157,106.42013080004836,106.92029630002799,106.92029630002799,106.92029630002799,107.62472030002391,b,1,0.7007265000138432,None,,,,1,001,2025-11-18_20h03.11.027,emotional stroop_untitled,,2025.1.1,59.7787230709264,2025-11-18 20h03.45.044066 +0530,
Violence,emotional,blue,I,b,69,9,3,b,1,0.42737639998085797,None,3,9,69,9,107.63667590002296,,,,,107.62873400002718,107.63667590002296,108.13685579999583,108.13685579999583,108.13685579999583,108.57385410001734,b,1,0.42737639998085797,None,,,,1,001,2025-11-18_20h03.11.027,emotional stroop_untitled,,2025.1.1,59.7787230709264,2025-11-18 20h03.45.044066 +0530,
Injury,emotional,green,I,g,70,10,3,g,1,0.8242578000063077,None,3,10,70,6,108.58661890000803,,,,,108.57682280003792,108.58661890000803,109.08704700000817,109.08704700000817,109.08704700000817,109.92353329999605,g,1,0.8242578000063077,None,,,,1,001,2025-11-18_20h03.11.027,emotional stroop_untitled,,2025.1.1,59.7787230709264,2025-11-18 20h03.45.044066 +0530,
Stone,neutral,yellow,I,y,71,11,3,y,1,0.6550834000227042,None,3,11,71,19,109.93698420003057,,,,,109.92649000004167,109.93698420003057,110.4371686000377,110.4371686000377,110.4371686000377,111.09310729999561,y,1,0.6550834000227042,None,,,,1,001,2025-11-18_20h03.11.027,emotional stroop_untitled,,2025.1.1,59.7787230709264,2025-11-18 20h03.45.044066 +0530,
Book,neutral,blue,I,b,72,12,3,b,1,0.6893441000138409,None,3,12,72,17,111.10344000003533,,,,,111.0965277000214,111.10344000003533,111.60367260000203,111.60367260000203,111.60367260000203,112.30647060001502,b,1,0.6893441000138409,None,,,,1,001,2025-11-18_20h03.11.027,emotional stroop_untitled,,2025.1.1,59.7787230709264,2025-11-18 20h03.45.044066 +0530,
Garden,neutral,red,I,r,73,13,3,r,1,0.5925029999925755,None,3,13,73,16,112.3196472999989,,,,,112.3091671000002,112.3196472999989,112.82039200002328,112.82039200002328,112.82039200002328,113.4236160000437,r,1,0.5925029999925755,None,,,,1,001,2025-11-18_20h03.11.027,emotional stroop_untitled,,2025.1.1,59.7787230709264,2025-11-18 20h03.45.044066 +0530,
Window,neutral,red,I,r,74,14,3,r,1,0.4693726999685168,None,3,14,74,12,113.43834900000365,,,,,113.42741930001648,113.43834900000365,113.93639139999868,113.93639139999868,113.93639139999868,114.42156069999328,r,1,0.4693726999685168,None,,,,1,001,2025-11-18_20h03.11.027,emotional stroop_untitled,,2025.1.1,59.7787230709264,2025-11-18 20h03.45.044066 +0530,
Pencil,neutral,green,I,g,75,15,3,g,1,1.4228159000049345,None,3,15,75,14,114.43558029999258,,,,,114.4241699000122,114.43558029999258,114.93632219999563,114.93632219999563,114.93632219999563,116.37426260003122,g,1,1.4228159000049345,None,,,,1,001,2025-11-18_20h03.11.027,emotional stroop_untitled,,2025.1.1,59.7787230709264,2025-11-18 20h03.45.044066 +0530,
Death,emotional,green,I,g,76,16,3,g,1,0.7080377000384033,None,3,16,76,2,116.38621750002494,,,,,116.3776090000174,116.38621750002494,116.8862056999933,116.8862056999933,116.8862056999933,117.60725610004738,g,1,0.7080377000384033,None,,,,1,001,2025-11-18_20h03.11.027,emotional stroop_untitled,,2025.1.1,59.7787230709264,2025-11-18 20h03.45.044066 +0530,
Abuse,emotional,red,C,r,77,17,3,r,1,0.7608131999731995,None,3,17,77,4,117.62020880001364,,,,,117.60990660003154,117.62020880001364,118.12007920001633,118.12007920001633,118.12007920001633,118.8898403000203,r,1,0.7608131999731995,None,,,,1,001,2025-11-18_20h03.11.027,emotional stroop_untitled,,2025.1.1,59.7787230709264,2025-11-18 20h03.45.044066 +0530,
Bottle,neutral,yellow,I,y,78,18,3,y,1,0.9454176999861374,None,3,18,78,11,118.9031065000454,,,,,118.8924718000344,118.9031065000454,119.40340650000144,119.40340650000144,119.40340650000144,120.35634520003805,y,1,0.9454176999861374,None,,,,1,001,2025-11-18_20h03.11.027,emotional stroop_untitled,,2025.1.1,59.7787230709264,2025-11-18 20h03.45.044066 +0530,
Panic,emotional,yellow,I,y,79,19,3,y,1,0.4877462000004016,None,3,19,79,3,120.3693779000314,,,,,120.35958300001221,120.3693779000314,120.87064530001953,120.87064530001953,120.87064530001953,121.37416270002723,y,1,0.4877462000004016,None,,,,1,001,2025-11-18_20h03.11.027,emotional stroop_untitled,,2025.1.1,59.7787230709264,2025-11-18 20h03.45.044066 +0530,
Window,neutral,red,I,r,80,0,4,r,1,0.6988012999645434,None,4,0,80,12,121.38610699999845,,,,,121.37748960003955,121.38610699999845,121.88606950000394,121.88606950000394,121.88606950000394,122.59071410004981,r,1,0.6988012999645434,None,,,,1,001,2025-11-18_20h03.11.027,emotional stroop_untitled,,2025.1.1,59.7787230709264,2025-11-18 20h03.45.044066 +0530,
Road,neutral,green,I,g,81,1,4,g,1,1.1959942000103183,None,4,1,81,18,122.60280680004507,,,,,122.59361820004415,122.60280680004507,123.10308050003368,123.10308050003368,123.10308050003368,124.30691220000153,g,1,1.1959942000103183,None,,,,1,001,2025-11-18_20h03.11.027,emotional stroop_untitled,,2025.1.1,59.7787230709264,2025-11-18 20h03.45.044066 +0530,
Bottle,neutral,yellow,I,y,82,2,4,y,1,0.7453232000116259,None,4,2,82,11,124.31943420000607,,,,,124.30944989999989,124.31943420000607,124.81993650004733,124.81993650004733,124.81993650004733,125.57273810001789,y,1,0.7453232000116259,None,,,,1,001,2025-11-18_20h03.11.027,emotional stroop_untitled,,2025.1.1,59.7787230709264,2025-11-18 20h03.45.044066 +0530,
Anger,emotional,red,C,r,83,3,4,r,1,1.1640238999971189,None,4,3,83,8,125.58639620000031,,,,,125.57552020001458,125.58639620000031,126.08632480003871,126.08632480003871,126.08632480003871,127.2564868000336,r,1,1.1640238999971189,None,,,,1,001,2025-11-18_20h03.11.027,emotional stroop_untitled,,2025.1.1,59.7787230709264,2025-11-18 20h03.45.044066 +0530,
Death,emotional,green,I,g,84,4,4,g,1,0.8423521000077017,None,4,4,84,2,127.26968760002637,,,,,127.25985140004195,127.26968760002637,127.77017770003295,127.77017770003295,127.77017770003295,128.62292970001,g,1,0.8423521000077017,None,,,,1,001,2025-11-18_20h03.11.027,emotional stroop_untitled,,2025.1.1,59.7787230709264,2025-11-18 20h03.45.044066 +0530,
Stone,neutral,yellow,I,y,85,5,4,y,1,0.7272763000219129,None,4,5,85,19,128.6357546999934,,,,,128.62675180000952,128.6357546999934,129.13642680004705,129.13642680004705,129.13642680004705,129.8727646000334,y,1,0.7272763000219129,None,,,,1,001,2025-11-18_20h03.11.027,emotional stroop_untitled,,2025.1.1,59.7787230709264,2025-11-18 20h03.45.044066 +0530,
Threat,emotional,blue,I,b,86,6,4,b,1,0.699330999981612,None,4,6,86,5,129.8860233000014,,,,,129.87546990002738,129.8860233000014,130.38619910000125,130.38619910000125,130.38619910000125,131.08976310002618,b,1,0.699330999981612,None,,,,1,001,2025-11-18_20h03.11.027,emotional stroop_untitled,,2025.1.1,59.7787230709264,2025-11-18 20h03.45.044066 +0530,
Pain,emotional,blue,I,b,87,7,4,b,1,0.39551030000438914,None,4,7,87,1,131.10292490001302,,,,,131.0924115999951,131.10292490001302,131.6026044000173,131.6026044000173,131.6026044000173,132.0076573000406,b,1,0.39551030000438914,None,,,,1,001,2025-11-18_20h03.11.027,emotional stroop_untitled,,2025.1.1,59.7787230709264,2025-11-18 20h03.45.044066 +0530,
Fear,emotional,red,C,r,88,8,4,r,1,0.5130056000198238,None,4,8,88,0,132.020217900048,,,,,132.01116019999608,132.020217900048,132.5188962999964,132.5188962999964,132.5188962999964,133.0395109000383,r,1,0.5130056000198238,None,,,,1,001,2025-11-18_20h03.11.027,emotional stroop_untitled,,2025.1.1,59.7787230709264,2025-11-18 20h03.45.044066 +0530,
Injury,emotional,green,I,g,89,9,4,g,1,0.8363208000082523,None,4,9,89,6,133.0524123000214,,,,,133.04308740003034,133.0524123000214,133.55232990003424,133.55232990003424,133.55232990003424,134.3898923000088,g,1,0.8363208000082523,None,,,,1,001,2025-11-18_20h03.11.027,emotional stroop_untitled,,2025.1.1,59.7787230709264,2025-11-18 20h03.45.044066 +0530,
Chair,neutral,green,I,g,90,10,4,g,1,0.5160364999901503,None,4,10,90,10,134.40225179999834,,,,,134.39255849999608,134.40225179999834,134.90226110001095,134.90226110001095,134.90226110001095,135.4241358000436,g,1,0.5160364999901503,None,,,,1,001,2025-11-18_20h03.11.027,emotional stroop_untitled,,2025.1.1,59.7787230709264,2025-11-18 20h03.45.044066 +0530,
Pencil,neutral,green,I,g,91,11,4,g,1,0.58796049997909,None,4,11,91,14,135.43549320002785,,,,,135.42850520001957,135.43549320002785,135.93532380001852,135.93532380001852,135.93532380001852,136.5389339000103,g,1,0.58796049997909,None,,,,1,001,2025-11-18_20h03.11.027,emotional stroop_untitled,,2025.1.1,59.7787230709264,2025-11-18 20h03.45.044066 +0530,
Violence,emotional,blue,I,b,92,12,4,b,1,0.7305407000239938,None,4,12,92,9,136.55210349999834,,,,,136.54193480004324,136.55210349999834,137.05251850001514,137.05251850001514,137.05251850001514,137.78895170002943,b,1,0.7305407000239938,None,,,,1,001,2025-11-18_20h03.11.027,emotional stroop_untitled,,2025.1.1,59.7787230709264,2025-11-18 20h03.45.044066 +0530,
Sadness,emotional,yellow,I,y,93,13,4,y,1,1.2834164999658242,None,4,13,93,7,137.80088080000132,,,,,137.79214040003717,137.80088080000132,138.30244600004517,138.30244600004517,138.30244600004517,139.58942960004788,y,1,1.2834164999658242,None,,,,1,001,2025-11-18_20h03.11.027,emotional stroop_untitled,,2025.1.1,59.7787230709264,2025-11-18 20h03.45.044066 +0530,
Paper,neutral,yellow,I,y,94,14,4,y,1,0.46275730000343174,None,4,14,94,15,139.60276800004067,,,,,139.592177500017,139.60276800004067,140.10223580000456,140.10223580000456,140.10223580000456,140.57266300002811,y,1,0.46275730000343174,None,,,,1,001,2025-11-18_20h03.11.027,emotional stroop_untitled,,2025.1.1,59.7787230709264,2025-11-18 20h03.45.044066 +0530,
Book,neutral,blue,I,b,95,15,4,g,0,0.750490800011903,None,4,15,95,17,140.58554820000427,,,,,140.5751101000351,140.58554820000427,141.08573420002358,141.08573420002358,141.08573420002358,141.83853420004016,g,0,0.750490800011903,None,,,,1,001,2025-11-18_20h03.11.027,emotional stroop_untitled,,2025.1.1,59.7787230709264,2025-11-18 20h03.45.044066 +0530,
Panic,emotional,yellow,I,y,96,16,4,r,0,1.455446399981156,None,4,16,96,3,141.85223250003764,,,,,141.84151739999652,141.85223250003764,142.35254190000705,142.35254190000705,142.35254190000705,143.82282930001384,r,0,1.455446399981156,None,,,,1,001,2025-11-18_20h03.11.027,emotional stroop_untitled,,2025.1.1,59.7787230709264,2025-11-18 20h03.45.044066 +0530,
Garden,neutral,red,I,r,97,17,4,r,1,0.5467055999906734,None,4,17,97,16,143.83553919999395,,,,,143.8263217000058,143.83553919999395,144.33563260000665,144.33563260000665,144.33563260000665,144.88862360001076,r,1,0.5467055999906734,None,,,,1,001,2025-11-18_20h03.11.027,emotional stroop_untitled,,2025.1.1,59.7787230709264,2025-11-18 20h03.45.044066 +0530,
Abuse,emotional,red,C,r,98,18,4,r,1,0.660561400000006,None,4,18,98,4,144.90179220004939,,,,,144.8918915000395,144.90179220004939,145.40272420004476,145.40272420004476,145.40272420004476,146.07186490000458,r,1,0.660561400000006,None,,,,1,001,2025-11-18_20h03.11.027,emotional stroop_untitled,,2025.1.1,59.7787230709264,2025-11-18 20h03.45.044066 +0530,
Table,neutral,blue,I,b,99,19,4,b,1,0.5424908999702893,None,4,19,99,13,146.08537430001888,,,,,146.0749797000317,146.08537430001888,146.58521170000313,146.58521170000313,146.58521170000313,147.14145960001042,b,1,0.5424908999702893,None,,,,1,001,2025-11-18_20h03.11.027,emotional stroop_untitled,,2025.1.1,59.7787230709264,2025-11-18 20h03.45.044066 +0530,
Chair,neutral,green,I,g,100,0,5,g,1,0.6968952000024728,None,5,0,100,10,147.1677059000358,,,,,147.14886710001156,147.1677059000358,147.65168030001223,147.65168030001223,147.65168030001223,148.35601660003886,g,1,0.6968952000024728,None,,,,1,001,2025-11-18_20h03.11.027,emotional stroop_untitled,,2025.1.1,59.7787230709264,2025-11-18 20h03.45.044066 +0530,
Pain,emotional,blue,I,b,101,1,5,b,1,0.7478257999755442,None,5,1,101,1,148.36872339999536,,,,,148.35897540004225,148.36872339999536,148.8683044000063,148.8683044000063,148.8683044000063,149.62224860000424,b,1,0.7478257999755442,None,,,,1,001,2025-11-18_20h03.11.027,emotional stroop_untitled,,2025.1.1,59.7787230709264,2025-11-18 20h03.45.044066 +0530,
Pencil,neutral,green,I,g,102,2,5,g,1,1.0782847000518814,None,5,2,102,14,149.63509820000036,,,,,149.625318800041,149.63509820000036,150.13516679999884,150.13516679999884,150.13516679999884,151.22182510001585,g,1,1.0782847000518814,None,,,,1,001,2025-11-18_20h03.11.027,emotional stroop_untitled,,2025.1.1,59.7787230709264,2025-11-18 20h03.45.044066 +0530,
Book,neutral,blue,I,b,103,3,5,b,1,0.6789794999640435,None,5,3,103,17,151.23495489999186,,,,,151.2256469000131,151.23495489999186,151.7354441000498,151.7354441000498,151.7354441000498,152.4224322999944,b,1,0.6789794999640435,None,,,,1,001,2025-11-18_20h03.11.027,emotional stroop_untitled,,2025.1.1,59.7787230709264,2025-11-18 20h03.45.044066 +0530,
Violence,emotional,blue,I,b,104,4,5,b,1,0.6192932999692857,None,5,4,104,9,152.43557850003708,,,,,152.42594859999372,152.43557850003708,152.9353500000434,152.9353500000434,152.9353500000434,153.5557232000283,b,1,0.6192932999692857,None,,,,1,001,2025-11-18_20h03.11.027,emotional stroop_untitled,,2025.1.1,59.7787230709264,2025-11-18 20h03.45.044066 +0530,
Table,neutral,blue,I,b,105,5,5,b,1,0.49040900002000853,None,5,5,105,13,153.56799190002494,,,,,153.55916520004394,153.56799190002494,154.0679721000488,154.0679721000488,154.0679721000488,154.57181220001075,b,1,0.49040900002000853,None,,,,1,001,2025-11-18_20h03.11.027,emotional stroop_untitled,,2025.1.1,59.7787230709264,2025-11-18 20h03.45.044066 +0530,
Death,emotional,green,I,g,106,6,5,g,1,1.2092820000252686,None,5,6,106,2,154.5852092000423,,,,,154.57447480002884,154.5852092000423,155.08471830002964,155.08471830002964,155.08471830002964,156.30565530003514,g,1,1.2092820000252686,None,,,,1,001,2025-11-18_20h03.11.027,emotional stroop_untitled,,2025.1.1,59.7787230709264,2025-11-18 20h03.45.044066 +0530,
Injury,emotional,green,I,g,107,7,5,g,1,0.48967300000367686,None,5,7,107,6,156.31861000001663,,,,,156.30841580004198,156.31861000001663,156.81831270002294,156.81831270002294,156.81831270002294,157.32210170000326,g,1,0.48967300000367686,None,,,,1,001,2025-11-18_20h03.11.027,emotional stroop_untitled,,2025.1.1,59.7787230709264,2025-11-18 20h03.45.044066 +0530,
Bottle,neutral,yellow,I,y,108,8,5,y,1,0.7398996999836527,None,5,8,108,11,157.33506860001944,,,,,157.32486350002,157.33506860001944,157.83432399999583,157.83432399999583,157.83432399999583,158.58906260004733,y,1,0.7398996999836527,None,,,,1,001,2025-11-18_20h03.11.027,emotional stroop_untitled,,2025.1.1,59.7787230709264,2025-11-18 20h03.45.044066 +0530,
Anger,emotional,red,C,r,109,9,5,r,1,0.5673267999663949,None,5,9,109,8,158.60146710003028,,,,,158.59172020002734,158.60146710003028,159.10156440001447,159.10156440001447,159.10156440001447,159.67255060002208,r,1,0.5673267999663949,None,,,,1,001,2025-11-18_20h03.11.027,emotional stroop_untitled,,2025.1.1,59.7787230709264,2025-11-18 20h03.45.044066 +0530,
Panic,emotional,yellow,I,y,110,10,5,g,0,0.8717325000325218,None,5,10,110,3,159.684763199999,,,,,159.67585870000767,159.684763199999,160.18494000000646,160.18494000000646,160.18494000000646,161.0716192999971,g,0,0.8717325000325218,None,,,,1,001,2025-11-18_20h03.11.027,emotional stroop_untitled,,2025.1.1,59.7787230709264,2025-11-18 20h03.45.044066 +0530,
Paper,neutral,yellow,I,y,111,11,5,y,1,1.120638800028246,None,5,11,111,15,161.08469940000214,,,,,161.07476370001677,161.08469940000214,161.58506310003577,161.58506310003577,161.58506310003577,162.72171180002624,y,1,1.120638800028246,None,,,,1,001,2025-11-18_20h03.11.027,emotional stroop_untitled,,2025.1.1,59.7787230709264,2025-11-18 20h03.45.044066 +0530,
Threat,emotional,blue,I,b,112,12,5,b,1,1.0149754000012763,None,5,12,112,5,162.73492210003315,,,,,162.72438390000025,162.73492210003315,163.2351049000281,163.2351049000281,163.2351049000281,164.25543260003906,b,1,1.0149754000012763,None,,,,1,001,2025-11-18_20h03.11.027,emotional stroop_untitled,,2025.1.1,59.7787230709264,2025-11-18 20h03.45.044066 +0530,
Fear,emotional,red,C,r,113,13,5,r,1,0.5219473000033759,None,5,13,113,0,164.26783110003453,,,,,164.25867930002278,164.26783110003453,164.76778789999662,164.76778789999662,164.76778789999662,165.30479110003216,r,1,0.5219473000033759,None,,,,1,001,2025-11-18_20h03.11.027,emotional stroop_untitled,,2025.1.1,59.7787230709264,2025-11-18 20h03.45.044066 +0530,
Abuse,emotional,red,C,r,114,14,5,r,1,0.5561110999551602,None,5,14,114,4,165.31847080000443,,,,,165.30765860003885,165.31847080000443,165.8177594000008,165.8177594000008,165.8177594000008,166.38830260001123,r,1,0.5561110999551602,None,,,,1,001,2025-11-18_20h03.11.027,emotional stroop_untitled,,2025.1.1,59.7787230709264,2025-11-18 20h03.45.044066 +0530,
Sadness,emotional,yellow,I,y,115,15,5,y,1,0.8095239999820478,None,5,15,115,7,166.4016785999993,,,,,166.39104740001494,166.4016785999993,166.9011187000433,166.9011187000433,166.9011187000433,167.7210655999952,y,1,0.8095239999820478,None,,,,1,001,2025-11-18_20h03.11.027,emotional stroop_untitled,,2025.1.1,59.7787230709264,2025-11-18 20h03.45.044066 +0530,
Garden,neutral,red,I,r,116,16,5,r,1,0.6716784999589436,None,5,16,116,16,167.73443740000948,,,,,167.72418370004743,167.73443740000948,168.23434830002952,168.23434830002952,168.23434830002952,168.92117710004095,r,1,0.6716784999589436,None,,,,1,001,2025-11-18_20h03.11.027,emotional stroop_untitled,,2025.1.1,59.7787230709264,2025-11-18 20h03.45.044066 +0530,
Road,neutral,green,I,g,117,17,5,g,1,0.8341166999889538,None,5,17,117,18,168.93403679999756,,,,,168.92454060004093,168.93403679999756,169.43428780004615,169.43428780004615,169.43428780004615,170.2714673000155,g,1,0.8341166999889538,None,,,,1,001,2025-11-18_20h03.11.027,emotional stroop_untitled,,2025.1.1,59.7787230709264,2025-11-18 20h03.45.044066 +0530,
Window,neutral,red,I,r,118,18,5,r,1,0.6460134000517428,None,5,18,118,12,170.28417150001042,,,,,170.27473910001572,170.28417150001042,170.7839185000048,170.7839185000048,170.7839185000048,171.44054770004004,r,1,0.6460134000517428,None,,,,1,001,2025-11-18_20h03.11.027,emotional stroop_untitled,,2025.1.1,59.7787230709264,2025-11-18 20h03.45.044066 +0530,
Stone,neutral,yellow,I,y,119,19,5,y,1,0.7914218999794684,None,5,19,119,19,171.467337900016,,,,,171.44613870000467,171.467337900016,171.9505105999997,171.9505105999997,171.9505105999997,172.75523860001704,y,1,0.7914218999794684,None,,,,1,001,2025-11-18_20h03.11.027,emotional stroop_untitled,,2025.1.1,59.7787230709264,2025-11-18 20h03.45.044066 +0530,
Bottle,neutral,yellow,I,y,120,0,6,y,1,0.6335201999754645,None,6,0,120,11,172.7673163000145,,,,,172.75848100002622,172.7673163000145,173.26771879999433,173.26771879999433,173.26771879999433,173.9049251000397,y,1,0.6335201999754645,None,,,,1,001,2025-11-18_20h03.11.027,emotional stroop_untitled,,2025.1.1,59.7787230709264,2025-11-18 20h03.45.044066 +0530,
Fear,emotional,red,C,r,121,1,6,r,1,0.9854245000169612,None,6,1,121,0,173.91760360001354,,,,,173.90836550004315,173.91760360001354,174.41709510004148,174.41709510004148,174.41709510004148,175.40483410004526,r,1,0.9854245000169612,None,,,,1,001,2025-11-18_20h03.11.027,emotional stroop_untitled,,2025.1.1,59.7787230709264,2025-11-18 20h03.45.044066 +0530,
Stone,neutral,yellow,I,y,122,2,6,y,1,0.893614600005094,None,6,2,122,19,175.41803440003423,,,,,175.407589200011,175.41803440003423,175.9169147000066,175.9169147000066,175.9169147000066,176.820993500005,y,1,0.893614600005094,None,,,,1,001,2025-11-18_20h03.11.027,emotional stroop_untitled,,2025.1.1,59.7787230709264,2025-11-18 20h03.45.044066 +0530,
Sadness,emotional,yellow,I,y,123,3,6,y,1,0.5327251999988221,None,6,3,123,7,176.83396479999647,,,,,176.8239171000314,176.83396479999647,177.33366390003357,177.33366390003357,177.33366390003357,177.8708942999947,y,1,0.5327251999988221,None,,,,1,001,2025-11-18_20h03.11.027,emotional stroop_untitled,,2025.1.1,59.7787230709264,2025-11-18 20h03.45.044066 +0530,
Pain,emotional,blue,I,b,124,4,6,b,1,0.8016859999625012,None,6,4,124,1,177.88416740001412,,,,,177.87404260004405,177.88416740001412,178.38392540003406,178.38392540003406,178.38392540003406,179.1875559000182,b,1,0.8016859999625012,None,,,,1,001,2025-11-18_20h03.11.027,emotional stroop_untitled,,2025.1.1,59.7787230709264,2025-11-18 20h03.45.044066 +0530,
Book,neutral,blue,I,b,125,5,6,b,1,0.48007930000312626,None,6,5,125,17,179.20049210003344,,,,,179.18998389999615,179.20049210003344,179.70030349999433,179.70030349999433,179.70030349999433,180.18897170003038,b,1,0.48007930000312626,None,,,,1,001,2025-11-18_20h03.11.027,emotional stroop_untitled,,2025.1.1,59.7787230709264,2025-11-18 20h03.45.044066 +0530,
Injury,emotional,green,I,g,126,6,6,r,0,0.7249822999583557,None,6,6,126,6,180.2007183000096,,,,,180.19288440002128,180.2007183000096,180.70084170001792,180.70084170001792,180.70084170001792,181.43753739999374,r,0,0.7249822999583557,None,,,,1,001,2025-11-18_20h03.11.027,emotional stroop_untitled,,2025.1.1,59.7787230709264,2025-11-18 20h03.45.044066 +0530,
Death,emotional,green,I,g,127,7,6,g,1,0.7265566999558359,None,6,7,127,2,181.45048759999918,,,,,181.44016220001504,181.45048759999918,181.95056970004225,181.95056970004225,181.95056970004225,182.68728420004481,g,1,0.7265566999558359,None,,,,1,001,2025-11-18_20h03.11.027,emotional stroop_untitled,,2025.1.1,59.7787230709264,2025-11-18 20h03.45.044066 +0530,
Panic,emotional,yellow,I,y,128,8,6,y,1,2.3770707999938168,None,6,8,128,3,182.70041440002387,,,,,182.69015330000548,182.70041440002387,183.2005745000206,183.2005745000206,183.2005745000206,185.58693730004597,y,1,2.3770707999938168,None,,,,1,001,2025-11-18_20h03.11.027,emotional stroop_untitled,,2025.1.1,59.7787230709264,2025-11-18 20h03.45.044066 +0530,
Window,neutral,red,I,r,129,9,6,r,1,3.039388500037603,None,6,9,129,12,185.60024460003478,,,,,185.58996190002654,185.60024460003478,186.1004200000316,186.1004200000316,186.1004200000316,189.1541556000011,r,1,3.039388500037603,None,,,,1,001,2025-11-18_20h03.11.027,emotional stroop_untitled,,2025.1.1,59.7787230709264,2025-11-18 20h03.45.044066 +0530,
Threat,emotional,blue,I,b,130,10,6,b,1,0.7155646000173874,None,6,10,130,5,189.16771589999553,,,,,189.15705910004908,189.16771589999553,189.66694870003266,189.66694870003266,189.66694870003266,190.38781410001684,b,1,0.7155646000173874,None,,,,1,001,2025-11-18_20h03.11.027,emotional stroop_untitled,,2025.1.1,59.7787230709264,2025-11-18 20h03.45.044066 +0530,
Table,neutral,blue,I,b,131,11,6,b,1,0.7279423999716528,None,6,11,131,13,190.4001042000018,,,,,190.3904470000416,190.4001042000018,190.9001148000243,190.9001148000243,190.9001148000243,191.63676080002915,b,1,0.7279423999716528,None,,,,1,001,2025-11-18_20h03.11.027,emotional stroop_untitled,,2025.1.1,59.7787230709264,2025-11-18 20h03.45.044066 +0530,
Violence,emotional,blue,I,b,132,12,6,b,1,0.38544420001562685,None,6,12,132,9,191.64993080002023,,,,,191.6394437000272,191.64993080002023,192.14987930003554,192.14987930003554,192.14987930003554,192.53693200001726,b,1,0.38544420001562685,None,,,,1,001,2025-11-18_20h03.11.027,emotional stroop_untitled,,2025.1.1,59.7787230709264,2025-11-18 20h03.45.044066 +0530,
Abuse,emotional,red,C,r,133,13,6,r,1,0.5251626999815926,None,6,13,133,4,192.55021509999642,,,,,192.539716600033,192.55021509999642,193.05023960000835,193.05023960000835,193.05023960000835,193.58650610002223,r,1,0.5251626999815926,None,,,,1,001,2025-11-18_20h03.11.027,emotional stroop_untitled,,2025.1.1,59.7787230709264,2025-11-18 20h03.45.044066 +0530,
Road,neutral,green,I,g,134,14,6,g,1,1.6953855999745429,None,6,14,134,18,193.59969980001915,,,,,193.58942400000524,193.59969980001915,194.1002487000078,194.1002487000078,194.1002487000078,195.8043395000277,g,1,1.6953855999745429,None,,,,1,001,2025-11-18_20h03.11.027,emotional stroop_untitled,,2025.1.1,59.7787230709264,2025-11-18 20h03.45.044066 +0530,
Chair,neutral,green,I,g,135,15,6,g,1,0.5426446000346914,None,6,15,135,10,195.81852950004395,,,,,195.80730440001935,195.81852950004395,196.31688060000306,196.31688060000306,196.31688060000306,196.870486800035,g,1,0.5426446000346914,None,,,,1,001,2025-11-18_20h03.11.027,emotional stroop_untitled,,2025.1.1,59.7787230709264,2025-11-18 20h03.45.044066 +0530,
Anger,emotional,red,C,r,136,16,6,r,1,0.5906215999857523,None,6,16,136,8,196.88423900003545,,,,,196.87341100000776,196.88423900003545,197.38339460000861,197.38339460000861,197.38339460000861,197.98723120003706,r,1,0.5906215999857523,None,,,,1,001,2025-11-18_20h03.11.027,emotional stroop_untitled,,2025.1.1,59.7787230709264,2025-11-18 20h03.45.044066 +0530,
Pencil,neutral,green,I,g,137,17,6,g,1,0.43310649995692074,None,6,17,137,14,198.00030160002643,,,,,197.9908465000335,198.00030160002643,198.50038620003033,198.50038620003033,198.50038620003033,198.9365977999987,g,1,0.43310649995692074,None,,,,1,001,2025-11-18_20h03.11.027,emotional stroop_untitled,,2025.1.1,59.7787230709264,2025-11-18 20h03.45.044066 +0530,
Paper,neutral,yellow,I,y,138,18,6,y,1,0.5831153999897651,None,6,18,138,15,198.94987860001856,,,,,198.93955460004508,198.94987860001856,199.4496938000084,199.4496938000084,199.4496938000084,200.03756530000828,y,1,0.5831153999897651,None,,,,1,001,2025-11-18_20h03.11.027,emotional stroop_untitled,,2025.1.1,59.7787230709264,2025-11-18 20h03.45.044066 +0530,
Garden,neutral,red,I,r,139,19,6,r,1,0.591859599982854,None,6,19,139,16,200.04962380003417,,,,,200.04044559999602,200.04962380003417,200.55004820000613,200.55004820000613,200.55004820000613,201.15373499999987,r,1,0.591859599982854,None,,,,1,001,2025-11-18_20h03.11.027,emotional stroop_untitled,,2025.1.1,59.7787230709264,2025-11-18 20h03.45.044066 +0530,
Window,neutral,red,I,r,140,0,7,r,1,0.4592007999890484,None,7,0,140,12,201.16644970001653,,,,,201.15661980002187,201.16644970001653,201.66750929999398,201.66750929999398,201.66750929999398,202.13633599999594,r,1,0.4592007999890484,None,,,,1,001,2025-11-18_20h03.11.027,emotional stroop_untitled,,2025.1.1,59.7787230709264,2025-11-18 20h03.45.044066 +0530,
Threat,emotional,blue,I,b,141,1,7,b,1,0.7124289000057615,None,7,1,141,5,202.1499135000049,,,,,202.13943080004537,202.1499135000049,202.64934080000967,202.64934080000967,202.64934080000967,203.36936790001346,b,1,0.7124289000057615,None,,,,1,001,2025-11-18_20h03.11.027,emotional stroop_untitled,,2025.1.1,59.7787230709264,2025-11-18 20h03.45.044066 +0530,
Death,emotional,green,I,g,142,2,7,g,1,2.1102688999962993,None,7,2,142,2,203.38295679999283,,,,,203.37202900002012,203.38295679999283,203.88273070001742,203.88273070001742,203.88273070001742,206.00318240001798,g,1,2.1102688999962993,None,,,,1,001,2025-11-18_20h03.11.027,emotional stroop_untitled,,2025.1.1,59.7787230709264,2025-11-18 20h03.45.044066 +0530,
Injury,emotional,green,I,g,143,3,7,g,1,0.610032600001432,None,7,3,143,6,206.01581630000146,,,,,206.00667420000536,206.01581630000146,206.51618370000506,206.51618370000506,206.51618370000506,207.13958870002534,g,1,0.610032600001432,None,,,,1,001,2025-11-18_20h03.11.027,emotional stroop_untitled,,2025.1.1,59.7787230709264,2025-11-18 20h03.45.044066 +0530,
Chair,neutral,green,I,g,144,4,7,g,1,0.6977849000249989,None,7,4,144,10,207.1650741000194,,,,,207.14563480002107,207.1650741000194,207.64928180002607,207.64928180002607,207.64928180002607,208.35304560000077,g,1,0.6977849000249989,None,,,,1,001,2025-11-18_20h03.11.027,emotional stroop_untitled,,2025.1.1,59.7787230709264,2025-11-18 20h03.45.044066 +0530,
Fear,emotional,red,C,r,145,5,7,r,1,1.1003390999976546,None,7,5,145,0,208.36659930000314,,,,,208.35603110003285,208.36659930000314,208.86620320001384,208.86620320001384,208.86620320001384,209.96980650001206,r,1,1.1003390999976546,None,,,,1,001,2025-11-18_20h03.11.027,emotional stroop_untitled,,2025.1.1,59.7787230709264,2025-11-18 20h03.45.044066 +0530,
Table,neutral,blue,I,b,146,6,7,b,1,1.2291449999902397,None,7,6,146,13,209.98293620004551,,,,,209.97312650003005,209.98293620004551,210.48309650004376,210.48309650004376,210.48309650004376,211.7196315000183,b,1,1.2291449999902397,None,,,,1,001,2025-11-18_20h03.11.027,emotional stroop_untitled,,2025.1.1,59.7787230709264,2025-11-18 20h03.45.044066 +0530,
Garden,neutral,red,I,r,147,7,7,r,1,1.2186311000259593,None,7,7,147,16,211.73227870004484,,,,,211.72303420002572,211.73227870004484,212.23289179999847,212.23289179999847,212.23289179999847,213.45317360002082,r,1,1.2186311000259593,None,,,,1,001,2025-11-18_20h03.11.027,emotional stroop_untitled,,2025.1.1,59.7787230709264,2025-11-18 20h03.45.044066 +0530,
Book,neutral,blue,I,b,148,8,7,b,1,0.7070834999904037,None,7,8,148,17,213.46623040002305,,,,,213.4558709000121,213.46623040002305,213.96538170002168,213.96538170002168,213.96538170002168,214.68597019999288,b,1,0.7070834999904037,None,,,,1,001,2025-11-18_20h03.11.027,emotional stroop_untitled,,2025.1.1,59.7787230709264,2025-11-18 20h03.45.044066 +0530,
Pain,emotional,blue,I,b,149,9,7,b,1,0.44743579998612404,None,7,9,149,1,214.69914560002508,,,,,214.68871830002172,214.69914560002508,215.19873810000718,215.19873810000718,215.19873810000718,215.65291000000434,b,1,0.44743579998612404,None,,,,1,001,2025-11-18_20h03.11.027,emotional stroop_untitled,,2025.1.1,59.7787230709264,2025-11-18 20h03.45.044066 +0530,
Anger,emotional,red,C,r,150,10,7,r,1,1.3419810999766923,None,7,10,150,8,215.6676143000368,,,,,215.65609870001208,215.6676143000368,216.16551780002192,216.16551780002192,216.16551780002192,217.52135160000762,r,1,1.3419810999766923,None,,,,1,001,2025-11-18_20h03.11.027,emotional stroop_untitled,,2025.1.1,59.7787230709264,2025-11-18 20h03.45.044066 +0530,
Sadness,emotional,yellow,I,y,151,11,7,y,1,0.9069214000483043,None,7,11,151,7,217.53322810004465,,,,,217.52492769999662,217.53322810004465,218.03281910001533,218.03281910001533,218.03281910001533,218.95244500000263,y,1,0.9069214000483043,None,,,,1,001,2025-11-18_20h03.11.027,emotional stroop_untitled,,2025.1.1,59.7787230709264,2025-11-18 20h03.45.044066 +0530,
Panic,emotional,yellow,I,y,152,12,7,y,1,0.71991360001266,None,7,12,152,3,218.96543370001018,,,,,218.95637130003888,218.96543370001018,219.46604460000526,219.46604460000526,219.46604460000526,220.18672500003595,y,1,0.71991360001266,None,,,,1,001,2025-11-18_20h03.11.027,emotional stroop_untitled,,2025.1.1,59.7787230709264,2025-11-18 20h03.45.044066 +0530,
Pencil,neutral,green,I,g,153,13,7,g,1,1.6782612999668345,None,7,13,153,14,220.19909629999893,,,,,220.18949429999338,220.19909629999893,220.69839320000028,220.69839320000028,220.69839320000028,222.38688180001918,g,1,1.6782612999668345,None,,,,1,001,2025-11-18_20h03.11.027,emotional stroop_untitled,,2025.1.1,59.7787230709264,2025-11-18 20h03.45.044066 +0530,
Road,neutral,green,I,g,154,14,7,g,1,0.4639558999915607,None,7,14,154,18,222.39870610000798,,,,,222.38988100003917,222.39870610000798,222.89862340001855,222.89862340001855,222.89862340001855,223.3693722000462,g,1,0.4639558999915607,None,,,,1,001,2025-11-18_20h03.11.027,emotional stroop_untitled,,2025.1.1,59.7787230709264,2025-11-18 20h03.45.044066 +0530,
Bottle,neutral,yellow,I,y,155,15,7,b,0,0.7725171000347473,None,7,15,155,11,223.38295729999663,,,,,223.37214490002953,223.38295729999663,223.88272850000067,223.88272850000067,223.88272850000067,224.6688761000405,b,0,0.7725171000347473,None,,,,1,001,2025-11-18_20h03.11.027,emotional stroop_untitled,,2025.1.1,59.7787230709264,2025-11-18 20h03.45.044066 +0530,
Abuse,emotional,red,C,r,156,16,7,r,1,0.6008825000026263,None,7,16,156,4,224.68201650003903,,,,,224.67163550003897,224.68201650003903,225.1821656000102,225.1821656000102,225.1821656000102,225.78604510001605,r,1,0.6008825000026263,None,,,,1,001,2025-11-18_20h03.11.027,emotional stroop_untitled,,2025.1.1,59.7787230709264,2025-11-18 20h03.45.044066 +0530,
Violence,emotional,blue,I,b,157,17,7,b,1,0.6411660999874584,None,7,17,157,9,225.799611800001,,,,,225.78875160001917,225.799611800001,226.29872680001426,226.29872680001426,226.29872680001426,226.95229640003527,b,1,0.6411660999874584,None,,,,1,001,2025-11-18_20h03.11.027,emotional stroop_untitled,,2025.1.1,59.7787230709264,2025-11-18 20h03.45.044066 +0530,
Paper,neutral,yellow,I,y,158,18,7,y,1,0.6593063000473194,None,7,18,158,15,226.96532720001414,,,,,226.95506690000184,226.96532720001414,227.46557540004142,227.46557540004142,227.46557540004142,228.13571040000534,y,1,0.6593063000473194,None,,,,1,001,2025-11-18_20h03.11.027,emotional stroop_untitled,,2025.1.1,59.7787230709264,2025-11-18 20h03.45.044066 +0530,
Stone,neutral,yellow,I,y,159,19,7,y,1,0.42946449998999014,None,7,19,159,19,228.14882270002272,,,,,228.13868080003886,228.14882270002272,228.6488297000178,228.6488297000178,228.6488297000178,229.08596769999713,y,1,0.42946449998999014,None,,,,1,001,2025-11-18_20h03.11.027,emotional stroop_untitled,,2025.1.1,59.7787230709264,2025-11-18 20h03.45.044066 +0530,
Pencil,neutral,green,I,g,160,0,8,g,1,0.9333916999748908,None,8,0,160,14,229.0988694000407,,,,,229.08928200002993,229.0988694000407,229.59909570001764,229.59909570001764,229.59909570001764,230.5361022000434,g,1,0.9333916999748908,None,,,,1,001,2025-11-18_20h03.11.027,emotional stroop_untitled,,2025.1.1,59.7787230709264,2025-11-18 20h03.45.044066 +0530,
Panic,emotional,yellow,I,y,161,1,8,y,1,0.961004100041464,None,8,1,161,3,230.5494118000497,,,,,230.53939700004412,230.5494118000497,231.04875820002053,231.04875820002053,231.04875820002053,232.0186110000359,y,1,0.961004100041464,None,,,,1,001,2025-11-18_20h03.11.027,emotional stroop_untitled,,2025.1.1,59.7787230709264,2025-11-18 20h03.45.044066 +0530,
Book,neutral,blue,I,b,162,2,8,b,1,0.6682323000277393,None,8,2,162,17,232.03156570001738,,,,,232.0213015000336,232.03156570001738,232.53172420000192,232.53172420000192,232.53172420000192,233.20188380003674,b,1,0.6682323000277393,None,,,,1,001,2025-11-18_20h03.11.027,emotional stroop_untitled,,2025.1.1,59.7787230709264,2025-11-18 20h03.45.044066 +0530,
Garden,neutral,red,I,r,163,3,8,r,1,0.6503115000086837,None,8,3,163,16,233.21494480001274,,,,,233.20463150000433,233.21494480001274,233.71486510004615,233.71486510004615,233.71486510004615,234.36821079999208,r,1,0.6503115000086837,None,,,,1,001,2025-11-18_20h03.11.027,emotional stroop_untitled,,2025.1.1,59.7787230709264,2025-11-18 20h03.45.044066 +0530,
Injury,emotional,green,I,g,164,4,8,g,1,0.815431900031399,None,8,4,164,6,234.38174230000004,,,,,234.37096369999927,234.38174230000004,234.88164209999377,234.88164209999377,234.88164209999377,235.7024839000078,g,1,0.815431900031399,None,,,,1,001,2025-11-18_20h03.11.027,emotional stroop_untitled,,2025.1.1,59.7787230709264,2025-11-18 20h03.45.044066 +0530,
Chair,neutral,green,I,g,165,5,8,b,0,0.5159739999799058,None,8,5,165,10,235.71472470002482,,,,,235.70502450002823,235.71472470002482,236.2164479000494,236.2164479000494,236.2164479000494,236.73755100002745,b,0,0.5159739999799058,None,,,,1,001,2025-11-18_20h03.11.027,emotional stroop_untitled,,2025.1.1,59.7787230709264,2025-11-18 20h03.45.044066 +0530,
Paper,neutral,yellow,I,y,166,6,8,b,0,0.8511943999910727,None,8,6,166,15,236.749014800007,,,,,236.74096389999613,236.749014800007,237.24795069999527,237.24795069999527,237.24795069999527,238.1031643000315,b,0,0.8511943999910727,None,,,,1,001,2025-11-18_20h03.11.027,emotional stroop_untitled,,2025.1.1,59.7787230709264,2025-11-18 20h03.45.044066 +0530,
Anger,emotional,red,C,r,167,7,8,r,1,0.6400491999811493,None,8,7,167,8,238.11487590003526,,,,,238.1059191999957,238.11487590003526,238.61499980004737,238.61499980004737,238.61499980004737,239.26870320003945,r,1,0.6400491999811493,None,,,,1,001,2025-11-18_20h03.11.027,emotional stroop_untitled,,2025.1.1,59.7787230709264,2025-11-18 20h03.45.044066 +0530,
Threat,emotional,blue,I,b,168,8,8,b,1,0.8839214000036009,None,8,8,168,5,239.2816267000162,,,,,239.2716704000486,239.2816267000162,239.78114440001082,239.78114440001082,239.78114440001082,240.66865810001036,b,1,0.8839214000036009,None,,,,1,001,2025-11-18_20h03.11.027,emotional stroop_untitled,,2025.1.1,59.7787230709264,2025-11-18 20h03.45.044066 +0530,
Road,neutral,green,I,g,169,9,8,g,1,1.541767599992454,None,8,9,169,18,240.68146560003515,,,,,240.67130780004663,240.68146560003515,241.18149700004142,241.18149700004142,241.18149700004142,242.73546910000732,g,1,1.541767599992454,None,,,,1,001,2025-11-18_20h03.11.027,emotional stroop_untitled,,2025.1.1,59.7787230709264,2025-11-18 20h03.45.044066 +0530,
Death,emotional,green,I,g,170,10,8,g,1,0.45857939997222275,None,8,10,170,2,242.7480202000006,,,,,242.7381591000012,242.7480202000006,243.24810990004335,243.24810990004335,243.24810990004335,243.718345900008,g,1,0.45857939997222275,None,,,,1,001,2025-11-18_20h03.11.027,emotional stroop_untitled,,2025.1.1,59.7787230709264,2025-11-18 20h03.45.044066 +0530,
Window,neutral,red,I,r,171,11,8,r,1,0.7673791000270285,None,8,11,171,12,243.73158990003867,,,,,243.72089050000068,243.73158990003867,244.23079430003418,244.23079430003418,244.23079430003418,245.00124070001766,r,1,0.7673791000270285,None,,,,1,001,2025-11-18_20h03.11.027,emotional stroop_untitled,,2025.1.1,59.7787230709264,2025-11-18 20h03.45.044066 +0530,
Bottle,neutral,yellow,I,y,172,12,8,y,1,1.1585836000158451,None,8,12,172,11,245.01458330004243,,,,,245.00476830004482,245.01458330004243,245.51467020000564,245.51467020000564,245.51467020000564,246.6847345000133,y,1,1.1585836000158451,None,,,,1,001,2025-11-18_20h03.11.027,emotional stroop_untitled,,2025.1.1,59.7787230709264,2025-11-18 20h03.45.044066 +0530,
Sadness,emotional,yellow,I,y,173,13,8,y,1,0.49559509998653084,None,8,13,173,7,246.6977637000382,,,,,246.68792570004007,246.6977637000382,247.19766580004944,247.19766580004944,247.19766580004944,247.70133780001197,y,1,0.49559509998653084,None,,,,1,001,2025-11-18_20h03.11.027,emotional stroop_untitled,,2025.1.1,59.7787230709264,2025-11-18 20h03.45.044066 +0530,
Pain,emotional,blue,I,b,174,14,8,b,1,0.73553860001266,None,8,14,174,1,247.7147964000469,,,,,247.70385290001286,247.7147964000469,248.21434860001318,248.21434860001318,248.21434860001318,248.95370340003865,b,1,0.73553860001266,None,,,,1,001,2025-11-18_20h03.11.027,emotional stroop_untitled,,2025.1.1,59.7787230709264,2025-11-18 20h03.45.044066 +0530,
Fear,emotional,red,C,r,175,15,8,r,1,0.9218125999905169,None,8,15,175,0,248.9650024000439,,,,,248.9573935000226,248.9650024000439,249.4643522000406,249.4643522000406,249.4643522000406,250.4016584000201,r,1,0.9218125999905169,None,,,,1,001,2025-11-18_20h03.11.027,emotional stroop_untitled,,2025.1.1,59.7787230709264,2025-11-18 20h03.45.044066 +0530,
Violence,emotional,blue,I,b,176,16,8,b,1,1.8997065000003204,None,8,16,176,9,250.41460860002553,,,,,250.4047735000495,250.41460860002553,250.9147080000257,250.9147080000257,250.9147080000257,252.81844040000578,b,1,1.8997065000003204,None,,,,1,001,2025-11-18_20h03.11.027,emotional stroop_untitled,,2025.1.1,59.7787230709264,2025-11-18 20h03.45.044066 +0530,
Abuse,emotional,red,C,r,177,17,8,r,1,0.6331962999538518,None,8,17,177,4,252.83087300002808,,,,,252.82116130000213,252.83087300002808,253.33123549999436,253.33123549999436,253.33123549999436,253.96832710003946,r,1,0.6331962999538518,None,,,,1,001,2025-11-18_20h03.11.027,emotional stroop_untitled,,2025.1.1,59.7787230709264,2025-11-18 20h03.45.044066 +0530,
Table,neutral,blue,I,b,178,18,8,b,1,0.9213563000084832,None,8,18,178,13,253.98101300001144,,,,,253.97095350001473,253.98101300001144,254.4805999000091,254.4805999000091,254.4805999000091,255.4179804000305,b,1,0.9213563000084832,None,,,,1,001,2025-11-18_20h03.11.027,emotional stroop_untitled,,2025.1.1,59.7787230709264,2025-11-18 20h03.45.044066 +0530,
Stone,neutral,yellow,I,y,179,19,8,y,1,0.9506496000103652,None,8,19,179,19,255.430626699992,,,,,255.42123170004925,255.430626699992,255.9304544000188,255.9304544000188,255.9304544000188,256.884581100021,y,1,0.9506496000103652,None,,,,1,001,2025-11-18_20h03.11.027,emotional stroop_untitled,,2025.1.1,59.7787230709264,2025-11-18 20h03.45.044066 +0530,
Panic,emotional,yellow,I,y,180,0,9,y,1,0.5141923999763094,None,9,0,180,3,256.8975363000063,,,,,256.8886206000461,256.8975363000063,257.3977343000006,257.3977343000006,257.3977343000006,257.9177432000288,y,1,0.5141923999763094,None,,,,1,001,2025-11-18_20h03.11.027,emotional stroop_untitled,,2025.1.1,59.7787230709264,2025-11-18 20h03.45.044066 +0530,
Paper,neutral,yellow,I,y,181,1,9,y,1,0.4272273000096902,None,9,1,181,15,257.93106020003324,,,,,257.9205423000385,257.93106020003324,258.4307605000213,258.4307605000213,258.4307605000213,258.86787680001,y,1,0.4272273000096902,None,,,,1,001,2025-11-18_20h03.11.027,emotional stroop_untitled,,2025.1.1,59.7787230709264,2025-11-18 20h03.45.044066 +0530,
Window,neutral,red,I,r,182,2,9,r,1,0.5212608000147156,None,9,2,182,12,258.88043620000826,,,,,258.8710018999991,258.88043620000826,259.38051819999237,259.38051819999237,259.38051819999237,259.91793140000664,r,1,0.5212608000147156,None,,,,1,001,2025-11-18_20h03.11.027,emotional stroop_untitled,,2025.1.1,59.7787230709264,2025-11-18 20h03.45.044066 +0530,
Table,neutral,blue,I,b,183,3,9,b,1,0.589944800012745,None,9,3,183,13,259.9307030000491,,,,,259.92090800002916,259.9307030000491,260.43093160004355,260.43093160004355,260.43093160004355,261.03496880002785,b,1,0.589944800012745,None,,,,1,001,2025-11-18_20h03.11.027,emotional stroop_untitled,,2025.1.1,59.7787230709264,2025-11-18 20h03.45.044066 +0530,
Stone,neutral,yellow,I,y,184,4,9,y,1,0.8005801000399515,None,9,4,184,19,261.04668440000387,,,,,261.0380684999982,261.04668440000387,261.54731960000936,261.54731960000936,261.54731960000936,262.35068220004905,y,1,0.8005801000399515,None,,,,1,001,2025-11-18_20h03.11.027,emotional stroop_untitled,,2025.1.1,59.7787230709264,2025-11-18 20h03.45.044066 +0530,
Death,emotional,green,I,g,185,5,9,g,1,0.9414173000259325,None,9,5,185,2,262.3642053999938,,,,,262.3535574999987,262.3642053999938,262.8639286000398,262.8639286000398,262.8639286000398,263.81797040003585,g,1,0.9414173000259325,None,,,,1,001,2025-11-18_20h03.11.027,emotional stroop_untitled,,2025.1.1,59.7787230709264,2025-11-18 20h03.45.044066 +0530,
Violence,emotional,blue,I,b,186,6,9,b,1,0.6712717000045814,None,9,6,186,9,263.8315419999999,,,,,263.82135400001425,263.8315419999999,264.33096490002936,264.33096490002936,264.33096490002936,265.01728690002346,b,1,0.6712717000045814,None,,,,1,001,2025-11-18_20h03.11.027,emotional stroop_untitled,,2025.1.1,59.7787230709264,2025-11-18 20h03.45.044066 +0530,
Threat,emotional,blue,I,b,187,7,9,b,1,0.42452920001232997,None,9,7,187,5,265.03049229999306,,,,,265.0199266000418,265.03049229999306,265.5310303000151,265.5310303000151,265.5310303000151,265.9686998000252,b,1,0.42452920001232997,None,,,,1,001,2025-11-18_20h03.11.027,emotional stroop_untitled,,2025.1.1,59.7787230709264,2025-11-18 20h03.45.044066 +0530,
Bottle,neutral,yellow,I,y,188,8,9,y,1,0.9684972999966703,None,9,8,188,11,265.9805684000021,,,,,265.9728214000352,265.9805684000021,266.48001220001606,266.48001220001606,266.48001220001606,267.45137970004,y,1,0.9684972999966703,None,,,,1,001,2025-11-18_20h03.11.027,emotional stroop_untitled,,2025.1.1,59.7787230709264,2025-11-18 20h03.45.044066 +0530,
Pain,emotional,blue,I,b,189,9,9,b,1,0.7755154000478797,None,9,9,189,1,267.46371189999627,,,,,267.4538326000329,267.46371189999627,267.96342869999353,267.96342869999353,267.96342869999353,268.75038179999683,b,1,0.7755154000478797,None,,,,1,001,2025-11-18_20h03.11.027,emotional stroop_untitled,,2025.1.1,59.7787230709264,2025-11-18 20h03.45.044066 +0530,
Book,neutral,blue,I,b,190,10,9,b,1,1.1729950999724679,None,9,10,190,17,268.76345210004365,,,,,268.7532018000493,268.76345210004365,269.26326870004414,269.26326870004414,269.26326870004414,270.4501733999932,b,1,1.1729950999724679,None,,,,1,001,2025-11-18_20h03.11.027,emotional stroop_untitled,,2025.1.1,59.7787230709264,2025-11-18 20h03.45.044066 +0530,
Injury,emotional,green,I,g,191,11,9,g,1,0.7523740999749862,None,9,11,191,6,270.4636179000372,,,,,270.45363840000937,270.4636179000372,270.9633920000051,270.9633920000051,270.9633920000051,271.71785519999685,g,1,0.7523740999749862,None,,,,1,001,2025-11-18_20h03.11.027,emotional stroop_untitled,,2025.1.1,59.7787230709264,2025-11-18 20h03.45.044066 +0530,
Abuse,emotional,red,C,r,192,12,9,r,1,0.5593010999727994,None,9,12,192,4,271.7305347000365,,,,,271.720847700024,271.7305347000365,272.2305777000147,272.2305777000147,272.2305777000147,272.7983604000183,r,1,0.5593010999727994,None,,,,1,001,2025-11-18_20h03.11.027,emotional stroop_untitled,,2025.1.1,59.7787230709264,2025-11-18 20h03.45.044066 +0530,
Chair,neutral,green,I,g,193,13,9,g,1,0.8513445000280626,None,9,13,193,10,272.81245560001116,,,,,272.8011660000193,272.81245560001116,273.31226650002645,273.31226650002645,273.31226650002645,274.16717610001797,g,1,0.8513445000280626,None,,,,1,001,2025-11-18_20h03.11.027,emotional stroop_untitled,,2025.1.1,59.7787230709264,2025-11-18 20h03.45.044066 +0530,
Pencil,neutral,green,I,g,194,14,9,g,1,0.5671890000230633,None,9,14,194,14,274.1801271000295,,,,,274.17006200004835,274.1801271000295,274.68020530004287,274.68020530004287,274.68020530004287,275.2499718000181,g,1,0.5671890000230633,None,,,,1,001,2025-11-18_20h03.11.027,emotional stroop_untitled,,2025.1.1,59.7787230709264,2025-11-18 20h03.45.044066 +0530,
Anger,emotional,red,C,r,195,15,9,r,1,1.4675483999890275,None,9,15,195,8,275.2634440000402,,,,,275.25272610003594,275.2634440000402,275.7633560000104,275.7633560000104,275.7633560000104,277.23422460001893,r,1,1.4675483999890275,None,,,,1,001,2025-11-18_20h03.11.027,emotional stroop_untitled,,2025.1.1,59.7787230709264,2025-11-18 20h03.45.044066 +0530,
Sadness,emotional,yellow,I,y,196,16,9,y,1,0.9112000999739394,None,9,16,196,7,277.24654850002844,,,,,277.237386599998,277.24654850002844,277.74673660000553,277.74673660000553,277.74673660000553,278.66794170002686,y,1,0.9112000999739394,None,,,,1,001,2025-11-18_20h03.11.027,emotional stroop_untitled,,2025.1.1,59.7787230709264,2025-11-18 20h03.45.044066 +0530,
Garden,neutral,red,I,r,197,17,9,g,0,0.8704675000044517,None,9,17,197,16,278.6795495999977,,,,,278.67210130003514,278.6795495999977,279.1797801000066,279.1797801000066,279.1797801000066,280.05067319999216,g,0,0.8704675000044517,None,,,,1,001,2025-11-18_20h03.11.027,emotional stroop_untitled,,2025.1.1,59.7787230709264,2025-11-18 20h03.45.044066 +0530,
Road,neutral,green,I,g,198,18,9,g,1,1.4712291000178084,None,9,18,198,18,280.0635137000354,,,,,280.05388660001336,280.0635137000354,280.56353560002754,280.56353560002754,280.56353560002754,282.0501002999954,g,1,1.4712291000178084,None,,,,1,001,2025-11-18_20h03.11.027,emotional stroop_untitled,,2025.1.1,59.7787230709264,2025-11-18 20h03.45.044066 +0530,
Fear,emotional,red,C,r,199,19,9,r,1,0.957675899961032,None,9,19,199,0,282.0630751000135,,,,,282.05255860002944,282.0630751000135,282.5632575000054,282.5632575000054,282.5632575000054,283.53425700002117,r,1,0.957675899961032,None,,,,1,001,2025-11-18_20h03.11.027,emotional stroop_untitled,,2025.1.1,59.7787230709264,2025-11-18 20h03.45.044066 +0530,
Panic,emotional,yellow,I,y,200,0,10,y,1,1.51095039997017,None,10,0,200,3,283.5464205000317,,,,,283.5376918000402,283.5464205000317,284.0478600000497,284.0478600000497,284.0478600000497,285.5659229000448,y,1,1.51095039997017,None,,,,1,001,2025-11-18_20h03.11.027,emotional stroop_untitled,,2025.1.1,59.7787230709264,2025-11-18 20h03.45.044066 +0530,
Death,emotional,green,I,g,201,1,10,g,1,0.7764878000016324,None,10,1,201,2,285.57931760000065,,,,,285.5690313000232,285.57931760000065,286.07983120001154,286.07983120001154,286.07983120001154,286.8668359000003,g,1,0.7764878000016324,None,,,,1,001,2025-11-18_20h03.11.027,emotional stroop_untitled,,2025.1.1,59.7787230709264,2025-11-18 20h03.45.044066 +0530,
Table,neutral,blue,I,b,202,2,10,b,1,1.5948442000080831,None,10,2,202,13,286.8794382000342,,,,,286.86964350001654,286.8794382000342,287.38005570002133,287.38005570002133,287.38005570002133,288.98392600001534,b,1,1.5948442000080831,None,,,,1,001,2025-11-18_20h03.11.027,emotional stroop_untitled,,2025.1.1,59.7787230709264,2025-11-18 20h03.45.044066 +0530,
Abuse,emotional,red,C,r,203,3,10,r,1,0.5628550000255927,None,10,3,203,4,288.99608120002085,,,,,288.9866324000177,288.99608120002085,289.4965585000464,289.4965585000464,289.4965585000464,290.06639859999996,r,1,0.5628550000255927,None,,,,1,001,2025-11-18_20h03.11.027,emotional stroop_untitled,,2025.1.1,59.7787230709264,2025-11-18 20h03.45.044066 +0530,
Bottle,neutral,yellow,I,y,204,4,10,y,1,0.9214141999837011,None,10,4,204,11,290.07922569999937,,,,,290.0699182000244,290.07922569999937,290.5795146000455,290.5795146000455,290.5795146000455,291.516133600031,y,1,0.9214141999837011,None,,,,1,001,2025-11-18_20h03.11.027,emotional stroop_untitled,,2025.1.1,59.7787230709264,2025-11-18 20h03.45.044066 +0530,
Garden,neutral,red,I,r,205,5,10,r,1,0.6624099999899045,None,10,5,205,16,291.529444600048,,,,,291.51892390003195,291.529444600048,292.0293914999929,292.0293914999929,292.0293914999929,292.69922740000766,r,1,0.6624099999899045,None,,,,1,001,2025-11-18_20h03.11.027,emotional stroop_untitled,,2025.1.1,59.7787230709264,2025-11-18 20h03.45.044066 +0530,
Threat,emotional,blue,I,b,206,6,10,b,1,0.8271684999926947,None,10,6,206,5,292.7125137000112,,,,,292.70193340000696,292.7125137000112,293.21297740004957,293.21297740004957,293.21297740004957,294.0491670000483,b,1,0.8271684999926947,None,,,,1,001,2025-11-18_20h03.11.027,emotional stroop_untitled,,2025.1.1,59.7787230709264,2025-11-18 20h03.45.044066 +0530,
Stone,neutral,yellow,I,y,207,7,10,y,1,1.0164088999736123,None,10,7,207,19,294.06294950004667,,,,,294.0516330000246,294.06294950004667,294.561635799997,294.561635799997,294.561635799997,295.5827102000476,y,1,1.0164088999736123,None,,,,1,001,2025-11-18_20h03.11.027,emotional stroop_untitled,,2025.1.1,59.7787230709264,2025-11-18 20h03.45.044066 +0530,
Book,neutral,blue,I,b,208,8,10,b,1,0.8595570000470616,None,10,8,208,17,295.5961331000435,,,,,295.58588180004153,295.5961331000435,296.0957574000349,296.0957574000349,296.0957574000349,296.965480200015,b,1,0.8595570000470616,None,,,,1,001,2025-11-18_20h03.11.027,emotional stroop_untitled,,2025.1.1,59.7787230709264,2025-11-18 20h03.45.044066 +0530,
Anger,emotional,red,C,r,209,9,10,r,1,1.878287899948191,None,10,9,209,8,296.97873030003393,,,,,296.9680949000176,296.97873030003393,297.47919879999245,297.47919879999245,297.47919879999245,299.36581380001735,r,1,1.878287899948191,None,,,,1,001,2025-11-18_20h03.11.027,emotional stroop_untitled,,2025.1.1,59.7787230709264,2025-11-18 20h03.45.044066 +0530,
Injury,emotional,green,I,g,210,10,10,g,1,0.820139899966307,None,10,10,210,6,299.37897680001333,,,,,299.3687727000215,299.37897680001333,299.87870640004985,299.87870640004985,299.87870640004985,300.7159456000081,g,1,0.820139899966307,None,,,,1,001,2025-11-18_20h03.11.027,emotional stroop_untitled,,2025.1.1,59.7787230709264,2025-11-18 20h03.45.044066 +0530,
Paper,neutral,yellow,I,y,211,11,10,y,1,0.7510714000090957,None,10,11,211,15,300.72912890004227,,,,,300.7185723000439,300.72912890004227,301.22936080000363,301.22936080000363,301.22936080000363,301.98440980003215,y,1,0.7510714000090957,None,,,,1,001,2025-11-18_20h03.11.027,emotional stroop_untitled,,2025.1.1,59.7787230709264,2025-11-18 20h03.45.044066 +0530,
Pain,emotional,blue,I,b,212,12,10,b,1,0.7360122000100091,None,10,12,212,1,301.99570140003925,,,,,301.9874435000238,301.99570140003925,302.4955683000153,302.4955683000153,302.4955683000153,303.23369940003613,b,1,0.7360122000100091,None,,,,1,001,2025-11-18_20h03.11.027,emotional stroop_untitled,,2025.1.1,59.7787230709264,2025-11-18 20h03.45.044066 +0530,
Fear,emotional,red,C,r,213,13,10,r,1,1.044783000019379,None,10,13,213,0,303.2451318000094,,,,,303.2366772000096,303.2451318000094,303.74539510003524,303.74539510003524,303.74539510003524,304.79908000002615,r,1,1.044783000019379,None,,,,1,001,2025-11-18_20h03.11.027,emotional stroop_untitled,,2025.1.1,59.7787230709264,2025-11-18 20h03.45.044066 +0530,
Window,neutral,red,I,r,214,14,10,r,1,0.5527919000014663,None,10,14,214,12,304.8121365000261,,,,,304.80214280000655,304.8121365000261,305.31254180002725,305.31254180002725,305.31254180002725,305.88254180003423,r,1,0.5527919000014663,None,,,,1,001,2025-11-18_20h03.11.027,emotional stroop_untitled,,2025.1.1,59.7787230709264,2025-11-18 20h03.45.044066 +0530,
Road,neutral,green,I,g,215,15,10,g,1,0.8817036999971606,None,10,15,215,18,305.8954582000151,,,,,305.88496530003613,305.8954582000151,306.39496270002564,306.39496270002564,306.39496270002564,307.2824608000228,g,1,0.8817036999971606,None,,,,1,001,2025-11-18_20h03.11.027,emotional stroop_untitled,,2025.1.1,59.7787230709264,2025-11-18 20h03.45.044066 +0530,
Pencil,neutral,green,I,g,216,16,10,g,1,0.6933621999924071,None,10,16,216,14,307.2957483000355,,,,,307.28531340003246,307.2957483000355,307.7950826000306,307.7950826000306,307.7950826000306,308.4983116000076,g,1,0.6933621999924071,None,,,,1,001,2025-11-18_20h03.11.027,emotional stroop_untitled,,2025.1.1,59.7787230709264,2025-11-18 20h03.45.044066 +0530,
Sadness,emotional,yellow,I,y,217,17,10,y,1,0.8680139000061899,None,10,17,217,7,308.5123596000485,,,,,308.5010326000047,308.5123596000485,309.01402719999896,309.01402719999896,309.01402719999896,309.8994381999946,y,1,0.8680139000061899,None,,,,1,001,2025-11-18_20h03.11.027,emotional stroop_untitled,,2025.1.1,59.7787230709264,2025-11-18 20h03.45.044066 +0530,
Violence,emotional,blue,I,b,218,18,10,b,1,0.6440518000163138,None,10,18,218,9,309.91177260002587,,,,,309.90281220001634,309.91177260002587,310.4115158999921,310.4115158999921,310.4115158999921,311.0652096000267,b,1,0.6440518000163138,None,,,,1,001,2025-11-18_20h03.11.027,emotional stroop_untitled,,2025.1.1,59.7787230709264,2025-11-18 20h03.45.044066 +0530,
Chair,neutral,green,I,g,219,19,10,g,1,0.7035046999808401,None,10,19,219,10,311.0783804000239,,,,,311.0681767000351,311.0783804000239,311.57798130001174,311.57798130001174,311.57798130001174,312.2825415999978,g,1,0.7035046999808401,None,,,,1,001,2025-11-18_20h03.11.027,emotional stroop_untitled,,2025.1.1,59.7787230709264,2025-11-18 20h03.45.044066 +0530,
Stone,neutral,yellow,I,y,220,0,11,y,1,0.8390167000470683,None,11,0,220,19,312.2949224000331,,,,,312.28658040001756,312.2949224000331,312.7947012000368,312.7947012000368,312.7947012000368,313.6488874000497,y,1,0.8390167000470683,None,,,,1,001,2025-11-18_20h03.11.027,emotional stroop_untitled,,2025.1.1,59.7787230709264,2025-11-18 20h03.45.044066 +0530,
Pain,emotional,blue,I,b,221,1,11,b,1,0.9578945999965072,None,11,1,221,1,313.6618103000219,,,,,313.6517117000185,313.6618103000219,314.1616180000128,314.1616180000128,314.1616180000128,315.13234620000003,b,1,0.9578945999965072,None,,,,1,001,2025-11-18_20h03.11.027,emotional stroop_untitled,,2025.1.1,59.7787230709264,2025-11-18 20h03.45.044066 +0530,
Bottle,neutral,yellow,I,y,222,2,11,y,1,1.050739100028295,None,11,2,222,11,315.1445884000277,,,,,315.1352991000167,315.1445884000277,315.6449987000087,315.6449987000087,315.6449987000087,316.69994409999344,y,1,1.050739100028295,None,,,,1,001,2025-11-18_20h03.11.027,emotional stroop_untitled,,2025.1.1,59.7787230709264,2025-11-18 20h03.45.044066 +0530,
Injury,emotional,green,I,g,223,3,11,g,1,0.8879313999786973,None,11,3,223,6,316.7115351000102,,,,,316.7047619000077,316.7115351000102,317.2114914000267,317.2114914000267,317.2114914000267,318.11486380000133,g,1,0.8879313999786973,None,,,,1,001,2025-11-18_20h03.11.027,emotional stroop_untitled,,2025.1.1,59.7787230709264,2025-11-18 20h03.45.044066 +0530,
Death,emotional,green,I,g,224,4,11,g,1,0.5199934000265785,None,11,4,224,2,318.1278543000226,,,,,318.117437900044,318.1278543000226,318.6281547000399,318.6281547000399,318.6281547000399,319.150131100032,g,1,0.5199934000265785,None,,,,1,001,2025-11-18_20h03.11.027,emotional stroop_untitled,,2025.1.1,59.7787230709264,2025-11-18 20h03.45.044066 +0530,
Window,neutral,red,I,r,225,5,11,r,1,0.6118683000095189,None,11,5,225,12,319.1617567000212,,,,,319.1541758000385,319.1617567000212,319.66154550004285,319.66154550004285,319.66154550004285,320.280041799997,r,1,0.6118683000095189,None,,,,1,001,2025-11-18_20h03.11.027,emotional stroop_untitled,,2025.1.1,59.7787230709264,2025-11-18 20h03.45.044066 +0530,
Threat,emotional,blue,I,b,226,6,11,b,1,0.8211740999831818,None,11,6,226,5,320.29332590004196,,,,,320.28285350004444,320.29332590004196,320.7934622000321,320.7934622000321,320.7934622000321,321.6166092000203,b,1,0.8211740999831818,None,,,,1,001,2025-11-18_20h03.11.027,emotional stroop_untitled,,2025.1.1,59.7787230709264,2025-11-18 20h03.45.044066 +0530,
Road,neutral,green,I,g,227,7,11,g,1,1.016467899957206,None,11,7,227,18,321.6290348000475,,,,,321.6203228000086,321.6290348000475,322.1279585000011,322.1279585000011,322.1279585000011,323.14848140004324,g,1,1.016467899957206,None,,,,1,001,2025-11-18_20h03.11.027,emotional stroop_untitled,,2025.1.1,59.7787230709264,2025-11-18 20h03.45.044066 +0530,
Sadness,emotional,yellow,I,y,228,8,11,y,1,0.7616677000187337,None,11,8,228,7,323.16176700004144,,,,,323.151009800029,323.16176700004144,323.6612633000477,323.6612633000477,323.6612633000477,324.43107600003714,y,1,0.7616677000187337,None,,,,1,001,2025-11-18_20h03.11.027,emotional stroop_untitled,,2025.1.1,59.7787230709264,2025-11-18 20h03.45.044066 +0530,
Abuse,emotional,red,C,r,229,9,11,r,1,1.1847889000200666,None,11,9,229,4,324.44461850001244,,,,,324.43369790003635,324.44461850001244,324.9448970000376,324.9448970000376,324.9448970000376,326.13093660003506,r,1,1.1847889000200666,None,,,,1,001,2025-11-18_20h03.11.027,emotional stroop_untitled,,2025.1.1,59.7787230709264,2025-11-18 20h03.45.044066 +0530,
Fear,emotional,red,C,r,230,10,11,r,1,0.5200965999974869,None,11,10,230,0,326.14442690002033,,,,,326.13351790001616,326.14442690002033,326.64441830001306,326.64441830001306,326.64441830001306,327.16497340000933,r,1,0.5200965999974869,None,,,,1,001,2025-11-18_20h03.11.027,emotional stroop_untitled,,2025.1.1,59.7787230709264,2025-11-18 20h03.45.044066 +0530,
Pencil,neutral,green,I,g,231,11,11,g,1,0.7986859999946319,None,11,11,231,14,327.17743280000286,,,,,327.16801409999607,327.17743280000286,327.67813270003535,327.67813270003535,327.67813270003535,328.4805522999959,g,1,0.7986859999946319,None,,,,1,001,2025-11-18_20h03.11.027,emotional stroop_untitled,,2025.1.1,59.7787230709264,2025-11-18 20h03.45.044066 +0530,
Panic,emotional,yellow,I,y,232,12,11,y,1,0.8684884000103921,None,11,12,232,3,328.49288150004577,,,,,328.4838143000379,328.49288150004577,328.99519089999376,328.99519089999376,328.99519089999376,329.86426380003104,y,1,0.8684884000103921,None,,,,1,001,2025-11-18_20h03.11.027,emotional stroop_untitled,,2025.1.1,59.7787230709264,2025-11-18 20h03.45.044066 +0530,
Anger,emotional,red,C,r,233,13,11,r,1,0.811601800029166,None,11,13,233,8,329.87759210000513,,,,,329.8676085000043,329.87759210000513,330.3779572000494,330.3779572000494,330.3779572000494,331.1983395999996,r,1,0.811601800029166,None,,,,1,001,2025-11-18_20h03.11.027,emotional stroop_untitled,,2025.1.1,59.7787230709264,2025-11-18 20h03.45.044066 +0530,
Garden,neutral,red,I,r,234,14,11,r,1,0.558080599992536,None,11,14,234,16,331.21110920002684,,,,,331.2016854000394,331.21110920002684,331.7113320000353,331.7113320000353,331.7113320000353,332.28119780001,r,1,0.558080599992536,None,,,,1,001,2025-11-18_20h03.11.027,emotional stroop_untitled,,2025.1.1,59.7787230709264,2025-11-18 20h03.45.044066 +0530,
Paper,neutral,yellow,I,y,235,15,11,y,1,0.6803900999948382,None,11,15,235,15,332.29401340003824,,,,,332.2842507000314,332.29401340003824,332.79387680004584,332.79387680004584,332.79387680004584,333.4810884000035,y,1,0.6803900999948382,None,,,,1,001,2025-11-18_20h03.11.027,emotional stroop_untitled,,2025.1.1,59.7787230709264,2025-11-18 20h03.45.044066 +0530,
Book,neutral,blue,I,b,236,16,11,b,1,0.7723001000122167,None,11,16,236,17,333.4947616000427,,,,,333.4839633000083,333.4947616000427,333.994761900045,333.994761900045,333.994761900045,334.78102759999456,b,1,0.7723001000122167,None,,,,1,001,2025-11-18_20h03.11.027,emotional stroop_untitled,,2025.1.1,59.7787230709264,2025-11-18 20h03.45.044066 +0530,
Table,neutral,blue,I,b,237,17,11,b,1,0.4365410999744199,None,11,17,237,13,334.79415200004587,,,,,334.7837270000018,334.79415200004587,335.29394300002605,335.29394300002605,335.29394300002605,335.7315080999979,b,1,0.4365410999744199,None,,,,1,001,2025-11-18_20h03.11.027,emotional stroop_untitled,,2025.1.1,59.7787230709264,2025-11-18 20h03.45.044066 +0530,
Violence,emotional,blue,I,b,238,18,11,b,1,0.49586620001355186,None,11,18,238,9,335.744383000012,,,,,335.7346242000349,335.744383000012,336.2443572000484,336.2443572000484,336.2443572000484,336.7480133000063,b,1,0.49586620001355186,None,,,,1,001,2025-11-18_20h03.11.027,emotional stroop_untitled,,2025.1.1,59.7787230709264,2025-11-18 20h03.45.044066 +0530,
Chair,neutral,green,I,g,239,19,11,g,1,0.5737638999707997,None,11,19,239,10,336.7619077000418,,,,,336.75076990004163,336.7619077000418,337.2609755000449,337.2609755000449,337.2609755000449,337.84819350001635,g,1,0.5737638999707997,None,,,,1,001,2025-11-18_20h03.11.027,emotional stroop_untitled,,2025.1.1,59.7787230709264,2025-11-18 20h03.45.044066 +0530,
Window,neutral,red,I,r,240,0,12,r,1,0.5929472999996506,None,12,0,240,12,337.8604130000458,,,,,337.8515529000433,337.8604130000458,338.3612090999959,338.3612090999959,338.3612090999959,338.9643791000126,r,1,0.5929472999996506,None,,,,1,001,2025-11-18_20h03.11.027,emotional stroop_untitled,,2025.1.1,59.7787230709264,2025-11-18 20h03.45.044066 +0530,
Abuse,emotional,red,C,r,241,1,12,r,1,0.5215982000227086,None,12,1,241,4,338.9773333000485,,,,,338.9680949000176,338.9773333000485,339.4775524000288,339.4775524000288,339.4775524000288,340.0151772000245,r,1,0.5215982000227086,None,,,,1,001,2025-11-18_20h03.11.027,emotional stroop_untitled,,2025.1.1,59.7787230709264,2025-11-18 20h03.45.044066 +0530,
Sadness,emotional,yellow,I,y,242,2,12,y,1,0.8330871000071056,None,12,2,242,7,340.02717800001847,,,,,340.018220100028,340.02717800001847,340.52729779999936,340.52729779999936,340.52729779999936,341.36376650002785,y,1,0.8330871000071056,None,,,,1,001,2025-11-18_20h03.11.027,emotional stroop_untitled,,2025.1.1,59.7787230709264,2025-11-18 20h03.45.044066 +0530,
Violence,emotional,blue,I,b,243,3,12,b,1,0.7592598000192083,None,12,3,243,9,341.3772647000151,,,,,341.3670136000146,341.3772647000151,341.8772166999988,341.8772166999988,341.8772166999988,342.6474846000201,b,1,0.7592598000192083,None,,,,1,001,2025-11-18_20h03.11.027,emotional stroop_untitled,,2025.1.1,59.7787230709264,2025-11-18 20h03.45.044066 +0530,
Pencil,neutral,green,I,g,244,4,12,g,1,0.6368292000261135,None,12,4,244,14,342.66065780003555,,,,,342.6501405000454,342.66065780003555,343.16026350000175,343.16026350000175,343.16026350000175,343.8145771000418,g,1,0.6368292000261135,None,,,,1,001,2025-11-18_20h03.11.027,emotional stroop_untitled,,2025.1.1,59.7787230709264,2025-11-18 20h03.45.044066 +0530,
Paper,neutral,yellow,I,y,245,5,12,y,1,0.6358992999885231,None,12,5,245,15,343.8271318000043,,,,,343.81727850000607,343.8271318000043,344.3270639000111,344.3270639000111,344.3270639000111,344.96437350002816,y,1,0.6358992999885231,None,,,,1,001,2025-11-18_20h03.11.027,emotional stroop_untitled,,2025.1.1,59.7787230709264,2025-11-18 20h03.45.044066 +0530,
Fear,emotional,red,C,r,246,6,12,r,1,0.6065233999979682,None,12,6,246,0,344.97689540003194,,,,,344.9672064000042,344.97689540003194,345.4768430000404,345.4768430000404,345.4768430000404,346.096907500003,r,1,0.6065233999979682,None,,,,1,001,2025-11-18_20h03.11.027,emotional stroop_untitled,,2025.1.1,59.7787230709264,2025-11-18 20h03.45.044066 +0530,
Bottle,neutral,yellow,I,y,247,7,12,y,1,0.6532197999767959,None,12,7,247,11,346.1101670000353,,,,,346.10013500001514,346.1101670000353,346.610618900042,346.610618900042,346.610618900042,347.2814371000277,y,1,0.6532197999767959,None,,,,1,001,2025-11-18_20h03.11.027,emotional stroop_untitled,,2025.1.1,59.7787230709264,2025-11-18 20h03.45.044066 +0530,
Threat,emotional,blue,I,b,248,8,12,b,1,0.8321790999616496,None,12,8,248,5,347.29333240003325,,,,,347.28409220004687,347.29333240003325,347.7933675000095,347.7933675000095,347.7933675000095,348.6313994000084,b,1,0.8321790999616496,None,,,,1,001,2025-11-18_20h03.11.027,emotional stroop_untitled,,2025.1.1,59.7787230709264,2025-11-18 20h03.45.044066 +0530,
Garden,neutral,red,I,r,249,9,12,r,1,0.712416399968788,None,12,9,249,16,348.6434575000312,,,,,348.63405430002604,348.6434575000312,349.1433452999918,349.1433452999918,349.1433452999918,349.86333810002543,r,1,0.712416399968788,None,,,,1,001,2025-11-18_20h03.11.027,emotional stroop_untitled,,2025.1.1,59.7787230709264,2025-11-18 20h03.45.044066 +0530,
Anger,emotional,red,C,r,250,10,12,r,1,0.6797729999525473,None,12,10,250,8,349.8769379000296,,,,,349.8660996000399,349.8769379000296,350.3770949000027,350.3770949000027,350.3770949000027,351.0640646000393,r,1,0.6797729999525473,None,,,,1,001,2025-11-18_20h03.11.027,emotional stroop_untitled,,2025.1.1,59.7787230709264,2025-11-18 20h03.45.044066 +0530,
Panic,emotional,yellow,I,y,251,11,12,y,1,0.8882968000252731,None,12,11,251,3,351.076494500041,,,,,351.0666683000163,351.076494500041,351.5764534000191,351.5764534000191,351.5764534000191,352.48034960002406,y,1,0.8882968000252731,None,,,,1,001,2025-11-18_20h03.11.027,emotional stroop_untitled,,2025.1.1,59.7787230709264,2025-11-18 20h03.45.044066 +0530,
Table,neutral,blue,I,b,252,12,12,b,1,0.6203707000240684,None,12,12,252,13,352.4940327000222,,,,,352.48300390003715,352.4940327000222,352.99389830004657,352.99389830004657,352.99389830004657,353.6313979999977,b,1,0.6203707000240684,None,,,,1,001,2025-11-18_20h03.11.027,emotional stroop_untitled,,2025.1.1,59.7787230709264,2025-11-18 20h03.45.044066 +0530,
Death,emotional,green,I,g,253,13,12,g,1,0.4949598999810405,None,12,13,253,2,353.644371900009,,,,,353.63493500003824,353.644371900009,354.1430578000145,354.1430578000145,354.1430578000145,354.6474614000181,g,1,0.4949598999810405,None,,,,1,001,2025-11-18_20h03.11.027,emotional stroop_untitled,,2025.1.1,59.7787230709264,2025-11-18 20h03.45.044066 +0530,
Stone,neutral,yellow,I,y,254,14,12,y,1,0.6605034999665804,None,12,14,254,19,354.66054860001896,,,,,354.6502246000455,354.66054860001896,355.15971600002376,355.15971600002376,355.15971600002376,355.8314719000482,y,1,0.6605034999665804,None,,,,1,001,2025-11-18_20h03.11.027,emotional stroop_untitled,,2025.1.1,59.7787230709264,2025-11-18 20h03.45.044066 +0530,
Pain,emotional,blue,I,b,255,15,12,b,1,0.868409899994731,None,12,15,255,1,355.8434137000004,,,,,355.8345386000001,355.8434137000004,356.3436418000492,356.3436418000492,356.3436418000492,357.2139864000492,b,1,0.868409899994731,None,,,,1,001,2025-11-18_20h03.11.027,emotional stroop_untitled,,2025.1.1,59.7787230709264,2025-11-18 20h03.45.044066 +0530,
Road,neutral,green,I,g,256,16,12,g,1,0.47438740002689883,None,12,16,256,18,357.22652130003553,,,,,357.21751059999224,357.22652130003553,357.7262455000309,357.7262455000309,357.7262455000309,358.21375540003646,g,1,0.47438740002689883,None,,,,1,001,2025-11-18_20h03.11.027,emotional stroop_untitled,,2025.1.1,59.7787230709264,2025-11-18 20h03.45.044066 +0530,
Chair,neutral,green,I,g,257,17,12,g,1,0.47014029999263585,None,12,17,257,10,358.2268691000063,,,,,358.21745029999875,358.2268691000063,358.710275200021,358.710275200021,358.710275200021,359.1971709000063,g,1,0.47014029999263585,None,,,,1,001,2025-11-18_20h03.11.027,emotional stroop_untitled,,2025.1.1,59.7787230709264,2025-11-18 20h03.45.044066 +0530,
Book,neutral,blue,I,b,258,18,12,b,1,0.6967530000256374,None,12,18,258,17,359.2100685000187,,,,,359.1997999000014,359.2100685000187,359.7099872000399,359.7099872000399,359.7099872000399,360.41313350002747,b,1,0.6967530000256374,None,,,,1,001,2025-11-18_20h03.11.027,emotional stroop_untitled,,2025.1.1,59.7787230709264,2025-11-18 20h03.45.044066 +0530,
Injury,emotional,green,I,g,259,19,12,g,1,0.6170742999529466,None,12,19,259,6,360.426403200021,,,,,360.4171607000171,360.426403200021,360.9263187000179,360.9263187000179,360.9263187000179,361.54696830001194,g,1,0.6170742999529466,None,,,,1,001,2025-11-18_20h03.11.027,emotional stroop_untitled,,2025.1.1,59.7787230709264,2025-11-18 20h03.45.044066 +0530,
Paper,neutral,yellow,I,y,260,0,13,y,1,0.5867880000150762,None,13,0,260,15,361.5594417999964,,,,,361.5502292000456,361.5594417999964,362.0604292000062,362.0604292000062,362.0604292000062,362.66367450001417,y,1,0.5867880000150762,None,,,,1,001,2025-11-18_20h03.11.027,emotional stroop_untitled,,2025.1.1,59.7787230709264,2025-11-18 20h03.45.044066 +0530,
Garden,neutral,red,I,r,261,1,13,r,1,0.6464912999654189,None,13,1,261,16,362.6781369000091,,,,,362.66714380000485,362.6781369000091,363.1763191000209,363.1763191000209,363.1763191000209,363.830095500045,r,1,0.6464912999654189,None,,,,1,001,2025-11-18_20h03.11.027,emotional stroop_untitled,,2025.1.1,59.7787230709264,2025-11-18 20h03.45.044066 +0530,
Pain,emotional,blue,I,b,262,2,13,b,1,0.8264639999833889,None,13,2,262,1,363.8432114000316,,,,,363.83292840002105,363.8432114000316,364.3426939000492,364.3426939000492,364.3426939000492,365.17986299999757,b,1,0.8264639999833889,None,,,,1,001,2025-11-18_20h03.11.027,emotional stroop_untitled,,2025.1.1,59.7787230709264,2025-11-18 20h03.45.044066 +0530,
Stone,neutral,yellow,I,y,263,3,13,y,1,1.4109147999552079,None,13,3,263,19,365.1929938000394,,,,,365.18246770004043,365.1929938000394,365.69265189999714,365.69265189999714,365.69265189999714,367.1131843000185,y,1,1.4109147999552079,None,,,,1,001,2025-11-18_20h03.11.027,emotional stroop_untitled,,2025.1.1,59.7787230709264,2025-11-18 20h03.45.044066 +0530,
Violence,emotional,blue,I,b,264,4,13,b,1,0.7466401999699883,None,13,4,264,9,367.126599900017,,,,,367.1163270000252,367.126599900017,367.62614629999734,367.62614629999734,367.62614629999734,368.3802660999936,b,1,0.7466401999699883,None,,,,1,001,2025-11-18_20h03.11.027,emotional stroop_untitled,,2025.1.1,59.7787230709264,2025-11-18 20h03.45.044066 +0530,
Book,neutral,blue,I,b,265,5,13,b,1,0.7244151000049897,None,13,5,265,17,368.39288120000856,,,,,368.38265119999414,368.39288120000856,368.89302150002914,368.89302150002914,368.89302150002914,369.63053840002976,b,1,0.7244151000049897,None,,,,1,001,2025-11-18_20h03.11.027,emotional stroop_untitled,,2025.1.1,59.7787230709264,2025-11-18 20h03.45.044066 +0530,
Death,emotional,green,I,g,266,6,13,g,1,0.621424599958118,None,13,6,266,2,369.64254359999904,,,,,369.6346626000013,369.64254359999904,370.1427179000457,370.1427179000457,370.1427179000457,370.7795861000195,g,1,0.621424599958118,None,,,,1,001,2025-11-18_20h03.11.027,emotional stroop_untitled,,2025.1.1,59.7787230709264,2025-11-18 20h03.45.044066 +0530,
Anger,emotional,red,C,r,267,7,13,r,1,0.5561006999923848,None,13,7,267,8,370.7923131000134,,,,,370.78257720003603,370.7923131000134,371.29219320003176,371.29219320003176,371.29219320003176,371.8644233000232,r,1,0.5561006999923848,None,,,,1,001,2025-11-18_20h03.11.027,emotional stroop_untitled,,2025.1.1,59.7787230709264,2025-11-18 20h03.45.044066 +0530,
Pencil,neutral,green,I,g,268,8,13,g,1,1.1930547999800183,None,13,8,268,14,371.87615230004303,,,,,371.86752349999733,371.87615230004303,372.3761233999976,372.3761233999976,372.3761233999976,373.5795754000428,g,1,1.1930547999800183,None,,,,1,001,2025-11-18_20h03.11.027,emotional stroop_untitled,,2025.1.1,59.7787230709264,2025-11-18 20h03.45.044066 +0530,
Sadness,emotional,yellow,I,y,269,9,13,y,1,0.9757219000020996,None,13,9,269,7,373.59249710000586,,,,,373.5829210000229,373.59249710000586,374.09254400001373,374.09254400001373,374.09254400001373,375.07927750004455,y,1,0.9757219000020996,None,,,,1,001,2025-11-18_20h03.11.027,emotional stroop_untitled,,2025.1.1,59.7787230709264,2025-11-18 20h03.45.044066 +0530,
Panic,emotional,yellow,I,y,270,10,13,y,1,0.635179299977608,None,13,10,270,3,375.09251260000747,,,,,375.0832243000041,375.09251260000747,375.5922125999932,375.5922125999932,375.5922125999932,376.22983369999565,y,1,0.635179299977608,None,,,,1,001,2025-11-18_20h03.11.027,emotional stroop_untitled,,2025.1.1,59.7787230709264,2025-11-18 20h03.45.044066 +0530,
Chair,neutral,green,I,g,271,11,13,g,1,0.854424899967853,None,13,11,271,10,376.24259070004337,,,,,376.23292159999255,376.24259070004337,376.7422993000364,376.7422993000364,376.7422993000364,377.59749700000975,g,1,0.854424899967853,None,,,,1,001,2025-11-18_20h03.11.027,emotional stroop_untitled,,2025.1.1,59.7787230709264,2025-11-18 20h03.45.044066 +0530,
Fear,emotional,red,C,r,272,12,13,r,1,0.5936866999836639,None,13,12,272,0,377.6089880000218,,,,,377.6011684000259,377.6089880000218,378.11027990002185,378.11027990002185,378.11027990002185,378.7127804000047,r,1,0.5936866999836639,None,,,,1,001,2025-11-18_20h03.11.027,emotional stroop_untitled,,2025.1.1,59.7787230709264,2025-11-18 20h03.45.044066 +0530,
Road,neutral,green,I,g,273,13,13,g,1,1.175786199979484,None,13,13,273,18,378.7254981000442,,,,,378.7153540000436,378.7254981000442,379.22592180001084,379.22592180001084,379.22592180001084,380.4118796000257,g,1,1.175786199979484,None,,,,1,001,2025-11-18_20h03.11.027,emotional stroop_untitled,,2025.1.1,59.7787230709264,2025-11-18 20h03.45.044066 +0530,
Bottle,neutral,yellow,I,y,274,14,13,y,1,0.6051633000024594,None,13,14,274,11,380.42518260004,,,,,380.4145356999943,380.42518260004,380.92572160001146,380.92572160001146,380.92572160001146,381.5461244000471,y,1,0.6051633000024594,None,,,,1,001,2025-11-18_20h03.11.027,emotional stroop_untitled,,2025.1.1,59.7787230709264,2025-11-18 20h03.45.044066 +0530,
Threat,emotional,blue,I,b,275,15,13,b,1,0.7539112999802455,None,13,15,275,5,381.5590572000365,,,,,381.5488763000467,381.5590572000365,382.0589259000262,382.0589259000262,382.0589259000262,382.82939940004144,b,1,0.7539112999802455,None,,,,1,001,2025-11-18_20h03.11.027,emotional stroop_untitled,,2025.1.1,59.7787230709264,2025-11-18 20h03.45.044066 +0530,
Abuse,emotional,red,C,r,276,16,13,r,1,0.5544437000062317,None,13,16,276,4,382.8421522999997,,,,,382.8319981000386,382.8421522999997,383.3430686999927,383.3430686999927,383.3430686999927,383.91193689999636,r,1,0.5544437000062317,None,,,,1,001,2025-11-18_20h03.11.027,emotional stroop_untitled,,2025.1.1,59.7787230709264,2025-11-18 20h03.45.044066 +0530,
Window,neutral,red,I,r,277,17,13,r,1,0.6181847000261769,None,13,17,277,12,383.9255419000401,,,,,383.91489960002946,383.9255419000401,384.4252294000471,384.4252294000471,384.4252294000471,385.04728190001333,r,1,0.6181847000261769,None,,,,1,001,2025-11-18_20h03.11.027,emotional stroop_untitled,,2025.1.1,59.7787230709264,2025-11-18 20h03.45.044066 +0530,
Table,neutral,blue,I,b,278,18,13,b,1,0.878020900010597,None,13,18,278,13,385.0593724999926,,,,,385.0505802000407,385.0593724999926,385.5590504000429,385.5590504000429,385.5590504000429,386.4457311000442,b,1,0.878020900010597,None,,,,1,001,2025-11-18_20h03.11.027,emotional stroop_untitled,,2025.1.1,59.7787230709264,2025-11-18 20h03.45.044066 +0530,
Injury,emotional,green,I,g,279,19,13,g,1,0.7146202000440098,None,13,19,279,6,386.45862540003145,,,,,386.4486296999967,386.45862540003145,386.95828050002456,386.95828050002456,386.95828050002456,387.6798265000107,g,1,0.7146202000440098,None,,,,1,001,2025-11-18_20h03.11.027,emotional stroop_untitled,,2025.1.1,59.7787230709264,2025-11-18 20h03.45.044066 +0530,
Window,neutral,red,I,r,280,0,14,r,1,0.6760340000037104,None,14,0,280,12,387.6917015000363,,,,,387.6838522000471,387.6917015000363,388.19426120002754,388.19426120002754,388.19426120002754,388.87855040002614,r,1,0.6760340000037104,None,,,,1,001,2025-11-18_20h03.11.027,emotional stroop_untitled,,2025.1.1,59.7787230709264,2025-11-18 20h03.45.044066 +0530,
Paper,neutral,yellow,I,y,281,1,14,y,1,0.7825051000108942,None,14,1,281,15,388.89196870004525,,,,,388.88137020001886,388.89196870004525,389.3921600000467,389.3921600000467,389.3921600000467,390.181081000017,y,1,0.7825051000108942,None,,,,1,001,2025-11-18_20h03.11.027,emotional stroop_untitled,,2025.1.1,59.7787230709264,2025-11-18 20h03.45.044066 +0530,
Pencil,neutral,green,I,g,282,2,14,g,1,0.8797428000252694,None,14,2,282,14,390.1921871000086,,,,,390.18449190002866,390.1921871000086,390.69210570002906,390.69210570002906,390.69210570002906,391.5789612000226,g,1,0.8797428000252694,None,,,,1,001,2025-11-18_20h03.11.027,emotional stroop_untitled,,2025.1.1,59.7787230709264,2025-11-18 20h03.45.044066 +0530,
Bottle,neutral,yellow,I,y,283,3,14,y,1,1.436750299995765,None,14,3,283,11,391.5912944000447,,,,,391.5825145000126,391.5912944000447,392.0921456000069,392.0921456000069,392.0921456000069,393.54508290003287,y,1,1.436750299995765,None,,,,1,001,2025-11-18_20h03.11.027,emotional stroop_untitled,,2025.1.1,59.7787230709264,2025-11-18 20h03.45.044066 +0530,
Death,emotional,green,I,g,284,4,14,g,1,0.9838568000122905,None,14,4,284,2,393.55857530003414,,,,,393.54864540003473,393.55857530003414,394.0587388999993,394.0587388999993,394.0587388999993,395.045387900027,g,1,0.9838568000122905,None,,,,1,001,2025-11-18_20h03.11.027,emotional stroop_untitled,,2025.1.1,59.7787230709264,2025-11-18 20h03.45.044066 +0530,
Garden,neutral,red,I,r,285,5,14,r,1,0.6223188000149094,None,14,5,285,16,395.0584222000325,,,,,395.04801610001596,395.0584222000325,395.5579029000364,395.5579029000364,395.5579029000364,396.19529760000296,r,1,0.6223188000149094,None,,,,1,001,2025-11-18_20h03.11.027,emotional stroop_untitled,,2025.1.1,59.7787230709264,2025-11-18 20h03.45.044066 +0530,
Violence,emotional,blue,I,b,286,6,14,b,1,0.6299085000064224,None,14,6,286,9,396.2078729000059,,,,,396.1980304000317,396.2078729000059,396.70810510002775,396.70810510002775,396.70810510002775,397.3453432000242,b,1,0.6299085000064224,None,,,,1,001,2025-11-18_20h03.11.027,emotional stroop_untitled,,2025.1.1,59.7787230709264,2025-11-18 20h03.45.044066 +0530,
Road,neutral,green,I,g,287,7,14,g,1,0.7613960999879055,None,14,7,287,18,397.35836900002323,,,,,397.34801910002716,397.35836900002323,397.8582558000344,397.8582558000344,397.8582558000344,398.62949600000866,g,1,0.7613960999879055,None,,,,1,001,2025-11-18_20h03.11.027,emotional stroop_untitled,,2025.1.1,59.7787230709264,2025-11-18 20h03.45.044066 +0530,
Injury,emotional,green,I,g,288,8,14,g,1,0.5373484999872744,None,14,8,288,6,398.64142820000416,,,,,398.6329696000321,398.64142820000416,399.14130350004416,399.14130350004416,399.14130350004416,399.6952696000226,g,1,0.5373484999872744,None,,,,1,001,2025-11-18_20h03.11.027,emotional stroop_untitled,,2025.1.1,59.7787230709264,2025-11-18 20h03.45.044066 +0530,
Threat,emotional,blue,I,b,289,9,14,b,1,0.7167588999727741,None,14,9,289,5,399.7078310000361,,,,,399.69844400003785,399.7078310000361,400.2085375000024,400.2085375000024,400.2085375000024,400.9289431000361,b,1,0.7167588999727741,None,,,,1,001,2025-11-18_20h03.11.027,emotional stroop_untitled,,2025.1.1,59.7787230709264,2025-11-18 20h03.45.044066 +0530,
Table,neutral,blue,I,b,290,10,14,b,1,1.4964830999961123,None,14,10,290,13,400.943000600033,,,,,400.9325573000242,400.943000600033,401.4417644000496,401.4417644000496,401.4417644000496,402.94618040003115,b,1,1.4964830999961123,None,,,,1,001,2025-11-18_20h03.11.027,emotional stroop_untitled,,2025.1.1,59.7787230709264,2025-11-18 20h03.45.044066 +0530,
Fear,emotional,red,C,r,291,11,14,r,1,1.1609619000228122,None,14,11,291,0,402.958232200006,,,,,402.94911770004546,402.958232200006,403.45795190002536,403.45795190002536,403.45795190002536,404.6277231000131,r,1,1.1609619000228122,None,,,,1,001,2025-11-18_20h03.11.027,emotional stroop_untitled,,2025.1.1,59.7787230709264,2025-11-18 20h03.45.044066 +0530,
Sadness,emotional,yellow,I,y,292,12,14,y,1,0.7514098000247031,None,14,12,292,7,404.6411950000329,,,,,404.6310597000411,404.6411950000329,405.14133280003443,405.14133280003443,405.14133280003443,405.8956309000496,y,1,0.7514098000247031,None,,,,1,001,2025-11-18_20h03.11.027,emotional stroop_untitled,,2025.1.1,59.7787230709264,2025-11-18 20h03.45.044066 +0530,
Panic,emotional,yellow,I,y,293,13,14,y,1,0.6345860000001267,None,14,13,293,3,405.90766740002437,,,,,405.89865809999174,405.90766740002437,406.40781930001685,406.40781930001685,406.40781930001685,407.0450373000349,y,1,0.6345860000001267,None,,,,1,001,2025-11-18_20h03.11.027,emotional stroop_untitled,,2025.1.1,59.7787230709264,2025-11-18 20h03.45.044066 +0530,
Anger,emotional,red,C,r,294,14,14,g,0,0.7585000999970362,None,14,14,294,8,407.05748570000287,,,,,407.0476861000061,407.05748570000287,407.5579886000487,407.5579886000487,407.5579886000487,408.32767860003514,g,0,0.7585000999970362,None,,,,1,001,2025-11-18_20h03.11.027,emotional stroop_untitled,,2025.1.1,59.7787230709264,2025-11-18 20h03.45.044066 +0530,
Pain,emotional,blue,I,b,295,15,14,b,1,0.9062213000142947,None,14,15,295,1,408.3410080000176,,,,,408.3303778000409,408.3410080000176,408.841067500005,408.841067500005,408.841067500005,409.76152200001525,b,1,0.9062213000142947,None,,,,1,001,2025-11-18_20h03.11.027,emotional stroop_untitled,,2025.1.1,59.7787230709264,2025-11-18 20h03.45.044066 +0530,
Book,neutral,blue,I,b,296,16,14,b,1,0.5782181000104174,None,14,16,296,17,409.77416600001743,,,,,409.7639740000013,409.77416600001743,410.2744804000249,410.2744804000249,410.2744804000249,410.8612075000419,b,1,0.5782181000104174,None,,,,1,001,2025-11-18_20h03.11.027,emotional stroop_untitled,,2025.1.1,59.7787230709264,2025-11-18 20h03.45.044066 +0530,
Abuse,emotional,red,C,r,297,17,14,r,1,0.43587480002315715,None,14,17,297,4,410.87424050003756,,,,,410.86382630001754,410.87424050003756,411.3742507999996,411.3742507999996,411.3742507999996,411.8121239000466,r,1,0.43587480002315715,None,,,,1,001,2025-11-18_20h03.11.027,emotional stroop_untitled,,2025.1.1,59.7787230709264,2025-11-18 20h03.45.044066 +0530,
Chair,neutral,green,I,g,298,18,14,g,1,0.8476902000256814,None,14,18,298,10,411.82450370001607,,,,,411.81489340000553,411.82450370001607,412.3237189000356,412.3237189000356,412.3237189000356,413.1802551000146,g,1,0.8476902000256814,None,,,,1,001,2025-11-18_20h03.11.027,emotional stroop_untitled,,2025.1.1,59.7787230709264,2025-11-18 20h03.45.044066 +0530,
Stone,neutral,yellow,I,y,299,19,14,y,1,0.7835164000280201,None,14,19,299,19,413.1911664000363,,,,,413.1831539000268,413.1911664000363,413.69111460004933,413.69111460004933,413.69111460004933,414.4786294000223,y,1,0.7835164000280201,None,,,,1,001,2025-11-18_20h03.11.027,emotional stroop_untitled,,2025.1.1,59.7787230709264,2025-11-18 20h03.45.044066 +0530,
Pain,emotional,blue,I,b,300,0,15,b,1,0.8881129999645054,None,15,0,300,1,414.49044980003964,,,,,414.481992200017,414.49044980003964,414.9911306000431,414.9911306000431,414.9911306000431,415.8946461000014,b,1,0.8881129999645054,None,,,,1,001,2025-11-18_20h03.11.027,emotional stroop_untitled,,2025.1.1,59.7787230709264,2025-11-18 20h03.45.044066 +0530,
Fear,emotional,red,C,r,301,1,15,r,1,0.6437207000562921,None,15,1,301,0,415.9073938000365,,,,,415.8974329000339,415.9073938000365,416.40765170002123,416.40765170002123,416.40765170002123,417.0607803000021,r,1,0.6437207000562921,None,,,,1,001,2025-11-18_20h03.11.027,emotional stroop_untitled,,2025.1.1,59.7787230709264,2025-11-18 20h03.45.044066 +0530,
Sadness,emotional,yellow,I,y,302,2,15,y,1,0.6881454000249505,None,15,2,302,7,417.0740645000478,,,,,417.06366849999176,417.0740645000478,417.57397130003665,417.57397130003665,417.57397130003665,418.27812680002535,y,1,0.6881454000249505,None,,,,1,001,2025-11-18_20h03.11.027,emotional stroop_untitled,,2025.1.1,59.7787230709264,2025-11-18 20h03.45.044066 +0530,
Paper,neutral,yellow,I,y,303,3,15,g,0,0.49545720004243776,None,15,3,303,15,418.29054380004527,,,,,418.28099759999895,418.29054380004527,418.7908804000472,418.7908804000472,418.7908804000472,419.2939144000411,g,0,0.49545720004243776,None,,,,1,001,2025-11-18_20h03.11.027,emotional stroop_untitled,,2025.1.1,59.7787230709264,2025-11-18 20h03.45.044066 +0530,
Violence,emotional,blue,I,b,304,4,15,b,1,0.7396695000352338,None,15,4,304,9,419.3074551000027,,,,,419.2967500000377,419.3074551000027,419.80770590004977,419.80770590004977,419.80770590004977,420.560906800034,b,1,0.7396695000352338,None,,,,1,001,2025-11-18_20h03.11.027,emotional stroop_untitled,,2025.1.1,59.7787230709264,2025-11-18 20h03.45.044066 +0530,
Window,neutral,red,I,r,305,5,15,r,1,0.5740362000069581,None,15,5,305,12,420.57405540003674,,,,,420.5639796000323,420.57405540003674,421.07370890001766,421.07370890001766,421.07370890001766,421.6618669000454,r,1,0.5740362000069581,None,,,,1,001,2025-11-18_20h03.11.027,emotional stroop_untitled,,2025.1.1,59.7787230709264,2025-11-18 20h03.45.044066 +0530,
Road,neutral,green,I,g,306,6,15,g,1,1.1022666999488138,None,15,6,306,18,421.6741313000093,,,,,421.66442620003363,421.6741313000093,422.1739091000054,422.1739091000054,422.1739091000054,423.27798970002914,g,1,1.1022666999488138,None,,,,1,001,2025-11-18_20h03.11.027,emotional stroop_untitled,,2025.1.1,59.7787230709264,2025-11-18 20h03.45.044066 +0530,
Stone,neutral,yellow,I,y,307,7,15,y,1,0.5698898999835365,None,15,7,307,19,423.2904573000269,,,,,423.2806127000367,423.2904573000269,423.7924529000302,423.7924529000302,423.7924529000302,424.3779726999928,y,1,0.5698898999835365,None,,,,1,001,2025-11-18_20h03.11.027,emotional stroop_untitled,,2025.1.1,59.7787230709264,2025-11-18 20h03.45.044066 +0530,
Threat,emotional,blue,I,b,308,8,15,g,0,0.6819044000003487,None,15,8,308,5,424.3902863000403,,,,,424.3813139999984,424.3902863000403,424.89020060002804,424.89020060002804,424.89020060002804,425.5773333000252,g,0,0.6819044000003487,None,,,,1,001,2025-11-18_20h03.11.027,emotional stroop_untitled,,2025.1.1,59.7787230709264,2025-11-18 20h03.45.044066 +0530,
Garden,neutral,red,I,r,309,9,15,r,1,0.6627322999993339,None,15,9,309,16,425.5904049000237,,,,,425.58015720004914,425.5904049000237,426.0900582000031,426.0900582000031,426.0900582000031,426.7610186000238,r,1,0.6627322999993339,None,,,,1,001,2025-11-18_20h03.11.027,emotional stroop_untitled,,2025.1.1,59.7787230709264,2025-11-18 20h03.45.044066 +0530,
Book,neutral,blue,I,b,310,10,15,b,1,1.077002400008496,None,15,10,310,17,426.7734041000367,,,,,426.763644199993,426.7734041000367,427.27340370003367,427.27340370003367,427.27340370003367,428.3602599000442,b,1,1.077002400008496,None,,,,1,001,2025-11-18_20h03.11.027,emotional stroop_untitled,,2025.1.1,59.7787230709264,2025-11-18 20h03.45.044066 +0530,
Table,neutral,blue,I,b,311,11,15,b,1,0.4725946999969892,None,15,11,311,13,428.37375230004545,,,,,428.3632091000327,428.37375230004545,428.873013000004,428.873013000004,428.873013000004,429.359652300016,b,1,0.4725946999969892,None,,,,1,001,2025-11-18_20h03.11.027,emotional stroop_untitled,,2025.1.1,59.7787230709264,2025-11-18 20h03.45.044066 +0530,
Pencil,neutral,green,I,g,312,12,15,g,1,0.7546854999964125,None,15,12,312,14,429.3727204000461,,,,,429.3619563000393,429.3727204000461,429.872425700014,429.872425700014,429.872425700014,430.6420027000131,g,1,0.7546854999964125,None,,,,1,001,2025-11-18_20h03.11.027,emotional stroop_untitled,,2025.1.1,59.7787230709264,2025-11-18 20h03.45.044066 +0530,
Bottle,neutral,yellow,I,y,313,13,15,y,1,0.6360153999994509,None,15,13,313,11,430.655642000027,,,,,430.64427340001566,430.655642000027,431.15562510001473,431.15562510001473,431.15562510001473,431.79268010001397,y,1,0.6360153999994509,None,,,,1,001,2025-11-18_20h03.11.027,emotional stroop_untitled,,2025.1.1,59.7787230709264,2025-11-18 20h03.45.044066 +0530,
Injury,emotional,green,I,g,314,14,15,g,1,0.7480698999715969,None,15,14,314,6,431.805439400021,,,,,431.7955203000456,431.805439400021,432.3052878000308,432.3052878000308,432.3052878000308,433.0589578000363,g,1,0.7480698999715969,None,,,,1,001,2025-11-18_20h03.11.027,emotional stroop_untitled,,2025.1.1,59.7787230709264,2025-11-18 20h03.45.044066 +0530,
Death,emotional,green,I,g,315,15,15,g,1,0.46363149996614084,None,15,15,315,2,433.07263960002456,,,,,433.0611559000099,433.07263960002456,433.57366550003644,433.57366550003644,433.57366550003644,434.043863400002,g,1,0.46363149996614084,None,,,,1,001,2025-11-18_20h03.11.027,emotional stroop_untitled,,2025.1.1,59.7787230709264,2025-11-18 20h03.45.044066 +0530,
Anger,emotional,red,C,r,316,16,15,r,1,0.5596637999988161,None,15,16,316,8,434.05690880003385,,,,,434.0466248000157,434.05690880003385,434.55669610004406,434.55669610004406,434.55669610004406,435.12632590002613,r,1,0.5596637999988161,None,,,,1,001,2025-11-18_20h03.11.027,emotional stroop_untitled,,2025.1.1,59.7787230709264,2025-11-18 20h03.45.044066 +0530,
Chair,neutral,green,I,g,317,17,15,g,1,0.5064285999978893,None,15,17,317,10,435.1397246000124,,,,,435.12878400000045,435.1397246000124,435.640166600002,435.640166600002,435.640166600002,436.16161770001054,g,1,0.5064285999978893,None,,,,1,001,2025-11-18_20h03.11.027,emotional stroop_untitled,,2025.1.1,59.7787230709264,2025-11-18 20h03.45.044066 +0530,
Abuse,emotional,red,C,r,318,18,15,r,1,0.7085303000058047,None,15,18,318,4,436.17333200003486,,,,,436.16429260000587,436.17333200003486,436.67343290004646,436.67343290004646,436.67343290004646,437.39321140001994,r,1,0.7085303000058047,None,,,,1,001,2025-11-18_20h03.11.027,emotional stroop_untitled,,2025.1.1,59.7787230709264,2025-11-18 20h03.45.044066 +0530,
Panic,emotional,yellow,I,y,319,19,15,y,1,0.5705472000408918,None,15,19,319,3,437.40660800004844,,,,,437.3963609000202,437.40660800004844,437.906950100034,437.906950100034,437.906950100034,438.4943468000274,y,1,0.5705472000408918,None,,,,1,001,2025-11-18_20h03.11.027,emotional stroop_untitled,,2025.1.1,59.7787230709264,2025-11-18 20h03.45.044066 +0530,
Bottle,neutral,yellow,I,y,320,0,16,y,1,0.5008170999935828,None,16,0,320,11,438.5062250000192,,,,,438.49758080003085,438.5062250000192,439.0063181000296,439.0063181000296,439.0063181000296,439.50997760001337,y,1,0.5008170999935828,None,,,,1,001,2025-11-18_20h03.11.027,emotional stroop_untitled,,2025.1.1,59.7787230709264,2025-11-18 20h03.45.044066 +0530,
Book,neutral,blue,I,b,321,1,16,b,1,0.6234294000314549,None,16,1,321,17,439.5231884000241,,,,,439.51240790000884,439.5231884000241,440.02321539999684,440.02321539999684,440.02321539999684,440.6598380000214,b,1,0.6234294000314549,None,,,,1,001,2025-11-18_20h03.11.027,emotional stroop_untitled,,2025.1.1,59.7787230709264,2025-11-18 20h03.45.044066 +0530,
Road,neutral,green,I,g,322,2,16,r,0,0.6336629000143148,None,16,2,322,18,440.67304349999176,,,,,440.66273100004764,440.67304349999176,441.1732176000369,441.1732176000369,441.1732176000369,441.8103439999977,r,0,0.6336629000143148,None,,,,1,001,2025-11-18_20h03.11.027,emotional stroop_untitled,,2025.1.1,59.7787230709264,2025-11-18 20h03.45.044066 +0530,
Paper,neutral,yellow,I,y,323,3,16,y,1,1.5928008999908343,None,16,3,323,15,441.82312090002233,,,,,441.81348790001357,441.82312090002233,442.3227851000265,442.3227851000265,442.3227851000265,443.9274426000193,y,1,1.5928008999908343,None,,,,1,001,2025-11-18_20h03.11.027,emotional stroop_untitled,,2025.1.1,59.7787230709264,2025-11-18 20h03.45.044066 +0530,
Fear,emotional,red,C,r,324,4,16,r,1,0.5870014000101946,None,16,4,324,0,443.9396173999994,,,,,443.9298751000315,443.9396173999994,444.4397095000022,444.4397095000022,444.4397095000022,445.02751099999296,r,1,0.5870014000101946,None,,,,1,001,2025-11-18_20h03.11.027,emotional stroop_untitled,,2025.1.1,59.7787230709264,2025-11-18 20h03.45.044066 +0530,
Abuse,emotional,red,C,r,325,5,16,r,1,0.4777137999772094,None,16,5,325,4,445.0395833000075,,,,,445.0308705000207,445.0395833000075,445.539346000005,445.539346000005,445.539346000005,446.0272481000284,r,1,0.4777137999772094,None,,,,1,001,2025-11-18_20h03.11.027,emotional stroop_untitled,,2025.1.1,59.7787230709264,2025-11-18 20h03.45.044066 +0530,
Window,neutral,red,I,r,326,6,16,r,1,0.47857430001022294,None,16,6,326,12,446.03959300002316,,,,,446.03031200001715,446.03959300002316,446.53949550003745,446.53949550003745,446.53949550003745,447.026371999993,r,1,0.47857430001022294,None,,,,1,001,2025-11-18_20h03.11.027,emotional stroop_untitled,,2025.1.1,59.7787230709264,2025-11-18 20h03.45.044066 +0530,
Death,emotional,green,I,g,327,7,16,g,1,0.7551944000297226,None,16,7,327,2,447.0402941000066,,,,,447.02912810002454,447.0402941000066,447.53932260000147,447.53932260000147,447.53932260000147,448.30934700003127,g,1,0.7551944000297226,None,,,,1,001,2025-11-18_20h03.11.027,emotional stroop_untitled,,2025.1.1,59.7787230709264,2025-11-18 20h03.45.044066 +0530,
Anger,emotional,red,C,r,328,8,16,r,1,0.581705599965062,None,16,8,328,8,448.3225583000458,,,,,448.311914800026,448.3225583000458,448.8226211000001,448.8226211000001,448.8226211000001,449.4104170000064,r,1,0.581705599965062,None,,,,1,001,2025-11-18_20h03.11.027,emotional stroop_untitled,,2025.1.1,59.7787230709264,2025-11-18 20h03.45.044066 +0530,
Pencil,neutral,green,I,g,329,9,16,g,1,1.1463034999906085,None,16,9,329,14,449.4232170000323,,,,,449.4128918000497,449.4232170000323,449.9230251000263,449.9230251000263,449.9230251000263,451.0769845000468,g,1,1.1463034999906085,None,,,,1,001,2025-11-18_20h03.11.027,emotional stroop_untitled,,2025.1.1,59.7787230709264,2025-11-18 20h03.45.044066 +0530,
Garden,neutral,red,I,r,330,10,16,r,1,0.9031990000512451,None,16,10,330,16,451.0893670000369,,,,,451.0804196000099,451.0893670000369,451.58948190003866,451.58948190003866,451.58948190003866,452.49523130001035,r,1,0.9031990000512451,None,,,,1,001,2025-11-18_20h03.11.027,emotional stroop_untitled,,2025.1.1,59.7787230709264,2025-11-18 20h03.45.044066 +0530,
Violence,emotional,blue,I,b,331,11,16,b,1,0.9332143000210635,None,16,11,331,9,452.50602590001654,,,,,452.4983154000365,452.50602590001654,453.0064627000247,453.0064627000247,453.0064627000247,453.94372640002985,b,1,0.9332143000210635,None,,,,1,001,2025-11-18_20h03.11.027,emotional stroop_untitled,,2025.1.1,59.7787230709264,2025-11-18 20h03.45.044066 +0530,
Injury,emotional,green,I,g,332,12,16,g,1,1.1232231999747455,None,16,12,332,6,453.9556753000361,,,,,453.9469011000474,453.9556753000361,454.4557529000449,454.4557529000449,454.4557529000449,455.5930049000308,g,1,1.1232231999747455,None,,,,1,001,2025-11-18_20h03.11.027,emotional stroop_untitled,,2025.1.1,59.7787230709264,2025-11-18 20h03.45.044066 +0530,
Sadness,emotional,yellow,I,y,333,13,16,y,1,0.9860823999624699,None,16,13,333,7,455.6057617000188,,,,,455.5957481000223,455.6057617000188,456.1056879000389,456.1056879000389,456.1056879000389,457.09297080000397,y,1,0.9860823999624699,None,,,,1,001,2025-11-18_20h03.11.027,emotional stroop_untitled,,2025.1.1,59.7787230709264,2025-11-18 20h03.45.044066 +0530,
Pain,emotional,blue,I,b,334,14,16,b,1,1.0855041000177152,None,16,14,334,1,457.1059000000241,,,,,457.0964361000224,457.1059000000241,457.60580890002893,457.60580890002893,457.60580890002893,458.6936764999991,b,1,1.0855041000177152,None,,,,1,001,2025-11-18_20h03.11.027,emotional stroop_untitled,,2025.1.1,59.7787230709264,2025-11-18 20h03.45.044066 +0530,
Panic,emotional,yellow,I,y,335,15,16,y,1,1.3020768000278622,None,16,15,335,3,458.7055594000267,,,,,458.69637370004784,458.7055594000267,459.2054025999969,459.2054025999969,459.2054025999969,460.51069250004366,y,1,1.3020768000278622,None,,,,1,001,2025-11-18_20h03.11.027,emotional stroop_untitled,,2025.1.1,59.7787230709264,2025-11-18 20h03.45.044066 +0530,
Chair,neutral,green,I,g,336,16,16,g,1,0.9379541000234894,None,16,16,336,10,460.52214250003453,,,,,460.514256399998,460.52214250003453,461.02236600004835,461.02236600004835,461.02236600004835,461.9752034000121,g,1,0.9379541000234894,None,,,,1,001,2025-11-18_20h03.11.027,emotional stroop_untitled,,2025.1.1,59.7787230709264,2025-11-18 20h03.45.044066 +0530,
Table,neutral,blue,I,b,337,17,16,b,1,0.5461676999693736,None,16,17,337,13,461.988723699993,,,,,461.9782465000171,461.988723699993,462.48856389999855,462.48856389999855,462.48856389999855,463.0423364000162,b,1,0.5461676999693736,None,,,,1,001,2025-11-18_20h03.11.027,emotional stroop_untitled,,2025.1.1,59.7787230709264,2025-11-18 20h03.45.044066 +0530,
Threat,emotional,blue,I,b,338,18,16,b,1,0.447964699997101,None,16,18,338,5,463.0554039000417,,,,,463.04563170002075,463.0554039000417,463.55623710004147,463.55623710004147,463.55623710004147,464.0103708000388,b,1,0.447964699997101,None,,,,1,001,2025-11-18_20h03.11.027,emotional stroop_untitled,,2025.1.1,59.7787230709264,2025-11-18 20h03.45.044066 +0530,
Stone,neutral,yellow,I,y,339,19,16,y,1,0.8497924999683164,None,16,19,339,19,464.0221298999968,,,,,464.0144672000315,464.0221298999968,464.52204050001455,464.52204050001455,464.52204050001455,465.37543300003745,y,1,0.8497924999683164,None,,,,1,001,2025-11-18_20h03.11.027,emotional stroop_untitled,,2025.1.1,59.7787230709264,2025-11-18 20h03.45.044066 +0530,
Pencil,neutral,green,I,g,340,0,17,g,1,1.2336175000527874,None,17,0,340,14,465.3883402000065,,,,,465.3783703999943,465.3883402000065,465.8884840999963,465.8884840999963,465.8884840999963,467.12554320000345,g,1,1.2336175000527874,None,,,,1,001,2025-11-18_20h03.11.027,emotional stroop_untitled,,2025.1.1,59.7787230709264,2025-11-18 20h03.45.044066 +0530,
Death,emotional,green,I,g,341,1,17,g,1,0.5177459000260569,None,17,1,341,2,467.13875580002787,,,,,467.1281524000224,467.13875580002787,467.63828960002866,467.63828960002866,467.63828960002866,468.15939909999724,g,1,0.5177459000260569,None,,,,1,001,2025-11-18_20h03.11.027,emotional stroop_untitled,,2025.1.1,59.7787230709264,2025-11-18 20h03.45.044066 +0530,
Table,neutral,blue,I,b,342,2,17,g,0,0.5074547000112943,None,17,2,342,13,468.1718848000164,,,,,468.16257630003383,468.1718848000164,468.6720830000122,468.6720830000122,468.6720830000122,469.19206770003075,g,0,0.5074547000112943,None,,,,1,001,2025-11-18_20h03.11.027,emotional stroop_untitled,,2025.1.1,59.7787230709264,2025-11-18 20h03.45.044066 +0530,
Bottle,neutral,yellow,I,y,343,3,17,y,1,0.8270625000004657,None,17,3,343,11,469.20522320002783,,,,,469.1947423000238,469.20522320002783,469.70545940002194,469.70545940002194,469.70545940002194,470.54422860004706,y,1,0.8270625000004657,None,,,,1,001,2025-11-18_20h03.11.027,emotional stroop_untitled,,2025.1.1,59.7787230709264,2025-11-18 20h03.45.044066 +0530,
Pain,emotional,blue,I,b,344,4,17,b,1,0.823955699976068,None,17,4,344,1,470.55641590000596,,,,,470.54810820001876,470.55641590000596,471.0555080000195,471.0555080000195,471.0555080000195,471.89201860001776,b,1,0.823955699976068,None,,,,1,001,2025-11-18_20h03.11.027,emotional stroop_untitled,,2025.1.1,59.7787230709264,2025-11-18 20h03.45.044066 +0530,
Stone,neutral,yellow,I,y,345,5,17,y,1,0.8915393999777734,None,17,5,345,19,471.90503000002354,,,,,471.8948578000418,471.90503000002354,472.4051965000108,472.4051965000108,472.4051965000108,473.30870049999794,y,1,0.8915393999777734,None,,,,1,001,2025-11-18_20h03.11.027,emotional stroop_untitled,,2025.1.1,59.7787230709264,2025-11-18 20h03.45.044066 +0530,
Book,neutral,blue,I,b,346,6,17,b,1,0.9725419000023976,None,17,6,346,17,473.3214840000146,,,,,473.31183190003503,473.3214840000146,473.82246960001066,473.82246960001066,473.82246960001066,474.81051510002,b,1,0.9725419000023976,None,,,,1,001,2025-11-18_20h03.11.027,emotional stroop_untitled,,2025.1.1,59.7787230709264,2025-11-18 20h03.45.044066 +0530,
Garden,neutral,red,I,r,347,7,17,r,1,0.6387142000021413,None,17,7,347,16,474.82162699999753,,,,,474.8132454000297,474.82162699999753,475.322008200048,475.322008200048,475.322008200048,475.97528760001296,r,1,0.6387142000021413,None,,,,1,001,2025-11-18_20h03.11.027,emotional stroop_untitled,,2025.1.1,59.7787230709264,2025-11-18 20h03.45.044066 +0530,
Fear,emotional,red,C,r,348,8,17,r,1,0.3898449999978766,None,17,8,348,0,475.98844490002375,,,,,475.9782969999942,475.98844490002375,476.4887466999935,476.4887466999935,476.4887466999935,476.8919230000465,r,1,0.3898449999978766,None,,,,1,001,2025-11-18_20h03.11.027,emotional stroop_untitled,,2025.1.1,59.7787230709264,2025-11-18 20h03.45.044066 +0530,
Window,neutral,red,I,r,349,9,17,r,1,0.43240350001724437,None,17,9,349,12,476.9052063000272,,,,,476.89486950001447,476.9052063000272,477.40492860000813,477.40492860000813,477.40492860000813,477.8430553000071,r,1,0.43240350001724437,None,,,,1,001,2025-11-18_20h03.11.027,emotional stroop_untitled,,2025.1.1,59.7787230709264,2025-11-18 20h03.45.044066 +0530,
Sadness,emotional,yellow,I,y,350,10,17,y,1,0.9093232999439351,None,17,10,350,7,477.85478739999235,,,,,477.84609760000603,477.85478739999235,478.3551885000197,478.3551885000197,478.3551885000197,479.275834900036,y,1,0.9093232999439351,None,,,,1,001,2025-11-18_20h03.11.027,emotional stroop_untitled,,2025.1.1,59.7787230709264,2025-11-18 20h03.45.044066 +0530,
Panic,emotional,yellow,I,y,351,11,17,y,1,0.6334824999794364,None,17,11,351,3,479.28795890003676,,,,,479.2793900000397,479.28795890003676,479.7883751000045,479.7883751000045,479.7883751000045,480.42548570001964,y,1,0.6334824999794364,None,,,,1,001,2025-11-18_20h03.11.027,emotional stroop_untitled,,2025.1.1,59.7787230709264,2025-11-18 20h03.45.044066 +0530,
Paper,neutral,yellow,I,y,352,12,17,y,1,0.40066420001676306,None,17,12,352,15,480.43852030002745,,,,,480.4284340000013,480.43852030002745,480.93788490002044,480.93788490002044,480.93788490002044,481.3416437000269,y,1,0.40066420001676306,None,,,,1,001,2025-11-18_20h03.11.027,emotional stroop_untitled,,2025.1.1,59.7787230709264,2025-11-18 20h03.45.044066 +0530,
Threat,emotional,blue,I,b,353,13,17,b,1,0.7855132999829948,None,17,13,353,5,481.35455190000357,,,,,481.34462390001863,481.35455190000357,481.8545584999956,481.8545584999956,481.8545584999956,482.6421204000362,b,1,0.7855132999829948,None,,,,1,001,2025-11-18_20h03.11.027,emotional stroop_untitled,,2025.1.1,59.7787230709264,2025-11-18 20h03.45.044066 +0530,
Abuse,emotional,red,C,r,354,14,17,r,1,0.6245782000478357,None,17,14,354,4,482.6550056000124,,,,,482.64474950003205,482.6550056000124,483.1551488999976,483.1551488999976,483.1551488999976,483.7911724000005,r,1,0.6245782000478357,None,,,,1,001,2025-11-18_20h03.11.027,emotional stroop_untitled,,2025.1.1,59.7787230709264,2025-11-18 20h03.45.044066 +0530,
Chair,neutral,green,I,g,355,15,17,g,1,0.6346536999917589,None,17,15,355,10,483.80471640004544,,,,,483.7942283000448,483.80471640004544,484.3047276000143,484.3047276000143,484.3047276000143,484.94130450004013,g,1,0.6346536999917589,None,,,,1,001,2025-11-18_20h03.11.027,emotional stroop_untitled,,2025.1.1,59.7787230709264,2025-11-18 20h03.45.044066 +0530,
Road,neutral,green,I,g,356,16,17,g,1,0.5036764999968,None,17,16,356,18,484.95453750004526,,,,,484.94383430003654,484.95453750004526,485.455480900011,485.455480900011,485.455480900011,485.9766609999933,g,1,0.5036764999968,None,,,,1,001,2025-11-18_20h03.11.027,emotional stroop_untitled,,2025.1.1,59.7787230709264,2025-11-18 20h03.45.044066 +0530,
Injury,emotional,green,I,g,357,17,17,g,1,0.41472149995388463,None,17,17,357,6,485.9878091000137,,,,,485.9798634000472,485.9878091000137,486.4894098000368,486.4894098000368,486.4894098000368,486.9093059000443,g,1,0.41472149995388463,None,,,,1,001,2025-11-18_20h03.11.027,emotional stroop_untitled,,2025.1.1,59.7787230709264,2025-11-18 20h03.45.044066 +0530,
Anger,emotional,red,C,r,358,18,17,r,1,0.5007409999961965,None,17,18,358,8,486.9218064000015,,,,,486.913069000002,486.9218064000015,487.42093730001943,487.42093730001943,487.42093730001943,487.9249657000182,r,1,0.5007409999961965,None,,,,1,001,2025-11-18_20h03.11.027,emotional stroop_untitled,,2025.1.1,59.7787230709264,2025-11-18 20h03.45.044066 +0530,
Violence,emotional,blue,I,b,359,19,17,b,1,0.6192643999820575,None,17,19,359,9,487.93771690002177,,,,,487.92833300004713,487.93771690002177,488.437468899996,488.437468899996,488.437468899996,489.0582892000093,b,1,0.6192643999820575,None,,,,1,001,2025-11-18_20h03.11.027,emotional stroop_untitled,,2025.1.1,59.7787230709264,2025-11-18 20h03.45.044066 +0530,
Paper,neutral,yellow,I,y,360,0,18,y,1,0.7126696000341326,None,18,0,360,15,489.0707122000167,,,,,489.06185820000246,489.0707122000167,489.5714621000225,489.5714621000225,489.5714621000225,490.2919219000032,y,1,0.7126696000341326,None,,,,1,001,2025-11-18_20h03.11.027,emotional stroop_untitled,,2025.1.1,59.7787230709264,2025-11-18 20h03.45.044066 +0530,
Book,neutral,blue,I,b,361,1,18,b,1,1.0991564000141807,None,18,1,361,17,490.30447890004143,,,,,490.2951543999952,490.30447890004143,490.8042583000497,490.8042583000497,490.8042583000497,491.9078596000327,b,1,1.0991564000141807,None,,,,1,001,2025-11-18_20h03.11.027,emotional stroop_untitled,,2025.1.1,59.7787230709264,2025-11-18 20h03.45.044066 +0530,
Abuse,emotional,red,C,r,362,2,18,r,1,0.6935421999660321,None,18,2,362,4,491.9209861000418,,,,,491.91052430000855,491.9209861000418,492.4209920000285,492.4209920000285,492.4209920000285,493.12391140003456,r,1,0.6935421999660321,None,,,,1,001,2025-11-18_20h03.11.027,emotional stroop_untitled,,2025.1.1,59.7787230709264,2025-11-18 20h03.45.044066 +0530,
Threat,emotional,blue,I,b,363,3,18,b,1,0.7882695000153035,None,18,3,363,5,493.13765440002317,,,,,493.12680680002086,493.13765440002317,493.63767460000236,493.63767460000236,493.63767460000236,494.442884100019,b,1,0.7882695000153035,None,,,,1,001,2025-11-18_20h03.11.027,emotional stroop_untitled,,2025.1.1,59.7787230709264,2025-11-18 20h03.45.044066 +0530,
Table,neutral,blue,I,b,364,4,18,b,1,0.5219156000530347,None,18,4,364,13,494.45458560000407,,,,,494.44670950004365,494.45458560000407,494.95405729999766,494.95405729999766,494.95405729999766,495.49074290000135,b,1,0.5219156000530347,None,,,,1,001,2025-11-18_20h03.11.027,emotional stroop_untitled,,2025.1.1,59.7787230709264,2025-11-18 20h03.45.044066 +0530,
Pain,emotional,blue,I,b,365,5,18,b,1,0.39461680001113564,None,18,5,365,1,495.5053145000129,,,,,495.4932875999948,495.5053145000129,496.00357080000686,496.00357080000686,496.00357080000686,496.4077286000247,b,1,0.39461680001113564,None,,,,1,001,2025-11-18_20h03.11.027,emotional stroop_untitled,,2025.1.1,59.7787230709264,2025-11-18 20h03.45.044066 +0530,
Violence,emotional,blue,I,b,366,6,18,b,1,0.48118299996713176,None,18,6,366,9,496.4209200000041,,,,,496.4107750999974,496.4209200000041,496.9205633000238,496.9205633000238,496.9205633000238,497.40769360004924,b,1,0.48118299996713176,None,,,,1,001,2025-11-18_20h03.11.027,emotional stroop_untitled,,2025.1.1,59.7787230709264,2025-11-18 20h03.45.044066 +0530,
Stone,neutral,yellow,I,y,367,7,18,y,1,0.6639207999687642,None,18,7,367,19,497.42086760001257,,,,,497.4103083999944,497.42086760001257,497.9205673999968,497.9205673999968,497.9205673999968,498.5910119000473,y,1,0.6639207999687642,None,,,,1,001,2025-11-18_20h03.11.027,emotional stroop_untitled,,2025.1.1,59.7787230709264,2025-11-18 20h03.45.044066 +0530,
Fear,emotional,red,C,r,368,8,18,r,1,0.5244429999729618,None,18,8,368,0,498.6038354000193,,,,,498.5937954999972,498.6038354000193,499.10371650004527,499.10371650004527,499.10371650004527,499.6405352000147,r,1,0.5244429999729618,None,,,,1,001,2025-11-18_20h03.11.027,emotional stroop_untitled,,2025.1.1,59.7787230709264,2025-11-18 20h03.45.044066 +0530,
Injury,emotional,green,I,g,369,9,18,g,1,0.705180199991446,None,18,9,369,6,499.65379770001164,,,,,499.64408400002867,499.65379770001164,500.15419220004696,500.15419220004696,500.15419220004696,500.87452720000874,g,1,0.705180199991446,None,,,,1,001,2025-11-18_20h03.11.027,emotional stroop_untitled,,2025.1.1,59.7787230709264,2025-11-18 20h03.45.044066 +0530,
Pencil,neutral,green,I,g,370,10,18,g,1,0.563158500008285,None,18,10,370,14,500.88737970002694,,,,,500.8771814000211,500.88737970002694,501.3870983000379,501.3870983000379,501.3870983000379,501.957950800017,g,1,0.563158500008285,None,,,,1,001,2025-11-18_20h03.11.027,emotional stroop_untitled,,2025.1.1,59.7787230709264,2025-11-18 20h03.45.044066 +0530,
Panic,emotional,yellow,I,y,371,11,18,y,1,1.0367165000061505,None,18,11,371,3,501.9705363000394,,,,,501.9605905000353,501.9705363000394,502.47046710003633,502.47046710003633,502.47046710003633,503.5082653000136,y,1,1.0367165000061505,None,,,,1,001,2025-11-18_20h03.11.027,emotional stroop_untitled,,2025.1.1,59.7787230709264,2025-11-18 20h03.45.044066 +0530,
Chair,neutral,green,I,g,372,12,18,g,1,1.1382295000366867,None,18,12,372,10,503.52076500002295,,,,,503.5115738000022,503.52076500002295,504.01995750004426,504.01995750004426,504.01995750004426,505.1591461999924,g,1,1.1382295000366867,None,,,,1,001,2025-11-18_20h03.11.027,emotional stroop_untitled,,2025.1.1,59.7787230709264,2025-11-18 20h03.45.044066 +0530,
Anger,emotional,red,C,r,373,13,18,r,1,0.6397208999842405,None,18,13,373,8,505.1700890000211,,,,,505.1632043000427,505.1700890000211,505.6701449000393,505.6701449000393,505.6701449000393,506.32427690003533,r,1,0.6397208999842405,None,,,,1,001,2025-11-18_20h03.11.027,emotional stroop_untitled,,2025.1.1,59.7787230709264,2025-11-18 20h03.45.044066 +0530,
Garden,neutral,red,I,r,374,14,18,r,1,0.970247300050687,None,18,14,374,16,506.337353800016,,,,,506.3274911000044,506.337353800016,506.8368488000124,506.8368488000124,506.8368488000124,507.82398550002836,r,1,0.970247300050687,None,,,,1,001,2025-11-18_20h03.11.027,emotional stroop_untitled,,2025.1.1,59.7787230709264,2025-11-18 20h03.45.044066 +0530,
Bottle,neutral,yellow,I,y,375,15,18,y,1,1.7101907000178471,None,18,15,375,11,507.8369231999968,,,,,507.8272865000181,507.8369231999968,508.33704830001807,508.33704830001807,508.33704830001807,510.0587242000038,y,1,1.7101907000178471,None,,,,1,001,2025-11-18_20h03.11.027,emotional stroop_untitled,,2025.1.1,59.7787230709264,2025-11-18 20h03.45.044066 +0530,
Death,emotional,green,I,g,376,16,18,g,1,0.9157009000191465,None,18,16,376,2,510.0698510000366,,,,,510.06316020002123,510.0698510000366,510.5698962000315,510.5698962000315,510.5698962000315,511.4903897000477,g,1,0.9157009000191465,None,,,,1,001,2025-11-18_20h03.11.027,emotional stroop_untitled,,2025.1.1,59.7787230709264,2025-11-18 20h03.45.044066 +0530,
Window,neutral,red,I,r,377,17,18,r,1,0.5471354000037536,None,18,17,377,12,511.5033653000137,,,,,511.49346550001064,511.5033653000137,512.0037347000325,512.0037347000325,512.0037347000325,512.5580287000048,r,1,0.5471354000037536,None,,,,1,001,2025-11-18_20h03.11.027,emotional stroop_untitled,,2025.1.1,59.7787230709264,2025-11-18 20h03.45.044066 +0530,
Road,neutral,green,I,g,378,18,18,g,1,0.6900003000046127,None,18,18,378,18,512.5699738000403,,,,,512.5613183000241,512.5699738000403,513.0706987000303,513.0706987000303,513.0706987000303,513.7746215999941,g,1,0.6900003000046127,None,,,,1,001,2025-11-18_20h03.11.027,emotional stroop_untitled,,2025.1.1,59.7787230709264,2025-11-18 20h03.45.044066 +0530,
Sadness,emotional,yellow,I,y,379,19,18,y,1,0.6639504000195302,None,18,19,379,7,513.7868937000167,,,,,513.7785504000494,513.7868937000167,514.2867442000424,514.2867442000424,514.2867442000424,514.9571046000347,y,1,0.6639504000195302,None,,,,1,001,2025-11-18_20h03.11.027,emotional stroop_untitled,,2025.1.1,59.7787230709264,2025-11-18 20h03.45.044066 +0530,
Pencil,neutral,green,I,g,380,0,19,r,0,0.5045779999927618,None,19,0,380,14,514.9697621000232,,,,,514.9599802000448,514.9697621000232,515.469895599992,515.469895599992,515.469895599992,515.9902022000169,r,0,0.5045779999927618,None,,,,1,001,2025-11-18_20h03.11.027,emotional stroop_untitled,,2025.1.1,59.7787230709264,2025-11-18 20h03.45.044066 +0530,
Death,emotional,green,I,g,381,1,19,g,1,1.123017499980051,None,19,1,381,2,516.003555800009,,,,,515.9927901000483,516.003555800009,516.5028673000052,516.5028673000052,516.5028673000052,517.6405988000333,g,1,1.123017499980051,None,,,,1,001,2025-11-18_20h03.11.027,emotional stroop_untitled,,2025.1.1,59.7787230709264,2025-11-18 20h03.45.044066 +0530,
Panic,emotional,yellow,I,y,382,2,19,y,1,1.3942165999906138,None,19,2,382,3,517.6532481000177,,,,,517.6433760999935,517.6532481000177,518.1533593000495,518.1533593000495,518.1533593000495,519.5569920000271,y,1,1.3942165999906138,None,,,,1,001,2025-11-18_20h03.11.027,emotional stroop_untitled,,2025.1.1,59.7787230709264,2025-11-18 20h03.45.044066 +0530,
Road,neutral,green,I,g,383,3,19,g,1,0.8708499000058509,None,19,3,383,18,519.5703348999959,,,,,519.5598654000205,519.5703348999959,520.070063000021,520.070063000021,520.070063000021,520.9564891000045,g,1,0.8708499000058509,None,,,,1,001,2025-11-18_20h03.11.027,emotional stroop_untitled,,2025.1.1,59.7787230709264,2025-11-18 20h03.45.044066 +0530,
Window,neutral,red,I,r,384,4,19,r,1,0.5345049999887124,None,19,4,384,12,520.9695331000257,,,,,520.9591208000202,520.9695331000257,521.469987599994,521.469987599994,521.469987599994,522.0050130000454,r,1,0.5345049999887124,None,,,,1,001,2025-11-18_20h03.11.027,emotional stroop_untitled,,2025.1.1,59.7787230709264,2025-11-18 20h03.45.044066 +0530,
Sadness,emotional,yellow,I,y,385,5,19,y,1,0.9280762000125833,None,19,5,385,7,522.0187960000476,,,,,522.007581300044,522.0187960000476,522.5192510000197,522.5192510000197,522.5192510000197,523.4547503000358,y,1,0.9280762000125833,None,,,,1,001,2025-11-18_20h03.11.027,emotional stroop_untitled,,2025.1.1,59.7787230709264,2025-11-18 20h03.45.044066 +0530,
Fear,emotional,red,C,r,386,6,19,r,1,1.2501321000163443,None,19,6,386,0,523.4686528000166,,,,,523.4568684000405,523.4686528000166,523.9681173000135,523.9681173000135,523.9681173000135,525.2217300000484,r,1,1.2501321000163443,None,,,,1,001,2025-11-18_20h03.11.027,emotional stroop_untitled,,2025.1.1,59.7787230709264,2025-11-18 20h03.45.044066 +0530,
Book,neutral,blue,I,b,387,7,19,b,1,1.3669351999997161,None,19,7,387,17,525.2351050000289,,,,,525.2238787999959,525.2351050000289,525.735580800043,525.735580800043,525.735580800043,527.106911000039,b,1,1.3669351999997161,None,,,,1,001,2025-11-18_20h03.11.027,emotional stroop_untitled,,2025.1.1,59.7787230709264,2025-11-18 20h03.45.044066 +0530,
Anger,emotional,red,C,r,388,8,19,r,1,0.7115171999903396,None,19,8,388,8,527.1193891000003,,,,,527.1103946000221,527.1193891000003,527.61942490004,527.61942490004,527.61942490004,528.3566310000024,r,1,0.7115171999903396,None,,,,1,001,2025-11-18_20h03.11.027,emotional stroop_untitled,,2025.1.1,59.7787230709264,2025-11-18 20h03.45.044066 +0530,
Bottle,neutral,yellow,I,y,389,9,19,y,1,0.7236750999582,None,19,9,389,11,528.3686449000379,,,,,528.3601968000294,528.3686449000379,528.8695666000131,528.8695666000131,528.8695666000131,529.6063512000255,y,1,0.7236750999582,None,,,,1,001,2025-11-18_20h03.11.027,emotional stroop_untitled,,2025.1.1,59.7787230709264,2025-11-18 20h03.45.044066 +0530,
Garden,neutral,red,I,r,390,10,19,r,1,0.735149799962528,None,19,10,390,16,529.6192470000242,,,,,529.6090743000386,529.6192470000242,530.1194324000389,530.1194324000389,530.1194324000389,530.8568548000185,r,1,0.735149799962528,None,,,,1,001,2025-11-18_20h03.11.027,emotional stroop_untitled,,2025.1.1,59.7787230709264,2025-11-18 20h03.45.044066 +0530,
Abuse,emotional,red,C,r,391,11,19,r,1,0.5896718000294641,None,19,11,391,4,530.8690525999991,,,,,530.8602232999983,530.8690525999991,531.3694248000393,531.3694248000393,531.3694248000393,531.972251500003,r,1,0.5896718000294641,None,,,,1,001,2025-11-18_20h03.11.027,emotional stroop_untitled,,2025.1.1,59.7787230709264,2025-11-18 20h03.45.044066 +0530,
Injury,emotional,green,I,g,392,12,19,g,1,0.9876193999662064,None,19,12,392,6,531.9856851000222,,,,,531.9750310000381,531.9856851000222,532.4857937000343,532.4857937000343,532.4857937000343,533.4900366000365,g,1,0.9876193999662064,None,,,,1,001,2025-11-18_20h03.11.027,emotional stroop_untitled,,2025.1.1,59.7787230709264,2025-11-18 20h03.45.044066 +0530,
Pain,emotional,blue,I,b,393,13,19,b,1,1.4458371000364423,None,19,13,393,1,533.5024466000032,,,,,533.4927946000244,533.5024466000032,534.0027226000093,534.0027226000093,534.0027226000093,535.4566807000083,b,1,1.4458371000364423,None,,,,1,001,2025-11-18_20h03.11.027,emotional stroop_untitled,,2025.1.1,59.7787230709264,2025-11-18 20h03.45.044066 +0530,
Violence,emotional,blue,I,b,394,14,19,b,1,0.5145056000328623,None,19,14,394,9,535.4695931000169,,,,,535.4601354000042,535.4695931000169,535.9697703000274,535.9697703000274,535.9697703000274,536.4913263000199,b,1,0.5145056000328623,None,,,,1,001,2025-11-18_20h03.11.027,emotional stroop_untitled,,2025.1.1,59.7787230709264,2025-11-18 20h03.45.044066 +0530,
Threat,emotional,blue,I,b,395,15,19,b,1,0.4337569000199437,None,19,15,395,5,536.5026830999996,,,,,536.4947045000154,536.5026830999996,537.0024818000384,537.0024818000384,537.0024818000384,537.4391151000164,b,1,0.4337569000199437,None,,,,1,001,2025-11-18_20h03.11.027,emotional stroop_untitled,,2025.1.1,59.7787230709264,2025-11-18 20h03.45.044066 +0530,
Paper,neutral,yellow,I,y,396,16,19,y,1,0.8206192999496125,None,19,16,396,15,537.4520330000087,,,,,537.4417156000272,537.4520330000087,537.9519884000183,537.9519884000183,537.9519884000183,538.7890958000207,y,1,0.8206192999496125,None,,,,1,001,2025-11-18_20h03.11.027,emotional stroop_untitled,,2025.1.1,59.7787230709264,2025-11-18 20h03.45.044066 +0530,
Table,neutral,blue,I,b,397,17,19,b,1,0.8723235999932513,None,19,17,397,13,538.8023830000311,,,,,538.791792700009,538.8023830000311,539.3023838000372,539.3023838000372,539.3023838000372,540.189780900022,b,1,0.8723235999932513,None,,,,1,001,2025-11-18_20h03.11.027,emotional stroop_untitled,,2025.1.1,59.7787230709264,2025-11-18 20h03.45.044066 +0530,
Chair,neutral,green,I,g,398,18,19,g,1,0.933803700027056,None,19,18,398,10,540.2023613000056,,,,,540.1923446000437,540.2023613000056,540.7024715000298,540.7024715000298,540.7024715000298,541.6402527000173,g,1,0.933803700027056,None,,,,1,001,2025-11-18_20h03.11.027,emotional stroop_untitled,,2025.1.1,59.7787230709264,2025-11-18 20h03.45.044066 +0530,
Stone,neutral,yellow,I,y,399,19,19,y,1,0.9275760999880731,None,19,19,399,19,541.6520253000199,,,,,541.6452885000035,541.6520253000199,542.1525233000284,542.1525233000284,542.1525233000284,543.0884571000352,y,1,0.9275760999880731,None,,,,1,001,2025-11-18_20h03.11.027,emotional stroop_untitled,,2025.1.1,59.7787230709264,2025-11-18 20h03.45.044066 +0530,
,,,,,,,,,,,,,,,,,,,,,,,,,,,,,,,543.0886155000189,543.1023004000308,544.0888626000378,1,001,2025-11-18_20h03.11.027,emotional stroop_untitled,,2025.1.1,59.7787230709264,2025-11-18 20h03.45.044066 +0530,
