delay,freq,condition,thisN,thisTrialN,thisRepN,key_resp.keys,key_resp.rt,key_resp.duration,textbox.text,button.numClicks,button.timesOn,button.timesOff,trials.thisRepN,trials.thisTrialN,trials.thisN,trials.thisIndex,thisRow.t,notes,trial.started,polygon.started,polygon_2.started,key_resp.started,polygon.stopped,trial.stopped,trials.key_resp.keys,trials.key_resp.rt,trials.key_resp.duration,beep.started,sound_1.started,sound_1.stopped,beep.stopped,response.started,text.started,textbox.started,button.started,response.stopped,trials.textbox.text,trials.button.numClicks,trials.button.timesOn,trials.button.timesOff,participant,session,date,expName,expVersion,psychopyVersion,frameRate,expStart,
0.4,400,unexp,0,0,0,space,0.392013399861753,None,400,1,[3.8790398999117315],[3.8790555000305176],0,0,0,1,0.03689240012317896,,0.025628400035202503,0.03689240012317896,0.9925800999626517,0.9925800999626517,1.0271556000225246,1.3957958002574742,space,0.392013399861753,None,1.3964599999599159,1.7980540665487448,2.117156300228089,2.0993208000436425,2.100245799869299,2.117156300228089,2.117156300228089,2.117156300228089,5.996683800127357,400,1,[3.8790398999117315],[3.8790555000305176],1,001,2025-11-13_19h13.13.684,intentional_binding,,2025.1.1,127.93367924758672,2025-11-13 19h13.19.641666 +0530,
0.4,1000,exp,1,1,0,space,0.6912825000472367,None,550,1,[3.8722660997882485],[3.872281899675727],0,1,1,10,6.003179700113833,,5.99712760001421,6.003179700113833,6.98936970019713,6.98936970019713,6.996330900117755,7.684282000176609,space,0.6912825000472367,None,7.685247000306845,8.08395526657502,8.402110800147057,8.388057200238109,8.38879289990291,8.402110800147057,8.402110800147057,8.402110800147057,12.274877400137484,550,1,[3.8722660997882485],[3.872281899675727],1,001,2025-11-13_19h13.13.684,intentional_binding,,2025.1.1,127.93367924758672,2025-11-13 19h13.19.641666 +0530,
0.1,1000,exp,2,2,0,space,0.903783599846065,None,560,1,[3.3507477999664843],[3.350756799802184],0,2,2,9,12.281289800070226,,12.275278100278229,12.281289800070226,13.267386100254953,13.267386100254953,13.274328799918294,14.177166200242937,space,0.903783599846065,None,14.177768799941987,14.277098766590159,14.59498060029,14.576338999904692,14.576888300012797,14.59498060029,14.59498060029,14.59498060029,17.946057500317693,560,1,[3.3507477999664843],[3.350756799802184],1,001,2025-11-13_19h13.13.684,intentional_binding,,2025.1.1,127.93367924758672,2025-11-13 19h13.19.641666 +0530,
0.7,1000,exp,3,3,0,space,0.8502954998984933,None,600,1,[4.236635200213641],[4.236644099932164],0,3,3,8,17.953022700268775,,17.946318400092423,17.953022700268775,18.93891100026667,18.93891100026667,18.945876399986446,19.793614800088108,space,0.8502954998984933,None,19.794611600227654,20.498193566749492,20.81602540006861,20.7985379002057,20.799035500269383,20.81602540006861,20.81602540006861,20.81602540006861,25.053002000320703,600,1,[4.236635200213641],[4.236644099932164],1,001,2025-11-13_19h13.13.684,intentional_binding,,2025.1.1,127.93367924758672,2025-11-13 19h13.19.641666 +0530,
0.4,1000,exp,4,4,0,space,0.6196060003712773,None,700,1,[3.6774948998354375],[3.677509999834001],0,4,4,7,25.059038900304586,,25.053318799939007,25.059038900304586,26.04569109994918,26.04569109994918,26.052562000229955,26.67090820008889,space,0.6196060003712773,None,26.671951700001955,27.076507866910347,27.39500669995323,27.376360999885947,27.376853700261563,27.39500669995323,27.39500669995323,27.39500669995323,31.07284240005538,700,1,[3.6774948998354375],[3.677509999834001],1,001,2025-11-13_19h13.13.684,intentional_binding,,2025.1.1,127.93367924758672,2025-11-13 19h13.19.641666 +0530,
0.7,1000,exp,5,5,0,space,0.2919928999617696,None,600,1,[3.222087500151247],[3.2221023999154568],0,5,5,5,31.079336400143802,,31.073102000169456,31.079336400143802,32.06542399991304,32.06542399991304,32.07248570024967,32.36444099992514,space,0.2919928999617696,None,32.36512449989095,33.06923566671709,33.38803490018472,33.37238890025765,33.373071799986064,33.38803490018472,33.38803490018472,33.38803490018472,36.610605500172824,600,1,[3.222087500151247],[3.2221023999154568],1,001,2025-11-13_19h13.13.684,intentional_binding,,2025.1.1,127.93367924758672,2025-11-13 19h13.19.641666 +0530,
0.1,1000,exp,6,6,0,space,0.23462440026924014,None,650,1,[3.699653699994087],[3.699670100118965],0,6,6,3,36.61670760018751,,36.611002299934626,36.61670760018751,37.60282470006496,37.60282470006496,37.609790599904954,37.83942979993299,space,0.23462440026924014,None,37.84001370007172,37.93901236687476,38.25690300017595,38.23865430010483,38.23919739993289,38.25690300017595,38.25690300017595,38.25690300017595,41.957008600234985,650,1,[3.699653699994087],[3.699670100118965],1,001,2025-11-13_19h13.13.684,intentional_binding,,2025.1.1,127.93367924758672,2025-11-13 19h13.19.641666 +0530,
0.1,1000,exp,7,7,0,space,0.23611880000680685,None,500,1,[2.673321499954909],[2.673337500076741],0,7,7,6,41.962787200231105,,41.95740649988875,41.962787200231105,42.94896240020171,42.94896240020171,42.95588600030169,43.185574600007385,space,0.23611880000680685,None,43.18616800010204,43.285153666573265,43.602602399885654,43.58895900007337,43.58934030029923,43.602602399885654,43.602602399885654,43.602602399885654,46.276386899873614,500,1,[2.673321499954909],[2.673337500076741],1,001,2025-11-13_19h13.13.684,intentional_binding,,2025.1.1,127.93367924758672,2025-11-13 19h13.19.641666 +0530,
0.7,400,unexp,8,8,0,space,0.2779835001565516,None,400,1,[2.262586100026965],[2.262595099862665],0,8,8,2,46.282812200021,,46.276755900122225,46.282812200021,47.26906270021573,47.26906270021573,47.27615400031209,47.55401810025796,space,0.2779835001565516,None,47.554598100017756,48.257970366689065,48.575807500164956,48.559749300125986,48.56037469999865,48.575807500164956,48.575807500164956,48.575807500164956,50.83886589994654,400,1,[2.262586100026965],[2.262595099862665],1,001,2025-11-13_19h13.13.684,intentional_binding,,2025.1.1,127.93367924758672,2025-11-13 19h13.19.641666 +0530,
0.1,400,unexp,9,9,0,space,0.86703069973737,None,350,1,[3.3443688000552356],[3.3443843997083604],0,9,9,0,50.84535770025104,,50.83926470018923,50.84535770025104,51.82829060032964,51.82829060032964,51.835330500267446,52.69735120004043,space,0.86703069973737,None,52.6980817001313,52.79694826674337,53.11444520018995,53.10044370032847,53.10096770012751,53.11444520018995,53.11444520018995,53.11444520018995,56.45929240016267,350,1,[3.3443688000552356],[3.3443843997083604],1,001,2025-11-13_19h13.13.684,intentional_binding,,2025.1.1,127.93367924758672,2025-11-13 19h13.19.641666 +0530,
0.4,1000,exp,10,10,0,space,0.3770466996356845,None,600,1,[3.355317100416869],[3.3553261002525687],0,10,10,4,56.46580750029534,,56.45969510031864,56.46580750029534,57.45178710017353,57.45178710017353,57.45873619988561,57.83410520013422,space,0.3770466996356845,None,57.83469650009647,58.23929666687424,58.5579638001509,58.54177280003205,58.54226960008964,58.5579638001509,58.5579638001509,58.5579638001509,61.91363490000367,600,1,[3.355317100416869],[3.3553261002525687],1,001,2025-11-13_19h13.13.684,intentional_binding,,2025.1.1,127.93367924758672,2025-11-13 19h13.19.641666 +0530,
0.7,1000,exp,11,11,0,space,0.8290546997450292,None,700,1,[1.432869500014931],[1.432878500316292],0,11,11,11,61.92000740021467,,61.913898000027984,61.92000740021467,62.906064100097865,62.906064100097865,62.91306809987873,63.73966520000249,space,0.8290546997450292,None,63.740430099889636,64.44369186653445,65.91601620009169,65.8994384999387,65.90010830014944,65.91601620009169,65.91601620009169,65.91601620009169,67.34921960020438,700,1,[1.432869500014931],[1.432878500316292],1,001,2025-11-13_19h13.13.684,intentional_binding,,2025.1.1,127.93367924758672,2025-11-13 19h13.19.641666 +0530,
0.1,1000,exp,12,0,1,space,0.28307020012289286,None,700,1,[2.771073100157082],[2.7710894998162985],1,0,12,6,67.35554050002247,,67.34948490001261,67.35554050002247,68.33857179991901,68.33857179991901,68.34550100006163,68.62373640015721,space,0.28307020012289286,None,68.6246099001728,68.72323336691285,69.04097440000623,69.02604770008475,69.0264795999974,69.04097440000623,69.04097440000623,69.04097440000623,71.81251490022987,700,1,[2.771073100157082],[2.7710894998162985],1,001,2025-11-13_19h13.13.684,intentional_binding,,2025.1.1,127.93367924758672,2025-11-13 19h13.19.641666 +0530,
0.7,1000,exp,13,1,1,space,0.31926099956035614,None,800,1,[3.47784770000726],[3.47785700019449],1,1,13,11,71.81901860004291,,71.812953799963,71.81901860004291,72.80513780005276,72.80513780005276,72.81171160005033,73.12478569988161,space,0.31926099956035614,None,73.12527320021763,73.82871456683303,74.14654730027542,74.12916780030355,74.12967320019379,74.14654730027542,74.14654730027542,74.14654730027542,77.62472620001063,800,1,[3.47784770000726],[3.47785700019449],1,001,2025-11-13_19h13.13.684,intentional_binding,,2025.1.1,127.93367924758672,2025-11-13 19h13.19.641666 +0530,
0.1,1000,exp,14,2,1,space,0.24054699996486306,None,760,1,[2.8417087998241186],[2.8417243999429047],1,2,14,3,77.63171110022813,,77.62500549992546,77.63171110022813,78.6175967999734,78.6175967999734,78.62444510031492,78.86094130016863,space,0.24054699996486306,None,78.86159270023927,78.96057946660245,79.2784525998868,79.26014110026881,79.26052330015227,79.2784525998868,79.2784525998868,79.2784525998868,82.12061790004373,760,1,[2.8417087998241186],[2.8417243999429047],1,001,2025-11-13_19h13.13.684,intentional_binding,,2025.1.1,127.93367924758672,2025-11-13 19h13.19.641666 +0530,
0.4,400,unexp,15,3,1,space,0.4957182998768985,None,300,1,[2.5665027000941336],[2.566512600053102],1,3,15,1,82.12703200010583,,82.12102860026062,82.12703200010583,83.11304960027337,83.11304960027337,83.12056310009211,83.6142692998983,space,0.4957182998768985,None,83.6149379000999,84.0146718668441,84.33352719992399,84.31494970014319,84.31544360006228,84.33352719992399,84.33352719992399,84.33352719992399,86.90038050012663,300,1,[2.5665027000941336],[2.566512600053102],1,001,2025-11-13_19h13.13.684,intentional_binding,,2025.1.1,127.93367924758672,2025-11-13 19h13.19.641666 +0530,
0.7,1000,exp,16,4,1,space,0.29182879999279976,None,800,1,[2.958964600227773],[2.958977200090885],1,4,16,8,86.90710740024224,,86.90064579993486,86.90710740024224,87.89312000013888,87.89312000013888,87.90019980026409,88.18570020003244,space,0.29182879999279976,None,88.18671340029687,88.88979906688134,89.20766730001196,89.19014840014279,89.19064790010452,89.20766730001196,89.20766730001196,89.20766730001196,92.16702570021152,800,1,[2.958964600227773],[2.958977200090885],1,001,2025-11-13_19h13.13.684,intentional_binding,,2025.1.1,127.93367924758672,2025-11-13 19h13.19.641666 +0530,
0.4,1000,exp,17,5,1,space,0.2877625999972224,None,700,1,[2.7035095002502203],[2.7035190002061427],1,5,17,4,92.17311370000243,,92.16736329998821,92.17311370000243,93.15920739993453,93.15920739993453,93.16633119992912,93.45126410014927,space,0.2877625999972224,None,93.45190179999918,93.85633376666034,94.17467440012842,94.15935420012102,94.15973810013384,94.17467440012842,94.17467440012842,94.17467440012842,96.878502599895,700,1,[2.7035095002502203],[2.7035190002061427],1,001,2025-11-13_19h13.13.684,intentional_binding,,2025.1.1,127.93367924758672,2025-11-13 19h13.19.641666 +0530,
0.4,1000,exp,18,6,1,space,1.723316099960357,None,600,1,[3.648154600057751],[3.648169499821961],1,6,18,10,96.88495519990101,,96.87875059992075,96.88495519990101,97.87103130016476,97.87103130016476,97.87789259990677,99.6003636000678,space,1.723316099960357,None,99.60113530000672,100.00582166674236,100.32347670011222,100.3091346998699,100.30963250016794,100.32347670011222,100.32347670011222,100.32347670011222,103.97209140006453,600,1,[3.648154600057751],[3.648169499821961],1,001,2025-11-13_19h13.13.684,intentional_binding,,2025.1.1,127.93367924758672,2025-11-13 19h13.19.641666 +0530,
0.7,1000,exp,19,7,1,space,0.33507279958575964,None,670,1,[3.8002852997742593],[3.8002943000756204],1,7,19,5,103.97875710017979,,103.97249400010332,103.97875710017979,104.96469600033015,104.96469600033015,104.97159409988672,105.30572120007128,space,0.33507279958575964,None,105.3064728002064,106.0105775669838,106.32904990017414,106.31329860026017,106.31387560022995,106.32904990017414,106.32904990017414,106.32904990017414,110.12967480020598,670,1,[3.8002852997742593],[3.8002943000756204],1,001,2025-11-13_19h13.13.684,intentional_binding,,2025.1.1,127.93367924758672,2025-11-13 19h13.19.641666 +0530,
0.1,400,unexp,20,8,1,space,0.2648406997323036,None,300,1,[3.081108700018376],[3.081125100143254],1,8,20,0,110.13571029994637,,110.12992150010541,110.13571029994637,111.12184770032763,111.12184770032763,111.12882150011137,111.39329800009727,space,0.2648406997323036,None,111.39415960013866,111.49292456690843,111.81114780018106,111.79704120010138,111.7974169999361,111.81114780018106,111.81114780018106,111.81114780018106,114.89283500006422,300,1,[3.081108700018376],[3.081125100143254],1,001,2025-11-13_19h13.13.684,intentional_binding,,2025.1.1,127.93367924758672,2025-11-13 19h13.19.641666 +0530,
0.4,1000,exp,21,9,1,space,1.1283104000613093,None,690,1,[4.131730699911714],[4.131744499783963],1,9,21,7,114.89820110006258,,114.89320160029456,114.89820110006258,115.88453479995951,115.88453479995951,115.89158010017127,117.01707349997014,space,1.1283104000613093,None,117.01769730029628,117.42210916668797,117.73265720019117,117.7179840002209,117.71849730005488,117.73265720019117,117.73265720019117,117.73265720019117,121.86474290024489,690,1,[4.131730699911714],[4.131744499783963],1,001,2025-11-13_19h13.13.684,intentional_binding,,2025.1.1,127.93367924758672,2025-11-13 19h13.19.641666 +0530,
0.1,1000,exp,22,10,1,space,0.2520520002581179,None,560,1,[2.5521625000983477],[2.5521777998656034],1,10,22,9,121.87050720024854,,121.86503700027242,121.87050720024854,122.85673499992117,122.85673499992117,122.86372009990737,123.114554699976,space,0.2520520002581179,None,123.1152352001518,123.21432706673319,123.53259460022673,123.51998700015247,123.52049780031666,123.53259460022673,123.53259460022673,123.53259460022673,126.08521670009941,560,1,[2.5521625000983477],[2.5521777998656034],1,001,2025-11-13_19h13.13.684,intentional_binding,,2025.1.1,127.93367924758672,2025-11-13 19h13.19.641666 +0530,
0.7,400,unexp,23,11,1,space,0.27059359988197684,None,450,1,[2.8185602999292314],[2.8185755000449717],1,11,23,2,126.09182080021128,,126.08561589987949,126.09182080021128,127.0778283001855,127.0778283001855,127.08476700028405,127.34945550002158,space,0.27059359988197684,None,127.35027480032295,128.05361116683733,128.37238670000806,128.35341580025852,128.35391939990222,128.37238670000806,128.37238670000806,128.37238670000806,131.1914333999157,450,1,[2.8185602999292314],[2.8185755000449717],1,001,2025-11-13_19h13.13.684,intentional_binding,,2025.1.1,127.93367924758672,2025-11-13 19h13.19.641666 +0530,
0.4,400,unexp,24,0,2,space,0.40114059997722507,None,450,1,[2.5611371002160013],[2.5611513000912964],2,0,24,1,131.19782750029117,,131.19206409994513,131.19782750029117,132.18391450028867,132.18391450028867,132.19101830013096,132.58734440011904,space,0.40114059997722507,None,132.588106200099,132.9929895667049,133.3112015002407,133.29380579991266,133.29430600022897,133.3112015002407,133.3112015002407,133.3112015002407,135.87280189990997,450,1,[2.5611371002160013],[2.5611513000912964],1,001,2025-11-13_19h13.13.684,intentional_binding,,2025.1.1,127.93367924758672,2025-11-13 19h13.19.641666 +0530,
0.1,400,unexp,25,1,2,space,0.36622089985758066,None,430,1,[3.1841190000995994],[3.1841285000555217],2,1,25,0,135.87949950015172,,135.8732072999701,135.87949950015172,136.8655837001279,136.8655837001279,136.87263179989532,137.23399099987,space,0.36622089985758066,None,137.23456190014258,137.3335119668084,137.65120470011607,137.63460020022467,137.63499219994992,137.65120470011607,137.65120470011607,137.65120470011607,140.83562429994345,430,1,[3.1841190000995994],[3.1841285000555217],1,001,2025-11-13_19h13.13.684,intentional_binding,,2025.1.1,127.93367924758672,2025-11-13 19h13.19.641666 +0530,
0.7,400,unexp,26,2,2,space,0.3748611998744309,None,400,1,[3.8176276995800436],[3.817640499677509],2,2,26,2,140.8423087000847,,140.83587640011683,140.8423087000847,141.82838279986754,141.82838279986754,141.83526379987597,142.20398529991508,space,0.3748611998744309,None,142.20463760010898,142.90784636658307,143.22670300025493,143.208613099996,143.20916650025174,143.22670300025493,143.22670300025493,143.22670300025493,147.0447486001067,400,1,[3.8176276995800436],[3.817640499677509],1,001,2025-11-13_19h13.13.684,intentional_binding,,2025.1.1,127.93367924758672,2025-11-13 19h13.19.641666 +0530,
0.4,1000,exp,27,3,2,space,0.38804899994283915,None,600,1,[2.1365585001185536],[2.136567300185561],2,3,27,4,147.05118070030585,,147.04501160001382,147.05118070030585,148.03722670022398,148.03722670022398,148.0442984001711,148.42661450011656,space,0.38804899994283915,None,148.42738840030506,148.83199586678919,149.14959309995174,149.13108600024134,149.13158790022135,149.14959309995174,149.14959309995174,149.14959309995174,151.28646400012076,600,1,[2.1365585001185536],[2.136567300185561],1,001,2025-11-13_19h13.13.684,intentional_binding,,2025.1.1,127.93367924758672,2025-11-13 19h13.19.641666 +0530,
0.4,1000,exp,28,4,2,space,0.2624262999743223,None,600,1,[2.650098300073296],[2.6501072999089956],2,4,28,7,151.29269570019096,,151.28671240014955,151.29269570019096,152.27902089990675,152.27902089990675,152.2860626000911,152.5437290999107,space,0.2624262999743223,None,152.54482770012692,152.9434491666655,153.26087119989097,153.24877890013158,153.24932920001447,153.26087119989097,153.26087119989097,153.26087119989097,155.91126600001007,600,1,[2.650098300073296],[2.6501072999089956],1,001,2025-11-13_19h13.13.684,intentional_binding,,2025.1.1,127.93367924758672,2025-11-13 19h13.19.641666 +0530,
0.1,1000,exp,29,5,2,space,0.2999305999837816,None,670,1,[2.0739213000051677],[2.073930500075221],2,5,29,9,155.91825570026413,,155.91152530023828,155.91825570026413,156.9041828000918,156.9041828000918,156.91115349996835,157.21021120017394,space,0.2999305999837816,None,157.2108923001215,157.3101604669976,157.6282281000167,157.61137130018324,157.61187030002475,157.6282281000167,157.6282281000167,157.6282281000167,159.70248530013487,670,1,[2.0739213000051677],[2.073930500075221],1,001,2025-11-13_19h13.13.684,intentional_binding,,2025.1.1,127.93367924758672,2025-11-13 19h13.19.641666 +0530,
0.7,1000,exp,30,6,2,space,0.2479505999945104,None,700,1,[1.9570730002596974],[1.9570819004438818],2,6,30,8,159.70927189989015,,159.70277770003304,159.70927189989015,160.6952857999131,160.6952857999131,160.70228310022503,160.9458441999741,space,0.2479505999945104,None,160.9467213000171,161.64963746682432,161.9682347001508,161.95077349990606,161.951331499964,161.9682347001508,161.9682347001508,161.9682347001508,163.9256496001035,700,1,[1.9570730002596974],[1.9570819004438818],1,001,2025-11-13_19h13.13.684,intentional_binding,,2025.1.1,127.93367924758672,2025-11-13 19h13.19.641666 +0530,
0.1,1000,exp,31,7,2,space,0.21838940028101206,None,700,1,[2.5241783000528812],[2.5241942000575364],2,7,31,3,163.9319873000495,,163.9259899999015,163.9319873000495,164.91820769989863,164.91820769989863,164.92514930013567,165.14071509987116,space,0.21838940028101206,None,165.14143650000915,165.2403862667891,165.55892600025982,165.54035270027816,165.5407528001815,165.55892600025982,165.55892600025982,165.55892600025982,168.08367290021852,700,1,[2.5241783000528812],[2.5241942000575364],1,001,2025-11-13_19h13.13.684,intentional_binding,,2025.1.1,127.93367924758672,2025-11-13 19h13.19.641666 +0530,
0.7,1000,exp,32,8,2,space,0.23294429993256927,None,780,1,[2.847511800006032],[2.847521100193262],2,8,32,11,168.0898632002063,,168.08408060017973,168.0898632002063,169.07612710027024,169.07612710027024,169.0830629002303,169.31247190013528,space,0.23294429993256927,None,169.31352620013058,170.01655406697344,170.3342951000668,170.3168461001478,170.31734170019627,170.3342951000668,170.3342951000668,170.3342951000668,173.18220800021663,780,1,[2.847511800006032],[2.847521100193262],1,001,2025-11-13_19h13.13.684,intentional_binding,,2025.1.1,127.93367924758672,2025-11-13 19h13.19.641666 +0530,
0.7,1000,exp,33,9,2,space,0.30762850027531385,None,800,1,[2.657227599993348],[2.6572366999462247],2,9,33,5,173.1883274000138,,173.18251360021532,173.1883274000138,174.17433510022238,174.17433510022238,174.1814876003191,174.487316200044,space,0.30762850027531385,None,174.48817560030147,175.19152096665155,175.50941890012473,175.4909560000524,175.4915705001913,175.50941890012473,175.50941890012473,175.50941890012473,178.16698609991,800,1,[2.657227599993348],[2.6572366999462247],1,001,2025-11-13_19h13.13.684,intentional_binding,,2025.1.1,127.93367924758672,2025-11-13 19h13.19.641666 +0530,
0.4,1000,exp,34,10,2,space,0.2835325999185443,None,800,1,[2.1021161996759474],[2.102125299628824],2,10,34,10,178.17463940009475,,178.16723840031773,178.17463940009475,179.15971129992977,179.15971129992977,179.16738240001723,179.44499680027366,space,0.2835325999185443,None,179.44575389986858,179.85027866677072,180.16787690017372,180.15111640002578,180.15160250011832,180.16787690017372,180.16787690017372,180.16787690017372,182.2703968002461,800,1,[2.1021161996759474],[2.102125299628824],1,001,2025-11-13_19h13.13.684,intentional_binding,,2025.1.1,127.93367924758672,2025-11-13 19h13.19.641666 +0530,
0.1,1000,exp,35,11,2,space,0.5450308998115361,None,800,1,[2.6232822998426855],[2.623291499912739],2,11,35,6,182.27660570014268,,182.27065120032057,182.27660570014268,183.26289610005915,183.26289610005915,183.27003220003098,183.81200810009614,space,0.5450308998115361,None,183.81268589990214,183.91230716655653,184.23118800017983,184.2168177003041,184.21737360022962,184.23118800017983,184.23118800017983,184.23118800017983,186.85478370031342,800,1,[2.6232822998426855],[2.623291499912739],1,001,2025-11-13_19h13.13.684,intentional_binding,,2025.1.1,127.93367924758672,2025-11-13 19h13.19.641666 +0530,
0.1,1000,exp,36,0,3,space,0.25947719998657703,None,850,1,[3.9649450997821987],[3.9649601001292467],3,0,36,3,186.86119020031765,,186.85503110010177,186.86119020031765,187.8472851002589,187.8472851002589,187.8545467001386,188.11154700024053,space,0.25947719998657703,None,188.1123251998797,188.2112836666095,188.52887690020725,188.51091760024428,188.51142359990627,188.52887690020725,188.52887690020725,188.52887690020725,192.49428830016404,850,1,[3.9649450997821987],[3.9649601001292467],1,001,2025-11-13_19h13.13.684,intentional_binding,,2025.1.1,127.93367924758672,2025-11-13 19h13.19.641666 +0530,
0.4,1000,exp,37,1,3,space,0.24614510033279657,None,900,1,[2.3889167001470923],[2.38892629975453],3,1,37,7,192.50084639992565,,192.49457659991458,192.50084639992565,193.48689609998837,193.48689609998837,193.49380990024656,193.73723939992487,space,0.24614510033279657,None,193.73817200027406,194.14264506666612,194.4607506999746,194.4434624002315,194.44395760027692,194.4607506999746,194.4607506999746,194.4607506999746,196.85001499997452,900,1,[2.3889167001470923],[2.38892629975453],1,001,2025-11-13_19h13.13.684,intentional_binding,,2025.1.1,127.93367924758672,2025-11-13 19h13.19.641666 +0530,
0.7,1000,exp,38,2,3,space,0.2743297000415623,None,870,1,[4.286340199876577],[4.28634939994663],3,2,38,8,196.85649510007352,,196.850267900154,196.85649510007352,197.8424197002314,197.8424197002314,197.84936479991302,198.1208665999584,space,0.2743297000415623,None,198.12189520010725,198.82569756691035,199.14414229989052,199.12586109992117,199.12635709997267,199.14414229989052,199.14414229989052,199.14414229989052,203.43082519993186,870,1,[4.286340199876577],[4.28634939994663],1,001,2025-11-13_19h13.13.684,intentional_binding,,2025.1.1,127.93367924758672,2025-11-13 19h13.19.641666 +0530,
0.4,400,unexp,39,3,3,space,0.3235188997350633,None,300,1,[2.7411378999240696],[2.741146800108254],3,3,39,1,203.43737410008907,,203.43108909996226,203.43737410008907,204.4238761002198,204.4238761002198,204.43074420001358,204.75041390024126,space,0.3235188997350633,None,204.75140180019662,205.15595576685544,205.47365739988163,205.4555235998705,205.45618179999292,205.47365739988163,205.47365739988163,205.47365739988163,208.21513740019873,300,1,[2.7411378999240696],[2.741146800108254],1,001,2025-11-13_19h13.13.684,intentional_binding,,2025.1.1,127.93367924758672,2025-11-13 19h13.19.641666 +0530,
0.7,400,unexp,40,4,3,space,0.25263210013508797,None,250,1,[3.5122083998285234],[3.5122175998985767],3,4,40,2,208.22134650032967,,208.21540410025045,208.22134650032967,209.20756730018184,209.20756730018184,209.21435940032825,209.46491850027815,space,0.25263210013508797,None,209.46549450000748,210.1686887667204,210.48686060030013,210.46793230017647,210.46846840018407,210.48686060030013,210.48686060030013,210.48686060030013,213.99938359996304,250,1,[3.5122083998285234],[3.5122175998985767],1,001,2025-11-13_19h13.13.684,intentional_binding,,2025.1.1,127.93367924758672,2025-11-13 19h13.19.641666 +0530,
0.4,1000,exp,41,5,3,space,0.34134990023449063,None,500,1,[2.5991244995966554],[2.5991396997123957],3,5,41,10,214.0061301998794,,213.99964509997517,214.0061301998794,214.99220849992707,214.99220849992707,214.99928990006447,215.33992360020056,space,0.34134990023449063,None,215.34055850002915,215.74510096671682,216.0630773003213,216.0451592002064,216.0456775999628,216.0630773003213,216.0630773003213,216.0630773003213,218.66265910025686,500,1,[2.5991244995966554],[2.5991396997123957],1,001,2025-11-13_19h13.13.684,intentional_binding,,2025.1.1,127.93367924758672,2025-11-13 19h13.19.641666 +0530,
0.4,1000,exp,42,6,3,space,0.19868140015751123,None,560,1,[2.3668933999724686],[2.366902499925345],3,6,42,4,218.6690834001638,,218.66312720021233,218.6690834001638,219.65510560013354,219.65510560013354,219.66204009996727,219.85689840000123,space,0.19868140015751123,None,219.85748550016433,220.2620718666042,220.58518310030922,220.56522870017216,220.56572860013694,220.58518310030922,220.58518310030922,220.58518310030922,222.95243920013309,560,1,[2.3668933999724686],[2.366902499925345],1,001,2025-11-13_19h13.13.684,intentional_binding,,2025.1.1,127.93367924758672,2025-11-13 19h13.19.641666 +0530,
0.7,1000,exp,43,7,3,space,0.3798797996714711,None,550,1,[2.2345888996496797],[2.2345986999571323],3,7,43,11,222.9586745002307,,222.95270860008895,222.9586745002307,223.9450981998816,223.9450981998816,223.9519779998809,224.32792560011148,space,0.3798797996714711,None,224.32893350021914,225.03321046667796,225.3516906001605,225.33445210009813,225.335021100007,225.3516906001605,225.3516906001605,225.3516906001605,227.5866670999676,550,1,[2.2345888996496797],[2.2345986999571323],1,001,2025-11-13_19h13.13.684,intentional_binding,,2025.1.1,127.93367924758672,2025-11-13 19h13.19.641666 +0530,
0.1,1000,exp,44,8,3,space,0.3024848001077771,None,570,1,[2.409513299819082],[2.409523000009358],3,8,44,6,227.5925429998897,,227.5870503000915,227.5925429998897,228.5787158999592,228.5787158999592,228.58590020006523,228.8851789003238,space,0.3024848001077771,None,228.8859227001667,228.98479836673167,229.3025565003045,229.28379180002958,229.28431900031865,229.3025565003045,229.3025565003045,229.3025565003045,231.71247990010306,570,1,[2.409513299819082],[2.409523000009358],1,001,2025-11-13_19h13.13.684,intentional_binding,,2025.1.1,127.93367924758672,2025-11-13 19h13.19.641666 +0530,
0.7,1000,exp,45,9,3,space,0.3337969998829067,None,560,1,[2.0083357002586126],[2.008344800211489],3,9,45,5,231.7184851001948,,231.7128917002119,231.7184851001948,232.70482179988176,232.70482179988176,232.712015400175,233.0452831001021,space,0.3337969998829067,None,233.04596489993855,233.74900366698083,234.06712740007788,234.04863930027932,234.0492120999843,234.06712740007788,234.06712740007788,234.06712740007788,236.07581070018932,560,1,[2.0083357002586126],[2.008344800211489],1,001,2025-11-13_19h13.13.684,intentional_binding,,2025.1.1,127.93367924758672,2025-11-13 19h13.19.641666 +0530,
0.1,1000,exp,46,10,3,space,0.27050550002604723,None,550,1,[2.001134400255978],[2.001143400091678],3,10,46,9,236.08253969997168,,236.07620829995722,236.08253969997168,237.06849410012364,237.06849410012364,237.07580110011622,237.3400035998784,space,0.27050550002604723,None,237.3407499003224,237.43955916684743,237.75745220016688,237.73921969998628,237.7397851999849,237.75745220016688,237.75745220016688,237.75745220016688,239.75892050005496,550,1,[2.001134400255978],[2.001143400091678],1,001,2025-11-13_19h13.13.684,intentional_binding,,2025.1.1,127.93367924758672,2025-11-13 19h13.19.641666 +0530,
0.1,400,unexp,47,11,3,space,0.1945918002165854,None,300,1,[2.8563096998259425],[2.856318899895996],3,11,47,0,239.76556520024315,,239.75917260022834,239.76556520024315,240.7516303001903,240.7516303001903,240.75856450013816,240.9534356002696,space,0.1945918002165854,None,240.95431230030954,241.05351356655981,241.37085269996896,241.35453440016136,241.35490350006148,241.37085269996896,241.37085269996896,241.37085269996896,244.22749700024724,300,1,[2.8563096998259425],[2.856318899895996],1,001,2025-11-13_19h13.13.684,intentional_binding,,2025.1.1,127.93367924758672,2025-11-13 19h13.19.641666 +0530,
0.4,400,unexp,48,0,4,space,0.32870549988001585,None,230,1,[2.3875821996480227],[2.3875913000665605],4,0,48,1,244.2339182998985,,244.22774349991232,244.2339182998985,245.2199347000569,245.2199347000569,245.22683460032567,245.55388509994373,space,0.32870549988001585,None,245.55476209986955,245.95893156674381,246.27838620031253,246.26444880012423,246.26494110003114,246.27838620031253,246.27838620031253,246.27838620031253,248.6662933002226,230,1,[2.3875821996480227],[2.3875913000665605],1,001,2025-11-13_19h13.13.684,intentional_binding,,2025.1.1,127.93367924758672,2025-11-13 19h13.19.641666 +0530,
0.4,1000,exp,49,1,4,space,0.19907569978386164,None,400,1,[3.964200799819082],[3.964209499768913],4,1,49,4,248.67284560017288,,248.6665433999151,248.67284560017288,249.65923599991947,249.65923599991947,249.66622920008376,249.8609156999737,space,0.19907569978386164,None,249.86168410023674,250.26617536653455,250.59539319993928,250.58251610025764,250.58305829996243,250.59539319993928,250.59539319993928,250.59539319993928,254.55991430021822,400,1,[3.964200799819082],[3.964209499768913],1,001,2025-11-13_19h13.13.684,intentional_binding,,2025.1.1,127.93367924758672,2025-11-13 19h13.19.641666 +0530,
0.4,1000,exp,50,2,4,space,0.22393239988014102,None,300,1,[2.4597748001106083],[2.459783799946308],4,2,50,7,254.56685400009155,,254.5601635002531,254.56685400009155,255.5527953002602,255.5527953002602,255.55989929987118,255.78261400014162,space,0.22393239988014102,None,255.78333109989762,256.18855806679153,256.50648119999096,256.4900676002726,256.49059000005946,256.50648119999096,256.50648119999096,256.50648119999096,258.9665703000501,300,1,[2.4597748001106083],[2.459783799946308],1,001,2025-11-13_19h13.13.684,intentional_binding,,2025.1.1,127.93367924758672,2025-11-13 19h13.19.641666 +0530,
0.7,400,unexp,51,3,4,space,0.3199678002856672,None,200,1,[3.323910600040108],[3.323919900227338],4,3,51,2,258.97328360006213,,258.9669349002652,258.97328360006213,259.959318399895,259.959318399895,259.96629180014133,260.2857467001304,space,0.3199678002856672,None,260.2866135002114,260.99002826685705,261.3077823999338,261.291846500244,261.29223600029945,261.3077823999338,261.3077823999338,261.3077823999338,264.6320123001933,200,1,[3.323910600040108],[3.323919900227338],1,001,2025-11-13_19h13.13.684,intentional_binding,,2025.1.1,127.93367924758672,2025-11-13 19h13.19.641666 +0530,
0.1,1000,exp,52,4,4,space,0.2606506999582052,None,250,1,[2.3669364997185767],[2.366945399902761],4,4,52,6,264.6383066000417,,264.63225740008056,264.6383066000417,265.624197000172,265.624197000172,265.6313140001148,265.8890221999027,space,0.2606506999582052,None,265.88967340020463,265.98838006664687,266.3062621001154,266.2880112999119,266.2884901999496,266.3062621001154,266.3062621001154,266.3062621001154,268.6735224002041,250,1,[2.3669364997185767],[2.366945399902761],1,001,2025-11-13_19h13.13.684,intentional_binding,,2025.1.1,127.93367924758672,2025-11-13 19h13.19.641666 +0530,
0.7,1000,exp,53,5,4,space,0.23150129988789558,None,300,1,[1.9308744999580085],[1.9308839002624154],4,5,53,5,268.6806826000102,,268.6737708002329,268.6806826000102,269.666539600119,269.666539600119,269.67306549986824,269.9029200002551,space,0.23150129988789558,None,269.9040025002323,270.60708756657937,270.9249712000601,270.9072753000073,270.9077580003068,270.9249712000601,270.9249712000601,270.9249712000601,272.8561554001644,300,1,[1.9308744999580085],[1.9308839002624154],1,001,2025-11-13_19h13.13.684,intentional_binding,,2025.1.1,127.93367924758672,2025-11-13 19h13.19.641666 +0530,
0.1,1000,exp,54,6,4,space,0.2403592001646757,None,400,1,[2.3154382002539933],[2.315447200089693],4,6,54,9,272.8629316999577,,272.85640140017495,272.8629316999577,273.84894700022414,273.84894700022414,273.855884199962,274.0923923999071,space,0.2403592001646757,None,274.09328530030325,274.1920192666041,274.4997908999212,274.48883360018954,274.4891933002509,274.4997908999212,274.4997908999212,274.4997908999212,276.8155169002712,400,1,[2.3154382002539933],[2.315447200089693],1,001,2025-11-13_19h13.13.684,intentional_binding,,2025.1.1,127.93367924758672,2025-11-13 19h13.19.641666 +0530,
0.1,400,unexp,55,7,4,space,0.21872369991615415,None,200,1,[2.3037446001544595],[2.3037535999901593],4,7,55,0,276.8215990001336,,276.81576499994844,276.8215990001336,277.80795900011435,277.80795900011435,277.81498710019514,278.03041250025854,space,0.21872369991615415,None,278.0313181001693,278.13030786678814,278.4481796002947,278.43060180032626,278.4311112998985,278.4481796002947,278.4481796002947,278.4481796002947,280.7522567999549,200,1,[2.3037446001544595],[2.3037535999901593],1,001,2025-11-13_19h13.13.684,intentional_binding,,2025.1.1,127.93367924758672,2025-11-13 19h13.19.641666 +0530,
0.7,1000,exp,56,8,4,space,0.20222669979557395,None,300,1,[2.383383400272578],[2.383392699994147],4,8,56,11,280.75894349999726,,280.7525039999746,280.75894349999726,281.74505360005423,281.74505360005423,281.751966800075,281.9536669002846,space,0.20222669979557395,None,281.95434860000387,282.6576317665788,282.9754413999617,282.95511900028214,282.95560300024226,282.9754413999617,282.9754413999617,282.9754413999617,285.359159800224,300,1,[2.383383400272578],[2.383392699994147],1,001,2025-11-13_19h13.13.684,intentional_binding,,2025.1.1,127.93367924758672,2025-11-13 19h13.19.641666 +0530,
0.4,1000,exp,57,9,4,space,0.2228502999059856,None,400,1,[1.8762692003510892],[1.8762783999554813],4,9,57,10,285.3655802998692,,285.3594046002254,285.3655802998692,286.35175700020045,286.35175700020045,286.3587017999962,286.58113240031525,space,0.2228502999059856,None,286.58171990001574,286.98651006684327,287.30440900009125,287.2878161002882,287.2882051002234,287.30440900009125,287.30440900009125,287.30440900009125,289.1809916002676,400,1,[1.8762692003510892],[1.8762783999554813],1,001,2025-11-13_19h13.13.684,intentional_binding,,2025.1.1,127.93367924758672,2025-11-13 19h13.19.641666 +0530,
0.7,1000,exp,58,10,4,space,0.1813999000005424,None,450,1,[1.9371050000190735],[1.9371148999780416],4,10,58,8,289.1872278000228,,289.1812360002659,289.1872278000228,290.1732812002301,290.1732812002301,290.1803346001543,290.3613696000539,space,0.1813999000005424,None,290.3623228003271,291.0654108669298,291.3827577000484,291.3645122000016,291.3650151998736,291.3827577000484,291.3827577000484,291.3827577000484,293.32019940018654,450,1,[1.9371050000190735],[1.9371148999780416],1,001,2025-11-13_19h13.13.684,intentional_binding,,2025.1.1,127.93367924758672,2025-11-13 19h13.19.641666 +0530,
0.1,1000,exp,59,11,4,space,0.21540830004960299,None,400,1,[2.037591699976474],[2.037600699812174],4,11,59,3,293.3268830999732,,293.32045580027625,293.3268830999732,294.31300220033154,294.31300220033154,294.31999019999057,294.5353323002346,space,0.21540830004960299,None,294.536033899989,294.63520366658145,294.94519550027326,294.9335178001784,294.93389540025964,294.94519550027326,294.94519550027326,294.94519550027326,296.9830809002742,400,1,[2.037591699976474],[2.037600699812174],1,001,2025-11-13_19h13.13.684,intentional_binding,,2025.1.1,127.93367924758672,2025-11-13 19h13.19.641666 +0530,
0.4,1000,exp,60,0,5,space,0.31180329993367195,None,500,1,[1.6713475999422371],[1.6713570998981595],5,0,60,10,296.98987769987434,,296.9833325003274,296.98987769987434,297.97581780003384,297.97581780003384,297.9830885003321,298.28916070004925,space,0.31180329993367195,None,298.28977990010753,298.69398596656197,299.0139321000315,298.9973261002451,298.99788299994543,299.0139321000315,299.0139321000315,299.0139321000315,300.685615000315,500,1,[1.6713475999422371],[1.6713570998981595],1,001,2025-11-13_19h13.13.684,intentional_binding,,2025.1.1,127.93367924758672,2025-11-13 19h13.19.641666 +0530,
0.7,400,unexp,61,1,5,space,0.2039419999346137,None,300,1,[2.186742200050503],[2.186760699842125],5,1,61,2,300.6918234000914,,300.6858556000516,300.6918234000914,301.6778982998803,301.6778982998803,301.6848893999122,301.88723549991846,space,0.2039419999346137,None,301.88819730002433,302.5925308666813,302.91090589994565,302.8933907998726,302.8938871999271,302.91090589994565,302.91090589994565,302.91090589994565,305.09803340025246,300,1,[2.186742200050503],[2.186760699842125],1,001,2025-11-13_19h13.13.684,intentional_binding,,2025.1.1,127.93367924758672,2025-11-13 19h13.19.641666 +0530,
0.1,1000,exp,62,2,5,space,0.22758219996467233,None,400,1,[2.7572154998779297],[2.7572245998308063],5,2,62,9,305.1043247003108,,305.09829010022804,305.1043247003108,306.09041160019115,306.09041160019115,306.0972783002071,306.3199216001667,space,0.22758219996467233,None,306.3205142002553,306.4195597666005,306.73811270017177,306.72014260012656,306.72065860033035,306.73811270017177,306.73811270017177,306.73811270017177,309.4956618002616,400,1,[2.7572154998779297],[2.7572245998308063],1,001,2025-11-13_19h13.13.684,intentional_binding,,2025.1.1,127.93367924758672,2025-11-13 19h13.19.641666 +0530,
0.4,1000,exp,63,3,5,space,0.19511270010843873,None,500,1,[2.077791000250727],[2.0778008000925183],5,3,63,4,309.5028833001852,,309.4959109001793,309.5028833001852,310.4886159999296,310.4886159999296,310.49554800009355,310.6902405000292,space,0.19511270010843873,None,310.69094499992207,311.0956417667369,311.41367280017585,311.3930732002482,311.39366830000654,311.41367280017585,311.41367280017585,311.41367280017585,313.49181340029463,500,1,[2.077791000250727],[2.0778008000925183],1,001,2025-11-13_19h13.13.684,intentional_binding,,2025.1.1,127.93367924758672,2025-11-13 19h13.19.641666 +0530,
0.7,1000,exp,64,4,5,space,0.22214689990505576,None,400,1,[2.6248547001741827],[2.624866200145334],5,4,64,5,313.4984645000659,,313.49208190012723,313.4984645000659,314.48461990011856,314.48461990011856,314.4915648000315,314.70761310029775,space,0.22214689990505576,None,314.70821200031787,315.4111220669622,315.7333740000613,315.71054130000994,315.71127759991214,315.7333740000613,315.7333740000613,315.7333740000613,318.3586023002863,400,1,[2.6248547001741827],[2.624866200145334],1,001,2025-11-13_19h13.13.684,intentional_binding,,2025.1.1,127.93367924758672,2025-11-13 19h13.19.641666 +0530,
0.1,400,unexp,65,5,5,space,0.028919000178575516,None,200,1,[2.470675100106746],[2.470684400293976],5,5,65,0,318.36469200020656,,318.358861700166,318.36469200020656,319.3507682001218,319.3507682001218,319.35761740012094,319.38544410001487,space,0.028919000178575516,None,319.3860245998949,319.48556196695813,319.80611729994416,319.7870892002247,319.78760660020635,319.80611729994416,319.80611729994416,319.80611729994416,322.2771415002644,200,1,[2.470675100106746],[2.470684400293976],1,001,2025-11-13_19h13.13.684,intentional_binding,,2025.1.1,127.93367924758672,2025-11-13 19h13.19.641666 +0530,
0.7,1000,exp,66,6,5,space,0.07146859960630536,None,300,1,[2.2225267002359033],[2.2225355999544263],5,6,66,11,322.2836774000898,,322.2773891002871,322.2836774000898,323.2700559999794,323.2700559999794,323.2770289001055,323.3468802999705,space,0.07146859960630536,None,323.3479643003084,324.05119756661975,324.3693603002466,324.35379450023174,324.3544355002232,324.3693603002466,324.3693603002466,324.3693603002466,326.59222580026835,300,1,[2.2225267002359033],[2.2225355999544263],1,001,2025-11-13_19h13.13.684,intentional_binding,,2025.1.1,127.93367924758672,2025-11-13 19h13.19.641666 +0530,
0.4,1000,exp,67,7,5,space,0.3301919996738434,None,400,1,[2.144748500082642],[2.144757299683988],5,7,67,7,326.59843750018626,,326.5924650998786,326.59843750018626,327.5844103000127,327.5844103000127,327.59141559991986,327.9185657002963,space,0.3301919996738434,None,327.91929720016196,328.31765966682383,328.637402900029,328.61876720003784,328.6193138002418,328.637402900029,328.637402900029,328.637402900029,330.78244860004634,400,1,[2.144748500082642],[2.144757299683988],1,001,2025-11-13_19h13.13.684,intentional_binding,,2025.1.1,127.93367924758672,2025-11-13 19h13.19.641666 +0530,
0.1,1000,exp,68,8,5,space,0.21601050021126866,None,500,1,[2.1850274996832013],[2.1850369996391237],5,8,68,3,330.78858450008556,,330.782707599923,330.78858450008556,331.77476500021294,331.77476500021294,331.7816304001026,331.99740089988336,space,0.21601050021126866,None,331.9981662002392,332.0970948669749,332.41508670011535,332.3966892999597,332.39707810012624,332.41508670011535,332.41508670011535,332.41508670011535,334.60048020025715,500,1,[2.1850274996832013],[2.1850369996391237],1,001,2025-11-13_19h13.13.684,intentional_binding,,2025.1.1,127.93367924758672,2025-11-13 19h13.19.641666 +0530,
0.7,1000,exp,69,9,5,space,0.19768609991297126,None,500,1,[1.6453465004451573],[1.645366400014609],5,9,69,8,334.6069141998887,,334.60081019997597,334.6069141998887,335.59283909993246,335.59283909993246,335.5997739001177,335.79505529999733,space,0.19768609991297126,None,335.7960578002967,336.49951896683,336.81733389990404,336.80028750002384,336.80082429992035,336.81733389990404,336.81733389990404,336.81733389990404,338.4632617002353,500,1,[1.6453465004451573],[1.645366400014609],1,001,2025-11-13_19h13.13.684,intentional_binding,,2025.1.1,127.93367924758672,2025-11-13 19h13.19.641666 +0530,
0.4,400,unexp,70,10,5,space,0.21255109971389174,None,200,1,[2.544126700144261],[2.544135599862784],5,10,70,1,338.46939099999145,,338.4636909002438,338.46939099999145,339.45394220016897,339.45394220016897,339.46087560011074,339.6693572001532,space,0.21255109971389174,None,339.670193400234,340.07475776697197,340.39227299997583,340.37437690002844,340.37475039996207,340.39227299997583,340.39227299997583,340.39227299997583,342.936714600306,200,1,[2.544126700144261],[2.544135599862784],1,001,2025-11-13_19h13.13.684,intentional_binding,,2025.1.1,127.93367924758672,2025-11-13 19h13.19.641666 +0530,
0.1,1000,exp,71,11,5,space,0.1818589000031352,None,400,1,[2.182531200349331],[2.1825465001165867],5,11,71,6,342.94282389990985,,342.9370041000657,342.94282389990985,343.92914210027084,343.92914210027084,343.93570689996704,344.11685270024464,space,0.1818589000031352,None,344.1175127001479,344.2163426667141,344.52660290012136,344.5156968999654,344.51607479993254,344.52660290012136,344.52660290012136,344.52660290012136,346.7095011002384,400,1,[2.182531200349331],[2.1825465001165867],1,001,2025-11-13_19h13.13.684,intentional_binding,,2025.1.1,127.93367924758672,2025-11-13 19h13.19.641666 +0530,
0.1,400,unexp,72,0,6,space,0.20874800020828843,None,300,1,[2.1374475001357496],[2.1374583998695016],6,0,72,0,346.71611079992726,,346.7097459002398,346.71611079992726,347.7020550998859,347.7020550998859,347.7091041998938,347.91785750025883,space,0.20874800020828843,None,347.9187497999519,348.017245866886,348.33510580006987,348.31591239990667,348.31628380017355,348.33510580006987,348.33510580006987,348.33510580006987,350.4728922001086,300,1,[2.1374475001357496],[2.1374583998695016],1,001,2025-11-13_19h13.13.684,intentional_binding,,2025.1.1,127.93367924758672,2025-11-13 19h13.19.641666 +0530,
0.7,1000,exp,73,1,6,space,0.22654150007292628,None,500,1,[2.2998637002892792],[2.299872700124979],6,1,73,8,350.4791538999416,,350.47313950024545,350.4791538999416,351.46517369989306,351.46517369989306,351.4722812999971,351.6949881003238,space,0.22654150007292628,None,351.6956846001558,352.3990377667981,352.7176667000167,352.6997227999382,352.70029010018334,352.7176667000167,352.7176667000167,352.7176667000167,355.017888400238,500,1,[2.2998637002892792],[2.299872700124979],1,001,2025-11-13_19h13.13.684,intentional_binding,,2025.1.1,127.93367924758672,2025-11-13 19h13.19.641666 +0530,
0.7,1000,exp,74,2,6,space,0.2453034999780357,None,600,1,[2.280474600382149],[2.2804837999865413],6,2,74,5,355.0240609999746,,355.01815519994125,355.0240609999746,356.0106722000055,356.0106722000055,356.01702219992876,356.26085860002786,space,0.2453034999780357,None,356.26153400028124,356.9645114667403,357.2852699998766,357.2712997002527,357.27181479986757,357.2852699998766,357.2852699998766,357.2852699998766,359.5660697002895,600,1,[2.280474600382149],[2.2804837999865413],1,001,2025-11-13_19h13.13.684,intentional_binding,,2025.1.1,127.93367924758672,2025-11-13 19h13.19.641666 +0530,
0.1,1000,exp,75,3,6,space,0.2485976996831596,None,600,1,[2.197104999795556],[2.1971207996830344],6,3,75,9,359.57274540001526,,359.56631299993023,359.57274540001526,360.5586442002095,360.5586442002095,360.56559560028836,360.8092733998783,space,0.2485976996831596,None,360.8100709002465,360.90894516656795,361.22719160001725,361.2085966998711,361.2091403999366,361.22719160001725,361.22719160001725,361.22719160001725,363.4247948001139,600,1,[2.197104999795556],[2.1971207996830344],1,001,2025-11-13_19h13.13.684,intentional_binding,,2025.1.1,127.93367924758672,2025-11-13 19h13.19.641666 +0530,
0.7,400,unexp,76,4,6,space,0.19675679970532656,None,500,1,[1.933343100361526],[1.9333528000861406],6,4,76,2,363.43027660017833,,363.4251840002835,363.43027660017833,364.4167176000774,364.4167176000774,364.423907100223,364.61842800024897,space,0.19675679970532656,None,364.6191004998982,365.322260466932,365.6402007001452,365.62096970016137,365.6216025999747,365.6402007001452,365.6402007001452,365.6402007001452,367.57386730005965,500,1,[1.933343100361526],[1.9333528000861406],1,001,2025-11-13_19h13.13.684,intentional_binding,,2025.1.1,127.93367924758672,2025-11-13 19h13.19.641666 +0530,
0.7,1000,exp,77,5,6,space,0.18567890021950006,None,600,1,[2.2708332003094256],[2.270842000376433],6,5,77,11,367.58007390005514,,367.5741143999621,367.58007390005514,368.56597559992224,368.56597559992224,368.5730395000428,368.7540275999345,space,0.18567890021950006,None,368.75481959991157,369.4577716668757,369.7785229999572,369.7605507001281,369.7611362999305,369.7785229999572,369.7785229999572,369.7785229999572,372.04969140002504,600,1,[2.2708332003094256],[2.270842000376433],1,001,2025-11-13_19h13.13.684,intentional_binding,,2025.1.1,127.93367924758672,2025-11-13 19h13.19.641666 +0530,
0.4,400,unexp,78,6,6,space,0.21191699989140034,None,600,1,[1.785211400128901],[1.7852205000817776],6,6,78,1,372.05586520023644,,372.04997500032187,372.05586520023644,373.0422630002722,373.0422630002722,373.04933169996366,373.2582193003036,space,0.21191699989140034,None,373.2591291000135,373.66314016661295,373.9805514002219,373.96507790032774,373.96565470006317,373.9805514002219,373.9805514002219,373.9805514002219,375.7661104002036,600,1,[1.785211400128901],[1.7852205000817776],1,001,2025-11-13_19h13.13.684,intentional_binding,,2025.1.1,127.93367924758672,2025-11-13 19h13.19.641666 +0530,
0.1,1000,exp,79,7,6,space,0.014867099933326244,None,700,1,[2.2141772001050413],[2.214186199940741],6,7,79,3,375.77254740009084,,375.7663759002462,375.77254740009084,376.75853040022776,376.75853040022776,376.7658178000711,376.7802349999547,space,0.014867099933326244,None,376.7810506001115,376.87973376695686,377.1977798999287,377.1785605000332,377.17907539987937,377.1977798999287,377.1977798999287,377.1977798999287,379.41227800026536,700,1,[2.2141772001050413],[2.214186199940741],1,001,2025-11-13_19h13.13.684,intentional_binding,,2025.1.1,127.93367924758672,2025-11-13 19h13.19.641666 +0530,
0.1,1000,exp,80,8,6,space,0.1423495002090931,None,600,1,[3.697428199928254],[3.697440799791366],6,8,80,6,379.41885469993576,,379.41252729995176,379.41885469993576,380.4051725999452,380.4051725999452,380.4118131999858,380.5515578999184,space,0.1423495002090931,None,380.5526998001151,380.65192656690874,380.9703684998676,380.95157360006124,380.9520884002559,380.9703684998676,380.9703684998676,380.9703684998676,384.66821240028366,600,1,[3.697428199928254],[3.697440799791366],1,001,2025-11-13_19h13.13.684,intentional_binding,,2025.1.1,127.93367924758672,2025-11-13 19h13.19.641666 +0530,
0.4,1000,exp,81,9,6,space,0.18719399999827147,None,500,1,[1.9187912000343204],[1.9188048001378775],6,9,81,4,384.6746056000702,,384.66847190028057,384.6746056000702,385.66043200017884,385.66043200017884,385.66739499988034,385.8483667001128,space,0.18719399999827147,None,385.8490964001976,386.25352626672634,386.5720792002976,386.55558570008725,386.55610110005364,386.5720792002976,386.5720792002976,386.5720792002976,388.4912576000206,500,1,[1.9187912000343204],[1.9188048001378775],1,001,2025-11-13_19h13.13.684,intentional_binding,,2025.1.1,127.93367924758672,2025-11-13 19h13.19.641666 +0530,
0.4,1000,exp,82,10,6,space,0.16928739985451102,None,560,1,[2.8510962002910674],[2.8511058003641665],6,10,82,7,388.497905400116,,388.4915140001103,388.497905400116,389.4839961999096,389.4839961999096,389.4908894998953,389.6580024003051,space,0.16928739985451102,None,389.6586376000196,390.06307836674773,390.38097110018134,390.36393290013075,390.36444080015644,390.38097110018134,390.38097110018134,390.38097110018134,393.23241560021415,560,1,[2.8510962002910674],[2.8511058003641665],1,001,2025-11-13_19h13.13.684,intentional_binding,,2025.1.1,127.93367924758672,2025-11-13 19h13.19.641666 +0530,
0.4,1000,exp,83,11,6,space,0.22412970010191202,None,600,1,[1.8791994000785053],[1.879208100028336],6,11,83,10,393.23830790026113,,393.2328011998907,393.23830790026113,394.2247236999683,394.2247236999683,394.2312680003233,394.45416760025546,space,0.22412970010191202,None,394.4551385999657,394.85930676671364,395.1771857999265,395.1599058001302,395.1603995002806,395.1771857999265,395.1771857999265,395.1771857999265,397.0567212998867,600,1,[1.8791994000785053],[1.879208100028336],1,001,2025-11-13_19h13.13.684,intentional_binding,,2025.1.1,127.93367924758672,2025-11-13 19h13.19.641666 +0530,
0.4,1000,exp,84,0,7,space,0.711446899920702,None,600,1,[1.8619142998941243],[1.8619291000068188],7,0,84,10,397.0631753001362,,397.05696929991245,397.0631753001362,398.0491289002821,398.0491289002821,398.0564455999993,398.7652068003081,space,0.711446899920702,None,398.76594620011747,399.17080946691954,399.4893279001117,399.4685217998922,399.4691830999218,399.4893279001117,399.4893279001117,399.4893279001117,401.3517034999095,600,1,[1.8619142998941243],[1.8619291000068188],1,001,2025-11-13_19h13.13.684,intentional_binding,,2025.1.1,127.93367924758672,2025-11-13 19h13.19.641666 +0530,
0.4,400,unexp,85,1,7,space,0.23183579975739121,None,400,1,[1.9815263003110886],[1.9815425002016127],7,1,85,1,401.3582732998766,,401.3520658002235,401.3582732998766,402.3443793002516,402.3443793002516,402.35138110024855,402.5807570000179,space,0.23183579975739121,None,402.5816756002605,402.9861273668396,403.3034922000952,403.2878495003097,403.28836000012234,403.3034922000952,403.3034922000952,403.3034922000952,405.2854790003039,400,1,[1.9815263003110886],[1.9815425002016127],1,001,2025-11-13_19h13.13.684,intentional_binding,,2025.1.1,127.93367924758672,2025-11-13 19h13.19.641666 +0530,
0.1,1000,exp,86,2,7,space,0.2443218003027141,None,400,1,[3.116453700233251],[3.1164694000035524],7,2,86,6,405.2919725002721,,405.2858833000064,405.2919725002721,406.2779847001657,406.2779847001657,406.28503510029987,406.5287675000727,space,0.2443218003027141,None,406.5294439001009,406.62845436676093,406.94834520015866,406.93379230005667,406.9342888998799,406.94834520015866,406.94834520015866,406.94834520015866,410.06526050018147,400,1,[3.116453700233251],[3.1164694000035524],1,001,2025-11-13_19h13.13.684,intentional_binding,,2025.1.1,127.93367924758672,2025-11-13 19h13.19.641666 +0530,
0.4,1000,exp,87,3,7,space,0.27324770018458366,None,400,1,[2.2828679997473955],[2.2828775998204947],7,3,87,4,410.0711726001464,,410.0655241999775,410.0711726001464,411.0572575000115,411.0572575000115,411.0641149999574,411.33535270020366,space,0.27324770018458366,None,411.3359568999149,411.7404578668686,412.0582189001143,412.04120650002733,412.04158880002797,412.0582189001143,412.0582189001143,412.0582189001143,414.3413847000338,400,1,[2.2828679997473955],[2.2828775998204947],1,001,2025-11-13_19h13.13.684,intentional_binding,,2025.1.1,127.93367924758672,2025-11-13 19h13.19.641666 +0530,
0.7,1000,exp,88,4,7,space,0.16237560007721186,None,500,1,[2.3393064001575112],[2.339315799996257],7,4,88,11,414.34817880019546,,414.3416414000094,414.34817880019546,415.3346385001205,415.3346385001205,415.34120560018346,415.5012976001017,space,0.16237560007721186,None,415.50212599989027,416.20498686662563,416.5228746999055,416.5040164999664,416.504513700027,416.5228746999055,416.5228746999055,416.5228746999055,418.862508200109,500,1,[2.3393064001575112],[2.339315799996257],1,001,2025-11-13_19h13.13.684,intentional_binding,,2025.1.1,127.93367924758672,2025-11-13 19h13.19.641666 +0530,
0.7,1000,exp,89,5,7,space,0.22931759990751743,None,500,1,[1.9119853000156581],[1.9119946002028883],7,5,89,5,418.86919690016657,,418.8627655999735,418.86919690016657,419.8552393000573,419.8552393000573,419.8620923999697,420.0915910000913,space,0.22931759990751743,None,420.09242970030755,420.7955526668268,421.11387440003455,421.0956287998706,421.0961417001672,421.11387440003455,421.11387440003455,421.11387440003455,423.0262044998817,500,1,[1.9119853000156581],[1.9119946002028883],1,001,2025-11-13_19h13.13.684,intentional_binding,,2025.1.1,127.93367924758672,2025-11-13 19h13.19.641666 +0530,
0.1,1000,exp,90,6,7,space,0.28512889984995127,None,500,1,[2.6246013999916613],[2.6246107001788914],7,6,90,3,423.03288169996813,,423.026467199903,423.03288169996813,424.0191488000564,424.0191488000564,424.02596160024405,424.31099520018324,space,0.28512889984995127,None,424.3116717999801,424.41067476669946,424.7337445002049,424.7142095002346,424.7147654001601,424.7337445002049,424.7337445002049,424.7337445002049,427.3586949002929,500,1,[2.6246013999916613],[2.6246107001788914],1,001,2025-11-13_19h13.13.684,intentional_binding,,2025.1.1,127.93367924758672,2025-11-13 19h13.19.641666 +0530,
0.7,400,unexp,91,7,7,space,0.20147900003939867,None,300,1,[2.5912725999951363],[2.591282000299543],7,7,91,2,427.3650249000639,,427.3589583002031,427.3650249000639,428.35119369998574,428.35119369998574,428.35812370013446,428.55348969995975,space,0.20147900003939867,None,428.5542284999974,429.2576621669034,429.57608490018174,429.55895549990237,429.55946190003306,429.57608490018174,429.57608490018174,429.57608490018174,432.1677089002915,300,1,[2.5912725999951363],[2.591282000299543],1,001,2025-11-13_19h13.13.684,intentional_binding,,2025.1.1,127.93367924758672,2025-11-13 19h13.19.641666 +0530,
0.1,400,unexp,92,8,7,space,0.25919329980388284,None,300,1,[2.3118567001074553],[2.311865699943155],7,8,92,0,432.17452959995717,,432.1679660999216,432.17452959995717,433.1604101001285,433.1604101001285,433.16741860006005,433.424910900183,space,0.25919329980388284,None,433.42585700005293,433.5249123667056,433.84249969990924,433.8251078003086,433.82561270007864,433.84249969990924,433.84249969990924,433.84249969990924,436.15468659996986,300,1,[2.3118567001074553],[2.311865699943155],1,001,2025-11-13_19h13.13.684,intentional_binding,,2025.1.1,127.93367924758672,2025-11-13 19h13.19.641666 +0530,
0.4,1000,exp,93,9,7,space,0.21445110021159053,None,500,1,[2.201384600251913],[2.2013934003189206],7,9,93,7,436.16101260017604,,436.1549323000945,436.16101260017604,437.1470530000515,437.1470530000515,437.15417200000957,437.36292000021785,space,0.21445110021159053,None,437.36386590031907,437.7679155669796,438.08579850010574,438.0697447001003,438.07012950023636,438.08579850010574,438.08579850010574,438.08579850010574,440.2875040001236,500,1,[2.201384600251913],[2.2013934003189206],1,001,2025-11-13_19h13.13.684,intentional_binding,,2025.1.1,127.93367924758672,2025-11-13 19h13.19.641666 +0530,
0.1,1000,exp,94,10,7,space,0.2024951996281743,None,500,1,[2.1119140000082552],[2.1119236000813544],7,10,94,9,440.2936014998704,,440.2877469002269,440.2936014998704,441.279837500304,441.279837500304,441.28694000001997,441.4886825000867,space,0.2024951996281743,None,441.4892839002423,441.5882509668047,441.90613989997655,441.88875319994986,441.8891353001818,441.90613989997655,441.90613989997655,441.90613989997655,444.0183904999867,500,1,[2.1119140000082552],[2.1119236000813544],1,001,2025-11-13_19h13.13.684,intentional_binding,,2025.1.1,127.93367924758672,2025-11-13 19h13.19.641666 +0530,
0.7,1000,exp,95,11,7,space,0.05120170023292303,None,500,1,[2.1133687999099493],[2.1133777000941336],7,11,95,8,444.0250397999771,,444.0186467003077,444.0250397999771,445.01133840018883,445.01133840018883,445.0180124002509,445.06700689997524,space,0.05120170023292303,None,445.0676788999699,445.77100536699095,446.08938160026446,446.0709547000006,446.0715409000404,446.08938160026446,446.08938160026446,446.08938160026446,448.2030925001018,500,1,[2.1133687999099493],[2.1133777000941336],1,001,2025-11-13_19h13.13.684,intentional_binding,,2025.1.1,127.93367924758672,2025-11-13 19h13.19.641666 +0530,
0.7,1000,exp,96,0,8,space,0.09362759999930859,None,500,1,[1.5476060002110898],[1.5476203998550773],8,0,96,8,448.20929550006986,,448.2033338001929,448.20929550006986,449.19545220024884,449.19545220024884,449.2025031000376,449.29315320029855,space,0.09362759999930859,None,449.2940716999583,449.9971991666282,450.315596899949,450.3011854002252,450.30170419998467,450.315596899949,450.315596899949,450.315596899949,451.8636083002202,500,1,[1.5476060002110898],[1.5476203998550773],1,001,2025-11-13_19h13.13.684,intentional_binding,,2025.1.1,127.93367924758672,2025-11-13 19h13.19.641666 +0530,
0.1,1000,exp,97,1,8,space,0.4949345998466015,None,600,1,[2.1263451003469527],[2.126355000305921],8,1,97,9,451.8700963999145,,451.863860799931,451.8700963999145,452.856170500163,452.856170500163,452.86309670004994,453.35687089990824,space,0.4949345998466015,None,453.3576970002614,453.4569134666274,453.77579340012744,453.7611652999185,453.76180840004236,453.77579340012744,453.77579340012744,453.77579340012744,455.9024936002679,600,1,[2.1263451003469527],[2.126355000305921],1,001,2025-11-13_19h13.13.684,intentional_binding,,2025.1.1,127.93367924758672,2025-11-13 19h13.19.641666 +0530,
0.4,1000,exp,98,2,8,space,0.1356000998057425,None,700,1,[1.940043400041759],[1.9400526001118124],8,2,98,10,455.909042800311,,455.9027472999878,455.909042800311,456.8952469001524,456.8952469001524,456.90214570006356,457.0347563000396,space,0.1356000998057425,None,457.03534820023924,457.43965836667144,457.75746960006654,457.7405917001888,457.74113199999556,457.75746960006654,457.75746960006654,457.75746960006654,459.69786240020767,700,1,[1.940043400041759],[1.9400526001118124],1,001,2025-11-13_19h13.13.684,intentional_binding,,2025.1.1,127.93367924758672,2025-11-13 19h13.19.641666 +0530,
0.1,1000,exp,99,3,8,space,0.2245358000509441,None,750,1,[3.767887800000608],[3.7678970000706613],8,3,99,3,459.7041771002114,,459.69810579996556,459.7041771002114,460.6904425001703,460.6904425001703,460.697327000089,460.9198076999746,space,0.2245358000509441,None,460.9203898003325,461.01937346678847,461.3373596002348,461.3238929002546,461.3244652999565,461.3373596002348,461.3373596002348,461.3373596002348,465.1055847001262,750,1,[3.767887800000608],[3.7678970000706613],1,001,2025-11-13_19h13.13.684,intentional_binding,,2025.1.1,127.93367924758672,2025-11-13 19h13.19.641666 +0530,
0.1,400,unexp,100,4,8,space,0.2243852000683546,None,300,1,[3.0676612998358905],[3.067670399788767],8,4,100,0,465.1123696998693,,465.1058316999115,465.1123696998693,466.09850870026276,466.09850870026276,466.10537140024826,466.32818670012057,space,0.2243852000683546,None,466.3290820000693,466.4275752669821,466.7455107001588,466.7305374001153,466.73090820014477,466.7455107001588,466.7455107001588,466.7455107001588,469.813474399969,300,1,[3.0676612998358905],[3.067670399788767],1,001,2025-11-13_19h13.13.684,intentional_binding,,2025.1.1,127.93367924758672,2025-11-13 19h13.19.641666 +0530,
0.4,1000,exp,101,5,8,space,0.2608040003105998,None,400,1,[5.204756800085306],[5.204766500275582],8,5,101,4,469.82006300007924,,469.81372210010886,469.82006300007924,470.8063505003229,470.8063505003229,470.81341730011627,471.07096650032327,space,0.2608040003105998,None,471.0718323001638,471.4700984666745,471.7882512998767,471.77125420002267,471.77174969995394,471.7882512998767,471.7882512998767,471.7882512998767,476.9933380000293,400,1,[5.204756800085306],[5.204766500275582],1,001,2025-11-13_19h13.13.684,intentional_binding,,2025.1.1,127.93367924758672,2025-11-13 19h13.19.641666 +0530,
0.4,400,unexp,102,6,8,space,0.19836940011009574,None,300,1,[2.2820651000365615],[2.282074199989438],8,6,102,1,477.000064200256,,476.9935886999592,477.000064200256,477.98613619990647,477.98613619990647,477.9932134002447,478.18792730011046,space,0.19836940011009574,None,478.1885081999935,478.59301506687575,478.91637460002676,478.8905907999724,478.8910898999311,478.91637460002676,478.91637460002676,478.91637460002676,481.19877979997545,300,1,[2.2820651000365615],[2.282074199989438],1,001,2025-11-13_19h13.13.684,intentional_binding,,2025.1.1,127.93367924758672,2025-11-13 19h13.19.641666 +0530,
0.1,1000,exp,103,7,8,space,0.06316150026395917,None,400,1,[2.3666434003971517],[2.3666523001156747],8,7,103,6,481.2051429999992,,481.1990225003101,481.2051429999992,482.1912115002051,482.1912115002051,482.1981847998686,482.2611779998988,space,0.06316150026395917,None,482.2618256001733,482.3612305666941,482.6798358000815,482.664004100021,482.6643833001144,482.6798358000815,482.6798358000815,482.6798358000815,485.04682240029797,400,1,[2.3666434003971517],[2.3666523001156747],1,001,2025-11-13_19h13.13.684,intentional_binding,,2025.1.1,127.93367924758672,2025-11-13 19h13.19.641666 +0530,
0.7,400,unexp,104,8,8,space,0.10235369997099042,None,200,1,[2.445978600066155],[2.4459875002503395],8,8,104,2,485.0530061000027,,485.0471256002784,485.0530061000027,486.03930280031636,486.03930280031636,486.0459030000493,486.14373139990494,space,0.10235369997099042,None,486.14430190017447,486.8477628669391,487.1661705998704,487.14804479992017,487.1486986000091,487.1661705998704,487.1661705998704,487.1661705998704,489.61248910008,200,1,[2.445978600066155],[2.4459875002503395],1,001,2025-11-13_19h13.13.684,intentional_binding,,2025.1.1,127.93367924758672,2025-11-13 19h13.19.641666 +0530,
0.4,1000,exp,105,9,8,space,0.09206379996612668,None,400,1,[1.686332399956882],[1.6863410002551973],8,9,105,7,489.6194859002717,,489.61274870019406,489.6194859002717,490.6054430999793,490.6054430999793,490.61236090026796,490.70324030006304,space,0.09206379996612668,None,490.7042376003228,491.1081305668379,491.4271837999113,491.4103047000244,491.41083380021155,491.4271837999113,491.4271837999113,491.4271837999113,493.1138221998699,400,1,[1.686332399956882],[1.6863410002551973],1,001,2025-11-13_19h13.13.684,intentional_binding,,2025.1.1,127.93367924758672,2025-11-13 19h13.19.641666 +0530,
0.7,1000,exp,106,10,8,space,0.2578449002467096,None,300,1,[2.0076623000204563],[2.007671399973333],8,10,106,5,493.1200687000528,,493.11406620033085,493.1200687000528,494.1061431001872,494.1061431001872,494.1131369001232,494.37009490001947,space,0.2578449002467096,None,494.3706789002754,495.07447926659756,495.3923456002958,495.3759763999842,495.37660699989647,495.3923456002958,495.3923456002958,495.3923456002958,497.4003550000489,300,1,[2.0076623000204563],[2.007671399973333],1,001,2025-11-13_19h13.13.684,intentional_binding,,2025.1.1,127.93367924758672,2025-11-13 19h13.19.641666 +0530,
0.7,1000,exp,107,11,8,space,0.16095349984243512,None,500,1,[2.023717800155282],[2.023726699873805],8,11,107,11,497.4064814001322,,497.4006362003274,497.4064814001322,498.39258780004457,498.39258780004457,498.399854300078,498.5599515000358,space,0.16095349984243512,None,498.5608675000258,499.25903996691727,499.57730960007757,499.5634779999964,499.5638517001644,499.57730960007757,499.57730960007757,499.57730960007757,501.6013318998739,500,1,[2.023717800155282],[2.023726699873805],1,001,2025-11-13_19h13.13.684,intentional_binding,,2025.1.1,127.93367924758672,2025-11-13 19h13.19.641666 +0530,
0.7,1000,exp,108,0,9,space,0.2230600998736918,None,500,1,[1.818526600021869],[1.8185427002608776],9,0,108,11,501.6079601002857,,501.60158000001684,501.6079601002857,502.5940984999761,502.5940984999761,502.6011191001162,502.8237899001688,space,0.2230600998736918,None,502.8249079999514,503.5276506669509,503.8467186000198,503.83203710010275,503.8325350000523,503.8467186000198,503.8467186000198,503.8467186000198,505.6657326002605,500,1,[1.818526600021869],[1.8185427002608776],1,001,2025-11-13_19h13.13.684,intentional_binding,,2025.1.1,127.93367924758672,2025-11-13 19h13.19.641666 +0530,
0.1,1000,exp,109,1,9,space,0.28586800023913383,None,600,1,[1.979492399841547],[1.979501400142908],9,1,109,6,505.67210229998454,,505.6661241003312,505.67210229998454,506.65823689987883,506.65823689987883,506.66518740030006,506.9506997000426,space,0.28586800023913383,None,506.95150890015066,507.05255066656196,507.3705239002593,507.35272409999743,507.3533077002503,507.3705239002593,507.3705239002593,507.3705239002593,509.35033879987895,600,1,[1.979492399841547],[1.979501400142908],1,001,2025-11-13_19h13.13.684,intentional_binding,,2025.1.1,127.93367924758672,2025-11-13 19h13.19.641666 +0530,
0.7,1000,exp,110,2,9,space,0.17855089996010065,None,600,1,[2.217907899990678],[2.2179214996285737],9,2,110,8,509.3573317001574,,509.3505854001269,509.3573317001574,510.3433197000995,510.3433197000995,510.3502865000628,510.524633300025,space,0.17855089996010065,None,510.52576830005273,511.22945456678667,511.5478075998835,511.5306425001472,511.5312083000317,511.5478075998835,511.5478075998835,511.5478075998835,513.7661850000732,600,1,[2.217907899990678],[2.2179214996285737],1,001,2025-11-13_19h13.13.684,intentional_binding,,2025.1.1,127.93367924758672,2025-11-13 19h13.19.641666 +0530,
0.1,1000,exp,111,3,9,space,0.014744199812412262,None,700,1,[1.8993472000584006],[1.8993620001710951],9,3,111,9,513.7745350003242,,513.7664900003001,513.7745350003242,514.7565040001646,514.7565040001646,514.7704627001658,514.7774956002831,space,0.014744199812412262,None,514.7784442002885,514.8773886669117,515.1953770001419,515.1787489000708,515.1791304000653,515.1953770001419,515.1953770001419,515.1953770001419,517.095168699976,700,1,[1.8993472000584006],[1.8993620001710951],1,001,2025-11-13_19h13.13.684,intentional_binding,,2025.1.1,127.93367924758672,2025-11-13 19h13.19.641666 +0530,
0.4,1000,exp,112,4,9,space,0.19888600008562207,None,800,1,[2.6280473000369966],[2.6280640000477433],9,4,112,4,517.1030329000205,,517.0955547001213,517.1030329000205,518.0906938002445,518.0906938002445,518.0976344998926,518.2935739001259,space,0.19888600008562207,None,518.2941767000593,518.6988736666428,519.0171403000131,518.9996342998929,519.0000008000061,519.0171403000131,519.0171403000131,519.0171403000131,521.645642099902,800,1,[2.6280473000369966],[2.6280640000477433],1,001,2025-11-13_19h13.13.684,intentional_binding,,2025.1.1,127.93367924758672,2025-11-13 19h13.19.641666 +0530,
0.7,1000,exp,113,5,9,space,0.20418170001357794,None,600,1,[1.6473741000518203],[1.6473834998905659],9,5,113,5,521.6521724001504,,521.6460267002694,521.6521724001504,522.6383811999112,522.6383811999112,522.6453523002565,522.847315300256,space,0.20418170001357794,None,522.8478999999352,523.5519626667412,523.8698971001431,523.8528154999949,523.8533991998993,523.8698971001431,523.8698971001431,523.8698971001431,525.5176145001315,600,1,[1.6473741000518203],[1.6473834998905659],1,001,2025-11-13_19h13.13.684,intentional_binding,,2025.1.1,127.93367924758672,2025-11-13 19h13.19.641666 +0530,
0.1,1000,exp,114,6,9,space,0.03566349996253848,None,700,1,[2.826283700298518],[2.8262924002483487],9,6,114,3,525.5242250002921,,525.5178617001511,525.5242250002921,526.5070426003076,526.5070426003076,526.5139355999418,526.5490453001112,space,0.03566349996253848,None,526.549630000256,526.6488201665381,526.9580151000991,526.9462371002883,526.9467564001679,526.9580151000991,526.9580151000991,526.9580151000991,529.7845871001482,700,1,[2.826283700298518],[2.8262924002483487],1,001,2025-11-13_19h13.13.684,intentional_binding,,2025.1.1,127.93367924758672,2025-11-13 19h13.19.641666 +0530,
0.4,1000,exp,115,7,9,space,0.12852140003815293,None,700,1,[2.073950699996203],[2.0739600001834333],9,7,115,7,529.7911602999084,,529.7848302000202,529.7911602999084,530.7770434003323,530.7770434003323,530.7839788999408,530.909825600218,space,0.12852140003815293,None,530.9107669000514,531.3146974668527,531.6324690999463,531.6183529999107,531.6188739999197,531.6324690999463,531.6324690999463,531.6324690999463,533.7067475998774,700,1,[2.073950699996203],[2.0739600001834333],1,001,2025-11-13_19h13.13.684,intentional_binding,,2025.1.1,127.93367924758672,2025-11-13 19h13.19.641666 +0530,
0.4,1000,exp,116,8,9,space,0.2273885002359748,None,800,1,[1.9164891000837088],[1.9165024999529123],9,8,116,10,533.7128762002103,,533.7069911998697,533.7128762002103,534.6988412002102,534.6988412002102,534.7058941000141,534.928500100039,space,0.2273885002359748,None,534.9290839000605,535.3340108669984,535.652862700168,535.6381514999084,535.6385218002833,535.652862700168,535.652862700168,535.652862700168,537.569773199968,800,1,[1.9164891000837088],[1.9165024999529123],1,001,2025-11-13_19h13.13.684,intentional_binding,,2025.1.1,127.93367924758672,2025-11-13 19h13.19.641666 +0530,
0.7,400,unexp,117,9,9,space,0.1760720000602305,None,400,1,[2.582029899582267],[2.5820406996645033],9,9,117,2,537.5758704002947,,537.5701180002652,537.5758704002947,538.5620694002137,538.5620694002137,538.568958800286,538.7433162000962,space,0.1760720000602305,None,538.7442705002613,539.4466210669527,539.7616004999727,539.746971399989,539.7475471002981,539.7616004999727,539.7616004999727,539.7616004999727,542.3439922002144,400,1,[2.582029899582267],[2.5820406996645033],1,001,2025-11-13_19h13.13.684,intentional_binding,,2025.1.1,127.93367924758672,2025-11-13 19h13.19.641666 +0530,
0.4,400,unexp,118,10,9,space,0.0009635998867452145,None,300,1,[1.761359500233084],[1.7613683003000915],9,10,118,1,542.3503988999873,,542.3443702002987,542.3503988999873,543.3363756001927,543.3363756001927,543.343118400313,543.3435174999759,space,0.0009635998867452145,None,543.3444099002518,543.7488019667255,544.0666339001618,544.0521889002994,544.0525691001676,544.0666339001618,544.0666339001618,544.0666339001618,545.8282961002551,300,1,[1.761359500233084],[1.7613683003000915],1,001,2025-11-13_19h13.13.684,intentional_binding,,2025.1.1,127.93367924758672,2025-11-13 19h13.19.641666 +0530,
0.1,400,unexp,119,11,9,space,0.7017691996879876,None,300,1,[2.5147608001716435],[2.5147716999053955],9,11,119,0,545.8349232999608,,545.8285467000678,545.8349232999608,546.8211068999954,546.8211068999954,546.8279806002975,547.5298501001671,space,0.7017691996879876,None,547.5305996001698,547.6293128668951,547.9392051999457,547.9258934999816,547.9263629000634,547.9392051999457,547.9392051999457,547.9392051999457,550.4543169001117,300,1,[2.5147608001716435],[2.5147716999053955],1,001,2025-11-13_19h13.13.684,intentional_binding,,2025.1.1,127.93367924758672,2025-11-13 19h13.19.641666 +0530,
0.4,1000,exp,120,0,10,space,0.2636013003066182,None,500,1,[2.1726154000498354],[2.172624600119889],10,0,120,7,550.4607913000509,,550.454572699964,550.4607913000509,551.4468493000604,551.4468493000604,551.4537698002532,551.7114289002493,space,0.2636013003066182,None,551.7121151001193,552.1169026666942,552.4350594999269,552.4171250001527,552.4176135002635,552.4350594999269,552.4350594999269,552.4350594999269,554.608003300149,500,1,[2.1726154000498354],[2.172624600119889],1,001,2025-11-13_19h13.13.684,intentional_binding,,2025.1.1,127.93367924758672,2025-11-13 19h13.19.641666 +0530,
0.7,1000,exp,121,1,10,space,0.23440300021320581,None,600,1,[1.550091499928385],[1.5501008001156151],10,1,121,11,554.6141208000481,,554.6083440002985,554.6141208000481,555.6004190002568,555.6004190002568,555.6074212002568,555.8386403000914,space,0.23440300021320581,None,555.8393363999203,556.5427719667243,556.8606913001277,556.8427237998694,556.8430896000937,556.8606913001277,556.8606913001277,556.8606913001277,558.4110806998797,600,1,[1.550091499928385],[1.5501008001156151],1,001,2025-11-13_19h13.13.684,intentional_binding,,2025.1.1,127.93367924758672,2025-11-13 19h13.19.641666 +0530,
0.4,1000,exp,122,2,10,space,0.08378320001065731,None,500,1,[2.145398600026965],[2.1454074000939727],10,2,122,4,558.4179305001162,,558.4113328000531,558.4179305001162,559.4039636999369,559.4039636999369,559.4109093002044,559.494500100147,space,0.08378320001065731,None,559.4950943002477,559.8996795667956,560.2174510001205,560.1982789002359,560.1988650001585,560.2174510001205,560.2174510001205,560.2174510001205,562.3631545002572,500,1,[2.145398600026965],[2.1454074000939727],1,001,2025-11-13_19h13.13.684,intentional_binding,,2025.1.1,127.93367924758672,2025-11-13 19h13.19.641666 +0530,
0.7,1000,exp,123,3,10,space,0.281596299726516,None,600,1,[1.5980267999693751],[1.598038800060749],10,3,123,8,562.3695747000165,,562.363415400032,562.3695747000165,563.355678900145,563.355678900145,563.3627279000357,563.641345300246,space,0.281596299726516,None,563.6420195000246,564.3451828668515,564.6642583003268,564.6506004002877,564.6511782002635,564.6642583003268,564.6642583003268,564.6642583003268,566.2626879001036,600,1,[1.5980267999693751],[1.598038800060749],1,001,2025-11-13_19h13.13.684,intentional_binding,,2025.1.1,127.93367924758672,2025-11-13 19h13.19.641666 +0530,
0.7,1000,exp,124,4,10,space,0.22794939996674657,None,700,1,[2.1202655998058617],[2.1202767002396286],10,4,124,5,566.2691478002816,,566.2630203003064,566.2691478002816,567.2557524000295,567.2557524000295,567.2622523000464,567.4850180000067,space,0.22794939996674657,None,567.4856989001855,568.1885449668082,568.5064588999376,568.4916385998949,568.4920073999092,568.5064588999376,568.5064588999376,568.5064588999376,570.627051200252,700,1,[2.1202655998058617],[2.1202767002396286],1,001,2025-11-13_19h13.13.684,intentional_binding,,2025.1.1,127.93367924758672,2025-11-13 19h13.19.641666 +0530,
0.4,400,unexp,125,5,10,space,0.18942740000784397,None,400,1,[1.9138249000534415],[1.9138372996822],10,5,125,1,570.6334311002865,,570.62731599994,570.6334311002865,571.6196409002878,571.6196409002878,571.6264523998834,571.814427500125,space,0.18942740000784397,None,571.8150348002091,572.21980476665,572.5371802998707,572.5246218000539,572.5251195998862,572.5371802998707,572.5371802998707,572.5371802998707,574.4513731999323,400,1,[1.9138249000534415],[1.9138372996822],1,001,2025-11-13_19h13.13.684,intentional_binding,,2025.1.1,127.93367924758672,2025-11-13 19h13.19.641666 +0530,
0.1,400,unexp,126,6,10,space,0.23765949998050928,None,300,1,[1.6896131997928023],[1.6896282997913659],10,6,126,0,574.4577607000247,,574.4516334002838,574.4577607000247,575.443730100058,575.443730100058,575.4508262001909,575.6872654003091,space,0.23765949998050928,None,575.6881923000328,575.7869718666809,576.1049528000876,576.088946999982,576.0894380002283,576.1049528000876,576.1049528000876,576.1049528000876,577.7950438000262,300,1,[1.6896131997928023],[1.6896282997913659],1,001,2025-11-13_19h13.13.684,intentional_binding,,2025.1.1,127.93367924758672,2025-11-13 19h13.19.641666 +0530,
0.7,400,unexp,127,7,10,space,0.1504997001029551,None,300,1,[1.8439221000298858],[1.8439314998686314],10,7,127,2,577.8006899999455,,577.7954246001318,577.8006899999455,578.7871464001946,578.7871464001946,578.7939045000821,578.9400276001543,space,0.1504997001029551,None,578.9408152000979,579.6441472666959,579.9619613001123,579.943722399883,579.9444730998948,579.9619613001123,579.9619613001123,579.9619613001123,581.8062074999325,300,1,[1.8439221000298858],[1.8439314998686314],1,001,2025-11-13_19h13.13.684,intentional_binding,,2025.1.1,127.93367924758672,2025-11-13 19h13.19.641666 +0530,
0.1,1000,exp,128,8,10,space,0.2878418997861445,None,500,1,[2.044499000068754],[2.044509000144899],10,8,128,9,581.8128964002244,,581.8064546999522,581.8128964002244,582.7989322999492,582.7989322999492,582.8058271002956,583.0913249999285,space,0.2878418997861445,None,583.0923152999021,583.1913856669019,583.5095474002883,583.4875918002799,583.4883524002507,583.5095474002883,583.5095474002883,583.5095474002883,585.5544195002876,500,1,[2.044499000068754],[2.044509000144899],1,001,2025-11-13_19h13.13.684,intentional_binding,,2025.1.1,127.93367924758672,2025-11-13 19h13.19.641666 +0530,
0.1,1000,exp,129,9,10,space,0.2400344000197947,None,600,1,[1.7984595000743866],[1.7984686000272632],10,9,129,6,585.5609468002804,,585.5546796000563,585.5609468002804,586.5472152000293,586.5472152000293,586.5541415000334,586.7904946003109,space,0.2400344000197947,None,586.7913577998988,586.8904150669152,587.2081331000663,587.1914277002215,587.1918124002405,587.2081331000663,587.2081331000663,587.2081331000663,589.0069061000831,600,1,[1.7984595000743866],[1.7984686000272632],1,001,2025-11-13_19h13.13.684,intentional_binding,,2025.1.1,127.93367924758672,2025-11-13 19h13.19.641666 +0530,
0.1,1000,exp,130,10,10,space,0.09442979982122779,None,600,1,[1.682526999618858],[1.6825428996235132],10,10,130,3,589.0128951999359,,589.0071457000449,589.0128951999359,589.9992404002696,589.9992404002696,590.0062623000704,590.0968583002687,space,0.09442979982122779,None,590.0977568002418,590.1965185669872,590.5145181999542,590.4960988000967,590.4965996001847,590.5145181999542,590.5145181999542,590.5145181999542,592.1975309001282,600,1,[1.682526999618858],[1.6825428996235132],1,001,2025-11-13_19h13.13.684,intentional_binding,,2025.1.1,127.93367924758672,2025-11-13 19h13.19.641666 +0530,
0.4,1000,exp,131,11,10,space,0.08622159995138645,None,700,1,[1.547764599788934],[1.5477796997874975],10,11,131,10,592.2038855003193,,592.1978424000554,592.2038855003193,593.1898060003296,593.1898060003296,593.1968499999493,593.2806469001807,space,0.08622159995138645,None,593.2815999002196,593.6856767666216,594.0044224001467,593.9855856001377,593.9860660000704,594.0044224001467,594.0044224001467,594.0044224001467,595.5526697998866,700,1,[1.547764599788934],[1.5477796997874975],1,001,2025-11-13_19h13.13.684,intentional_binding,,2025.1.1,127.93367924758672,2025-11-13 19h13.19.641666 +0530,
0.1,1000,exp,132,0,11,space,0.09715729998424649,None,800,1,[2.030758600216359],[2.0307738999836147],11,0,132,3,595.5590611002408,,595.5530583001673,595.5590611002408,596.5451605003327,596.5451605003327,596.5521622002125,596.6428915001452,space,0.09715729998424649,None,596.6437631002627,596.7423773669327,597.0612646001391,597.0437532002106,597.0442719999701,597.0612646001391,597.0612646001391,597.0612646001391,599.0923577998765,800,1,[2.030758600216359],[2.0307738999836147],1,001,2025-11-13_19h13.13.684,intentional_binding,,2025.1.1,127.93367924758672,2025-11-13 19h13.19.641666 +0530,
0.7,1000,exp,133,1,11,space,0.021103099919855595,None,800,1,[2.7513887002132833],[2.7513989000581205],11,1,133,11,599.0993502000347,,599.0926029998809,599.0993502000347,600.0849339999259,600.0849339999259,600.0919750998728,600.1132412999868,space,0.021103099919855595,None,600.1141603002325,600.8169317669856,601.1352671999484,601.1200129003264,601.1206630999222,601.1352671999484,601.1352671999484,601.1352671999484,603.8870073999278,800,1,[2.7513887002132833],[2.7513989000581205],1,001,2025-11-13_19h13.13.684,intentional_binding,,2025.1.1,127.93367924758672,2025-11-13 19h13.19.641666 +0530,
0.1,400,unexp,134,2,11,space,0.43175970017910004,None,200,1,[2.5922607998363674],[2.592272900044918],11,2,134,0,603.8928551999852,,603.8872517999262,603.8928551999852,604.8789711999707,604.8789711999707,604.8858389002271,605.3178245001473,space,0.43175970017910004,None,605.3189294999465,605.4175391668143,605.7353505999781,605.7185482000932,605.719049999956,605.7353505999781,605.7353505999781,605.7353505999781,608.3279776000418,200,1,[2.5922607998363674],[2.592272900044918],1,001,2025-11-13_19h13.13.684,intentional_binding,,2025.1.1,127.93367924758672,2025-11-13 19h13.19.641666 +0530,
0.4,1000,exp,135,3,11,space,0.35734259989112616,None,400,1,[1.937853999901563],[1.937862700317055],11,3,135,4,608.3346969000995,,608.3282401002944,608.3346969000995,609.3211985998787,609.3211985998787,609.3276827000082,609.6823495002463,space,0.35734259989112616,None,609.683052000124,610.0875463667946,610.4063778002746,610.3883664999157,610.3888655002229,610.4063778002746,610.4063778002746,610.4063778002746,612.3445727000944,400,1,[1.937853999901563],[1.937862700317055],1,001,2025-11-13_19h13.13.684,intentional_binding,,2025.1.1,127.93367924758672,2025-11-13 19h13.19.641666 +0530,
0.4,1000,exp,136,4,11,space,0.25751900020986795,None,300,1,[1.7079684003256261],[1.7079771999269724],11,4,136,10,612.3507388001308,,612.3448159000836,612.3507388001308,613.3370791999623,613.3370791999623,613.3440288999118,613.6008462002501,space,0.25751900020986795,None,613.6017439002171,614.0003484669762,614.3139933003113,614.2985551999882,614.2990668001585,614.3139933003113,614.3139933003113,614.3139933003113,616.0222754999995,300,1,[1.7079684003256261],[1.7079771999269724],1,001,2025-11-13_19h13.13.684,intentional_binding,,2025.1.1,127.93367924758672,2025-11-13 19h13.19.641666 +0530,
0.7,400,unexp,137,5,11,space,0.2489688997156918,None,200,1,[2.11682500038296],[2.116834600456059],11,5,137,2,616.0292420000769,,616.0225251000375,616.0292420000769,617.0150462002493,617.0150462002493,617.0220526000485,617.2654267000034,space,0.2489688997156918,None,617.2662380002439,617.9693922666522,618.2871177000925,618.2722201002762,618.2727733002976,618.2871177000925,618.2871177000925,618.2871177000925,620.404312599916,200,1,[2.11682500038296],[2.116834600456059],1,001,2025-11-13_19h13.13.684,intentional_binding,,2025.1.1,127.93367924758672,2025-11-13 19h13.19.641666 +0530,
0.4,1000,exp,138,6,11,space,0.22925710026174784,None,400,1,[1.8214082000777125],[1.821423300076276],11,6,138,7,620.4102203003131,,620.4046074002981,620.4102203003131,621.3963938001543,621.3963938001543,621.4033508002758,621.6325632003136,space,0.22925710026174784,None,621.6334132999182,622.0383103667448,622.3480779998936,622.3362471000291,622.3366232002154,622.3480779998936,622.3480779998936,622.3480779998936,624.1699244002812,400,1,[1.8214082000777125],[1.821423300076276],1,001,2025-11-13_19h13.13.684,intentional_binding,,2025.1.1,127.93367924758672,2025-11-13 19h13.19.641666 +0530,
0.7,1000,exp,139,7,11,space,0.23494540015235543,None,500,1,[1.8988157999701798],[1.8988246996887028],11,7,139,5,624.1762402001768,,624.1702414001338,624.1762402001768,625.1625350001268,625.1625350001268,625.1696429001167,625.3991955001839,space,0.23494540015235543,None,625.4001636998728,626.1033434668245,626.4141731001437,626.4009989001788,626.4014972001314,626.4141731001437,626.4141731001437,626.4141731001437,628.3133706999943,500,1,[1.8988157999701798],[1.8988246996887028],1,001,2025-11-13_19h13.13.684,intentional_binding,,2025.1.1,127.93367924758672,2025-11-13 19h13.19.641666 +0530,
0.7,1000,exp,140,8,11,space,0.08897360041737556,None,600,1,[1.7865476999431849],[1.7865585000254214],11,8,140,8,628.3195755002089,,628.3136185002513,628.3195755002089,629.30784090003,629.30784090003,629.314784700051,629.3983061001636,space,0.08897360041737556,None,629.3988947002217,630.1051755669216,630.4127409001812,630.4018036001362,630.4021709002554,630.4127409001812,630.4127409001812,630.4127409001812,632.1996177001856,600,1,[1.7865476999431849],[1.7865585000254214],1,001,2025-11-13_19h13.13.684,intentional_binding,,2025.1.1,127.93367924758672,2025-11-13 19h13.19.641666 +0530,
0.1,1000,exp,141,9,11,space,0.24054280016571283,None,700,1,[2.1271378002129495],[2.12714960006997],11,9,141,9,632.2061474001966,,632.199980000034,632.2061474001966,633.1923763002269,633.1923763002269,633.1994350003079,633.435966799967,space,0.24054280016571283,None,633.4368870998733,633.5354230669948,633.8533016000874,633.8358265999705,633.8362324000336,633.8533016000874,633.8533016000874,633.8533016000874,635.980783500243,700,1,[2.1271378002129495],[2.12714960006997],1,001,2025-11-13_19h13.13.684,intentional_binding,,2025.1.1,127.93367924758672,2025-11-13 19h13.19.641666 +0530,
0.1,1000,exp,142,10,11,space,0.22972619999200106,None,800,1,[2.4426182000897825],[2.442628300283104],11,10,142,6,635.9866631999612,,635.9810470002703,635.9866631999612,636.9732066001743,636.9732066001743,636.9800753002055,637.2090648002923,space,0.22972619999200106,None,637.2100256001577,637.3089584666925,637.626540900208,637.6117219002917,637.6121004000306,637.626540900208,637.626540900208,637.626540900208,640.0695009999909,800,1,[2.4426182000897825],[2.442628300283104],1,001,2025-11-13_19h13.13.684,intentional_binding,,2025.1.1,127.93367924758672,2025-11-13 19h13.19.641666 +0530,
0.4,400,unexp,143,11,11,space,0.11876640003174543,None,400,1,[1.9894262002781034],[1.9894368001259863],11,11,143,1,640.075473099947,,640.069764399901,640.075473099947,641.0619160002097,641.0619160002097,641.0688799000345,641.1870502000675,space,0.11876640003174543,None,641.187712199986,641.5925454665596,641.9097711001523,641.8956470000558,641.8960079001263,641.9097711001523,641.9097711001523,641.9097711001523,643.899532600306,400,1,[1.9894262002781034],[1.9894368001259863],1,001,2025-11-13_19h13.13.684,intentional_binding,,2025.1.1,127.93367924758672,2025-11-13 19h13.19.641666 +0530,
0.7,1000,exp,144,0,12,space,0.22490769997239113,None,500,1,[1.7603756999596953],[1.760391800198704],12,0,144,8,643.9050481002778,,643.8998135998845,643.9050481002778,644.8913515000604,644.8913515000604,644.8983104000799,645.1214574002661,space,0.22490769997239113,None,645.1223186999559,645.8249326665575,646.1357424003072,646.1217164001428,646.1223202003166,646.1357424003072,646.1357424003072,646.1357424003072,647.8965847003274,500,1,[1.7603756999596953],[1.760391800198704],1,001,2025-11-13_19h13.13.684,intentional_binding,,2025.1.1,127.93367924758672,2025-11-13 19h13.19.641666 +0530,
0.4,1000,exp,145,1,12,space,0.2734389998950064,None,500,1,[1.884387199766934],[1.8844026997685432],12,1,145,7,647.9054707000032,,647.8969805999659,647.9054707000032,648.8891337001696,648.8891337001696,648.8963361000642,649.1671555000357,space,0.2734389998950064,None,649.1675702999346,649.5723539665962,649.8912114999257,649.8736069998704,649.8741057002917,649.8912114999257,649.8912114999257,649.8912114999257,651.7760498002172,500,1,[1.884387199766934],[1.8844026997685432],1,001,2025-11-13_19h13.13.684,intentional_binding,,2025.1.1,127.93367924758672,2025-11-13 19h13.19.641666 +0530,
0.1,1000,exp,146,2,12,space,0.21114990022033453,None,600,1,[1.9627998997457325],[1.9628081996925175],12,2,146,3,651.7828116999008,,651.7766468999907,651.7828116999008,652.7702089003287,652.7702089003287,652.7772312001325,652.9855515002273,space,0.21114990022033453,None,652.986147900112,653.0854065665665,653.4029280999675,653.3866357002407,653.387006400153,653.4029280999675,653.4029280999675,653.4029280999675,655.365997500252,600,1,[1.9627998997457325],[1.9628081996925175],1,001,2025-11-13_19h13.13.684,intentional_binding,,2025.1.1,127.93367924758672,2025-11-13 19h13.19.641666 +0530,
0.1,1000,exp,147,3,12,space,0.10718980012461543,None,500,1,[2.4576902999542654],[2.457700800150633],12,3,147,6,655.3724572001956,,655.3662168001756,655.3724572001956,656.3584648999386,656.3584648999386,656.3661895999685,656.470069100149,space,0.10718980012461543,None,656.4710190999322,656.569563466652,656.8769586998969,656.8686239002272,656.8688981002197,656.8769586998969,656.8769586998969,656.8769586998969,659.3349812999368,500,1,[2.4576902999542654],[2.457700800150633],1,001,2025-11-13_19h13.13.684,intentional_binding,,2025.1.1,127.93367924758672,2025-11-13 19h13.19.641666 +0530,
0.4,1000,exp,148,4,12,space,0.19640980008989573,None,560,1,[3.7767602000385523],[3.776768899988383],12,4,148,10,659.3410696000792,,659.3352713002823,659.3410696000792,660.3272835998796,660.3272835998796,660.3342697001062,660.5289533003233,space,0.19640980008989573,None,660.529548200313,660.934157466578,661.2526874002069,661.2360761999153,661.2367378999479,661.2526874002069,661.2526874002069,661.2526874002069,665.0297920000739,560,1,[3.7767602000385523],[3.776768899988383],1,001,2025-11-13_19h13.13.684,intentional_binding,,2025.1.1,127.93367924758672,2025-11-13 19h13.19.641666 +0530,
0.1,400,unexp,149,5,12,space,0.2508454001508653,None,300,1,[1.9145766999572515],[1.9145855996757746],12,5,149,0,665.0360308000818,,665.0300386003219,665.0360308000818,666.0220510000363,666.0220510000363,666.0292897000909,666.2795800999738,space,0.2508454001508653,None,666.2805202002637,666.379121166716,666.6967911003157,666.6846491000615,666.685018800199,666.6967911003157,666.6967911003157,666.6967911003157,668.6116725001484,300,1,[1.9145766999572515],[1.9145855996757746],1,001,2025-11-13_19h13.13.684,intentional_binding,,2025.1.1,127.93367924758672,2025-11-13 19h13.19.641666 +0530,
0.4,400,unexp,150,6,12,space,0.19036079989746213,None,300,1,[1.9736758996732533],[1.9736846997402608],12,6,150,1,668.6178671000525,,668.6119182999246,668.6178671000525,669.6038697999902,669.6038697999902,669.6108478000388,669.7986155003309,space,0.19036079989746213,None,669.7995223002508,670.1983618667039,670.5220345999114,670.5029066000134,670.5034052003175,670.5220345999114,670.5220345999114,670.5220345999114,672.4960439000279,300,1,[1.9736758996732533],[1.9736846997402608],1,001,2025-11-13_19h13.13.684,intentional_binding,,2025.1.1,127.93367924758672,2025-11-13 19h13.19.641666 +0530,
0.4,1000,exp,151,7,12,space,0.290399800054729,None,400,1,[1.9306927998550236],[1.930701700039208],12,7,151,4,672.5026608002372,,672.4962913002819,672.5026608002372,673.4901958000846,673.4901958000846,673.4958306001499,673.7813927000389,space,0.290399800054729,None,673.7822243003175,674.1862036665591,674.49787750002,674.4820087999105,674.4825019999407,674.49787750002,674.49787750002,674.49787750002,676.4288925998844,400,1,[1.9306927998550236],[1.930701700039208],1,001,2025-11-13_19h13.13.684,intentional_binding,,2025.1.1,127.93367924758672,2025-11-13 19h13.19.641666 +0530,
0.1,1000,exp,152,8,12,space,0.24579899990931153,None,400,1,[1.991017000284046],[1.9910288001410663],12,8,152,9,676.4357448001392,,676.4292045002803,676.4357448001392,677.4216032000259,677.4216032000259,677.4285865998827,677.6718558003195,space,0.24579899990931153,None,677.6724763000384,677.7717853668767,678.0891108000651,678.0732553000562,678.0736394999549,678.0891108000651,678.0891108000651,678.0891108000651,680.0804683999158,400,1,[1.991017000284046],[1.9910288001410663],1,001,2025-11-13_19h13.13.684,intentional_binding,,2025.1.1,127.93367924758672,2025-11-13 19h13.19.641666 +0530,
0.7,400,unexp,153,9,12,space,0.0941333002410829,None,200,1,[1.9649307001382113],[1.9649398997426033],12,9,153,2,680.0864699003287,,680.0807207999751,680.0864699003287,681.0724583002739,681.0724583002739,681.0794116002508,681.1701295003295,space,0.0941333002410829,None,681.1707625999115,681.8738312665994,682.1916793999262,682.1742405002005,682.1747753000818,682.1916793999262,682.1916793999262,682.1916793999262,684.1569131999277,200,1,[1.9649307001382113],[1.9649398997426033],1,001,2025-11-13_19h13.13.684,intentional_binding,,2025.1.1,127.93367924758672,2025-11-13 19h13.19.641666 +0530,
0.7,1000,exp,154,10,12,space,0.08812189986929297,None,300,1,[1.5202441001310945],[1.520252900198102],12,10,154,11,684.1636065999046,,684.1571609000675,684.1636065999046,685.1496087000705,685.1496087000705,685.1565511999652,685.2402818002738,space,0.08812189986929297,None,685.2408703002147,685.9443492666508,686.2628573998809,686.2440162999555,686.2445151000284,686.2628573998809,686.2628573998809,686.2628573998809,687.7834407002665,300,1,[1.5202441001310945],[1.520252900198102],1,001,2025-11-13_19h13.13.684,intentional_binding,,2025.1.1,127.93367924758672,2025-11-13 19h13.19.641666 +0530,
0.7,1000,exp,155,11,12,space,0.18561669997870922,None,300,1,[1.3796357996761799],[1.3796460996381938],12,11,155,5,687.7900455999188,,687.7836887002923,687.7900455999188,688.7763060000725,688.7763060000725,688.7833547000773,688.9643315002322,space,0.18561669997870922,None,688.9650134001859,689.6679717666159,689.9867835999466,689.9690209003165,689.9695097003132,689.9867835999466,689.9867835999466,689.9867835999466,691.3667736998759,300,1,[1.3796357996761799],[1.3796460996381938],1,001,2025-11-13_19h13.13.684,intentional_binding,,2025.1.1,127.93367924758672,2025-11-13 19h13.19.641666 +0530,
0.7,400,unexp,156,0,13,space,0.13256519986316562,None,200,1,[1.9905534000135958],[1.9905622997321188],13,0,156,2,691.3730569998734,,691.3670292999595,691.3730569998734,692.3590795001946,692.3590795001946,692.366103600245,692.4983887001872,space,0.13256519986316562,None,692.4990424001589,693.2024535667772,693.5111537002958,693.4980496000499,693.4985358999111,693.5111537002958,693.5111537002958,693.5111537002958,695.5020543001592,200,1,[1.9905534000135958],[1.9905622997321188],1,001,2025-11-13_19h13.13.684,intentional_binding,,2025.1.1,127.93367924758672,2025-11-13 19h13.19.641666 +0530,
0.4,1000,exp,157,1,13,space,0.12611919967457652,None,300,1,[1.4338966002687812],[1.4339115000329912],13,1,157,4,695.5083645000122,,695.5022978000343,695.5083645000122,696.4947534003295,696.4947534003295,696.5014794999734,696.6268599000759,space,0.12611919967457652,None,696.6274488000199,697.0320313666637,697.3498509000055,697.3317996002734,697.3323053000495,697.3498509000055,697.3498509000055,697.3498509000055,698.7840893999673,300,1,[1.4338966002687812],[1.4339115000329912],1,001,2025-11-13_19h13.13.684,intentional_binding,,2025.1.1,127.93367924758672,2025-11-13 19h13.19.641666 +0530,
0.1,1000,exp,158,2,13,space,0.031038100365549326,None,300,1,[2.0643705003894866],[2.064383300021291],13,2,158,9,698.7906066002324,,698.7843416999094,698.7906066002324,699.7766827000305,699.7766827000305,699.7837021001615,699.8121919003315,space,0.031038100365549326,None,699.8129290998913,699.9121697666744,700.2310518003069,700.2167094000615,700.2172022000886,700.2310518003069,700.2310518003069,700.2310518003069,702.295841800049,300,1,[2.0643705003894866],[2.064383300021291],1,001,2025-11-13_19h13.13.684,intentional_binding,,2025.1.1,127.93367924758672,2025-11-13 19h13.19.641666 +0530,
0.1,400,unexp,159,3,13,space,0.03607789985835552,None,200,1,[1.9188610999844968],[1.9188699000515044],13,3,159,0,702.3023346001282,,702.2961683999747,702.3023346001282,703.2885405998677,703.2885405998677,703.2953030001372,703.3306328998879,space,0.03607789985835552,None,703.3316375003196,703.4310592669683,703.7489414000884,703.7313870000653,703.7319290000014,703.7489414000884,703.7489414000884,703.7489414000884,705.6681098002009,200,1,[1.9188610999844968],[1.9188699000515044],1,001,2025-11-13_19h13.13.684,intentional_binding,,2025.1.1,127.93367924758672,2025-11-13 19h13.19.641666 +0530,
0.4,1000,exp,160,4,13,space,0.30069900024682283,None,300,1,[2.1976799997501075],[2.197689099702984],13,4,160,7,705.6742495000362,,705.6683526001871,705.6742495000362,706.6605565999635,706.6605565999635,706.6675749002025,706.9622897002846,space,0.30069900024682283,None,706.9632251001894,707.3674696665878,707.6752229002304,707.663098399993,707.663578200154,707.6752229002304,707.6752229002304,707.6752229002304,709.8732370003127,300,1,[2.1976799997501075],[2.197689099702984],1,001,2025-11-13_19h13.13.684,intentional_binding,,2025.1.1,127.93367924758672,2025-11-13 19h13.19.641666 +0530,
0.4,400,unexp,161,5,13,space,0.03892730036750436,None,200,1,[1.747250699903816],[1.7472677999176085],13,5,161,1,709.8796628001146,,709.8734788000584,709.8796628001146,710.8658090000972,710.8658090000972,710.8726925998926,710.9077673000284,space,0.03892730036750436,None,710.9085083003156,711.3130362667764,711.6311158998869,711.6118067000061,711.6123072002083,711.6311158998869,711.6311158998869,711.6311158998869,713.3788967998698,200,1,[1.747250699903816],[1.7472677999176085],1,001,2025-11-13_19h13.13.684,intentional_binding,,2025.1.1,127.93367924758672,2025-11-13 19h13.19.641666 +0530,
0.7,1000,exp,162,6,13,space,0.21526370011270046,None,500,1,[2.2088822000660002],[2.2088946998119354],13,6,162,8,713.3849102002569,,713.3791610999033,713.3849102002569,714.3723315000534,714.3723315000534,714.3794483002275,714.5880386000499,space,0.21526370011270046,None,714.5889711002819,715.2920570667522,715.6099495003,715.5910378000699,715.5916059999727,715.6099495003,715.6099495003,715.6099495003,717.8192412001081,500,1,[2.2088822000660002],[2.2088946998119354],1,001,2025-11-13_19h13.13.684,intentional_binding,,2025.1.1,127.93367924758672,2025-11-13 19h13.19.641666 +0530,
0.7,1000,exp,163,7,13,space,0.07843249989673495,None,600,1,[1.664233900140971],[1.6642443002201617],13,7,163,11,717.8259164001793,,717.8195704002865,717.8259164001793,718.8117229999043,718.8117229999043,718.8186846002936,718.8954978999682,space,0.07843249989673495,None,718.8960898001678,719.5993276667471,719.9170929999091,719.8990382999182,719.8995501003228,719.9170929999091,719.9170929999091,719.9170929999091,721.5818326002918,600,1,[1.664233900140971],[1.6642443002201617],1,001,2025-11-13_19h13.13.684,intentional_binding,,2025.1.1,127.93367924758672,2025-11-13 19h13.19.641666 +0530,
0.1,1000,exp,164,8,13,space,0.051938300020992756,None,700,1,[1.7359445001929998],[1.7359536001458764],13,8,164,3,721.5879287999123,,721.5822216998786,721.5879287999123,722.5748362001032,722.5748362001032,722.5807782001793,722.6298539000563,space,0.051938300020992756,None,722.6308033000678,722.7297333665813,723.0503500001505,723.0316781001166,723.032369799912,723.0503500001505,723.0503500001505,723.0503500001505,724.7866440000944,700,1,[1.7359445001929998],[1.7359536001458764],1,001,2025-11-13_19h13.13.684,intentional_binding,,2025.1.1,127.93367924758672,2025-11-13 19h13.19.641666 +0530,
0.4,1000,exp,165,9,13,space,0.16688300017267466,None,600,1,[1.7386890002526343],[1.7386985002085567],13,9,165,10,724.7931566000916,,724.7868861001916,724.7931566000916,725.7791515002027,725.7791515002027,725.7861123001203,725.9530234001577,space,0.16688300017267466,None,725.9536140998825,726.3581417669232,726.6760066999123,726.6612271000631,726.6617335001938,726.6760066999123,726.6760066999123,726.6760066999123,728.4150342000648,600,1,[1.7386890002526343],[1.7386985002085567],1,001,2025-11-13_19h13.13.684,intentional_binding,,2025.1.1,127.93367924758672,2025-11-13 19h13.19.641666 +0530,
0.7,1000,exp,166,10,13,space,0.0032063000835478306,None,600,1,[2.1422132002189755],[2.142221999820322],13,10,166,5,728.4216955001466,,728.4152838001028,728.4216955001466,729.4079849999398,729.4079849999398,729.4150449000299,729.4156684000045,space,0.0032063000835478306,None,729.4164994000457,730.1200000667634,730.4298021001741,730.4175205002539,730.4180026999675,730.4298021001741,730.4298021001741,730.4298021001741,732.5723290001042,600,1,[2.1422132002189755],[2.142221999820322],1,001,2025-11-13_19h13.13.684,intentional_binding,,2025.1.1,127.93367924758672,2025-11-13 19h13.19.641666 +0530,
0.1,1000,exp,167,11,13,space,0.25884609995409846,None,700,1,[2.1407560002990067],[2.1407660003751516],13,11,167,6,732.5785845001228,,732.5726334000938,732.5785845001228,733.5649494999088,733.5649494999088,733.5718984003179,733.8290935000405,space,0.25884609995409846,None,733.8296817000955,733.9286635667706,734.2466361001134,734.2296217000112,734.2301580002531,734.2466361001134,734.2466361001134,734.2466361001134,736.3877413999289,700,1,[2.1407560002990067],[2.1407660003751516],1,001,2025-11-13_19h13.13.684,intentional_binding,,2025.1.1,127.93367924758672,2025-11-13 19h13.19.641666 +0530,
0.1,400,unexp,168,0,14,space,0.22567209973931313,None,500,1,[2.3138263998553157],[2.3138446998782456],14,0,168,0,736.3937575998716,,736.387994099874,736.3937575998716,737.3802078003064,737.3802078003064,737.3871073001064,737.609635300003,space,0.22567209973931313,None,737.6103904000483,737.7093249667125,738.0275679002516,738.0080706002191,738.0085678999312,738.0275679002516,738.0275679002516,738.0275679002516,740.3419033000246,500,1,[2.3138263998553157],[2.3138446998782456],1,001,2025-11-13_19h13.13.684,intentional_binding,,2025.1.1,127.93367924758672,2025-11-13 19h13.19.641666 +0530,
0.4,1000,exp,169,1,14,space,0.1448870999738574,None,600,1,[2.1946425000205636],[2.194652299862355],14,1,169,4,740.3492244998924,,740.3423097999766,740.3492244998924,741.3360546003096,741.3360546003096,741.3429776001722,741.4824534999207,space,0.1448870999738574,None,741.4831539001316,741.887569566785,742.2055506999604,742.187970300205,742.188339299988,742.2055506999604,742.2055506999604,742.2055506999604,744.4005180001259,600,1,[2.1946425000205636],[2.194652299862355],1,001,2025-11-13_19h13.13.684,intentional_binding,,2025.1.1,127.93367924758672,2025-11-13 19h13.19.641666 +0530,
0.7,400,unexp,170,2,14,space,0.04852689988911152,None,200,1,[2.331374599598348],[2.331388299819082],14,2,170,2,744.4070414002053,,744.4007859001867,744.4070414002053,745.3930517002009,745.3930517002009,745.4001489998773,745.4421993000433,space,0.04852689988911152,None,745.4431247999892,746.1466928669872,746.4645493002608,746.4457884998992,746.4461787003092,746.4645493002608,746.4645493002608,746.4645493002608,748.7963662999682,200,1,[2.331374599598348],[2.331388299819082],1,001,2025-11-13_19h13.13.684,intentional_binding,,2025.1.1,127.93367924758672,2025-11-13 19h13.19.641666 +0530,
0.1,1000,exp,171,3,14,space,0.15235699992626905,None,400,1,[1.6978994999080896],[1.697908699978143],14,3,171,6,748.8024722998962,,748.7966414000839,748.8024722998962,749.7889367002062,749.7889367002062,749.7958871000446,749.9419974000193,space,0.15235699992626905,None,749.942714900244,750.041468366577,750.3621032000519,750.3432229999453,750.3437831001356,750.3621032000519,750.3621032000519,750.3621032000519,752.0603394000791,400,1,[1.6978994999080896],[1.697908699978143],1,001,2025-11-13_19h13.13.684,intentional_binding,,2025.1.1,127.93367924758672,2025-11-13 19h13.19.641666 +0530,
0.4,1000,exp,172,4,14,space,0.06944960029795766,None,500,1,[2.044844300020486],[2.0448539000935853],14,4,172,7,752.06687780004,,752.060599999968,752.06687780004,753.0535305999219,753.0535305999219,753.0601595998742,753.1298512001522,space,0.06944960029795766,None,753.1305327001028,753.5351287667329,753.8533866000362,753.8362342999317,753.8367972001433,753.8533866000362,753.8533866000362,753.8533866000362,755.8986098002642,500,1,[2.044844300020486],[2.0448539000935853],1,001,2025-11-13_19h13.13.684,intentional_binding,,2025.1.1,127.93367924758672,2025-11-13 19h13.19.641666 +0530,
0.7,1000,exp,173,5,14,space,0.1705669998191297,None,600,1,[2.1883127000182867],[2.1883217999711633],14,5,173,11,755.9046960999258,,755.8988660001196,755.9046960999258,756.8909249003045,756.8909249003045,756.8978375000879,757.0657247002237,space,0.1705669998191297,None,757.0663272999227,757.7698304667758,758.0878369002603,758.0689123999327,758.069937299937,758.0878369002603,758.0878369002603,758.0878369002603,760.2764841001481,600,1,[2.1883127000182867],[2.1883217999711633],1,001,2025-11-13_19h13.13.684,intentional_binding,,2025.1.1,127.93367924758672,2025-11-13 19h13.19.641666 +0530,
0.1,1000,exp,174,6,14,space,0.009451900143176317,None,600,1,[1.9080639998428524],[1.908073099795729],14,6,174,3,760.2827170998789,,760.2767294002697,760.2827170998789,761.2689352999441,761.2689352999441,761.2759552001953,761.2834498998709,space,0.009451900143176317,None,761.284342000261,761.3828461669075,761.7053729998879,761.6869242000394,761.6875036000274,761.7053729998879,761.7053729998879,761.7053729998879,763.613817000296,600,1,[1.9080639998428524],[1.908073099795729],1,001,2025-11-13_19h13.13.684,intentional_binding,,2025.1.1,127.93367924758672,2025-11-13 19h13.19.641666 +0530,
0.4,1000,exp,175,7,14,space,0.1839823997579515,None,600,1,[1.5997337000444531],[1.5997427999973297],14,7,175,10,763.6197775001638,,763.6140621001832,763.6197775001638,764.6062835999765,764.6062835999765,764.6130520999432,764.7942182999104,space,0.1839823997579515,None,764.7951624998823,765.1993529666836,765.5175155000761,765.4985791998915,765.4989599999972,765.5175155000761,765.5175155000761,765.5175155000761,767.117619200144,600,1,[1.5997337000444531],[1.5997427999973297],1,001,2025-11-13_19h13.13.684,intentional_binding,,2025.1.1,127.93367924758672,2025-11-13 19h13.19.641666 +0530,
0.1,1000,exp,176,8,14,space,0.0987831000238657,None,700,1,[1.8568211998790503],[1.8568303999491036],14,8,176,9,767.1237830002792,,767.118003600277,767.1237830002792,768.1100111999549,768.1100111999549,768.1169396000914,768.2147213001736,space,0.0987831000238657,None,768.2156994999386,768.3140966669346,768.6338851000182,768.6199590000324,768.6205859002657,768.6338851000182,768.6338851000182,768.6338851000182,770.4910400002263,700,1,[1.8568211998790503],[1.8568303999491036],1,001,2025-11-13_19h13.13.684,intentional_binding,,2025.1.1,127.93367924758672,2025-11-13 19h13.19.641666 +0530,
0.7,1000,exp,177,9,14,space,0.3510396000929177,None,800,1,[2.141976600047201],[2.1419919999316335],14,9,177,5,770.4979015002027,,770.4912872998975,770.4979015002027,771.4838364003226,771.4838364003226,771.4908409998752,771.8386408002116,space,0.3510396000929177,None,771.839246199932,772.5398613666805,772.8585729002953,772.8446202999912,772.8451394001022,772.8585729002953,772.8585729002953,772.8585729002953,775.0008715000004,800,1,[2.141976600047201],[2.1419919999316335],1,001,2025-11-13_19h13.13.684,intentional_binding,,2025.1.1,127.93367924758672,2025-11-13 19h13.19.641666 +0530,
0.4,400,unexp,178,10,14,space,0.2922716001048684,None,300,1,[2.8286965996958315],[2.828711999580264],14,10,178,1,775.00738620013,,775.0011196001433,775.00738620013,775.9934533000924,775.9934533000924,776.0002582999878,776.2922736001201,space,0.2922716001048684,None,776.2929159998894,776.6976133669416,777.0120854000561,776.9961891002022,776.9967029001564,777.0120854000561,777.0120854000561,777.0120854000561,779.8411310999654,300,1,[2.8286965996958315],[2.828711999580264],1,001,2025-11-13_19h13.13.684,intentional_binding,,2025.1.1,127.93367924758672,2025-11-13 19h13.19.641666 +0530,
0.7,1000,exp,179,11,14,space,0.4133280999958515,None,500,1,[2.1954138996079564],[2.1954315998591483],14,11,179,8,779.8475985000841,,779.8413793002255,779.8475985000841,780.8336370000616,780.8336370000616,780.8405944001861,781.2508421000093,space,0.4133280999958515,None,781.2514360998757,781.9551135665427,782.272540200036,782.255383499898,782.2561172000133,782.272540200036,782.272540200036,782.272540200036,784.4685217002407,500,1,[2.1954138996079564],[2.1954315998591483],1,001,2025-11-13_19h13.13.684,intentional_binding,,2025.1.1,127.93367924758672,2025-11-13 19h13.19.641666 +0530,
0.4,1000,exp,180,0,15,space,0.24362369999289513,None,500,1,[1.6819021999835968],[1.6819155002012849],15,0,180,7,784.474398100283,,784.4689034000039,784.474398100283,785.4603971000761,785.4603971000761,785.4673870000988,785.710576500278,space,0.24362369999289513,None,785.711487499997,786.1160424668963,786.4339041002095,786.4134348002262,786.4138683001511,786.4339041002095,786.4339041002095,786.4339041002095,788.1162225999869,500,1,[1.6819021999835968],[1.6819155002012849],1,001,2025-11-13_19h13.13.684,intentional_binding,,2025.1.1,127.93367924758672,2025-11-13 19h13.19.641666 +0530,
0.7,1000,exp,181,1,15,space,0.0497355000115931,None,600,1,[1.5442804000340402],[1.5442900997586548],15,1,181,8,788.12214280013,,788.1165050002746,788.12214280013,789.1065634000115,789.1065634000115,789.1135493000038,789.1626738999039,space,0.0497355000115931,None,789.1632763999514,789.8665089668395,790.1838346999139,790.1674176999368,790.1678543002345,790.1838346999139,790.1838346999139,790.1838346999139,791.7284846003167,600,1,[1.5442804000340402],[1.5442900997586548],1,001,2025-11-13_19h13.13.684,intentional_binding,,2025.1.1,127.93367924758672,2025-11-13 19h13.19.641666 +0530,
0.4,1000,exp,182,2,15,space,0.07217339985072613,None,600,1,[2.052162299863994],[2.0521716000512242],15,2,182,4,791.7344420999289,,791.7287413999438,791.7344420999289,792.7204615999945,792.7204615999945,792.7274393001571,792.7974851001054,space,0.07217339985072613,None,792.7981366999447,793.2027684669631,793.5204159002751,793.5027342000976,793.503115999978,793.5204159002751,793.5204159002751,793.5204159002751,795.5728744999506,600,1,[2.052162299863994],[2.0521716000512242],1,001,2025-11-13_19h13.13.684,intentional_binding,,2025.1.1,127.93367924758672,2025-11-13 19h13.19.641666 +0530,
0.1,400,unexp,183,3,15,space,0.18019740004092455,None,200,1,[2.645643100142479],[2.6456524999812245],15,3,183,0,795.5790454000235,,795.5731178000569,795.5790454000235,796.5653773001395,796.5653773001395,796.5724038002081,796.7461704001762,space,0.18019740004092455,None,796.746745900251,796.845885666615,797.1555697000585,797.1424529002979,797.1429893001914,797.1555697000585,797.1555697000585,797.1555697000585,799.8015262000263,200,1,[2.645643100142479],[2.6456524999812245],1,001,2025-11-13_19h13.13.684,intentional_binding,,2025.1.1,127.93367924758672,2025-11-13 19h13.19.641666 +0530,
0.1,1000,exp,184,4,15,space,0.07762569980695844,None,300,1,[2.0898052998818457],[2.089814799837768],15,4,184,9,799.8079730998725,,799.8017748999409,799.8079730998725,800.7939794999547,800.7939794999547,800.8014640002511,800.8780201002955,space,0.07762569980695844,None,800.8789107999764,800.9775935668188,801.2955722999759,801.2774350000545,801.2779524000362,801.2955722999759,801.2955722999759,801.2955722999759,803.3856933000498,300,1,[2.0898052998818457],[2.089814799837768],1,001,2025-11-13_19h13.13.684,intentional_binding,,2025.1.1,127.93367924758672,2025-11-13 19h13.19.641666 +0530,
0.1,1000,exp,185,5,15,space,0.1795931002125144,None,400,1,[1.7579386001452804],[1.7579481001012027],15,5,185,3,803.3925471999682,,803.3859919998795,803.3925471999682,804.3784153000452,804.3784153000452,804.3854046999477,804.5594282001257,space,0.1795931002125144,None,804.5601395000704,804.6589476667034,804.9768822002225,804.9594660000876,804.9598607001826,804.9768822002225,804.9768822002225,804.9768822002225,806.7351212003268,400,1,[1.7579386001452804],[1.7579481001012027],1,001,2025-11-13_19h13.13.684,intentional_binding,,2025.1.1,127.93367924758672,2025-11-13 19h13.19.641666 +0530,
0.1,1000,exp,186,6,15,space,0.16464889980852604,None,500,1,[1.674768399912864],[1.6747775999829173],15,6,186,6,806.7409748001955,,806.7353767999448,806.7409748001955,807.7270180000924,807.7270180000924,807.7343370001763,807.8942954000086,space,0.16464889980852604,None,807.8948862003163,807.9936551666508,808.3117142999545,808.2939949999563,808.2944010999054,808.3117142999545,808.3117142999545,808.3117142999545,809.9867817000486,500,1,[1.674768399912864],[1.6747775999829173],1,001,2025-11-13_19h13.13.684,intentional_binding,,2025.1.1,127.93367924758672,2025-11-13 19h13.19.641666 +0530,
0.7,1000,exp,187,7,15,space,0.16479129996150732,None,600,1,[1.8896829998120666],[1.8896920001134276],15,7,187,5,809.9929855000228,,809.9870366002433,809.9929855000228,810.9791538002901,810.9791538002901,810.9860455999151,811.1460859002545,space,0.16479129996150732,None,811.146681400016,811.8499485669347,812.1678714998998,812.1496164998971,812.1501168003306,812.1678714998998,812.1678714998998,812.1678714998998,814.0579065000638,600,1,[1.8896829998120666],[1.8896920001134276],1,001,2025-11-13_19h13.13.684,intentional_binding,,2025.1.1,127.93367924758672,2025-11-13 19h13.19.641666 +0530,
0.7,1000,exp,188,8,15,space,0.11971199978142977,None,500,1,[1.5720168999396265],[1.5720255998894572],15,8,188,11,814.064728599973,,814.0581537000835,814.064728599973,815.0507801002823,815.0507801002823,815.057808900252,815.1758584002964,space,0.11971199978142977,None,815.1764413001947,815.8799031666169,816.1973851001821,816.1820098999888,816.1823791000061,816.1973851001821,816.1973851001821,816.1973851001821,817.7696996000595,500,1,[1.5720168999396265],[1.5720255998894572],1,001,2025-11-13_19h13.13.684,intentional_binding,,2025.1.1,127.93367924758672,2025-11-13 19h13.19.641666 +0530,
0.7,400,unexp,189,9,15,space,0.03583119995892048,None,340,1,[2.7040336998179555],[2.7040498997084796],15,9,189,2,817.7758758002892,,817.7699434999377,817.7758758002892,818.7619547001086,818.7619547001086,818.7689303001389,818.8037840998732,space,0.03583119995892048,None,818.8043590001762,819.5078119668799,819.8253134000115,819.8082155003212,819.8085956000723,819.8253134000115,819.8253134000115,819.8253134000115,822.5297147003002,340,1,[2.7040336998179555],[2.7040498997084796],1,001,2025-11-13_19h13.13.684,intentional_binding,,2025.1.1,127.93367924758672,2025-11-13 19h13.19.641666 +0530,
0.4,400,unexp,190,10,15,space,0.0690442998893559,None,350,1,[2.9965373002924025],[2.9965479001402855],15,10,190,1,822.5361005002633,,822.5299742002971,822.5361005002633,823.5221950002015,823.5221950002015,823.5294329999015,823.5922584002838,space,0.0690442998893559,None,823.5929522002116,823.9970451668526,824.3148639001884,824.2977936002426,824.2981614000164,824.3148639001884,824.3148639001884,824.3148639001884,827.3117267000489,350,1,[2.9965373002924025],[2.9965479001402855],1,001,2025-11-13_19h13.13.684,intentional_binding,,2025.1.1,127.93367924758672,2025-11-13 19h13.19.641666 +0530,
0.4,1000,exp,191,11,15,space,0.31323850015178323,None,400,1,[2.138055399991572],[2.1380658000707626],15,11,191,10,827.3182435003109,,827.3119812002406,827.3182435003109,828.3045466002077,828.3045466002077,828.3112685000524,828.6238907999359,space,0.31323850015178323,None,828.6244922000915,829.0292350669081,829.3475211001933,829.3298511998728,829.3302688002586,829.3475211001933,829.3475211001933,829.3475211001933,831.4859020002186,400,1,[2.138055399991572],[2.1380658000707626],1,001,2025-11-13_19h13.13.684,intentional_binding,,2025.1.1,127.93367924758672,2025-11-13 19h13.19.641666 +0530,
0.1,1000,exp,192,0,16,space,0.13968919962644577,None,500,1,[1.6086920001544058],[1.6087066000327468],16,0,192,6,831.4923906000331,,831.4861643002369,831.4923906000331,832.4782826001756,832.4782826001756,832.4854346001521,832.6251854998991,space,0.13968919962644577,None,832.6261435002089,832.7244168669606,833.0425541000441,833.0243692002259,833.0247541000135,833.0425541000441,833.0425541000441,833.0425541000441,834.6517114001326,500,1,[1.6086920001544058],[1.6087066000327468],1,001,2025-11-13_19h13.13.684,intentional_binding,,2025.1.1,127.93367924758672,2025-11-13 19h13.19.641666 +0530,
0.7,1000,exp,193,1,16,space,0.050488200038671494,None,560,1,[1.8495276998728514],[1.8495366000570357],16,1,193,5,834.6582745001651,,834.6519613000564,834.6582745001651,835.6445157001726,835.6445157001726,835.6514814002439,835.700767100323,space,0.050488200038671494,None,835.7016246998683,836.4045673669937,836.7278848001733,836.7032703002915,836.7037658002228,836.7278848001733,836.7278848001733,836.7278848001733,838.5777576002292,560,1,[1.8495276998728514],[1.8495366000570357],1,001,2025-11-13_19h13.13.684,intentional_binding,,2025.1.1,127.93367924758672,2025-11-13 19h13.19.641666 +0530,
0.1,1000,exp,194,2,16,space,0.13750889990478754,None,500,1,[1.6266908003017306],[1.6267004003748298],16,2,194,3,838.5844423002563,,838.5780607000925,838.5844423002563,839.5709154000506,839.5709154000506,839.5785485999659,839.7098106001504,space,0.13750889990478754,None,839.710618800018,839.8096216666202,840.1273412001319,840.1116440002806,840.1121808001772,840.1273412001319,840.1273412001319,840.1273412001319,841.7543661999516,500,1,[1.6266908003017306],[1.6267004003748298],1,001,2025-11-13_19h13.13.684,intentional_binding,,2025.1.1,127.93367924758672,2025-11-13 19h13.19.641666 +0530,
0.4,1000,exp,195,3,16,space,0.031800500117242336,None,500,1,[1.907453800085932],[1.9074694998562336],16,3,195,10,841.7610646001995,,841.754617900122,841.7610646001995,842.7470821002498,842.7470821002498,842.7542143003084,842.7823541001417,space,0.031800500117242336,None,842.7832224001177,843.1874992666455,843.5054214000702,843.4877121001482,843.4884056001902,843.5054214000702,843.5054214000702,843.5054214000702,845.413336600177,500,1,[1.907453800085932],[1.9074694998562336],1,001,2025-11-13_19h13.13.684,intentional_binding,,2025.1.1,127.93367924758672,2025-11-13 19h13.19.641666 +0530,
0.7,1000,exp,196,4,16,space,0.17449610028415918,None,600,1,[1.6306484998203814],[1.6306571997702122],16,4,196,11,845.4200082998723,,845.4135855999775,845.4200082998723,846.406018299982,846.406018299982,846.4128741002642,846.5866032000631,space,0.17449610028415918,None,846.5871931002475,847.2905532667103,847.6111922999844,847.5970005001873,847.5975224999711,847.6111922999844,847.6111922999844,847.6111922999844,849.2421548999846,600,1,[1.6306484998203814],[1.6306571997702122],1,001,2025-11-13_19h13.13.684,intentional_binding,,2025.1.1,127.93367924758672,2025-11-13 19h13.19.641666 +0530,
0.1,400,unexp,197,5,16,space,0.10839959979057312,None,300,1,[2.8894364000298083],[2.8894451996311545],16,5,197,0,849.2484365003183,,849.2423990000971,849.2484365003183,850.2344257002696,850.2344257002696,850.2413960001431,850.3461941001005,space,0.10839959979057312,None,850.3469082000665,850.4456086666944,850.7636440000497,850.744895500131,850.7453781003132,850.7636440000497,850.7636440000497,850.7636440000497,853.6533849001862,300,1,[2.8894364000298083],[2.8894451996311545],1,001,2025-11-13_19h13.13.684,intentional_binding,,2025.1.1,127.93367924758672,2025-11-13 19h13.19.641666 +0530,
0.4,1000,exp,198,6,16,space,0.17312120040878654,None,400,1,[1.9209142001345754],[1.9209233997389674],16,6,198,7,853.6600867998786,,853.6536334999837,853.6600867998786,854.646533000283,854.646533000283,854.653633700218,854.8207954000682,space,0.17312120040878654,None,854.8215884999372,855.2255422669152,855.5434496002272,855.5262974998914,855.5268023000099,855.5434496002272,855.5434496002272,855.5434496002272,857.464698900003,400,1,[1.9209142001345754],[1.9209233997389674],1,001,2025-11-13_19h13.13.684,intentional_binding,,2025.1.1,127.93367924758672,2025-11-13 19h13.19.641666 +0530,
0.4,400,unexp,199,7,16,space,0.16120649967342615,None,300,1,[1.680688800290227],[1.6807063999585807],16,7,199,1,857.4701677002013,,857.4649513000622,857.4701677002013,858.4563052998856,858.4563052998856,858.4631612999365,858.623734800145,space,0.16120649967342615,None,858.624678300228,859.0286811669978,859.3509440999478,859.3299420000985,859.3305971999653,859.3509440999478,859.3509440999478,859.3509440999478,861.0321416999213,300,1,[1.680688800290227],[1.6807063999585807],1,001,2025-11-13_19h13.13.684,intentional_binding,,2025.1.1,127.93367924758672,2025-11-13 19h13.19.641666 +0530,
0.4,1000,exp,200,8,16,space,0.1680161003023386,None,500,1,[1.7122755995951593],[1.7122847000136971],16,8,200,4,861.0389046003111,,861.032549300231,861.0389046003111,862.0246636001393,862.0246636001393,862.0316794002429,862.1986247999594,space,0.1680161003023386,None,862.1992118000053,862.6036670669603,862.9186295000836,862.9026740998961,862.9033662001602,862.9186295000836,862.9186295000836,862.9186295000836,864.6312342002057,500,1,[1.7122755995951593],[1.7122847000136971],1,001,2025-11-13_19h13.13.684,intentional_binding,,2025.1.1,127.93367924758672,2025-11-13 19h13.19.641666 +0530,
0.7,400,unexp,201,9,16,space,0.1596171003766358,None,300,1,[2.3185675996355712],[2.3185764998197556],16,9,201,2,864.6383160999976,,864.6314995000139,864.6383160999976,865.6242253002711,865.6242253002711,865.6307818000205,865.7909572999924,space,0.1596171003766358,None,865.7916768998839,866.4950253666068,866.8126709000207,866.7968882001005,866.7972643002868,866.8126709000207,866.8126709000207,866.8126709000207,869.1315556000918,300,1,[2.3185675996355712],[2.3185764998197556],1,001,2025-11-13_19h13.13.684,intentional_binding,,2025.1.1,127.93367924758672,2025-11-13 19h13.19.641666 +0530,
0.1,1000,exp,202,10,16,space,0.21523909969255328,None,400,1,[1.7454668004065752],[1.7454766002483666],16,10,202,9,869.1379452003166,,869.1318687000312,869.1379452003166,870.124060800299,870.124060800299,870.1311548002996,870.3398585002869,space,0.21523909969255328,None,870.3404447999783,870.4393363665479,870.7573418002576,870.7401577001438,870.7406589002348,870.7573418002576,870.7573418002576,870.7573418002576,872.5031457999721,400,1,[1.7454668004065752],[1.7454766002483666],1,001,2025-11-13_19h13.13.684,intentional_binding,,2025.1.1,127.93367924758672,2025-11-13 19h13.19.641666 +0530,
0.7,1000,exp,203,11,16,space,0.19395179999992251,None,500,1,[1.9469159999862313],[1.9469248997047544],16,11,203,8,872.5098685999401,,872.5033964002505,872.5098685999401,873.4957926003262,873.4957926003262,873.5029441001825,873.6908060000278,space,0.19395179999992251,None,873.6916485000402,874.3948611668932,874.7122758002952,874.696220499929,874.69672740018,874.7122758002952,874.7122758002952,874.7122758002952,876.6595097002573,500,1,[1.9469159999862313],[1.9469248997047544],1,001,2025-11-13_19h13.13.684,intentional_binding,,2025.1.1,127.93367924758672,2025-11-13 19h13.19.641666 +0530,
0.7,400,unexp,204,0,17,space,0.20711199985817075,None,"400
",1,[18.824129399843514],[18.8241383000277],17,0,204,2,876.6658232999034,,876.6597575000487,876.6658232999034,877.6518484000117,877.6518484000117,877.6588138001971,877.8606774001382,space,0.20711199985817075,None,877.8612675000913,878.5650841668869,878.8842344000004,878.8699366003275,878.8705827998929,878.8842344000004,878.8842344000004,878.8842344000004,897.7087047998793,"400
",1,[18.824129399843514],[18.8241383000277],1,001,2025-11-13_19h13.13.684,intentional_binding,,2025.1.1,127.93367924758672,2025-11-13 19h13.19.641666 +0530,
0.4,1000,exp,205,1,17,space,0.469883999787271,None,300,1,[2.1814994998276234],[2.181508499663323],17,1,205,10,897.7150306003168,,897.708956700284,897.7150306003168,898.7012141002342,898.7012141002342,898.7081544999965,899.1739342999645,space,0.469883999787271,None,899.1745524001308,899.5791272665995,899.8969613001682,899.8799354000948,899.8803067002445,899.8969613001682,899.8969613001682,899.8969613001682,902.0787563999183,300,1,[2.1814994998276234],[2.181508499663323],1,001,2025-11-13_19h13.13.684,intentional_binding,,2025.1.1,127.93367924758672,2025-11-13 19h13.19.641666 +0530,
0.7,1000,exp,206,2,17,space,0.13340160017833114,None,350,1,[2.214645199943334],[2.2146601998247206],17,2,206,8,902.0854404000565,,902.0790047999471,902.0854404000565,903.0714716999792,903.0714716999792,903.0785157000646,903.2108594998717,space,0.13340160017833114,None,903.2118367999792,903.9145865669163,904.2325904001482,904.2146483999677,904.2151871998794,904.2325904001482,904.2325904001482,904.2325904001482,906.4477181001566,350,1,[2.214645199943334],[2.2146601998247206],1,001,2025-11-13_19h13.13.684,intentional_binding,,2025.1.1,127.93367924758672,2025-11-13 19h13.19.641666 +0530,
0.1,1000,exp,207,3,17,space,0.13491900032386184,None,400,1,[2.1162050999701023],[2.11622740002349],17,3,207,3,906.4535727002658,,906.4480043002404,906.4535727002658,907.439618000295,907.439618000295,907.4468609001487,907.5790480999276,space,0.13491900032386184,None,907.5797276003286,907.6786146667475,907.996697800234,907.9790086001158,907.9793724999763,907.996697800234,907.996697800234,907.996697800234,910.1135348998941,400,1,[2.1162050999701023],[2.11622740002349],1,001,2025-11-13_19h13.13.684,intentional_binding,,2025.1.1,127.93367924758672,2025-11-13 19h13.19.641666 +0530,
0.4,1000,exp,208,4,17,space,0.1591335004195571,None,400,1,[1.4932681997306645],[1.4932790999300778],17,4,208,7,910.1205581002869,,910.1139475000091,910.1205581002869,911.1074153003283,911.1074153003283,911.113945600111,911.2673188000917,space,0.1591335004195571,None,911.2679294999689,911.672506866573,912.0013441001065,911.9771913001314,911.9777669003233,912.0013441001065,912.0013441001065,912.0013441001065,913.4949632002972,400,1,[1.4932681997306645],[1.4932790999300778],1,001,2025-11-13_19h13.13.684,intentional_binding,,2025.1.1,127.93367924758672,2025-11-13 19h13.19.641666 +0530,
0.4,400,unexp,209,5,17,space,0.09302330017089844,None,200,1,[2.108153899665922],[2.1081630997359753],17,5,209,1,913.5015556002036,,913.4952173000202,913.5015556002036,914.4875079998747,914.4875079998747,914.4943935000338,914.5849779001437,space,0.09302330017089844,None,914.585560800042,914.9900756669851,915.3010036000051,915.2854440999217,915.2858410999179,915.3010036000051,915.3010036000051,915.3010036000051,917.4094610000029,200,1,[2.108153899665922],[2.1081630997359753],1,001,2025-11-13_19h13.13.684,intentional_binding,,2025.1.1,127.93367924758672,2025-11-13 19h13.19.641666 +0530,
0.7,1000,exp,210,6,17,space,0.08558329986408353,None,250,1,[1.9732064995914698],[1.973215699661523],17,6,210,5,917.4160402002744,,917.4097072998993,917.4160402002744,918.4024249999784,918.4024249999784,918.4093702002428,918.4932275000028,space,0.08558329986408353,None,918.4936929000542,919.1967824665519,919.5144628998823,919.4978630002588,919.4982707998715,919.5144628998823,919.5144628998823,919.5144628998823,921.487961600069,250,1,[1.9732064995914698],[1.973215699661523],1,001,2025-11-13_19h13.13.684,intentional_binding,,2025.1.1,127.93367924758672,2025-11-13 19h13.19.641666 +0530,
0.4,1000,exp,211,7,17,space,0.20518589997664094,None,300,1,[1.8133398997597396],[1.8133486001752317],17,7,211,4,921.4946274999529,,921.4882086003199,921.4946274999529,922.4810386002064,922.4810386002064,922.4877352002077,922.689456900116,space,0.20518589997664094,None,922.6904843002558,923.094569766956,923.4122500000522,923.397887900006,923.3983787000179,923.4122500000522,923.4122500000522,923.4122500000522,925.2258875002153,300,1,[1.8133398997597396],[1.8133486001752317],1,001,2025-11-13_19h13.13.684,intentional_binding,,2025.1.1,127.93367924758672,2025-11-13 19h13.19.641666 +0530,
0.1,1000,exp,212,8,17,space,0.005463399924337864,None,400,1,[1.8211858998984098],[1.8212007000111043],17,8,212,9,925.2329569999129,,925.2262291000225,925.2329569999129,926.2187574999407,926.2187574999407,926.2256125998683,926.2261093002744,space,0.005463399924337864,None,926.226696100086,926.3256132668505,926.6436926000752,926.6253251000308,926.6258698999882,926.6436926000752,926.6436926000752,926.6436926000752,928.4653094001114,400,1,[1.8211858998984098],[1.8212007000111043],1,001,2025-11-13_19h13.13.684,intentional_binding,,2025.1.1,127.93367924758672,2025-11-13 19h13.19.641666 +0530,
0.1,400,unexp,213,9,17,space,0.7295594001188874,None,300,1,[1.9543378995731473],[1.954347399994731],17,9,213,0,928.4717712001875,,928.4655591002665,928.4717712001875,929.4595478000119,929.4595478000119,929.4659950002097,930.1957384999841,space,0.7295594001188874,None,930.1964839999564,930.2952485667231,930.6153728002682,930.5989624001086,930.5997947002761,930.6153728002682,930.6153728002682,930.6153728002682,932.5700269001536,300,1,[1.9543378995731473],[1.954347399994731],1,001,2025-11-13_19h13.13.684,intentional_binding,,2025.1.1,127.93367924758672,2025-11-13 19h13.19.641666 +0530,
0.7,1000,exp,214,10,17,space,0.17025570012629032,None,300,1,[1.8698949003592134],[1.8699064003303647],17,10,214,11,932.576891799923,,932.5704095000401,932.576891799923,933.5628829998896,933.5628829998896,933.5699006998911,933.737371600233,space,0.17025570012629032,None,933.73810290033,934.4411172667208,934.7596595999785,934.7425824999809,934.7430747002363,934.7596595999785,934.7596595999785,934.7596595999785,936.6299304002896,300,1,[1.8698949003592134],[1.8699064003303647],1,001,2025-11-13_19h13.13.684,intentional_binding,,2025.1.1,127.93367924758672,2025-11-13 19h13.19.641666 +0530,
0.1,1000,exp,215,11,17,space,0.04789379984140396,None,300,1,[1.892576899845153],[1.8925860999152064],17,11,215,6,936.6360357999802,,936.6301831998862,936.6360357999802,937.6222676001489,937.6222676001489,937.6292179999873,937.6715476000682,space,0.04789379984140396,None,937.6722965999506,937.7714111665885,938.0896968999878,938.070879700128,938.0713686998934,938.0896968999878,938.0896968999878,938.0896968999878,939.9826110000722,300,1,[1.892576899845153],[1.8925860999152064],1,001,2025-11-13_19h13.13.684,intentional_binding,,2025.1.1,127.93367924758672,2025-11-13 19h13.19.641666 +0530,
0.1,400,unexp,216,0,18,space,0.35528849996626377,None,200,1,[1.9525159001350403],[1.9525315002538264],18,0,216,0,939.9891508999281,,939.9828747999854,939.9891508999281,940.9754641000181,940.9754641000181,940.9826413001865,941.3366526002064,space,0.35528849996626377,None,941.3372303000651,941.436554866905,941.7550841001794,941.7369258999825,941.7374575999565,941.7550841001794,941.7550841001794,941.7550841001794,943.7080475999974,200,1,[1.9525159001350403],[1.9525315002538264],1,001,2025-11-13_19h13.13.684,intentional_binding,,2025.1.1,127.93367924758672,2025-11-13 19h13.19.641666 +0530,
0.1,1000,exp,217,1,18,space,0.03653729986399412,None,400,1,[1.7859848998486996],[1.7859935997985303],18,1,217,9,943.7143298001029,,943.7084508999251,943.7143298001029,944.7010797001421,944.7010797001421,944.7076723002829,944.7429984998889,space,0.03653729986399412,None,944.7440106999129,944.8436954669344,945.1532037002034,945.1414970001206,945.1418862999417,945.1532037002034,945.1532037002034,945.1532037002034,946.9394884002395,400,1,[1.7859848998486996],[1.7859935997985303],1,001,2025-11-13_19h13.13.684,intentional_binding,,2025.1.1,127.93367924758672,2025-11-13 19h13.19.641666 +0530,
0.4,1000,exp,218,2,18,space,0.18419159995391965,None,500,1,[1.4421839001588523],[1.4421931002289057],18,2,218,10,946.9462884003296,,946.9397503002547,946.9462884003296,947.9322218000889,947.9322218000889,947.939130499959,948.1203451999463,space,0.18419159995391965,None,948.1213481002487,948.5197201669837,948.8381480001844,948.8205460002646,948.8214441002347,948.8381480001844,948.8381480001844,948.8381480001844,950.280677200295,500,1,[1.4421839001588523],[1.4421931002289057],1,001,2025-11-13_19h13.13.684,intentional_binding,,2025.1.1,127.93367924758672,2025-11-13 19h13.19.641666 +0530,
0.1,1000,exp,219,3,18,space,0.10527880024164915,None,600,1,[1.5645598997361958],[1.564572500064969],18,3,219,3,950.2868554000743,,950.2809228003025,950.2868554000743,951.2732005002908,951.2732005002908,951.2803234001622,951.3854554998688,space,0.10527880024164915,None,951.3861966999248,951.4847815666037,951.8082314999774,951.7876814999618,951.7883784002624,951.8082314999774,951.8082314999774,951.8082314999774,953.3731777002104,600,1,[1.5645598997361958],[1.564572500064969],1,001,2025-11-13_19h13.13.684,intentional_binding,,2025.1.1,127.93367924758672,2025-11-13 19h13.19.641666 +0530,
0.7,1000,exp,220,4,18,space,0.6607754998840392,None,650,1,[3.293472500052303],[3.2934817001223564],18,4,220,8,953.3797225002199,,953.3734357999638,953.3797225002199,954.3656735001132,954.3656735001132,954.3728940999135,955.0331530002877,space,0.6607754998840392,None,955.0338429003023,955.73712896655,956.0557042001747,956.0366434999742,956.0371365002356,956.0557042001747,956.0557042001747,956.0557042001747,959.3495253999718,650,1,[3.293472500052303],[3.2934817001223564],1,001,2025-11-13_19h13.13.684,intentional_binding,,2025.1.1,127.93367924758672,2025-11-13 19h13.19.641666 +0530,
0.4,1000,exp,221,5,18,space,0.057917899917811155,None,700,1,[1.8050700998865068],[1.8050793996080756],18,5,221,4,959.3559532999061,,959.3497788002715,959.3559532999061,960.3420327003114,960.3420327003114,960.3491330002435,960.4051600000821,space,0.057917899917811155,None,960.4059727001004,960.8103239667291,961.1287774001248,961.110396000091,961.1108820000663,961.1287774001248,961.1287774001248,961.1287774001248,962.9341700002551,700,1,[1.8050700998865068],[1.8050793996080756],1,001,2025-11-13_19h13.13.684,intentional_binding,,2025.1.1,127.93367924758672,2025-11-13 19h13.19.641666 +0530,
0.4,400,unexp,222,6,18,space,0.021651499904692173,None,400,1,[2.2339548002928495],[2.2339635002426803],18,6,222,1,962.9406254002824,,962.9344112002291,962.9406254002824,963.9271714002825,963.9271714002825,963.9337754999287,963.9560358999297,space,0.021651499904692173,None,963.9570168000646,964.3611097667056,964.6795383002609,964.6597663001157,964.6602632002905,964.6795383002609,964.6795383002609,964.6795383002609,966.9138307003304,400,1,[2.2339548002928495],[2.2339635002426803],1,001,2025-11-13_19h13.13.684,intentional_binding,,2025.1.1,127.93367924758672,2025-11-13 19h13.19.641666 +0530,
0.1,1000,exp,223,7,18,space,0.13422509981319308,None,500,1,[1.618615800049156],[1.6186246001161635],18,7,223,6,966.9202391002327,,966.9140674001537,966.9202391002327,967.9062200998887,967.9062200998887,967.9132731002755,968.045849900227,space,0.13422509981319308,None,968.0464620999992,968.1453146669703,968.4631727002561,968.4484013998881,968.4490201002918,968.4631727002561,968.4631727002561,968.4631727002561,970.0821218001656,500,1,[1.618615800049156],[1.6186246001161635],1,001,2025-11-13_19h13.13.684,intentional_binding,,2025.1.1,127.93367924758672,2025-11-13 19h13.19.641666 +0530,
0.7,1000,exp,224,8,18,space,0.05122110014781356,None,600,1,[1.7947853999212384],[1.7947943001054227],18,8,224,11,970.0887492001057,,970.0823646001518,970.0887492001057,971.0745252999477,971.0745252999477,971.081461600028,971.1307530002668,space,0.05122110014781356,None,971.1315064001828,971.8344799667286,972.1522319000214,972.1368788001128,972.1372593003325,972.1522319000214,972.1522319000214,972.1522319000214,973.9473105003126,600,1,[1.7947853999212384],[1.7947943001054227],1,001,2025-11-13_19h13.13.684,intentional_binding,,2025.1.1,127.93367924758672,2025-11-13 19h13.19.641666 +0530,
0.7,1000,exp,225,9,18,space,0.1524960002861917,None,700,1,[2.063102399930358],[2.0631168000400066],18,9,225,5,973.9534505000338,,973.9475515000522,973.9534505000338,974.9395979000255,974.9395979000255,974.9466047999449,975.0927830999717,space,0.1524960002861917,None,975.0933753000572,975.7967993668901,976.1201682002284,976.0987231000327,976.0992155000567,976.1201682002284,976.1201682002284,976.1201682002284,978.1837308001705,700,1,[2.063102399930358],[2.0631168000400066],1,001,2025-11-13_19h13.13.684,intentional_binding,,2025.1.1,127.93367924758672,2025-11-13 19h13.19.641666 +0530,
0.7,400,unexp,226,10,18,space,0.14844150003045797,None,300,1,[1.6151797999627888],[1.615189400035888],18,10,226,2,978.1900372998789,,978.1840522000566,978.1900372998789,979.1759669999592,979.1759669999592,979.1829580999911,979.3296529999934,space,0.14844150003045797,None,979.3306626998819,980.0341366669784,980.3441074001603,980.330496000126,980.3309748000465,980.3441074001603,980.3441074001603,980.3441074001603,981.9596071001142,300,1,[1.6151797999627888],[1.615189400035888],1,001,2025-11-13_19h13.13.684,intentional_binding,,2025.1.1,127.93367924758672,2025-11-13 19h13.19.641666 +0530,
0.4,1000,exp,227,11,18,space,0.11559080006554723,None,400,1,[1.6711746999062598],[1.6711838003247976],18,11,227,7,981.9661727999337,,981.9598620003089,981.9661727999337,982.952381900046,982.952381900046,982.9594864002429,983.0710435002111,space,0.11559080006554723,None,983.071861400269,983.4767894666331,983.7950507001951,983.776761200279,983.777400800027,983.7950507001951,983.7950507001951,983.7950507001951,985.4665570999496,400,1,[1.6711746999062598],[1.6711838003247976],1,001,2025-11-13_19h13.13.684,intentional_binding,,2025.1.1,127.93367924758672,2025-11-13 19h13.19.641666 +0530,
0.7,1000,exp,228,0,19,space,0.21872420003637671,None,500,1,[1.297689599916339],[1.2976982998661697],19,0,228,11,985.4729158002883,,985.4668061002158,985.4729158002883,986.459055100102,986.459055100102,986.4659591000527,986.6813644003123,space,0.21872420003637671,None,986.6819676999003,987.385416566922,987.6966826003045,987.68365740031,987.6853046999313,987.6966826003045,987.6966826003045,987.6966826003045,988.9946918999776,500,1,[1.297689599916339],[1.2976982998661697],1,001,2025-11-13_19h13.13.684,intentional_binding,,2025.1.1,127.93367924758672,2025-11-13 19h13.19.641666 +0530,
0.1,400,unexp,229,1,19,space,0.3017672002315521,None,500,1,[2.1422874997369945],[2.142297999933362],19,1,229,0,989.0014792000875,,988.9949388001114,989.0014792000875,989.9875696999952,989.9875696999952,989.9946237001568,990.2937767999247,space,0.3017672002315521,None,990.2946009999141,990.400454166873,990.7184481001459,990.6997525999323,990.7003628001548,990.7184481001459,990.7184481001459,990.7184481001459,992.8610713002272,500,1,[2.1422874997369945],[2.142297999933362],1,001,2025-11-13_19h13.13.684,intentional_binding,,2025.1.1,127.93367924758672,2025-11-13 19h13.19.641666 +0530,
0.4,1000,exp,230,2,19,space,0.2158336997963488,None,600,1,[1.6133685000240803],[1.6133777000941336],19,2,230,10,992.8676340999082,,992.8613224001601,992.8676340999082,993.8540646000765,993.8540646000765,993.8608873998746,994.076551000122,space,0.2158336997963488,None,994.0774952000938,994.4818306668351,994.8041174001992,994.7846619002521,994.7851534001529,994.8041174001992,994.8041174001992,994.8041174001992,996.4178273999132,600,1,[1.6133685000240803],[1.6133777000941336],1,001,2025-11-13_19h13.13.684,intentional_binding,,2025.1.1,127.93367924758672,2025-11-13 19h13.19.641666 +0530,
0.4,1000,exp,231,3,19,space,0.04351449990645051,None,700,1,[1.6318640001118183],[1.6318735000677407],19,3,231,4,996.4240219001658,,996.4180783000775,996.4240219001658,997.4100317000411,997.4100317000411,997.4171394002624,997.4593612002209,space,0.04351449990645051,None,997.4600090999156,997.864340866978,998.1821619002149,998.1657358999364,998.166296500247,998.1821619002149,998.1821619002149,998.1821619002149,999.8143764999695,700,1,[1.6318640001118183],[1.6318735000677407],1,001,2025-11-13_19h13.13.684,intentional_binding,,2025.1.1,127.93367924758672,2025-11-13 19h13.19.641666 +0530,
0.1,1000,exp,232,4,19,space,0.09404030023142695,None,800,1,[2.252642000094056],[2.2526511000469327],19,4,232,3,999.8204876002856,,999.8146452000365,999.8204876002856,1000.8065221998841,1000.8065221998841,1000.8134673000313,1000.9044697000645,space,0.09404030023142695,None,1000.9052643999457,1001.0041524666051,1001.3224778999574,1001.3053919002414,1001.3059105998836,1001.3224778999574,1001.3224778999574,1001.3224778999574,1003.5754673001356,800,1,[2.252642000094056],[2.2526511000469327],1,001,2025-11-13_19h13.13.684,intentional_binding,,2025.1.1,127.93367924758672,2025-11-13 19h13.19.641666 +0530,
0.7,1000,exp,233,5,19,space,0.08460019994527102,None,500,1,[1.5021782000549138],[1.5021931999363005],19,5,233,5,1003.5816534003243,,1003.575712100137,1003.5816534003243,1004.5678385002539,1004.5678385002539,1004.5747569999658,1004.6584538999014,space,0.08460019994527102,None,1004.6592144002207,1005.3624035665455,1005.6805402003229,1005.6633609002456,1005.6638787998818,1005.6805402003229,1005.6805402003229,1005.6805402003229,1007.1831968999468,500,1,[1.5021782000549138],[1.5021931999363005],1,001,2025-11-13_19h13.13.684,intentional_binding,,2025.1.1,127.93367924758672,2025-11-13 19h13.19.641666 +0530,
0.7,400,unexp,234,6,19,space,0.09217759966850281,None,200,1,[2.320275700185448],[2.3202845002524555],19,6,234,2,1007.1891351002268,,1007.1835779002868,1007.1891351002268,1008.1753076999448,1008.1753076999448,1008.1821723999456,1008.2729696002789,space,0.09217759966850281,None,1008.27362800017,1008.976702766555,1009.2964725000784,1009.2814591000788,1009.2819765000604,1009.2964725000784,1009.2964725000784,1009.2964725000784,1011.6170701002702,200,1,[2.320275700185448],[2.3202845002524555],1,001,2025-11-13_19h13.13.684,intentional_binding,,2025.1.1,127.93367924758672,2025-11-13 19h13.19.641666 +0530,
0.4,400,unexp,235,7,19,space,0.23786310013383627,None,300,1,[2.756610000040382],[2.7566196997649968],19,7,235,1,1011.6231531002559,,1011.6173713998869,1011.6231531002559,1012.6097486000508,1012.6097486000508,1012.6165017001331,1012.8528253999539,space,0.23786310013383627,None,1012.85340990033,1013.2584346668484,1013.5762414000928,1013.5614320999011,1013.5619987999089,1013.5762414000928,1013.5762414000928,1013.5762414000928,1016.3331818999723,300,1,[2.756610000040382],[2.7566196997649968],1,001,2025-11-13_19h13.13.684,intentional_binding,,2025.1.1,127.93367924758672,2025-11-13 19h13.19.641666 +0530,
0.1,1000,exp,236,8,19,space,0.15401010029017925,None,400,1,[2.150094199925661],[2.1501036998815835],19,8,236,9,1016.339877600316,,1016.333457800094,1016.339877600316,1017.325897899922,1017.325897899922,1017.3328346000053,1017.4865558999591,space,0.15401010029017925,None,1017.4874347001314,1017.5865443666155,1017.9050838002004,1017.8864025003277,1017.8867621002719,1017.9050838002004,1017.9050838002004,1017.9050838002004,1020.0555505999364,400,1,[2.150094199925661],[2.1501036998815835],1,001,2025-11-13_19h13.13.684,intentional_binding,,2025.1.1,127.93367924758672,2025-11-13 19h13.19.641666 +0530,
0.1,1000,exp,237,9,19,space,0.20415049977600574,None,500,1,[1.7371029001660645],[1.7371122003532946],19,9,237,6,1020.0616689999588,,1020.0559434001334,1020.0616689999588,1021.0478207003325,1021.0478207003325,1021.0547759002075,1021.2570349001326,space,0.20415049977600574,None,1021.2579761003144,1021.3562162668134,1021.6739778001793,1021.6564238001592,1021.6572386999615,1021.6739778001793,1021.6739778001793,1021.6739778001793,1023.4114112001844,500,1,[1.7371029001660645],[1.7371122003532946],1,001,2025-11-13_19h13.13.684,intentional_binding,,2025.1.1,127.93367924758672,2025-11-13 19h13.19.641666 +0530,
0.7,1000,exp,238,10,19,space,0.07019899971783161,None,500,1,[1.784884599968791],[1.7849005996249616],19,10,238,8,1023.4181752000004,,1023.4116734000854,1023.4181752000004,1024.4043197999708,1024.4043197999708,1024.4112017001025,1024.481332700234,space,0.07019899971783161,None,1024.4820157000795,1025.1854313668484,1025.4936461001635,1025.481228200253,1025.48171429988,1025.4936461001635,1025.4936461001635,1025.4936461001635,1027.2789847003296,500,1,[1.784884599968791],[1.7849005996249616],1,001,2025-11-13_19h13.13.684,intentional_binding,,2025.1.1,127.93367924758672,2025-11-13 19h13.19.641666 +0530,
0.4,1000,exp,239,11,19,space,0.07626309990882874,None,400,1,[1.4963018000125885],[1.4963124003261328],19,11,239,7,1027.2854148000479,,1027.27937570028,1027.2854148000479,1028.2717216000892,1028.2717216000892,1028.2786111999303,1028.3552147001028,space,0.07626309990882874,None,1028.356154399924,1028.760621066733,1029.0796854998916,1029.0660643000156,1029.0665641999803,1029.0796854998916,1029.0796854998916,1029.0796854998916,1030.5763551001437,400,1,[1.4963018000125885],[1.4963124003261328],1,001,2025-11-13_19h13.13.684,intentional_binding,,2025.1.1,127.93367924758672,2025-11-13 19h13.19.641666 +0530,
0.7,1000,exp,240,0,20,space,0.34465189976617694,None,500,1,[1.3872001999989152],[1.387209499720484],20,0,240,11,1030.5829556002282,,1030.576617400162,1030.5829556002282,1031.5689325002022,1031.5689325002022,1031.5758601999842,1031.9164916002192,space,0.34465189976617694,None,1031.9173134001903,1032.6205065665456,1032.9404609003104,1032.922962400131,1032.923457399942,1032.9404609003104,1032.9404609003104,1032.9404609003104,1034.3279973999597,500,1,[1.3872001999989152],[1.387209499720484],1,001,2025-11-13_19h13.13.684,intentional_binding,,2025.1.1,127.93367924758672,2025-11-13 19h13.19.641666 +0530,
0.1,1000,exp,241,1,20,space,0.043889100197702646,None,600,1,[1.8633499001152813],[1.863365299999714],20,1,241,3,1034.3343207999133,,1034.3282433999702,1034.3343207999133,1035.3203666000627,1035.3203666000627,1035.327581600286,1035.3693508999422,space,0.043889100197702646,None,1035.3701800000854,1035.4690044667261,1035.77948140027,1035.766850899905,1035.7673213998787,1035.77948140027,1035.77948140027,1035.77948140027,1037.6431843000464,600,1,[1.8633499001152813],[1.863365299999714],1,001,2025-11-13_19h13.13.684,intentional_binding,,2025.1.1,127.93367924758672,2025-11-13 19h13.19.641666 +0530,
0.7,1000,exp,242,2,20,space,0.16856039967387915,None,600,1,[1.2343087000772357],[1.2343240003101528],20,2,242,5,1037.6496184002608,,1037.64343990013,1037.6496184002608,1038.635633500293,1038.635633500293,1038.6427108999342,1038.8103971001692,space,0.16856039967387915,None,1038.8113017999567,1039.513872166692,1039.8318222002126,1039.8146715001203,1039.8152391002513,1039.8318222002126,1039.8318222002126,1039.8318222002126,1041.0665720002726,600,1,[1.2343087000772357],[1.2343240003101528],1,001,2025-11-13_19h13.13.684,intentional_binding,,2025.1.1,127.93367924758672,2025-11-13 19h13.19.641666 +0530,
0.4,1000,exp,243,3,20,space,0.23164330003783107,None,700,1,[1.906115099787712],[1.906124500092119],20,3,243,4,1041.0731776002795,,1041.066961800214,1041.0731776002795,1042.0591426999308,1042.0591426999308,1042.0661189001985,1042.295619300101,space,0.23164330003783107,None,1042.296314400155,1042.7012162665526,1043.0197934000753,1043.0057120001875,1043.0062196999788,1043.0197934000753,1043.0197934000753,1043.0197934000753,1044.926243300084,700,1,[1.906115099787712],[1.906124500092119],1,001,2025-11-13_19h13.13.684,intentional_binding,,2025.1.1,127.93367924758672,2025-11-13 19h13.19.641666 +0530,
0.7,400,unexp,244,4,20,space,0.029468399938195944,None,200,1,[1.869781699962914],[1.8697905000299215],20,4,244,2,1044.9329487001523,,1044.9264919999987,1044.9329487001523,1045.9188898000866,1045.9188898000866,1045.9258325002156,1045.9545554001816,space,0.029468399938195944,None,1045.9555343999527,1046.6587492665897,1046.9766533998773,1046.9574633999728,1046.9579432001337,1046.9766533998773,1046.9766533998773,1046.9766533998773,1048.8467733999714,200,1,[1.869781699962914],[1.8697905000299215],1,001,2025-11-13_19h13.13.684,intentional_binding,,2025.1.1,127.93367924758672,2025-11-13 19h13.19.641666 +0530,
0.7,1000,exp,245,5,20,space,0.05043649999424815,None,400,1,[1.8218399998731911],[1.8218560996465385],20,5,245,8,1048.8530824999325,,1048.8470149999484,1048.8530824999325,1049.8392252000049,1049.8392252000049,1049.8460877998732,1049.8951119999401,space,0.05043649999424815,None,1049.8958654999733,1050.5989738666142,1050.9168504001573,1050.89980689995,1050.9003083002754,1050.9168504001573,1050.9168504001573,1050.9168504001573,1052.739158099983,400,1,[1.8218399998731911],[1.8218560996465385],1,001,2025-11-13_19h13.13.684,intentional_binding,,2025.1.1,127.93367924758672,2025-11-13 19h13.19.641666 +0530,
0.4,1000,exp,246,6,20,space,0.15515330014750361,None,500,1,[1.9501324002631009],[1.9501476003788412],20,6,246,10,1052.745533999987,,1052.7395500000566,1052.745533999987,1053.7317026001401,1053.7317026001401,1053.7385732000694,1053.8921270999126,space,0.15515330014750361,None,1053.8931253999472,1054.2979910667675,1054.6130933999084,1054.5996906999499,1054.6002764999866,1054.6130933999084,1054.6130933999084,1054.6130933999084,1056.5636955001391,500,1,[1.9501324002631009],[1.9501476003788412],1,001,2025-11-13_19h13.13.684,intentional_binding,,2025.1.1,127.93367924758672,2025-11-13 19h13.19.641666 +0530,
0.1,1000,exp,247,7,20,space,0.08689709985628724,None,600,1,[1.958886899985373],[1.958895799703896],20,7,247,9,1056.570033899974,,1056.564157600049,1056.570033899974,1057.5565335000865,1057.5565335000865,1057.5631416998804,1057.6474613999017,space,0.08689709985628724,None,1057.6484064999968,1057.7476931666645,1058.0657085999846,1058.0477412003092,1058.0482454001904,1058.0657085999846,1058.0657085999846,1058.0657085999846,1060.024942500051,600,1,[1.958886899985373],[1.958895799703896],1,001,2025-11-13_19h13.13.684,intentional_binding,,2025.1.1,127.93367924758672,2025-11-13 19h13.19.641666 +0530,
0.4,400,unexp,248,8,20,space,0.07743290020152926,None,100,1,[2.5698744002729654],[2.5698835998773575],20,8,248,1,1060.030783700291,,1060.0251960000023,1060.030783700291,1061.01722420007,1061.01722420007,1061.0241665001959,1061.1008775001392,space,0.07743290020152926,None,1061.1015506000258,1061.5064126668187,1061.8250492000952,1061.8055882002227,1061.8060991000384,1061.8250492000952,1061.8250492000952,1061.8250492000952,1064.3952659000643,100,1,[2.5698744002729654],[2.5698835998773575],1,001,2025-11-13_19h13.13.684,intentional_binding,,2025.1.1,127.93367924758672,2025-11-13 19h13.19.641666 +0530,
0.1,400,unexp,249,9,20,space,0.7623328999616206,None,200,1,[2.0630562999285758],[2.0630654003471136],20,9,249,0,1064.4021499999799,,1064.3955169999972,1064.4021499999799,1065.387827700004,1065.387827700004,1065.3948472002521,1066.1524734999985,space,0.7623328999616206,None,1066.1531985001639,1066.2523404667775,1066.5699420999736,1066.5542782000266,1066.5548258000053,1066.5699420999736,1066.5699420999736,1066.5699420999736,1068.6333246002905,200,1,[2.0630562999285758],[2.0630654003471136],1,001,2025-11-13_19h13.13.684,intentional_binding,,2025.1.1,127.93367924758672,2025-11-13 19h13.19.641666 +0530,
0.1,1000,exp,250,10,20,space,0.041371299885213375,None,400,1,[2.706263799685985],[2.706272999756038],20,10,250,6,1068.6399073000066,,1068.6335792001337,1068.6399073000066,1069.6260379999876,1069.6260379999876,1069.6329405000433,1069.6686273002997,space,0.041371299885213375,None,1069.6693573002703,1069.768618366743,1070.0862658000551,1070.0683967000805,1070.0689428001642,1070.0862658000551,1070.0862658000551,1070.0862658000551,1072.792852499988,400,1,[2.706263799685985],[2.706272999756038],1,001,2025-11-13_19h13.13.684,intentional_binding,,2025.1.1,127.93367924758672,2025-11-13 19h13.19.641666 +0530,
0.4,1000,exp,251,11,20,space,0.03786770021542907,None,500,1,[1.7748516998253763],[1.774860699661076],20,11,251,7,1072.7994937002659,,1072.7931015999056,1072.7994937002659,1073.7856959002092,1073.7856959002092,1073.7928200000897,1073.8276607003063,space,0.03786770021542907,None,1073.8285497003235,1074.2331529665428,1074.5539353000931,1074.539786099922,1074.540287700016,1074.5539353000931,1074.5539353000931,1074.5539353000931,1076.3291042000055,500,1,[1.7748516998253763],[1.774860699661076],1,001,2025-11-13_19h13.13.684,intentional_binding,,2025.1.1,127.93367924758672,2025-11-13 19h13.19.641666 +0530,
0.4,1000,exp,252,0,21,space,0.09252690011635423,None,600,1,[2.001631500199437],[2.00164039991796],21,0,252,4,1076.335474099964,,1076.3293540999293,1076.335474099964,1077.321499099955,1077.321499099955,1077.3284757002257,1077.4192218002863,space,0.09252690011635423,None,1077.4201234001666,1077.8243232668067,1078.1422211001627,1078.1245070002042,1078.1251380001195,1078.1422211001627,1078.1422211001627,1078.1422211001627,1080.1441955999471,600,1,[2.001631500199437],[2.00164039991796],1,001,2025-11-13_19h13.13.684,intentional_binding,,2025.1.1,127.93367924758672,2025-11-13 19h13.19.641666 +0530,
0.1,1000,exp,253,1,21,space,0.13390630017966032,None,600,1,[1.8554984000511467],[1.855507900007069],21,1,253,3,1080.1503449003212,,1080.1444390001707,1080.1503449003212,1081.1366642001085,1081.1366642001085,1081.1437174999155,1081.2762460000813,space,0.13390630017966032,None,1081.277430200018,1081.3768018666344,1081.6947858002968,1081.6753595001064,1081.6759596001357,1081.6947858002968,1081.6947858002968,1081.6947858002968,1083.5506068002433,600,1,[1.8554984000511467],[1.855507900007069],1,001,2025-11-13_19h13.13.684,intentional_binding,,2025.1.1,127.93367924758672,2025-11-13 19h13.19.641666 +0530,
0.1,400,unexp,254,2,21,space,0.5141781000420451,None,400,1,[2.229519000276923],[2.229528000112623],21,2,254,0,1083.5575648001395,,1083.5508595001884,1083.5575648001395,1084.5433876002207,1084.5433876002207,1084.5503549999557,1085.0647773002274,space,0.5141781000420451,None,1085.0654955999926,1085.1643155669483,1085.4715301003307,1085.4601835003123,1085.4605450001545,1085.4715301003307,1085.4715301003307,1085.4715301003307,1087.7014142000116,400,1,[2.229519000276923],[2.229528000112623],1,001,2025-11-13_19h13.13.684,intentional_binding,,2025.1.1,127.93367924758672,2025-11-13 19h13.19.641666 +0530,
0.7,1000,exp,255,3,21,space,0.11562409996986389,None,600,1,[2.0626972001045942],[2.062707000412047],21,3,255,8,1087.707485999912,,1087.7016825000755,1087.707485999912,1088.6935813999735,1088.6935813999735,1088.7005517003126,1088.812120700255,space,0.11562409996986389,None,1088.8129358002916,1089.515869066647,1089.8344203000888,1089.8176005999558,1089.8182442001998,1089.8344203000888,1089.8344203000888,1089.8344203000888,1091.8974362001754,600,1,[2.0626972001045942],[2.062707000412047],1,001,2025-11-13_19h13.13.684,intentional_binding,,2025.1.1,127.93367924758672,2025-11-13 19h13.19.641666 +0530,
0.4,1000,exp,256,4,21,space,0.2056720000691712,None,700,1,[2.0783684998750687],[2.078377999830991],21,4,256,10,1091.9043443999253,,1091.8976854002103,1091.9043443999253,1092.8902909001336,1092.8902909001336,1092.897326800041,1093.098974100314,space,0.2056720000691712,None,1093.0998482001014,1093.504268066554,1093.8223109003156,1093.8046208000742,1093.8051403001882,1093.8223109003156,1093.8223109003156,1093.8223109003156,1095.900990600232,700,1,[2.0783684998750687],[2.078377999830991],1,001,2025-11-13_19h13.13.684,intentional_binding,,2025.1.1,127.93367924758672,2025-11-13 19h13.19.641666 +0530,
0.7,1000,exp,257,5,21,space,0.2514491002075374,None,800,1,[2.4534960999153554],[2.4535060999915004],21,5,257,5,1095.907183600124,,1095.9012334002182,1095.907183600124,1096.8910202002153,1096.8910202002153,1096.8979843002744,1097.14806269994,space,0.2514491002075374,None,1097.1489806002937,1097.847744466799,1098.1658295001835,1098.1467392002232,1098.1471012001857,1098.1658295001835,1098.1658295001835,1098.1658295001835,1100.619646300096,800,1,[2.4534960999153554],[2.4535060999915004],1,001,2025-11-13_19h13.13.684,intentional_binding,,2025.1.1,127.93367924758672,2025-11-13 19h13.19.641666 +0530,
0.1,1000,exp,258,6,21,space,0.23324379976838827,None,550,1,[4.099569300189614],[4.099578800145537],21,6,258,6,1100.6263465001248,,1100.6198983001523,1100.6263465001248,1101.6123453001492,1101.6123453001492,1101.6192856999114,1101.8492105002515,space,0.23324379976838827,None,1101.8502112003043,1101.950183266836,1102.2685281001031,1102.250511799939,1102.251020200085,1102.2685281001031,1102.2685281001031,1102.2685281001031,1106.3684563999996,550,1,[4.099569300189614],[4.099578800145537],1,001,2025-11-13_19h13.13.684,intentional_binding,,2025.1.1,127.93367924758672,2025-11-13 19h13.19.641666 +0530,
0.7,400,unexp,259,7,21,space,0.22148440033197403,None,300,1,[1.9974116999655962],[1.9974211999215186],21,7,259,2,1106.3752517001703,,1106.3687045001425,1106.3752517001703,1107.361175800208,1107.361175800208,1107.3681836002506,1107.5842343000695,space,0.22148440033197403,None,1107.5849383999594,1108.2883159667874,1108.6066326000728,1108.5884396000765,1108.5889302003197,1108.6066326000728,1108.6066326000728,1108.6066326000728,1110.604379599914,300,1,[1.9974116999655962],[1.9974211999215186],1,001,2025-11-13_19h13.13.684,intentional_binding,,2025.1.1,127.93367924758672,2025-11-13 19h13.19.641666 +0530,
0.1,1000,exp,260,8,21,space,0.2534388001076877,None,400,1,[1.9556879000738263],[1.9556975001469254],21,8,260,9,1110.6111325002275,,1110.6046313000843,1110.6111325002275,1111.5973264998756,1111.5973264998756,1111.6042113001458,1111.8547465000302,space,0.2534388001076877,None,1111.855785700027,1111.9547319668966,1112.272593300324,1112.2560300002806,1112.2565345000476,1112.272593300324,1112.272593300324,1112.272593300324,1114.2286084000953,400,1,[1.9556879000738263],[1.9556975001469254],1,001,2025-11-13_19h13.13.684,intentional_binding,,2025.1.1,127.93367924758672,2025-11-13 19h13.19.641666 +0530,
0.4,400,unexp,261,9,21,space,0.16621690010651946,None,200,1,[1.8254724000580609],[1.8254815000109375],21,9,261,1,1114.2345786001533,,1114.228860199917,1114.2345786001533,1115.2210125001147,1115.2210125001147,1115.2281233998947,1115.3877580999397,space,0.16621690010651946,None,1115.3883867003024,1115.7932101665685,1116.1108758999035,1116.094056500122,1116.0946015003137,1116.1108758999035,1116.1108758999035,1116.1108758999035,1117.9366685999557,200,1,[1.8254724000580609],[1.8254815000109375],1,001,2025-11-13_19h13.13.684,intentional_binding,,2025.1.1,127.93367924758672,2025-11-13 19h13.19.641666 +0530,
0.7,1000,exp,262,10,21,space,0.13599030021578074,None,400,1,[1.531976499594748],[1.5319860000163317],21,10,262,11,1117.9435132001527,,1117.9369149003178,1117.9435132001527,1118.9293877999298,1118.9293877999298,1118.936330200173,1119.0686983000487,space,0.13599030021578074,None,1119.0695581999607,1119.772570566802,1120.0904554002918,1120.0731842000969,1120.0737558002584,1120.0904554002918,1120.0904554002918,1120.0904554002918,1121.6227688998915,400,1,[1.531976499594748],[1.5319860000163317],1,001,2025-11-13_19h13.13.684,intentional_binding,,2025.1.1,127.93367924758672,2025-11-13 19h13.19.641666 +0530,
0.4,1000,exp,263,11,21,space,0.11398050002753735,None,500,1,[1.624102700036019],[1.6241119001060724],21,11,263,7,1121.6291205999441,,1121.6230124002323,1121.6291205999441,1122.614959599916,1122.614959599916,1122.6218297001906,1122.7332629999146,space,0.11398050002753735,None,1122.7341674999334,1123.1388445669475,1123.4523269999772,1123.4409356000833,1123.4413628000766,1123.4523269999772,1123.4523269999772,1123.4523269999772,1125.0767469001003,500,1,[1.624102700036019],[1.6241119001060724],1,001,2025-11-13_19h13.13.684,intentional_binding,,2025.1.1,127.93367924758672,2025-11-13 19h13.19.641666 +0530,
0.4,1000,exp,264,0,22,space,0.18073739996179938,None,600,1,[1.6011387002654374],[1.6011536000296474],22,0,264,10,1125.0833140001632,,1125.076995700132,1125.0833140001632,1126.0696407998912,1126.0696407998912,1126.0765666998923,1126.2572841001675,space,0.18073739996179938,None,1126.2580889998935,1126.6628260668988,1126.980331200175,1126.964675700292,1126.9651244003326,1126.980331200175,1126.980331200175,1126.980331200175,1128.5818926999345,600,1,[1.6011387002654374],[1.6011536000296474],1,001,2025-11-13_19h13.13.684,intentional_binding,,2025.1.1,127.93367924758672,2025-11-13 19h13.19.641666 +0530,
0.7,400,unexp,265,1,22,space,0.06025259988382459,None,300,1,[3.780860500410199],[3.780869400128722],22,1,265,2,1128.588560000062,,1128.5822842000052,1128.588560000062,1129.5745565001853,1129.5745565001853,1129.5814781999215,1129.637267400045,space,0.06025259988382459,None,1129.6378419999965,1130.3414099668773,1130.6612919000909,1130.6432679998688,1130.6439030002803,1130.6612919000909,1130.6612919000909,1130.6612919000909,1134.4424825999886,300,1,[3.780860500410199],[3.780869400128722],1,001,2025-11-13_19h13.13.684,intentional_binding,,2025.1.1,127.93367924758672,2025-11-13 19h13.19.641666 +0530,
0.7,1000,exp,266,2,22,space,0.1903721997514367,None,400,1,[1.3335270001553],[1.3335362998768687],22,2,266,11,1134.4491178998724,,1134.4427320002578,1134.4491178998724,1135.435218400322,1135.435218400322,1135.44223769987,1135.6304023000412,space,0.1903721997514367,None,1135.6312963999808,1136.3342029667149,1136.6528044003062,1136.6396508002654,1136.6402243999764,1136.6528044003062,1136.6528044003062,1136.6528044003062,1137.986648300197,400,1,[1.3335270001553],[1.3335362998768687],1,001,2025-11-13_19h13.13.684,intentional_binding,,2025.1.1,127.93367924758672,2025-11-13 19h13.19.641666 +0530,
0.4,1000,exp,267,3,22,space,0.06297650001943111,None,500,1,[1.7271317997947335],[1.7271429002285004],22,3,267,7,1137.9934147000313,,1137.9868956999853,1137.9934147000313,1138.9795862999745,1138.9795862999745,1138.986522800289,1139.049267299939,space,0.06297650001943111,None,1139.0501896003261,1139.454342366724,1139.7724699000828,1139.7554812999442,1139.755970099941,1139.7724699000828,1139.7724699000828,1139.7724699000828,1141.4999432000332,500,1,[1.7271317997947335],[1.7271429002285004],1,001,2025-11-13_19h13.13.684,intentional_binding,,2025.1.1,127.93367924758672,2025-11-13 19h13.19.641666 +0530,
0.7,1000,exp,268,4,22,space,0.13414439978078008,None,400,1,[1.5973753998987377],[1.5973847000859678],22,4,268,5,1141.5063860001974,,1141.500239700079,1141.5063860001974,1142.4926620000042,1142.4926620000042,1142.4996348000132,1142.6321374000981,space,0.13414439978078008,None,1142.632761100307,1143.3376757666158,1143.6556563000195,1143.6382078998722,1143.638586500194,1143.6556563000195,1143.6556563000195,1143.6556563000195,1145.2533617001027,400,1,[1.5973753998987377],[1.5973847000859678],1,001,2025-11-13_19h13.13.684,intentional_binding,,2025.1.1,127.93367924758672,2025-11-13 19h13.19.641666 +0530,
0.1,1000,exp,269,5,22,space,0.0999019998125732,None,500,1,[1.7341436999849975],[1.734152500052005],22,5,269,6,1145.2596315001138,,1145.2536114002578,1145.2596315001138,1146.2457107999362,1146.2457107999362,1146.2527439999394,1146.350396899972,space,0.0999019998125732,None,1146.3514290000312,1146.450289766832,1146.7678121998906,1146.7513350001536,1146.7517148000188,1146.7678121998906,1146.7678121998906,1146.7678121998906,1148.5022494001314,500,1,[1.7341436999849975],[1.734152500052005],1,001,2025-11-13_19h13.13.684,intentional_binding,,2025.1.1,127.93367924758672,2025-11-13 19h13.19.641666 +0530,
0.1,1000,exp,270,6,22,space,0.002610599622130394,None,500,1,[1.624549999833107],[1.6245658001862466],22,6,270,9,1148.5089361001737,,1148.5025007002987,1148.5089361001737,1149.4950172998942,1149.4950172998942,1149.501862199977,1149.5022897999734,space,0.002610599622130394,None,1149.5028865002096,1149.602097766536,1149.9205943001434,1149.9015562999994,1149.9020396000706,1149.9205943001434,1149.9205943001434,1149.9205943001434,1151.5456250999123,500,1,[1.624549999833107],[1.6245658001862466],1,001,2025-11-13_19h13.13.684,intentional_binding,,2025.1.1,127.93367924758672,2025-11-13 19h13.19.641666 +0530,
0.1,400,unexp,271,7,22,space,0.07736330013722181,None,300,1,[2.397905199788511],[2.397914399858564],22,7,271,0,1151.5519359000027,,1151.5459707002155,1151.5519359000027,1152.5383688001893,1152.5383688001893,1152.5453645000234,1152.6225534998812,space,0.07736330013722181,None,1152.6236856998876,1152.722443366951,1153.0403279000893,1153.0220532999374,1153.0225909999572,1153.0403279000893,1153.0403279000893,1153.0403279000893,1155.4385557998903,300,1,[2.397905199788511],[2.397914399858564],1,001,2025-11-13_19h13.13.684,intentional_binding,,2025.1.1,127.93367924758672,2025-11-13 19h13.19.641666 +0530,
0.1,1000,exp,272,8,22,space,0.5955322002992034,None,400,1,[2.018286700360477],[2.018295600079],22,8,272,3,1155.4448818000965,,1155.4387985998765,1155.4448818000965,1156.4311200999655,1156.4311200999655,1156.438098100014,1157.0289345001802,space,0.5955322002992034,None,1157.0297210998833,1157.1290527666608,1157.447036900092,1157.4280858999118,1157.4285746999085,1157.447036900092,1157.447036900092,1157.447036900092,1159.4656595000997,400,1,[2.018286700360477],[2.018295600079],1,001,2025-11-13_19h13.13.684,intentional_binding,,2025.1.1,127.93367924758672,2025-11-13 19h13.19.641666 +0530,
0.4,1000,exp,273,9,22,space,0.013392599765211344,None,400,1,[1.4854255998507142],[1.485441999975592],22,9,273,4,1159.4718073001131,,1159.465904199984,1159.4718073001131,1160.4578903000802,1160.4578903000802,1160.4648303999566,1160.472374000121,space,0.013392599765211344,None,1160.4729653000832,1160.8774435669804,1161.1958188000135,1161.176443700213,1161.1769421999343,1161.1958188000135,1161.1958188000135,1161.1958188000135,1162.681721800007,400,1,[1.4854255998507142],[1.485441999975592],1,001,2025-11-13_19h13.13.684,intentional_binding,,2025.1.1,127.93367924758672,2025-11-13 19h13.19.641666 +0530,
0.7,1000,exp,274,10,22,space,0.02322129998356104,None,500,1,[1.5749587998725474],[1.5749679999426007],22,10,274,8,1162.6883465000428,,1162.6821111999452,1162.6883465000428,1163.6745843999088,1163.6745843999088,1163.6815586001612,1163.7025724998675,space,0.02322129998356104,None,1163.703511599917,1164.4068686669382,1164.7300764000975,1164.7041760003194,1164.704684200231,1164.7300764000975,1164.7300764000975,1164.7300764000975,1166.3053848003037,500,1,[1.5749587998725474],[1.5749679999426007],1,001,2025-11-13_19h13.13.684,intentional_binding,,2025.1.1,127.93367924758672,2025-11-13 19h13.19.641666 +0530,
0.4,400,unexp,275,11,22,space,0.03894229978322983,None,200,1,[1.9351244997233152],[1.9351333999074996],22,11,275,1,1166.311822200194,,1166.3056340999901,1166.311822200194,1167.2978103002533,1167.2978103002533,1167.3044615001418,1167.3399733998813,space,0.03894229978322983,None,1167.3408152000047,1167.7451759665894,1168.064262200147,1168.0501391002908,1168.050627999939,1168.064262200147,1168.064262200147,1168.064262200147,1169.9997227001004,200,1,[1.9351244997233152],[1.9351333999074996],1,001,2025-11-13_19h13.13.684,intentional_binding,,2025.1.1,127.93367924758672,2025-11-13 19h13.19.641666 +0530,
0.7,1000,exp,276,0,23,space,0.4306862000375986,None,300,1,[1.5580994999036193],[1.5581082003191113],23,0,276,5,1170.005940800067,,1169.9999608001672,1170.005940800067,1170.9918386000209,1170.9918386000209,1170.9989303001203,1171.4299067999236,space,0.4306862000375986,None,1171.4309439002536,1172.1337889666358,1172.4557537999935,1172.4367100000381,1172.437389000319,1172.4557537999935,1172.4557537999935,1172.4557537999935,1174.0141885001212,300,1,[1.5580994999036193],[1.5581082003191113],1,001,2025-11-13_19h13.13.684,intentional_binding,,2025.1.1,127.93367924758672,2025-11-13 19h13.19.641666 +0530,
0.4,1000,exp,277,1,23,space,0.14532339992001653,None,400,1,[1.4971153000369668],[1.4971250998787582],23,1,277,10,1174.020506599918,,1174.0144515000284,1174.020506599918,1175.0065577002242,1175.0065577002242,1175.0135181001388,1175.1531517999247,space,0.14532339992001653,None,1175.1540765999816,1175.5590745667616,1175.8774705003016,1175.8619140000083,1175.862430300098,1175.8774705003016,1175.8774705003016,1175.8774705003016,1177.374921000097,400,1,[1.4971153000369668],[1.4971250998787582],1,001,2025-11-13_19h13.13.684,intentional_binding,,2025.1.1,127.93367924758672,2025-11-13 19h13.19.641666 +0530,
0.4,1000,exp,278,2,23,space,0.017655400093644857,None,400,1,[1.4948052000254393],[1.4948209999129176],23,2,278,4,1177.3811623998918,,1177.3751690001227,1177.3811623998918,1178.3677222998813,1178.3677222998813,1178.374759099912,1178.3895256002434,space,0.017655400093644857,None,1178.3902902002446,1178.7946751667807,1179.1127432002686,1179.0934803001583,1179.0940274000168,1179.1127432002686,1179.1127432002686,1179.1127432002686,1180.608022400178,400,1,[1.4948052000254393],[1.4948209999129176],1,001,2025-11-13_19h13.13.684,intentional_binding,,2025.1.1,127.93367924758672,2025-11-13 19h13.19.641666 +0530,
0.7,1000,exp,279,3,23,space,0.03785380022600293,None,500,1,[1.6427390999160707],[1.6427480997517705],23,3,279,11,1180.6146396002732,,1180.6084259999916,1180.6146396002732,1181.6007901001722,1181.6007901001722,1181.6073878002353,1181.64283800032,space,0.03785380022600293,None,1181.6437333999202,1182.3464755667994,1182.6649138000794,1182.6467543998733,1182.6472396003082,1182.6649138000794,1182.6649138000794,1182.6649138000794,1184.3079647999257,500,1,[1.6427390999160707],[1.6427480997517705],1,001,2025-11-13_19h13.13.684,intentional_binding,,2025.1.1,127.93367924758672,2025-11-13 19h13.19.641666 +0530,
0.1,400,unexp,280,4,23,space,0.1880685999058187,None,200,1,[3.1143927997909486],[3.114401899743825],23,4,280,0,1184.3149337000214,,1184.3082273001783,1184.3149337000214,1185.3010423001833,1185.3010423001833,1185.307626100257,1185.4950848002918,space,0.1880685999058187,None,1185.49565850012,1185.5951905665609,1185.9174235002138,1185.8983273999766,1185.8988576000556,1185.9174235002138,1185.9174235002138,1185.9174235002138,1189.0321480003186,200,1,[3.1143927997909486],[3.114401899743825],1,001,2025-11-13_19h13.13.684,intentional_binding,,2025.1.1,127.93367924758672,2025-11-13 19h13.19.641666 +0530,
0.7,1000,exp,281,5,23,space,0.8231554999947548,None,300,1,[2.376293799839914],[2.376302700024098],23,5,281,8,1189.0386347998865,,1189.0324043999426,1189.0386347998865,1190.0250292001292,1190.0250292001292,1190.0321372998878,1190.8519661002792,space,0.8231554999947548,None,1190.8529253001325,1191.5561264665487,1191.8748425999656,1191.858236500062,1191.8587171002291,1191.8748425999656,1191.8748425999656,1191.8748425999656,1194.2514558001421,300,1,[2.376293799839914],[2.376302700024098],1,001,2025-11-13_19h13.13.684,intentional_binding,,2025.1.1,127.93367924758672,2025-11-13 19h13.19.641666 +0530,
0.1,1000,exp,282,6,23,space,0.3079586001113057,None,300,1,[2.26858410006389],[2.268598099704832],23,6,282,3,1194.258246799931,,1194.251703800168,1194.258246799931,1195.2442592000589,1195.2442592000589,1195.2512030000798,1195.5572235998698,space,0.3079586001113057,None,1195.5578128001653,1195.6567786667185,1195.9756040000357,1195.9574144999497,1195.9577689999714,1195.9756040000357,1195.9756040000357,1195.9756040000357,1198.244638599921,300,1,[2.26858410006389],[2.268598099704832],1,001,2025-11-13_19h13.13.684,intentional_binding,,2025.1.1,127.93367924758672,2025-11-13 19h13.19.641666 +0530,
0.1,1000,exp,283,7,23,space,0.259619299788028,None,300,1,[1.6936325998976827],[1.6936416998505592],23,7,283,6,1198.2506353002973,,1198.2449945001863,1198.2506353002973,1199.2368244999088,1199.2368244999088,1199.2439892999828,1199.501216399949,space,0.259619299788028,None,1199.502119100187,1199.6004600669878,1199.9184437002987,1199.9010737999342,1199.9016697001643,1199.9184437002987,1199.9184437002987,1199.9184437002987,1201.6124166999944,300,1,[1.6936325998976827],[1.6936416998505592],1,001,2025-11-13_19h13.13.684,intentional_binding,,2025.1.1,127.93367924758672,2025-11-13 19h13.19.641666 +0530,
0.7,400,unexp,284,8,23,space,0.32976859994232655,None,200,1,[1.8982584001496434],[1.8982673003338277],23,8,284,2,1201.6188606000505,,1201.6126636001281,1201.6188606000505,1202.605479199905,1202.605479199905,1202.612288299948,1202.9391693002544,space,0.32976859994232655,None,1202.940071800258,1203.6432308667029,1203.9610648001544,1203.9461451000534,1203.9466344001703,1203.9610648001544,1203.9610648001544,1203.9610648001544,1205.8596856002696,200,1,[1.8982584001496434],[1.8982673003338277],1,001,2025-11-13_19h13.13.684,intentional_binding,,2025.1.1,127.93367924758672,2025-11-13 19h13.19.641666 +0530,
0.4,400,unexp,285,9,23,space,1.8441690001636744,None,200,1,[2.3824284998700023],[2.3824378000572324],23,9,285,1,1205.8663047999144,,1205.860010500066,1205.8663047999144,1206.8522386001423,1206.8522386001423,1206.8591232001781,1208.6998474001884,space,1.8441690001636744,None,1208.7009978001006,1209.1055815667535,1209.4237377000973,1209.406654600054,1209.4072058000602,1209.4237377000973,1209.4237377000973,1209.4237377000973,1211.8065164000727,200,1,[2.3824284998700023],[2.3824378000572324],1,001,2025-11-13_19h13.13.684,intentional_binding,,2025.1.1,127.93367924758672,2025-11-13 19h13.19.641666 +0530,
0.1,1000,exp,286,10,23,space,0.12235810002312064,None,300,1,[1.6902275998145342],[1.6902437000535429],23,10,286,9,1211.81208589999,,1211.806762699969,1211.81208589999,1212.7984572001733,1212.7984572001733,1212.805321900174,1212.923746000044,space,0.12235810002312064,None,1212.9247432001866,1213.0235500666934,1213.3337729000486,1213.320908000227,1213.3214825000614,1213.3337729000486,1213.3337729000486,1213.3337729000486,1215.024447100237,300,1,[1.6902275998145342],[1.6902437000535429],1,001,2025-11-13_19h13.13.684,intentional_binding,,2025.1.1,127.93367924758672,2025-11-13 19h13.19.641666 +0530,
0.4,1000,exp,287,11,23,space,0.3040166003629565,None,400,1,[1.4962446996942163],[1.4962603999301791],23,11,287,7,1215.0310280001722,,1215.0248354002833,1215.0310280001722,1216.016896000132,1216.016896000132,1216.024045899976,1216.3232126999646,space,0.3040166003629565,None,1216.3241347000003,1216.7284777667994,1217.0459794001654,1217.025739800185,1217.0262289000675,1217.0459794001654,1217.0459794001654,1217.0459794001654,1218.5427012001164,400,1,[1.4962446996942163],[1.4962603999301791],1,001,2025-11-13_19h13.13.684,intentional_binding,,2025.1.1,127.93367924758672,2025-11-13 19h13.19.641666 +0530,
0.7,1000,exp,288,0,24,space,0.2912455000914633,None,300,1,[1.676090500317514],[1.6760988999158144],24,0,288,11,1218.5488916002214,,1218.5430676001124,1218.5488916002214,1219.5348372003064,1219.5348372003064,1219.541904100217,1219.8268055003136,space,0.2912455000914633,None,1219.827399100177,1220.530886066674,1220.848936200142,1220.8322550999,1220.8327768999152,1220.848936200142,1220.848936200142,1220.848936200142,1222.525356200058,300,1,[1.676090500317514],[1.6760988999158144],1,001,2025-11-13_19h13.13.684,intentional_binding,,2025.1.1,127.93367924758672,2025-11-13 19h13.19.641666 +0530,
0.7,1000,exp,289,1,24,space,0.08184760017320514,None,400,1,[1.9782048999331892],[1.9782170997932553],24,1,289,5,1222.5319599001668,,1222.5256008999422,1222.5319599001668,1223.5181705001742,1223.5181705001742,1223.5252131000161,1223.6022304003127,space,0.08184760017320514,None,1223.6032559000887,1224.3068159665602,1224.624952599872,1224.6064943000674,1224.6069884998724,1224.624952599872,1224.624952599872,1224.624952599872,1226.6035911003128,400,1,[1.9782048999331892],[1.9782170997932553],1,001,2025-11-13_19h13.13.684,intentional_binding,,2025.1.1,127.93367924758672,2025-11-13 19h13.19.641666 +0530,
0.7,400,unexp,290,2,24,space,0.2162631000392139,None,200,1,[1.8854637001641095],[1.8854725998826325],24,2,290,2,1226.6102163000032,,1226.6039105001837,1226.6102163000032,1227.595919399988,1227.595919399988,1227.6030318001285,1227.8186238999479,space,0.2162631000392139,None,1227.8193008000962,1228.522486166625,1228.8405555998906,1228.8245200002566,1228.8250430999324,1228.8405555998906,1228.8405555998906,1228.8405555998906,1230.726357200183,200,1,[1.8854637001641095],[1.8854725998826325],1,001,2025-11-13_19h13.13.684,intentional_binding,,2025.1.1,127.93367924758672,2025-11-13 19h13.19.641666 +0530,
0.4,1000,exp,291,3,24,space,0.17704819981008768,None,300,1,[1.9280749997124076],[1.92808449966833],24,3,291,4,1230.7328241001815,,1230.7266486999579,1230.7328241001815,1231.7189664999023,1231.7189664999023,1231.7259344998747,1231.9001111001708,space,0.17704819981008768,None,1231.9011317002587,1232.2991847666601,1232.6167576001026,1232.6026778998785,1232.6031654002145,1232.6167576001026,1232.6167576001026,1232.6167576001026,1234.5451512001455,300,1,[1.9280749997124076],[1.92808449966833],1,001,2025-11-13_19h13.13.684,intentional_binding,,2025.1.1,127.93367924758672,2025-11-13 19h13.19.641666 +0530,
0.4,1000,exp,292,4,24,space,0.5911738001741469,None,400,1,[1.4694622000679374],[1.4694709996692836],24,4,292,7,1234.5513236001134,,1234.545454900246,1234.5513236001134,1235.5371153000742,1235.5371153000742,1235.5444272002205,1236.1350344000384,space,0.5911738001741469,None,1236.1357336998917,1236.5403407668384,1236.859202099964,1236.840518699959,1236.8411286002956,1236.859202099964,1236.859202099964,1236.859202099964,1238.3290015002713,400,1,[1.4694622000679374],[1.4694709996692836],1,001,2025-11-13_19h13.13.684,intentional_binding,,2025.1.1,127.93367924758672,2025-11-13 19h13.19.641666 +0530,
0.4,1000,exp,293,5,24,space,0.41227159975096583,None,500,1,[1.6893839999102056],[1.6893962998874485],24,5,293,10,1238.3352405000478,,1238.3292439002544,1238.3352405000478,1239.321475900244,1239.321475900244,1239.3284275000915,1239.7386798001826,space,0.41227159975096583,None,1239.7395779001527,1240.1437028665716,1240.462279099971,1240.4447115999646,1240.445244899951,1240.462279099971,1240.462279099971,1240.462279099971,1242.1520189000294,500,1,[1.6893839999102056],[1.6893962998874485],1,001,2025-11-13_19h13.13.684,intentional_binding,,2025.1.1,127.93367924758672,2025-11-13 19h13.19.641666 +0530,
0.1,400,unexp,294,6,24,space,0.18161020008847117,None,200,1,[2.339963700156659],[2.3399729002267122],24,6,294,0,1242.1588329002261,,1242.1522723999806,1242.1588329002261,1243.1446036002599,1243.1446036002599,1243.1519284001552,1243.3326282002963,space,0.18161020008847117,None,1243.3332390002906,1243.4320997666257,1243.7500530001707,1243.73350750003,1243.7339478000067,1243.7500530001707,1243.7500530001707,1243.7500530001707,1246.0903207999654,200,1,[2.339963700156659],[2.3399729002267122],1,001,2025-11-13_19h13.13.684,intentional_binding,,2025.1.1,127.93367924758672,2025-11-13 19h13.19.641666 +0530,
0.4,400,unexp,295,7,24,space,0.1744844000786543,None,200,1,[1.9204150000587106],[1.9204237000085413],24,7,295,1,1246.0964843002148,,1246.090575600043,1246.0964843002148,1247.0826377002522,1247.0826377002522,1247.0895242001861,1247.2634938000701,space,0.1744844000786543,None,1247.2643784000538,1247.6688218666861,1247.978785800282,1247.9660839000717,1247.9665915002115,1247.978785800282,1247.978785800282,1247.978785800282,1249.899495600257,200,1,[1.9204150000587106],[1.9204237000085413],1,001,2025-11-13_19h13.13.684,intentional_binding,,2025.1.1,127.93367924758672,2025-11-13 19h13.19.641666 +0530,
0.1,1000,exp,296,8,24,space,0.13764700014144182,None,300,1,[2.0970740001648664],[2.097083400003612],24,8,296,3,1249.9062724001706,,1249.89975590026,1249.9062724001706,1250.8924777000211,1250.8924777000211,1250.899397900328,1251.0318062999286,space,0.13764700014144182,None,1251.0325365001336,1251.1317231669711,1251.4495228999294,1251.4325350001454,1251.4330200999975,1251.4495228999294,1251.4495228999294,1251.4495228999294,1253.546906299889,300,1,[2.0970740001648664],[2.097083400003612],1,001,2025-11-13_19h13.13.684,intentional_binding,,2025.1.1,127.93367924758672,2025-11-13 19h13.19.641666 +0530,
0.1,1000,exp,297,9,24,space,0.20433659991249442,None,100,1,[1.8883923003450036],[1.8884012000635266],24,9,297,6,1253.5538309002295,,1253.5471663000062,1253.5538309002295,1254.5396636999212,1254.5396636999212,1254.5466086002998,1254.7489804001525,space,0.20433659991249442,None,1254.7500060000457,1254.8491207669178,1255.1673179999925,1255.1499355002306,1255.1504275999032,1255.1673179999925,1255.1673179999925,1255.1673179999925,1257.056037500035,100,1,[1.8883923003450036],[1.8884012000635266],1,001,2025-11-13_19h13.13.684,intentional_binding,,2025.1.1,127.93367924758672,2025-11-13 19h13.19.641666 +0530,
0.1,1000,exp,298,10,24,space,0.37650980008766055,None,200,1,[1.6824183003045619],[1.6824277001433074],24,10,298,9,1257.0623320001177,,1257.056278700009,1257.0623320001177,1258.0482688001357,1258.0482688001357,1258.0552395000122,1258.4307388002053,space,0.37650980008766055,None,1258.4318083003163,1258.5311587667713,1258.8500151000917,1258.8328428003006,1258.8334653000347,1258.8500151000917,1258.8500151000917,1258.8500151000917,1260.5327686001547,200,1,[1.6824183003045619],[1.6824277001433074],1,001,2025-11-13_19h13.13.684,intentional_binding,,2025.1.1,127.93367924758672,2025-11-13 19h13.19.641666 +0530,
0.7,1000,exp,299,11,24,space,0.4066154002211988,None,300,1,[1.4862835998646915],[1.4862925997003913],24,11,299,8,1260.5390715999529,,1260.5330449002795,1260.5390715999529,1261.5251873000525,1261.5251873000525,1261.5322135002352,1261.935956200119,space,0.4066154002211988,None,1261.9371040998958,1262.6402330669264,1262.958247399889,1262.942019900307,1262.9425226002932,1262.958247399889,1262.958247399889,1262.958247399889,1264.4448655000888,300,1,[1.4862835998646915],[1.4862925997003913],1,001,2025-11-13_19h13.13.684,intentional_binding,,2025.1.1,127.93367924758672,2025-11-13 19h13.19.641666 +0530,
0.7,400,unexp,300,0,25,space,0.1259866999462247,None,200,1,[1.7557663996703923],[1.755776499863714],25,0,300,2,1264.4515905003063,,1264.4451112002134,1264.4515905003063,1265.4375780001283,1265.4375780001283,1265.4446030999534,1265.5695356000215,space,0.1259866999462247,None,1265.5701144998893,1266.2739481665815,1266.5924284001812,1266.5724321003072,1266.5729235000908,1266.5924284001812,1266.5924284001812,1266.5924284001812,1268.3485558000393,200,1,[1.7557663996703923],[1.755776499863714],1,001,2025-11-13_19h13.13.684,intentional_binding,,2025.1.1,127.93367924758672,2025-11-13 19h13.19.641666 +0530,
0.1,1000,exp,301,1,25,space,0.06953509990125895,None,300,1,[1.6517636999487877],[1.6517727002501488],25,1,301,6,1268.3547378000803,,1268.3488056999631,1268.3547378000803,1269.3409144002944,1269.3409144002944,1269.3478032001294,1269.4171784003265,space,0.06953509990125895,None,1269.4180594999343,1269.5171332667271,1269.835566600319,1269.823424000293,1269.8237991998903,1269.835566600319,1269.835566600319,1269.835566600319,1271.4876252003014,300,1,[1.6517636999487877],[1.6517727002501488],1,001,2025-11-13_19h13.13.684,intentional_binding,,2025.1.1,127.93367924758672,2025-11-13 19h13.19.641666 +0530,
0.4,1000,exp,302,2,25,space,0.09774490026757121,None,400,1,[1.399299300275743],[1.3993085003457963],25,2,302,7,1271.4937907001004,,1271.4878660002723,1271.4937907001004,1272.4798531001434,1272.4798531001434,1272.4868972999975,1272.5844418001361,space,0.09774490026757121,None,1272.585018800106,1272.9895627666886,1273.307597400155,1273.2891871002503,1273.2897280002944,1273.307597400155,1273.307597400155,1273.307597400155,1274.7072374001145,400,1,[1.399299300275743],[1.3993085003457963],1,001,2025-11-13_19h13.13.684,intentional_binding,,2025.1.1,127.93367924758672,2025-11-13 19h13.19.641666 +0530,
0.4,1000,exp,303,3,25,space,0.024275700096040964,None,300,1,[1.3750311001203954],[1.3750434000976384],25,3,303,4,1274.71390959993,,1274.7074816999957,1274.71390959993,1275.7000162000768,1275.7000162000768,1275.7069759001024,1275.7285108002834,space,0.024275700096040964,None,1275.7293973001651,1276.1334158667053,1276.4518142002635,1276.4378261002712,1276.4383336002938,1276.4518142002635,1276.4518142002635,1276.4518142002635,1277.8272613002919,300,1,[1.3750311001203954],[1.3750434000976384],1,001,2025-11-13_19h13.13.684,intentional_binding,,2025.1.1,127.93367924758672,2025-11-13 19h13.19.641666 +0530,
0.4,1000,exp,304,4,25,space,0.026835100259631872,None,400,1,[1.8481264002621174],[1.8481387998908758],25,4,304,10,1277.8333380999975,,1277.8275349000469,1277.8333380999975,1278.819357499946,1278.819357499946,1278.8264591000043,1278.8477264000103,space,0.026835100259631872,None,1278.8483084999025,1279.2532361667293,1279.5708909002133,1279.5538838999346,1279.5542713003233,1279.5708909002133,1279.5708909002133,1279.5708909002133,1281.4193615000695,400,1,[1.8481264002621174],[1.8481387998908758],1,001,2025-11-13_19h13.13.684,intentional_binding,,2025.1.1,127.93367924758672,2025-11-13 19h13.19.641666 +0530,
0.7,1000,exp,305,5,25,space,0.20106459967792034,None,300,1,[1.6043863003142178],[1.6043916000053287],25,5,305,11,1281.4258818002418,,1281.41961969994,1281.4258818002418,1282.411913299933,1282.411913299933,1282.4190250001848,1282.6137725999579,space,0.20106459967792034,None,1282.614458099939,1283.317494866966,1283.626185500063,1283.614794800058,1283.6151641001925,1283.626185500063,1283.626185500063,1283.626185500063,1285.2308855000883,300,1,[1.6043863003142178],[1.6043916000053287],1,001,2025-11-13_19h13.13.684,intentional_binding,,2025.1.1,127.93367924758672,2025-11-13 19h13.19.641666 +0530,
0.4,400,unexp,306,6,25,space,0.06281050015240908,None,200,1,[2.1665899003855884],[2.166601200122386],25,6,306,1,1285.2375548998825,,1285.2311958000064,1285.2375548998825,1286.2241207999177,1286.2241207999177,1286.2308372003026,1286.293748000171,space,0.06281050015240908,None,1286.2944461000152,1286.6988052665877,1287.0063582002185,1286.997376800049,1286.9976729000919,1287.0063582002185,1287.0063582002185,1287.0063582002185,1289.1732700001448,200,1,[2.1665899003855884],[2.166601200122386],1,001,2025-11-13_19h13.13.684,intentional_binding,,2025.1.1,127.93367924758672,2025-11-13 19h13.19.641666 +0530,
0.1,400,unexp,307,7,25,space,0.19654630031436682,None,100,1,[1.6335607999935746],[1.6335661998018622],25,7,307,0,1289.1800486999564,,1289.173549100291,1289.1800486999564,1290.165853800252,1290.165853800252,1290.172840199899,1290.3676183000207,space,0.19654630031436682,None,1290.368122200016,1290.4673949666942,1290.7788101001643,1290.7676377999596,1290.7680234001018,1290.7788101001643,1290.7788101001643,1290.7788101001643,1292.412576999981,100,1,[1.6335607999935746],[1.6335661998018622],1,001,2025-11-13_19h13.13.684,intentional_binding,,2025.1.1,127.93367924758672,2025-11-13 19h13.19.641666 +0530,
0.7,1000,exp,308,8,25,space,0.13524080021306872,None,300,1,[1.472941900137812],[1.4729472999460995],25,8,308,5,1292.4189325999469,,1292.4127377001569,1292.4189325999469,1293.4050734001212,1293.4050734001212,1293.4118693000637,1293.5441334000789,space,0.13524080021306872,None,1293.5446957000531,1294.2480385667334,1294.5562406000681,1294.5485983002,1294.5488664000295,1294.5562406000681,1294.5562406000681,1294.5562406000681,1296.0293942000717,300,1,[1.472941900137812],[1.4729472999460995],1,001,2025-11-13_19h13.13.684,intentional_binding,,2025.1.1,127.93367924758672,2025-11-13 19h13.19.641666 +0530,
0.1,1000,exp,309,9,25,space,0.13929019961506128,None,400,1,[2.120150700211525],[2.1201617000624537],25,9,309,9,1296.0359180001542,,1296.0295553002506,1296.0359180001542,1297.0219216002151,1297.0219216002151,1297.028915999923,1297.1616436000913,space,0.13929019961506128,None,1297.1620026999153,1297.2609319668884,1297.5713138002902,1297.5635808003135,1297.563925200142,1297.5713138002902,1297.5713138002902,1297.5713138002902,1299.6917920000851,400,1,[2.120150700211525],[2.1201617000624537],1,001,2025-11-13_19h13.13.684,intentional_binding,,2025.1.1,127.93367924758672,2025-11-13 19h13.19.641666 +0530,
0.7,1000,exp,310,10,25,space,0.6095716003328562,None,500,1,[1.9460102999582887],[1.9460152997635305],25,10,310,8,1299.69818759989,,1299.6920719002374,1299.69818759989,1300.684626000002,1300.684626000002,1300.6917635998689,1301.2961376002058,space,0.6095716003328562,None,1301.2965830001049,1301.9998895666251,1302.3176351999864,1302.3024281999096,1302.3027095999569,1302.3176351999864,1302.3176351999864,1302.3176351999864,1304.2638493003324,500,1,[1.9460102999582887],[1.9460152997635305],1,001,2025-11-13_19h13.13.684,intentional_binding,,2025.1.1,127.93367924758672,2025-11-13 19h13.19.641666 +0530,
0.1,1000,exp,311,11,25,space,0.24387939972802997,None,600,1,[1.8324159998446703],[1.8324211998842657],25,11,311,3,1304.2705268999562,,1304.264004800003,1304.2705268999562,1305.2565923002549,1305.2565923002549,1305.2636122000404,1305.5066327000968,space,0.24387939972802997,None,1305.507379299961,1305.6068463666054,1305.9241402000189,1305.9067764999345,1305.9071728000417,1305.9241402000189,1305.9241402000189,1305.9241402000189,1307.7567664999515,600,1,[1.8324159998446703],[1.8324211998842657],1,001,2025-11-13_19h13.13.684,intentional_binding,,2025.1.1,127.93367924758672,2025-11-13 19h13.19.641666 +0530,
0.1,1000,exp,312,0,26,space,0.10319609986618161,None,700,1,[2.2164332000538707],[2.216438500210643],26,0,312,3,1307.7633539000526,,1307.7569194003008,1307.7633539000526,1308.749362600036,1308.749362600036,1308.756429700181,1308.8539607999846,space,0.10319609986618161,None,1308.8543261000887,1308.95375046699,1309.2713958001696,1309.2587570003234,1309.2590288002975,1309.2713958001696,1309.2713958001696,1309.2713958001696,1311.4880373002961,700,1,[2.2164332000538707],[2.216438500210643],1,001,2025-11-13_19h13.13.684,intentional_binding,,2025.1.1,127.93367924758672,2025-11-13 19h13.19.641666 +0530,
0.7,1000,exp,313,1,26,space,0.1951092998497188,None,800,1,[2.4607266997918487],[2.46074409969151],26,1,313,11,1311.4947822000831,,1311.4881899999455,1311.4947822000831,1312.480604399927,1312.480604399927,1312.4881167002022,1312.6824771999381,space,0.1951092998497188,None,1312.6835317001678,1313.3862785669664,1313.6958365002647,1313.6871258001775,1313.6873941002414,1313.6958365002647,1313.6958365002647,1313.6958365002647,1316.1569109000266,800,1,[2.4607266997918487],[2.46074409969151],1,001,2025-11-13_19h13.13.684,intentional_binding,,2025.1.1,127.93367924758672,2025-11-13 19h13.19.641666 +0530,
0.7,1000,exp,314,2,26,space,0.17011350020766258,None,700,1,[2.8743701996281743],[2.8743810998275876],26,2,314,5,1316.1636895001866,,1316.1571315000765,1316.1636895001866,1317.149402800016,1317.149402800016,1317.1563022001646,1317.323281200137,space,0.17011350020766258,None,1317.3240044000559,1318.0273118666994,1318.3358543002978,1318.326727299951,1318.3269986002706,1318.3358543002978,1318.3358543002978,1318.3358543002978,1321.210538700223,700,1,[2.8743701996281743],[2.8743810998275876],1,001,2025-11-13_19h13.13.684,intentional_binding,,2025.1.1,127.93367924758672,2025-11-13 19h13.19.641666 +0530,
0.7,400,unexp,315,3,26,space,0.243567599914968,None,400,1,[2.612536699976772],[2.612544700037688],26,3,315,2,1321.217213800177,,1321.2108179000206,1321.217213800177,1322.2032134002075,1322.2032134002075,1322.210136699956,1322.4536859001964,space,0.243567599914968,None,1322.4541802001186,1323.1576007665756,1323.4661416001618,1323.4574126000516,1323.4576824000105,1323.4661416001618,1323.4661416001618,1323.4661416001618,1326.0789358001202,400,1,[2.612536699976772],[2.612544700037688],1,001,2025-11-13_19h13.13.684,intentional_binding,,2025.1.1,127.93367924758672,2025-11-13 19h13.19.641666 +0530,
0.1,400,unexp,316,4,26,space,0.13225550018250942,None,300,1,[1.785119999665767],[1.7851250995881855],26,4,316,0,1326.0853420002386,,1326.0790963000618,1326.0853420002386,1327.0713643003255,1327.0713643003255,1327.0783130000345,1327.2041330998763,space,0.13225550018250942,None,1327.2047057002783,1327.3033951665896,1327.6126170000061,1327.605204500258,1327.6054727002047,1327.6126170000061,1327.6126170000061,1327.6126170000061,1329.3979313001037,300,1,[1.785119999665767],[1.7851250995881855],1,001,2025-11-13_19h13.13.684,intentional_binding,,2025.1.1,127.93367924758672,2025-11-13 19h13.19.641666 +0530,
0.4,1000,exp,317,5,26,space,0.20335559966042638,None,400,1,[1.392552400007844],[1.392562699969858],26,5,317,10,1329.4045430002734,,1329.3980836002156,1329.4045430002734,1330.3906001001596,1330.3906001001596,1330.3976342999376,1330.5993607998826,space,0.20335559966042638,None,1330.6000203001313,1331.0046705669413,1331.3281577001326,1331.307240200229,1331.3075255001895,1331.3281577001326,1331.3281577001326,1331.3281577001326,1332.7210397999734,400,1,[1.392552400007844],[1.392562699969858],1,001,2025-11-13_19h13.13.684,intentional_binding,,2025.1.1,127.93367924758672,2025-11-13 19h13.19.641666 +0530,
0.7,1000,exp,318,6,26,space,0.13642579969018698,None,500,1,[1.9247544999234378],[1.924762399867177],26,6,318,8,1332.7276226002723,,1332.721322600264,1332.7276226002723,1333.7138380003162,1333.7138380003162,1333.720786999911,1333.8528269003145,space,0.13642579969018698,None,1333.8532163999043,1334.556995366762,1334.8662856998853,1334.8571386002004,1334.8574207001366,1334.8662856998853,1334.8662856998853,1334.8662856998853,1336.7913065999746,500,1,[1.9247544999234378],[1.924762399867177],1,001,2025-11-13_19h13.13.684,intentional_binding,,2025.1.1,127.93367924758672,2025-11-13 19h13.19.641666 +0530,
0.1,1000,exp,319,7,26,space,0.07972839986905456,None,500,1,[1.8615911002270877],[1.8616082002408803],26,7,319,9,1336.7978278999217,,1336.791519400198,1336.7978278999217,1337.7841131002642,1337.7841131002642,1337.7910482999869,1337.8677350003272,space,0.07972839986905456,None,1337.8683942002244,1337.9672332667435,1338.2789695002139,1338.2680877000093,1338.2683442002162,1338.2789695002139,1338.2789695002139,1338.2789695002139,1340.1408377001062,500,1,[1.8615911002270877],[1.8616082002408803],1,001,2025-11-13_19h13.13.684,intentional_binding,,2025.1.1,127.93367924758672,2025-11-13 19h13.19.641666 +0530,
0.4,1000,exp,320,8,26,space,0.36177279986441135,None,600,1,[1.907208800315857],[1.9072139002382755],26,8,320,4,1340.1473313001916,,1340.1410511001013,1340.1473313001916,1341.1334551000036,1341.1334551000036,1341.140342300292,1341.501917200163,space,0.36177279986441135,None,1341.5023322999477,1341.9071256667996,1342.2156011001207,1342.207733000163,1342.2080037998967,1342.2156011001207,1342.2156011001207,1342.2156011001207,1344.1230063000694,600,1,[1.907208800315857],[1.9072139002382755],1,001,2025-11-13_19h13.13.684,intentional_binding,,2025.1.1,127.93367924758672,2025-11-13 19h13.19.641666 +0530,
0.4,1000,exp,321,9,26,space,0.13884730031713843,None,400,1,[1.5678534996695817],[1.5678619998507202],26,9,321,7,1344.1298483000137,,1344.1231611003168,1344.1298483000137,1345.1160491001792,1345.1160491001792,1345.1228753998876,1345.2623212002218,space,0.13884730031713843,None,1345.263269300107,1345.66748176661,1345.9851959003136,1345.9726551999338,1345.972933900077,1345.9851959003136,1345.9851959003136,1345.9851959003136,1347.5533410999924,400,1,[1.5678534996695817],[1.5678619998507202],1,001,2025-11-13_19h13.13.684,intentional_binding,,2025.1.1,127.93367924758672,2025-11-13 19h13.19.641666 +0530,
0.1,1000,exp,322,10,26,space,0.03872149996459484,None,500,1,[1.5766608999110758],[1.5766694000922143],26,10,322,6,1347.5596962003037,,1347.5535538000986,1347.5596962003037,1348.54558120016,1348.54558120016,1348.5525600002147,1348.587829099968,space,0.03872149996459484,None,1348.5884894998744,1348.6873575668471,1348.9969800999388,1348.9892277000472,1348.9894949998707,1348.9969800999388,1348.9969800999388,1348.9969800999388,1350.5739525002427,500,1,[1.5766608999110758],[1.5766694000922143],1,001,2025-11-13_19h13.13.684,intentional_binding,,2025.1.1,127.93367924758672,2025-11-13 19h13.19.641666 +0530,
0.4,400,unexp,323,11,26,space,0.3783553000539541,None,300,1,[5.779769599903375],[5.77977479994297],26,11,323,1,1350.5797728002071,,1350.574179599993,1350.5797728002071,1351.5661590001546,1351.5661590001546,1351.5731603000313,1351.9484081002884,space,0.3783553000539541,None,1351.948908700142,1352.3541561668428,1352.6713817003183,1352.6588114001788,1352.65920990007,1352.6713817003183,1352.6713817003183,1352.6713817003183,1358.4513576002792,300,1,[5.779769599903375],[5.77977479994297],1,001,2025-11-13_19h13.13.684,intentional_binding,,2025.1.1,127.93367924758672,2025-11-13 19h13.19.641666 +0530,
0.1,1000,exp,324,0,27,space,0.5806174003519118,None,400,1,[2.68518040003255],[2.6851860997267067],27,0,324,6,1358.458271900192,,1358.4515229999088,1358.458271900192,1359.4442688999698,1359.4442688999698,1359.4512531999499,1360.0279216002673,space,0.5806174003519118,None,1360.028345100116,1360.12767536665,1360.4371688999236,1360.4287964999676,1360.4292052001692,1360.4371688999236,1360.4371688999236,1360.4371688999236,1363.1225640000775,400,1,[2.68518040003255],[2.6851860997267067],1,001,2025-11-13_19h13.13.684,intentional_binding,,2025.1.1,127.93367924758672,2025-11-13 19h13.19.641666 +0530,
0.1,1000,exp,325,1,27,space,0.39333820017054677,None,500,1,[1.6801183996722102],[1.6801235997118056],27,1,325,3,1363.128551099915,,1363.1227208999917,1363.128551099915,1364.1149078998715,1364.1149078998715,1364.1219045002945,1364.5111511000432,space,0.39333820017054677,None,1364.5116929002106,1364.611000366571,1364.92014870001,1364.9121257001534,1364.9123972002417,1364.92014870001,1364.92014870001,1364.92014870001,1366.6004568003118,500,1,[1.6801183996722102],[1.6801235997118056],1,001,2025-11-13_19h13.13.684,intentional_binding,,2025.1.1,127.93367924758672,2025-11-13 19h13.19.641666 +0530,
0.7,1000,exp,326,2,27,space,0.23776799999177456,None,600,1,[1.7563817999325693],[1.756386799737811],27,2,326,8,1366.606828900054,,1366.6006081001833,1366.606828900054,1367.5928528001532,1367.5928528001532,1367.599865600001,1367.836496999953,space,0.23776799999177456,None,1367.8369292998686,1368.5402017669442,1368.8485695999116,1368.840610800311,1368.8408750998788,1368.8485695999116,1368.8485695999116,1368.8485695999116,1370.6051556998864,600,1,[1.7563817999325693],[1.756386799737811],1,001,2025-11-13_19h13.13.684,intentional_binding,,2025.1.1,127.93367924758672,2025-11-13 19h13.19.641666 +0530,
0.4,1000,exp,327,3,27,space,0.19638890027999878,None,560,1,[2.2209201003424823],[2.220931100193411],27,3,327,4,1370.6117007001303,,1370.6053062002175,1370.6117007001303,1371.5976741001941,1371.5976741001941,1371.604723900091,1371.79957500007,space,0.19638890027999878,None,1371.800126499962,1372.204730866539,1372.5114926001988,1372.50003929995,1372.5003037001006,1372.5114926001988,1372.5114926001988,1372.5114926001988,1374.732752900105,560,1,[2.2209201003424823],[2.220931100193411],1,001,2025-11-13_19h13.13.684,intentional_binding,,2025.1.1,127.93367924758672,2025-11-13 19h13.19.641666 +0530,
0.4,400,unexp,328,4,27,space,0.139194100163877,None,300,1,[2.136735999956727],[2.13674100022763],27,4,328,1,1374.7392406002618,,1374.732934600208,1374.7392406002618,1375.7250828999095,1375.7250828999095,1375.732090699952,1375.8712015002966,space,0.139194100163877,None,1375.8718488002196,1376.276259066599,1376.5845164000057,1376.5764212002978,1376.5766908000223,1376.5845164000057,1376.5845164000057,1376.5845164000057,1378.721439999994,300,1,[2.136735999956727],[2.13674100022763],1,001,2025-11-13_19h13.13.684,intentional_binding,,2025.1.1,127.93367924758672,2025-11-13 19h13.19.641666 +0530,
0.4,1000,exp,329,5,27,space,0.1468978999182582,None,400,1,[1.6568539999425411],[1.6568641997873783],27,5,329,7,1378.7281134999357,,1378.7215963001363,1378.7281134999357,1379.713962700218,1379.713962700218,1379.7209522002377,1379.86696689995,space,0.1468978999182582,None,1379.8677119002678,1380.2725832667822,1380.579801300075,1380.5721567003056,1380.5724210999906,1380.579801300075,1380.579801300075,1380.579801300075,1382.2369800000452,400,1,[1.6568539999425411],[1.6568641997873783],1,001,2025-11-13_19h13.13.684,intentional_binding,,2025.1.1,127.93367924758672,2025-11-13 19h13.19.641666 +0530,
0.1,400,unexp,330,6,27,space,0.3652456998825073,None,300,1,[1.7860262002795935],[1.7860314999707043],27,6,330,0,1382.2430809000507,,1382.2372154002078,1382.2430809000507,1383.2292669001035,1383.2292669001035,1383.2364131999202,1383.5977501999587,space,0.3652456998825073,None,1383.5983494003303,1383.6974616666014,1384.0152366999537,1384.0006022001617,1384.0008753002621,1384.0152366999537,1384.0152366999537,1384.0152366999537,1385.8014608002268,300,1,[1.7860262002795935],[1.7860314999707043],1,001,2025-11-13_19h13.13.684,intentional_binding,,2025.1.1,127.93367924758672,2025-11-13 19h13.19.641666 +0530,
0.4,1000,exp,331,7,27,space,0.09542370028793812,None,400,1,[1.5036336998455226],[1.5036445995792747],27,7,331,10,1385.8078311001882,,1385.8016123003326,1385.8078311001882,1386.7945383000188,1386.7945383000188,1386.8014827002771,1386.8919253000058,space,0.09542370028793812,None,1386.8923158003017,1387.2970196665885,1387.6034460002556,1387.5955125000328,1387.5957873002626,1387.6034460002556,1387.6034460002556,1387.6034460002556,1389.107398299966,400,1,[1.5036336998455226],[1.5036445995792747],1,001,2025-11-13_19h13.13.684,intentional_binding,,2025.1.1,127.93367924758672,2025-11-13 19h13.19.641666 +0530,
0.1,1000,exp,332,8,27,space,0.119607700034976,None,500,1,[1.6783060999587178],[1.678315400145948],27,8,332,9,1389.1139982999302,,1389.107631499879,1389.1139982999302,1390.1000439999625,1390.1000439999625,1390.1072199000046,1390.2255601002835,space,0.119607700034976,None,1390.2261192998849,1390.325306966963,1390.6493060002103,1390.6248433999717,1390.6252808002755,1390.6493060002103,1390.6493060002103,1390.6493060002103,1392.3279404002242,500,1,[1.6783060999587178],[1.678315400145948],1,001,2025-11-13_19h13.13.684,intentional_binding,,2025.1.1,127.93367924758672,2025-11-13 19h13.19.641666 +0530,
0.7,1000,exp,333,9,27,space,0.18098830012604594,None,600,1,[1.7812202000059187],[1.7812353996559978],27,9,333,5,1392.3345388001762,,1392.3281851001084,1392.3345388001762,1393.3208357002586,1393.3208357002586,1393.3278378001414,1393.5090883001685,space,0.18098830012604594,None,1393.5100615001284,1394.212682366899,1394.530469399877,1394.513760200236,1394.5142860002816,1394.530469399877,1394.530469399877,1394.530469399877,1396.3121334002353,600,1,[1.7812202000059187],[1.7812353996559978],1,001,2025-11-13_19h13.13.684,intentional_binding,,2025.1.1,127.93367924758672,2025-11-13 19h13.19.641666 +0530,
0.7,400,unexp,334,10,27,space,0.229490099940449,None,500,1,[1.424480099696666],[1.424489099998027],27,10,334,2,1396.3187728002667,,1396.3123802999035,1396.3187728002667,1397.304737099912,1397.304737099912,1397.3116719000973,1397.5413708998822,space,0.229490099940449,None,1397.5421311003156,1398.2452959665718,1398.5639386000112,1398.5478091002442,1398.5483034001663,1398.5639386000112,1398.5639386000112,1398.5639386000112,1399.9887558002956,500,1,[1.424480099696666],[1.424489099998027],1,001,2025-11-13_19h13.13.684,intentional_binding,,2025.1.1,127.93367924758672,2025-11-13 19h13.19.641666 +0530,
0.7,1000,exp,335,11,27,space,0.15361810009926558,None,400,1,[1.7656171000562608],[1.7656323001720011],27,11,335,11,1399.9953228002414,,1399.98900699988,1399.9953228002414,1400.9815952000208,1400.9815952000208,1400.9885291000828,1401.1415572999977,space,0.15361810009926558,None,1401.1425286000594,1401.845316166586,1402.1633053999394,1402.1485394001938,1402.149089900311,1402.1633053999394,1402.1633053999394,1402.1633053999394,1403.9293700000271,400,1,[1.7656171000562608],[1.7656323001720011],1,001,2025-11-13_19h13.13.684,intentional_binding,,2025.1.1,127.93367924758672,2025-11-13 19h13.19.641666 +0530,
0.1,1000,exp,336,0,28,space,0.12000339990481734,None,500,1,[1.9505802998319268],[1.950597899965942],28,0,336,6,1403.9361157999374,,1403.9297732999548,1403.9361157999374,1404.9220787002705,1404.9220787002705,1404.9290637001395,1405.0473576001823,space,0.12000339990481734,None,1405.0482006999664,1405.1473291665936,1405.4660803000443,1405.4472578000277,1405.447743800003,1405.4660803000443,1405.4660803000443,1405.4660803000443,1407.4172626999207,500,1,[1.9505802998319268],[1.950597899965942],1,001,2025-11-13_19h13.13.684,intentional_binding,,2025.1.1,127.93367924758672,2025-11-13 19h13.19.641666 +0530,
0.4,1000,exp,337,1,28,space,0.12994559993967414,None,500,1,[1.4844909003004432],[1.4845064003020525],28,1,337,4,1407.4226667000912,,1407.4175786999986,1407.4226667000912,1408.4083616002463,1408.4083616002463,1408.4158129999414,1408.541358700022,space,0.12994559993967414,None,1408.5420905002393,1408.946629866554,1409.2643758999184,1409.2477048998699,1409.248193900101,1409.2643758999184,1409.2643758999184,1409.2643758999184,1410.7492929003201,500,1,[1.4844909003004432],[1.4845064003020525],1,001,2025-11-13_19h13.13.684,intentional_binding,,2025.1.1,127.93367924758672,2025-11-13 19h13.19.641666 +0530,
0.1,400,unexp,338,2,28,space,0.13911119988188148,None,300,1,[2.0691384999081492],[2.069149199873209],28,2,338,0,1410.7557306000963,,1410.7496815999039,1410.7557306000963,1411.7421154999174,1411.7421154999174,1411.7491488000378,1411.8880803002976,space,0.13911119988188148,None,1411.8890871000476,1411.9876855668301,1412.305712299887,1412.289746500086,1412.2902311002836,1412.305712299887,1412.305712299887,1412.305712299887,1414.375211500097,300,1,[2.0691384999081492],[2.069149199873209],1,001,2025-11-13_19h13.13.684,intentional_binding,,2025.1.1,127.93367924758672,2025-11-13 19h13.19.641666 +0530,
0.7,1000,exp,339,3,28,space,0.2527580000460148,None,400,1,[1.8155752001330256],[1.8155904999002814],28,3,339,5,1414.3812696002424,,1414.375454599969,1414.3812696002424,1415.3673228002153,1415.3673228002153,1415.374225700274,1415.6244172002189,space,0.2527580000460148,None,1415.6249958002008,1416.328678966562,1416.6469539999962,1416.629858000204,1416.6303459000774,1416.6469539999962,1416.6469539999962,1416.6469539999962,1418.4630130003206,400,1,[1.8155752001330256],[1.8155904999002814],1,001,2025-11-13_19h13.13.684,intentional_binding,,2025.1.1,127.93367924758672,2025-11-13 19h13.19.641666 +0530,
0.7,1000,exp,340,4,28,space,0.08690789993852377,None,500,1,[1.3989574001170695],[1.3989659999497235],28,4,340,11,1418.4683801000938,,1418.4633839000016,1418.4683801000938,1419.4548027003184,1419.4548027003184,1419.4617711999454,1419.5456767999567,space,0.08690789993852377,None,1419.5462561999448,1420.249202566749,1420.5666391002014,1420.5521521000192,1420.5526507003233,1420.5666391002014,1420.5666391002014,1420.5666391002014,1421.965943200048,500,1,[1.3989574001170695],[1.3989659999497235],1,001,2025-11-13_19h13.13.684,intentional_binding,,2025.1.1,127.93367924758672,2025-11-13 19h13.19.641666 +0530,
0.4,1000,exp,341,5,28,space,0.19882599962875247,None,600,1,[1.7285313000902534],[1.7285461002029479],28,5,341,7,1421.9718639003113,,1421.9662112998776,1421.9718639003113,1422.957887200173,1422.957887200173,1422.9647842999548,1423.1598037001677,space,0.19882599962875247,None,1423.1604992998764,1423.5654866668085,1423.8833792000078,1423.868759999983,1423.869270300027,1423.8833792000078,1423.8833792000078,1423.8833792000078,1425.612355899997,600,1,[1.7285313000902534],[1.7285461002029479],1,001,2025-11-13_19h13.13.684,intentional_binding,,2025.1.1,127.93367924758672,2025-11-13 19h13.19.641666 +0530,
0.7,1000,exp,342,6,28,space,0.22573509998619556,None,600,1,[2.41819079965353],[2.4181996998377144],28,6,342,8,1425.6180255999789,,1425.6126713003032,1425.6180255999789,1426.6020150999539,1426.6020150999539,1426.609601000324,1426.8321438999847,space,0.22573509998619556,None,1426.8328812001273,1427.5362921669769,1427.854920099955,1427.8366049001925,1427.837265000213,1427.854920099955,1427.854920099955,1427.854920099955,1430.2734546000138,600,1,[2.41819079965353],[2.4181996998377144],1,001,2025-11-13_19h13.13.684,intentional_binding,,2025.1.1,127.93367924758672,2025-11-13 19h13.19.641666 +0530,
0.4,1000,exp,343,7,28,space,0.1956919999793172,None,700,1,[1.6704849996604025],[1.6704938998445868],28,7,343,10,1430.2801339998841,,1430.2737035001628,1430.2801339998841,1431.2658953000791,1431.2658953000791,1431.27297489997,1431.4685495002195,space,0.1956919999793172,None,1431.469214499928,1431.873653266641,1432.1841788999736,1432.17124899989,1432.171740300022,1432.1841788999736,1432.1841788999736,1432.1841788999736,1433.8549684002064,700,1,[1.6704849996604025],[1.6704938998445868],1,001,2025-11-13_19h13.13.684,intentional_binding,,2025.1.1,127.93367924758672,2025-11-13 19h13.19.641666 +0530,
0.1,1000,exp,344,8,28,space,0.19884400023147464,None,800,1,[1.9918182999826968],[1.9918273999355733],28,8,344,9,1433.8611282999627,,1433.8552184002474,1433.8611282999627,1434.847509900108,1434.847509900108,1434.8546360000037,1435.0496404999867,space,0.19884400023147464,None,1435.05062679993,1435.1505670669178,1435.4697573999874,1435.4516874998808,1435.4522577002645,1435.4697573999874,1435.4697573999874,1435.4697573999874,1437.4619098999538,800,1,[1.9918182999826968],[1.9918273999355733],1,001,2025-11-13_19h13.13.684,intentional_binding,,2025.1.1,127.93367924758672,2025-11-13 19h13.19.641666 +0530,
0.1,1000,exp,345,9,28,space,0.17479999968782067,None,670,1,[2.2178610996343195],[2.2178706997074187],28,9,345,3,1437.4685486000963,,1437.4621593998745,1437.4685486000963,1438.4545380999334,1438.4545380999334,1438.4615703001618,1438.6363989003003,space,0.17479999968782067,None,1438.6371527002193,1438.7359532667945,1439.0543573000468,1439.035634400323,1439.0360079002567,1439.0543573000468,1439.0543573000468,1439.0543573000468,1441.2725615003146,670,1,[2.2178610996343195],[2.2178706997074187],1,001,2025-11-13_19h13.13.684,intentional_binding,,2025.1.1,127.93367924758672,2025-11-13 19h13.19.641666 +0530,
0.7,400,unexp,346,10,28,space,0.1963603002950549,None,300,1,[2.0722210998646915],[2.0722337998449802],28,10,346,2,1441.2789547001012,,1441.2728055999614,1441.2789547001012,1442.264922699891,1442.264922699891,1442.2718283999711,1442.4670462002978,space,0.1963603002950549,None,1442.467929100152,1443.170815766851,1443.4883012003265,1443.4747605999,1443.4752918002196,1443.4883012003265,1443.4883012003265,1443.4883012003265,1445.5609070002101,300,1,[2.0722210998646915],[2.0722337998449802],1,001,2025-11-13_19h13.13.684,intentional_binding,,2025.1.1,127.93367924758672,2025-11-13 19h13.19.641666 +0530,
0.4,400,unexp,347,11,28,space,0.17516619991511106,None,300,1,[1.6033104001544416],[1.6033253003843129],28,11,347,1,1445.567725200206,,1445.5611593001522,1445.567725200206,1446.5537458001636,1446.5537458001636,1446.5607441002503,1446.7347047002986,space,0.17516619991511106,None,1446.7354319998994,1447.1343701668704,1447.453044100199,1447.4331040000543,1447.433582100086,1447.453044100199,1447.453044100199,1447.453044100199,1449.0568262999877,300,1,[1.6033104001544416],[1.6033253003843129],1,001,2025-11-13_19h13.13.684,intentional_binding,,2025.1.1,127.93367924758672,2025-11-13 19h13.19.641666 +0530,
0.7,1000,exp,348,0,29,space,0.18194459984079003,None,400,1,[1.612313900142908],[1.612322899978608],29,0,348,8,1449.0634956001304,,1449.0572151001543,1449.0634956001304,1450.0494657000527,1450.0494657000527,1450.0565015003085,1450.2374777998775,space,0.18194459984079003,None,1450.2381486999802,1450.9412205666924,1451.259682300035,1451.2418268001638,1451.2423213999718,1451.259682300035,1451.259682300035,1451.259682300035,1452.872337100096,400,1,[1.612313900142908],[1.612322899978608],1,001,2025-11-13_19h13.13.684,intentional_binding,,2025.1.1,127.93367924758672,2025-11-13 19h13.19.641666 +0530,
0.4,1000,exp,349,1,29,space,0.1221390999853611,None,500,1,[1.3378556002862751],[1.3378645000047982],29,1,349,7,1452.8786774999462,,1452.8725902000442,1452.8786774999462,1453.8648077002726,1453.8648077002726,1453.8718163003214,1453.9906792999245,space,0.1221390999853611,None,1453.9913625000045,1454.3957533669347,1454.7134145000018,1454.6956405001692,1454.6961564002559,1454.7134145000018,1454.7134145000018,1454.7134145000018,1456.0515863001347,500,1,[1.3378556002862751],[1.3378645000047982],1,001,2025-11-13_19h13.13.684,intentional_binding,,2025.1.1,127.93367924758672,2025-11-13 19h13.19.641666 +0530,
0.4,400,unexp,350,2,29,space,0.151044599711895,None,300,1,[1.8494997997768223],[1.8495089998468757],29,2,350,1,1456.0582055998966,,1456.0518469000235,1456.0582055998966,1457.0442687002942,1457.0442687002942,1457.0514098000713,1457.1977013000287,space,0.151044599711895,None,1457.1983644999564,1457.6032449668894,1457.9210192002356,1457.905814600177,1457.9063376002014,1457.9210192002356,1457.9210192002356,1457.9210192002356,1459.7708805999719,300,1,[1.8494997997768223],[1.8495089998468757],1,001,2025-11-13_19h13.13.684,intentional_binding,,2025.1.1,127.93367924758672,2025-11-13 19h13.19.641666 +0530,
0.4,1000,exp,351,3,29,space,0.14777030004188418,None,400,1,[1.4546543001197278],[1.4546636999584734],29,3,351,4,1459.7771220998839,,1459.7711216001771,1459.7771220998839,1460.7631633998826,1460.7631633998826,1460.7703342000023,1460.9166073002852,space,0.14777030004188418,None,1460.91728230007,1461.321965366664,1461.6411188002676,1461.6262799999677,1461.6267774999142,1461.6411188002676,1461.6411188002676,1461.6411188002676,1463.0961021999829,400,1,[1.4546543001197278],[1.4546636999584734],1,001,2025-11-13_19h13.13.684,intentional_binding,,2025.1.1,127.93367924758672,2025-11-13 19h13.19.641666 +0530,
0.7,1000,exp,352,4,29,space,0.05567139992490411,None,500,1,[1.3366379998624325],[1.336647099815309],29,4,352,5,1463.102738100104,,1463.0963528002612,1463.102738100104,1464.088763100095,1464.088763100095,1464.0957419001497,1464.1450787000358,space,0.05567139992490411,None,1464.1459548999555,1464.8487722669418,1465.167312500067,1465.149629500229,1465.1501364000142,1465.167312500067,1465.167312500067,1465.167312500067,1466.5042766002007,500,1,[1.3366379998624325],[1.336647099815309],1,001,2025-11-13_19h13.13.684,intentional_binding,,2025.1.1,127.93367924758672,2025-11-13 19h13.19.641666 +0530,
0.1,1000,exp,353,5,29,space,0.11819510022178292,None,600,1,[2.242948899976909],[2.2429578001610935],29,5,353,6,1466.5103511000052,,1466.504522100091,1466.5103511000052,1467.496720999945,1467.496720999945,1467.5033034002408,1467.622055400163,space,0.11819510022178292,None,1467.6228189002723,1467.7217759667585,1468.0395744000562,1468.0248846001923,1468.0253893001936,1468.0395744000562,1468.0395744000562,1468.0395744000562,1470.2828452000394,600,1,[2.242948899976909],[2.2429578001610935],1,001,2025-11-13_19h13.13.684,intentional_binding,,2025.1.1,127.93367924758672,2025-11-13 19h13.19.641666 +0530,
0.7,400,unexp,354,6,29,space,0.10147779993712902,None,400,1,[1.7015742999501526],[1.7015896001830697],29,6,354,2,1470.2893844000064,,1470.283089300152,1470.2893844000064,1471.275209700223,1471.275209700223,1471.2823042999953,1471.3797408998944,space,0.10147779993712902,None,1471.3803149000742,1472.0837172666254,1472.401665400248,1472.3826363002881,1472.383150700014,1472.401665400248,1472.401665400248,1472.401665400248,1474.1037229001522,400,1,[1.7015742999501526],[1.7015896001830697],1,001,2025-11-13_19h13.13.684,intentional_binding,,2025.1.1,127.93367924758672,2025-11-13 19h13.19.641666 +0530,
0.1,1000,exp,355,7,29,space,0.03677090024575591,None,500,1,[1.8790702996775508],[1.8790789996273816],29,7,355,9,1474.1103612002917,,1474.104183100164,1474.1103612002917,1475.0963071002625,1475.0963071002625,1475.1033780002035,1475.1385960001498,space,0.03677090024575591,None,1475.139607500285,1475.239142366747,1475.5571534000337,1475.5403299001046,1475.5410016002133,1475.5571534000337,1475.5571534000337,1475.5571534000337,1477.4365624999627,500,1,[1.8790702996775508],[1.8790789996273816],1,001,2025-11-13_19h13.13.684,intentional_binding,,2025.1.1,127.93367924758672,2025-11-13 19h13.19.641666 +0530,
0.4,1000,exp,356,8,29,space,0.09787430008873343,None,600,1,[1.4843637999147177],[1.484372999984771],29,8,356,10,1477.4428608999588,,1477.43680460006,1477.4428608999588,1478.428864700254,1478.428864700254,1478.4358755000867,1478.5334292002954,space,0.09787430008873343,None,1478.5347307003103,1478.9386847667085,1479.2565411003307,1479.2393104000948,1479.2398169999942,1479.2565411003307,1479.2565411003307,1479.2565411003307,1480.7412045001984,600,1,[1.4843637999147177],[1.484372999984771],1,001,2025-11-13_19h13.13.684,intentional_binding,,2025.1.1,127.93367924758672,2025-11-13 19h13.19.641666 +0530,
0.7,1000,exp,357,9,29,space,0.16252799984067678,None,700,1,[2.0254522999748588],[2.0254611000418663],29,9,357,11,1480.7480236003175,,1480.7414518999867,1480.7480236003175,1481.734279599972,1481.734279599972,1481.7410327000543,1481.9013040000573,space,0.16252799984067678,None,1481.9023155001923,1482.6058444665434,1482.9246841999702,1482.9049619999714,1482.9054533001035,1482.9246841999702,1482.9246841999702,1482.9246841999702,1484.9504714999348,700,1,[2.0254522999748588],[2.0254611000418663],1,001,2025-11-13_19h13.13.684,intentional_binding,,2025.1.1,127.93367924758672,2025-11-13 19h13.19.641666 +0530,
0.1,400,unexp,358,10,29,space,0.16911560017615557,None,400,1,[1.8666189997456968],[1.8666284000501037],29,10,358,0,1484.9573727003299,,1484.9507202003151,1484.9573727003299,1485.9433085001074,1485.9433085001074,1485.9502806002274,1486.1173731000163,space,0.16911560017615557,None,1486.1182622001506,1486.2176076668004,1486.53538630018,1486.517404800281,1486.5179039998911,1486.53538630018,1486.53538630018,1486.53538630018,1488.4023380000144,400,1,[1.8666189997456968],[1.8666284000501037],1,001,2025-11-13_19h13.13.684,intentional_binding,,2025.1.1,127.93367924758672,2025-11-13 19h13.19.641666 +0530,
0.1,1000,exp,359,11,29,space,0.18818489974364638,None,300,1,[1.6305013000965118],[1.630510900169611],29,11,359,3,1488.408489299938,,1488.4025938003324,1488.408489299938,1489.3947503003292,1489.3947503003292,1489.4017167002894,1489.589486000128,space,0.18818489974364638,None,1489.590384799987,1489.6891667666534,1490.007587000262,1489.991279500071,1489.9916403000243,1490.007587000262,1490.007587000262,1490.007587000262,1491.638414800167,300,1,[1.6305013000965118],[1.630510900169611],1,001,2025-11-13_19h13.13.684,intentional_binding,,2025.1.1,127.93367924758672,2025-11-13 19h13.19.641666 +0530,
0.7,400,unexp,360,0,30,space,0.10048530017957091,None,400,1,[1.5715735997073352],[1.5715823997743428],30,0,360,2,1491.6451238002628,,1491.638667699881,1491.6451238002628,1492.631145699881,1492.631145699881,1492.638066700194,1492.735859700013,space,0.10048530017957091,None,1492.7367527000606,1493.439467066961,1493.7579657002352,1493.7392374002375,1493.7397763002664,1493.7579657002352,1493.7579657002352,1493.7579657002352,1495.3298634001985,400,1,[1.5715735997073352],[1.5715823997743428],1,001,2025-11-13_19h13.13.684,intentional_binding,,2025.1.1,127.93367924758672,2025-11-13 19h13.19.641666 +0530,
0.1,1000,exp,361,1,30,space,0.15067270025610924,None,500,1,[1.735886000096798],[1.7359009999781847],30,1,361,6,1495.336400500033,,1495.3301103003323,1495.336400500033,1496.322777400259,1496.322777400259,1496.3293349999003,1496.4760318999179,space,0.15067270025610924,None,1496.4767105001956,1496.5756033668915,1496.8934047003277,1496.8736145002767,1496.874312600121,1496.8934047003277,1496.8934047003277,1496.8934047003277,1498.6297305999324,500,1,[1.735886000096798],[1.7359009999781847],1,001,2025-11-13_19h13.13.684,intentional_binding,,2025.1.1,127.93367924758672,2025-11-13 19h13.19.641666 +0530,
0.7,1000,exp,362,2,30,space,0.2440527998842299,None,600,1,[1.4538728999905288],[1.453882500063628],30,2,362,8,1498.6363042001612,,1498.6301764003001,1498.6363042001612,1499.6223875000142,1499.6223875000142,1499.6293130000122,1499.873041300103,space,0.2440527998842299,None,1499.8737806999125,1500.5768291666793,1500.8956055999734,1500.878565300256,1500.8791797002777,1500.8956055999734,1500.8956055999734,1500.8956055999734,1502.3498205998912,600,1,[1.4538728999905288],[1.453882500063628],1,001,2025-11-13_19h13.13.684,intentional_binding,,2025.1.1,127.93367924758672,2025-11-13 19h13.19.641666 +0530,
0.4,1000,exp,363,3,30,space,0.1892081000842154,None,700,1,[2.320787000004202],[2.3207960999570787],30,3,363,4,1502.3560401001014,,1502.350079699885,1502.3560401001014,1503.3421161998995,1503.3421161998995,1503.3493129001,1503.5374376000836,space,0.1892081000842154,None,1503.5381108000875,1503.9434838668133,1504.261763300281,1504.243905399926,1504.2446278003044,1504.261763300281,1504.261763300281,1504.261763300281,1506.582919999957,700,1,[2.320787000004202],[2.3207960999570787],1,001,2025-11-13_19h13.13.684,intentional_binding,,2025.1.1,127.93367924758672,2025-11-13 19h13.19.641666 +0530,
0.7,1000,exp,364,4,30,space,0.47341819992288947,None,600,1,[1.8123578997328877],[1.812366500031203],30,4,364,11,1506.5889226002619,,1506.5832112003118,1506.5889226002619,1507.5753899002448,1507.5753899002448,1507.5823894999921,1508.0551546001807,space,0.47341819992288947,None,1508.055890600197,1508.7594353669012,1509.0776856001467,1509.05995419994,1509.0604379000142,1509.0776856001467,1509.0776856001467,1509.0776856001467,1510.8904440002516,600,1,[1.8123578997328877],[1.812366500031203],1,001,2025-11-13_19h13.13.684,intentional_binding,,2025.1.1,127.93367924758672,2025-11-13 19h13.19.641666 +0530,
0.4,400,unexp,365,5,30,space,0.31659429986029863,None,500,1,[1.4129512999206781],[1.4129664995707572],30,5,365,1,1510.8968095001765,,1510.8907061000355,1510.8968095001765,1511.8827116000466,1511.8827116000466,1511.8896937002428,1512.2029253002256,space,0.31659429986029863,None,1512.203669700306,1512.60824706691,1512.926368799992,1512.9089079000987,1512.909423300065,1512.926368799992,1512.926368799992,1512.926368799992,1514.3397963000461,500,1,[1.4129512999206781],[1.4129664995707572],1,001,2025-11-13_19h13.13.684,intentional_binding,,2025.1.1,127.93367924758672,2025-11-13 19h13.19.641666 +0530,
0.1,1000,exp,366,6,30,space,0.3092958000488579,None,400,1,[1.755998299922794],[1.7560070999898016],30,6,366,9,1514.3461278001778,,1514.3400639998727,1514.3461278001778,1515.3323929002509,1515.3323929002509,1515.3393752002157,1515.6454425002448,space,0.3092958000488579,None,1515.6460659001023,1515.7449528668697,1516.0636662999168,1516.0491629000753,1516.0495381001383,1516.0636662999168,1516.0636662999168,1516.0636662999168,1517.8199636000209,400,1,[1.755998299922794],[1.7560070999898016],1,001,2025-11-13_19h13.13.684,intentional_binding,,2025.1.1,127.93367924758672,2025-11-13 19h13.19.641666 +0530,
0.7,1000,exp,367,7,30,space,0.479114199988544,None,500,1,[1.276630500331521],[1.2766392002813518],30,7,367,5,1517.8265758999623,,1517.8202140000649,1517.8265758999623,1518.8129509002902,1518.8129509002902,1518.8194615002722,1519.2995207998902,space,0.479114199988544,None,1519.3004681002349,1520.0030888668882,1520.3213178999722,1520.3053103000857,1520.3058096002787,1520.3213178999722,1520.3213178999722,1520.3213178999722,1521.59827030031,500,1,[1.276630500331521],[1.2766392002813518],1,001,2025-11-13_19h13.13.684,intentional_binding,,2025.1.1,127.93367924758672,2025-11-13 19h13.19.641666 +0530,
0.1,1000,exp,368,8,30,space,0.2177422996610403,None,600,1,[1.656665500253439],[1.6566747999750078],30,8,368,3,1521.6045258999802,,1521.5985123999417,1521.6045258999802,1522.5905418000184,1522.5905418000184,1522.5974956001155,1522.8133916002698,space,0.2177422996610403,None,1522.8139808000997,1522.9129304667624,1523.2202842002735,1523.2086459998973,1523.2090030000545,1523.2202842002735,1523.2202842002735,1523.2202842002735,1524.8772497000173,600,1,[1.656665500253439],[1.6566747999750078],1,001,2025-11-13_19h13.13.684,intentional_binding,,2025.1.1,127.93367924758672,2025-11-13 19h13.19.641666 +0530,
0.4,1000,exp,369,9,30,space,0.09727460006251931,None,700,1,[1.8721286999061704],[1.8721444997936487],30,9,369,10,1524.883803000208,,1524.877499599941,1524.883803000208,1525.8699365002103,1525.8699365002103,1525.8768811998889,1525.97444000002,space,0.09727460006251931,None,1525.975361800287,1526.3796369666854,1526.6885957000777,1526.6769240000285,1526.677306199912,1526.6885957000777,1526.6885957000777,1526.6885957000777,1528.5611450001597,700,1,[1.8721286999061704],[1.8721444997936487],1,001,2025-11-13_19h13.13.684,intentional_binding,,2025.1.1,127.93367924758672,2025-11-13 19h13.19.641666 +0530,
0.4,1000,exp,370,10,30,space,0.14352900022640824,None,500,1,[1.309255300089717],[1.3092644000425935],30,10,370,7,1528.5679012001492,,1528.5613935999572,1528.5679012001492,1529.553730300162,1529.553730300162,1529.560755399987,1529.7000698000193,space,0.14352900022640824,None,1529.700869299937,1530.105222966584,1530.415616299957,1530.404061799869,1530.4044327000156,1530.415616299957,1530.415616299957,1530.415616299957,1531.7251611999236,500,1,[1.309255300089717],[1.3092644000425935],1,001,2025-11-13_19h13.13.684,intentional_binding,,2025.1.1,127.93367924758672,2025-11-13 19h13.19.641666 +0530,
0.1,400,unexp,371,11,30,space,0.16912580002099276,None,300,1,[2.295939799863845],[2.2959493999369442],30,11,371,0,1531.7319835000671,,1531.7254071999341,1531.7319835000671,1532.718534000218,1532.718534000218,1532.7256491002627,1532.8929707999341,space,0.16912580002099276,None,1532.8938056998886,1532.992864866803,1533.311247000005,1533.2925638002343,1533.2933458001353,1533.311247000005,1533.311247000005,1533.311247000005,1535.6075309999287,300,1,[2.295939799863845],[2.2959493999369442],1,001,2025-11-13_19h13.13.684,intentional_binding,,2025.1.1,127.93367924758672,2025-11-13 19h13.19.641666 +0530,
0.4,1000,exp,372,0,31,space,0.016178699675947428,None,400,1,[1.5384235000237823],[1.53843260044232],31,0,372,10,1535.6136083998717,,1535.6077828002162,1535.6136083998717,1536.5999314999208,1536.5999314999208,1536.6068905000575,1536.6211659000255,space,0.016178699675947428,None,1536.6223092,1537.0204723668905,1537.338392100297,1537.3205169001594,1537.3210979001597,1537.338392100297,1537.338392100297,1537.338392100297,1538.877143499907,400,1,[1.5384235000237823],[1.53843260044232],1,001,2025-11-13_19h13.13.684,intentional_binding,,2025.1.1,127.93367924758672,2025-11-13 19h13.19.641666 +0530,
0.4,1000,exp,373,1,31,space,0.16885739983990788,None,300,1,[12.345763900317252],[12.345773099921644],31,1,373,4,1538.8836974999867,,1538.877390500158,1538.8836974999867,1539.869760000147,1539.869760000147,1539.8768568001688,1540.044141500257,space,0.16885739983990788,None,1540.0450273002498,1540.4496167665968,1540.7679738001898,1540.7519312002696,1540.7524554999545,1540.7679738001898,1540.7679738001898,1540.7679738001898,1553.1140737002715,300,1,[12.345763900317252],[12.345773099921644],1,001,2025-11-13_19h13.13.684,intentional_binding,,2025.1.1,127.93367924758672,2025-11-13 19h13.19.641666 +0530,
0.1,1000,exp,374,2,31,space,0.07419939991086721,None,499,1,[2.2097805002704263],[2.209789500106126],31,2,374,9,1553.1208069999702,,1553.1143271001056,1553.1208069999702,1554.1067900001071,1554.1067900001071,1554.1138504003175,1554.1834537000395,space,0.07419939991086721,None,1554.1840376001783,1554.2834379668968,1554.6009293003008,1554.5842989003286,1554.5848687002435,1554.6009293003008,1554.6009293003008,1554.6009293003008,1556.8110258001834,499,1,[2.2097805002704263],[2.209789500106126],1,001,2025-11-13_19h13.13.684,intentional_binding,,2025.1.1,127.93367924758672,2025-11-13 19h13.19.641666 +0530,
0.7,1000,exp,375,3,31,space,0.08756329957395792,None,450,1,[2.2550333999097347],[2.2550424998626113],31,3,375,8,1556.8177872002125,,1556.8112753001042,1556.8177872002125,1557.8038115003146,1557.8038115003146,1557.8109018001705,1557.8947310000658,space,0.08756329957395792,None,1557.8957608998753,1558.5992996669995,1558.9174406002276,1558.9021952999756,1558.9028563001193,1558.9174406002276,1558.9174406002276,1558.9174406002276,1561.1727912998758,450,1,[2.2550333999097347],[2.2550424998626113],1,001,2025-11-13_19h13.13.684,intentional_binding,,2025.1.1,127.93367924758672,2025-11-13 19h13.19.641666 +0530,
0.1,1000,exp,376,4,31,space,0.17245519999414682,None,500,1,[1.4246144997887313],[1.4246294000186026],31,4,376,6,1561.1791425002739,,1561.1730329003185,1561.1791425002739,1562.1651272000745,1562.1651272000745,1562.1720786001533,1562.3393597002141,space,0.17245519999414682,None,1562.3400578000583,1562.4385617669361,1562.7564587001689,1562.7397984000854,1562.740284200292,1562.7564587001689,1562.7564587001689,1562.7564587001689,1564.1814140998758,500,1,[1.4246144997887313],[1.4246294000186026],1,001,2025-11-13_19h13.13.684,intentional_binding,,2025.1.1,127.93367924758672,2025-11-13 19h13.19.641666 +0530,
0.1,400,unexp,377,5,31,space,0.32732219994068146,None,200,1,[2.2512564002536237],[2.2512654000893235],31,5,377,0,1564.187684699893,,1564.1816640002653,1564.187684699893,1565.1737747001462,1565.1737747001462,1565.1806381000206,1565.5075278002769,space,0.32732219994068146,None,1565.50832980033,1565.607090866721,1565.925492099952,1565.9072131998837,1565.9077558000572,1565.925492099952,1565.925492099952,1565.925492099952,1568.1771018998697,200,1,[2.2512564002536237],[2.2512654000893235],1,001,2025-11-13_19h13.13.684,intentional_binding,,2025.1.1,127.93367924758672,2025-11-13 19h13.19.641666 +0530,
0.1,1000,exp,378,6,31,space,0.09235819987952709,None,300,1,[1.59924630029127],[1.5992553001269698],31,6,378,3,1568.1835404001176,,1568.1773469001055,1568.1835404001176,1569.1694954000413,1569.1694954000413,1569.1766909998842,1569.2671986999922,space,0.09235819987952709,None,1569.268130700104,1569.3668410666908,1569.6769685000181,1569.665804900229,1569.6661906000227,1569.6769685000181,1569.6769685000181,1569.6769685000181,1571.2765178000554,300,1,[1.59924630029127],[1.5992553001269698],1,001,2025-11-13_19h13.13.684,intentional_binding,,2025.1.1,127.93367924758672,2025-11-13 19h13.19.641666 +0530,
0.7,1000,exp,379,7,31,space,0.11621730029582977,None,400,1,[1.827917999587953],[1.8279326995834708],31,7,379,11,1571.2825619000942,,1571.2767699998803,1571.2825619000942,1572.2685362999327,1572.2685362999327,1572.2755042002536,1572.387052600272,space,0.11621730029582977,None,1572.387633900158,1573.0909222667726,1573.4095989000052,1573.3898876002058,1573.3903862000443,1573.4095989000052,1573.4095989000052,1573.4095989000052,1575.237990600057,400,1,[1.827917999587953],[1.8279326995834708],1,001,2025-11-13_19h13.13.684,intentional_binding,,2025.1.1,127.93367924758672,2025-11-13 19h13.19.641666 +0530,
0.7,400,unexp,380,8,31,space,0.12054500030353665,None,200,1,[1.921282600145787],[1.9212918002158403],31,8,380,2,1575.2446560999379,,1575.238385700155,1575.2446560999379,1576.2309556002729,1576.2309556002729,1576.238029200118,1576.3566272002645,space,0.12054500030353665,None,1576.3576385001652,1577.0562780667717,1577.3735865000635,1577.356382300146,1577.3568424000405,1577.3735865000635,1577.3735865000635,1577.3735865000635,1579.2952104001306,200,1,[1.921282600145787],[1.9212918002158403],1,001,2025-11-13_19h13.13.684,intentional_binding,,2025.1.1,127.93367924758672,2025-11-13 19h13.19.641666 +0530,
0.7,1000,exp,381,9,31,space,0.2215138003230095,None,300,1,[1.4799416000023484],[1.4799575000070035],31,9,381,5,1579.3015681998804,,1579.295464400202,1579.3015681998804,1580.2875423002988,1580.2875423002988,1580.2945107002743,1580.5107959001325,space,0.2215138003230095,None,1580.5114032002166,1581.214056366651,1581.531964499969,1581.5149504998699,1581.5153226000257,1581.531964499969,1581.531964499969,1581.531964499969,1583.0123092001304,300,1,[1.4799416000023484],[1.4799575000070035],1,001,2025-11-13_19h13.13.684,intentional_binding,,2025.1.1,127.93367924758672,2025-11-13 19h13.19.641666 +0530,
0.4,400,unexp,382,10,31,space,0.19006239995360374,None,200,1,[2.136473000049591],[2.1364887999370694],31,10,382,1,1583.0188134000637,,1583.012557100039,1583.0188134000637,1584.0048223002814,1584.0048223002814,1584.0117326001637,1584.1996937999502,space,0.19006239995360374,None,1584.2003224003129,1584.6047056667196,1584.9193115001544,1584.9072875999846,1584.9076654999517,1584.9193115001544,1584.9193115001544,1584.9193115001544,1587.0562392999418,200,1,[2.136473000049591],[2.1364887999370694],1,001,2025-11-13_19h13.13.684,intentional_binding,,2025.1.1,127.93367924758672,2025-11-13 19h13.19.641666 +0530,
0.4,1000,exp,383,11,31,space,0.2326446999795735,None,400,1,[1.6194075997918844],[1.619422999676317],31,11,383,7,1587.0618187999353,,1587.0568021000363,1587.0618187999353,1588.0483933002688,1588.0483933002688,1588.0552380001172,1588.2882626000792,space,0.2326446999795735,None,1588.2890845001675,1588.6933300668063,1589.0111694000661,1588.9937261999585,1588.9941765000112,1589.0111694000661,1589.0111694000661,1589.0111694000661,1590.630942299962,400,1,[1.6194075997918844],[1.619422999676317],1,001,2025-11-13_19h13.13.684,intentional_binding,,2025.1.1,127.93367924758672,2025-11-13 19h13.19.641666 +0530,
0.7,1000,exp,384,0,32,space,0.18116929987445474,None,400,1,[1.5920474003069103],[1.5920588001608849],32,0,384,8,1590.637429700233,,1590.6311894003302,1590.637429700233,1591.6234845998697,1591.6234845998697,1591.6305241002701,1591.8109997999854,space,0.18116929987445474,None,1591.8115811999887,1592.5149565665672,1592.8328049001284,1592.8182304003276,1592.8187037003227,1592.8328049001284,1592.8328049001284,1592.8328049001284,1594.4251860002987,400,1,[1.5920474003069103],[1.5920588001608849],1,001,2025-11-13_19h13.13.684,intentional_binding,,2025.1.1,127.93367924758672,2025-11-13 19h13.19.641666 +0530,
0.1,1000,exp,385,1,32,space,0.17290919972583652,None,500,1,[1.7435582000762224],[1.743572000414133],32,1,385,3,1594.431732899975,,1594.4254735000432,1594.431732899975,1595.4177291002125,1595.4177291002125,1595.4247663002461,1595.5916891000234,space,0.17290919972583652,None,1595.5923073003069,1595.6917685666742,1596.0096370000392,1595.9901026003063,1595.9904722999781,1596.0096370000392,1596.0096370000392,1596.0096370000392,1597.7535931998864,500,1,[1.7435582000762224],[1.743572000414133],1,001,2025-11-13_19h13.13.684,intentional_binding,,2025.1.1,127.93367924758672,2025-11-13 19h13.19.641666 +0530,
0.4,1000,exp,386,2,32,space,0.14119610004127026,None,600,1,[1.869073400273919],[1.8690881999209523],32,2,386,10,1597.760300999973,,1597.7539364001714,1597.760300999973,1598.7461319998838,1598.7461319998838,1598.7531142001972,1598.8929417002946,space,0.14119610004127026,None,1598.8938767001964,1599.298701566706,1599.6186258001253,1599.5998809998855,1599.6003525000997,1599.6186258001253,1599.6186258001253,1599.6186258001253,1601.4881484000944,600,1,[1.869073400273919],[1.8690881999209523],1,001,2025-11-13_19h13.13.684,intentional_binding,,2025.1.1,127.93367924758672,2025-11-13 19h13.19.641666 +0530,
0.1,1000,exp,387,3,32,space,0.03647440019994974,None,700,1,[2.5487759998068213],[2.548787099774927],32,3,387,9,1601.4942415002733,,1601.4886264000088,1601.4942415002733,1602.4804599001072,1602.4804599001072,1602.4873382002115,1602.522744399961,space,0.03647440019994974,None,1602.523598200176,1602.6221169667008,1602.9400070002303,1602.9228122001514,1602.9233186999336,1602.9400070002303,1602.9400070002303,1602.9400070002303,1605.4890896002762,700,1,[2.5487759998068213],[2.548787099774927],1,001,2025-11-13_19h13.13.684,intentional_binding,,2025.1.1,127.93367924758672,2025-11-13 19h13.19.641666 +0530,
0.4,400,unexp,388,4,32,space,0.1446769000031054,None,300,1,[2.174975400324911],[2.1749891000799835],32,4,388,1,1605.4958379999734,,1605.4893408999778,1605.4958379999734,1606.48198339995,1606.48198339995,1606.4887585001998,1606.6282711001113,space,0.1446769000031054,None,1606.6291665001772,1607.0333197666953,1607.350487000309,1607.335741400253,1607.3361073001288,1607.350487000309,1607.350487000309,1607.350487000309,1609.5257866000757,300,1,[2.174975400324911],[2.1749891000799835],1,001,2025-11-13_19h13.13.684,intentional_binding,,2025.1.1,127.93367924758672,2025-11-13 19h13.19.641666 +0530,
0.7,1000,exp,389,5,32,space,0.06992609985172749,None,400,1,[3.640128499828279],[3.64013750012964],32,5,389,11,1609.5324774002656,,1609.5260638999753,1609.5324774002656,1610.5205617002212,1610.5205617002212,1610.5275789001025,1610.5973633001558,space,0.06992609985172749,None,1610.5982989999466,1611.300929366673,1611.6206896002404,1611.6023204000667,1611.6027736999094,1611.6206896002404,1611.6206896002404,1611.6206896002404,1615.26116860006,400,1,[3.640128499828279],[3.64013750012964],1,001,2025-11-13_19h13.13.684,intentional_binding,,2025.1.1,127.93367924758672,2025-11-13 19h13.19.641666 +0530,
0.1,1000,exp,390,6,32,space,0.09061749977990985,None,500,1,[1.6108723999932408],[1.6108824997209013],32,6,390,6,1615.2676500999369,,1615.2614318002015,1615.2676500999369,1616.253686599899,1616.253686599899,1616.260734600015,1616.3510663001798,space,0.09061749977990985,None,1616.3519836999476,1616.4507379667523,1616.7621985999867,1616.7437044000253,1616.7440778003074,1616.7621985999867,1616.7621985999867,1616.7621985999867,1618.3734601000324,500,1,[1.6108723999932408],[1.6108824997209013],1,001,2025-11-13_19h13.13.684,intentional_binding,,2025.1.1,127.93367924758672,2025-11-13 19h13.19.641666 +0530,
0.4,1000,exp,391,7,32,space,0.12188160000368953,None,500,1,[1.5268304999917746],[1.5268395999446511],32,7,391,4,1618.3795707998797,,1618.373722600285,1618.3795707998797,1619.3655655002221,1619.3655655002221,1619.3726361002773,1619.4911509999074,space,0.12188160000368953,None,1619.4917946001515,1619.8962805667582,1620.2140255002305,1620.19921900006,1620.199612500146,1620.2140255002305,1620.2140255002305,1620.2140255002305,1621.7411520001478,500,1,[1.5268304999917746],[1.5268395999446511],1,001,2025-11-13_19h13.13.684,intentional_binding,,2025.1.1,127.93367924758672,2025-11-13 19h13.19.641666 +0530,
0.7,1000,exp,392,8,32,space,0.3778117001056671,None,600,1,[2.2812441997230053],[2.2812533997930586],32,8,392,5,1621.7478586002253,,1621.7414412000217,1621.7478586002253,1622.7338240002282,1622.7338240002282,1622.7408040999435,1623.115913900081,space,0.3778117001056671,None,1623.116514199879,1623.819879166844,1624.1377667998895,1624.1179575002752,1624.1184342000633,1624.1377667998895,1624.1377667998895,1624.1377667998895,1626.4193132002838,600,1,[2.2812441997230053],[2.2812533997930586],1,001,2025-11-13_19h13.13.684,intentional_binding,,2025.1.1,127.93367924758672,2025-11-13 19h13.19.641666 +0530,
0.1,400,unexp,393,9,32,space,0.05781950009986758,None,200,1,[2.0598483001813293],[2.059857300017029],32,9,393,0,1626.426050900016,,1626.4195623002015,1626.426050900016,1627.4119374998845,1627.4119374998845,1627.4189428999089,1627.4750292003155,space,0.05781950009986758,None,1627.4755978998728,1627.5746960668514,1627.8919331999496,1627.8786911000498,1627.8790707001463,1627.8919331999496,1627.8919331999496,1627.8919331999496,1629.9520729002543,200,1,[2.0598483001813293],[2.059857300017029],1,001,2025-11-13_19h13.13.684,intentional_binding,,2025.1.1,127.93367924758672,2025-11-13 19h13.19.641666 +0530,
0.7,400,unexp,394,10,32,space,0.05598049983382225,None,300,1,[1.7202411000616848],[1.7202504999004304],32,10,394,2,1629.9588290001266,,1629.9523245003074,1629.9588290001266,1630.944780900143,1630.944780900143,1630.9517479999922,1631.0078346002847,space,0.05598049983382225,None,1631.0084259998985,1631.7117389669331,1632.0295613002963,1632.011023500003,1632.0114021999761,1632.0295613002963,1632.0295613002963,1632.0295613002963,1633.750115300063,300,1,[1.7202411000616848],[1.7202504999004304],1,001,2025-11-13_19h13.13.684,intentional_binding,,2025.1.1,127.93367924758672,2025-11-13 19h13.19.641666 +0530,
0.4,1000,exp,395,11,32,space,0.22461359994485974,None,300,1,[1.5961909000761807],[1.5962017001584172],32,11,395,7,1633.756820099894,,1633.7503639003262,1633.756820099894,1634.7427846002392,1634.7427846002392,1634.7497797003016,1634.97255950002,space,0.22461359994485974,None,1634.9731629001908,1635.3775774669523,1635.695368300192,1635.678310799878,1635.6786972000264,1635.695368300192,1635.695368300192,1635.695368300192,1637.2918921001256,300,1,[1.5961909000761807],[1.5962017001584172],1,001,2025-11-13_19h13.13.684,intentional_binding,,2025.1.1,127.93367924758672,2025-11-13 19h13.19.641666 +0530,
