study_word,thisN,thisTrialN,thisRepN,slider.response,slider.rt,test_word,Reference,old_new,test_textbox.text,testmouse.x,testmouse.y,testmouse.leftButton,testmouse.midButton,testmouse.rightButton,testmouse.time,testmouse.clicked_name,trials.thisRepN,trials.thisTrialN,trials.thisN,trials.thisIndex,trials_2.thisRepN,trials_2.thisTrialN,trials_2.thisN,trials_2.thisIndex,thisRow.t,notes,trial.started,Studytest.started,slider.started,trial.stopped,trials.slider.response,trials.slider.rt,test.started,text_2.started,test_textbox.started,submit_text.started,testmouse.started,test.stopped,trials_2.test_textbox.text,trials_2.testmouse.x,trials_2.testmouse.y,trials_2.testmouse.leftButton,trials_2.testmouse.midButton,trials_2.testmouse.rightButton,trials_2.testmouse.time,trials_2.testmouse.clicked_name,text_2.stopped,participant,session,date,expName,expVersion,psychopyVersion,frameRate,expStart,
marble,0,0,0,1.9791666666666667,1.9664392999839038,,,,,,,,,,,,0,0,0,3,,,,,0.040039699990302324,,0.02420349995372817,0.040039699990302324,0.040039699990302324,2.0083500999608077,1.9791666666666667,1.9664392999839038,,,,,,,,,,,,,,,,1,001,2025-10-16_16h06.55.120,untitled,,2025.1.1,60.43030000649677,2025-10-16 16h06.59.979923 +0530,
Keys,1,1,0,1.9791666666666667,0.6944203999591991,,,,,,,,,,,,0,1,1,13,,,,,2.0225547999725677,,2.013468399993144,2.0225547999725677,2.0225547999725677,2.7244992000050843,1.9791666666666667,0.6944203999591991,,,,,,,,,,,,,,,,1,001,2025-10-16_16h06.55.120,untitled,,2025.1.1,60.43030000649677,2025-10-16 16h06.59.979923 +0530,
Case,2,2,0,1.9791666666666667,0.5309453000081703,,,,,,,,,,,,0,2,2,10,,,,,2.7402508999803104,,2.7266023999545723,2.7402508999803104,2.7402508999803104,3.273622999957297,1.9791666666666667,0.5309453000081703,,,,,,,,,,,,,,,,1,001,2025-10-16_16h06.55.120,untitled,,2025.1.1,60.43030000649677,2025-10-16 16h06.59.979923 +0530,
T-shirt,3,3,0,1.9791666666666667,0.7641778000397608,,,,,,,,,,,,0,3,3,7,,,,,3.3062243000022136,,3.278015799995046,3.3062243000022136,3.3062243000022136,4.05811389995506,1.9791666666666667,0.7641778000397608,,,,,,,,,,,,,,,,1,001,2025-10-16_16h06.55.120,untitled,,2025.1.1,60.43030000649677,2025-10-16 16h06.59.979923 +0530,
phone,4,4,0,1.9791666666666667,0.6800306999939494,,,,,,,,,,,,0,4,4,2,,,,,4.072823199967388,,4.061967499961611,4.072823199967388,4.072823199967388,4.756978799996432,1.9791666666666667,0.6800306999939494,,,,,,,,,,,,,,,,1,001,2025-10-16_16h06.55.120,untitled,,2025.1.1,60.43030000649677,2025-10-16 16h06.59.979923 +0530,
Laptop,5,5,0,1.9791666666666667,0.4477599000092596,,,,,,,,,,,,0,5,5,5,,,,,4.773524999967776,,4.759946200007107,4.773524999967776,4.773524999967776,5.223123999952804,1.9791666666666667,0.4477599000092596,,,,,,,,,,,,,,,,1,001,2025-10-16_16h06.55.120,untitled,,2025.1.1,60.43030000649677,2025-10-16 16h06.59.979923 +0530,
Chart,6,6,0,1.9791666666666667,0.18260010000085458,,,,,,,,,,,,0,6,6,6,,,,,5.240032400004566,,5.22495219996199,5.240032400004566,5.240032400004566,5.423221799952444,1.9791666666666667,0.18260010000085458,,,,,,,,,,,,,,,,1,001,2025-10-16_16h06.55.120,untitled,,2025.1.1,60.43030000649677,2025-10-16 16h06.59.979923 +0530,
Pastry,7,7,0,1.9791666666666667,0.146277200023178,,,,,,,,,,,,0,7,7,9,,,,,5.439868399989791,,5.42771979997633,5.439868399989791,5.439868399989791,5.590315199980978,1.9791666666666667,0.146277200023178,,,,,,,,,,,,,,,,1,001,2025-10-16_16h06.55.120,untitled,,2025.1.1,60.43030000649677,2025-10-16 16h06.59.979923 +0530,
Cruise,8,8,0,1.9791666666666667,0.1486163000226952,,,,,,,,,,,,0,8,8,11,,,,,5.606284699984826,,5.592225099971984,5.606284699984826,5.606284699984826,5.757389299978968,1.9791666666666667,0.1486163000226952,,,,,,,,,,,,,,,,1,001,2025-10-16_16h06.55.120,untitled,,2025.1.1,60.43030000649677,2025-10-16 16h06.59.979923 +0530,
Poster,9,9,0,1.9791666666666667,0.13205239997478202,,,,,,,,,,,,0,9,9,14,,,,,5.7726488999906,,5.759172199992463,5.7726488999906,5.7726488999906,5.9072031999821775,1.9791666666666667,0.13205239997478202,,,,,,,,,,,,,,,,1,001,2025-10-16_16h06.55.120,untitled,,2025.1.1,60.43030000649677,2025-10-16 16h06.59.979923 +0530,
mouse,10,10,0,1.9791666666666667,0.131751999957487,,,,,,,,,,,,0,10,10,8,,,,,5.922638299991377,,5.909098099975381,5.922638299991377,5.922638299991377,6.058152699959464,1.9791666666666667,0.131751999957487,,,,,,,,,,,,,,,,1,001,2025-10-16_16h06.55.120,untitled,,2025.1.1,60.43030000649677,2025-10-16 16h06.59.979923 +0530,
book,11,11,0,1.9791666666666667,0.1484797999728471,,,,,,,,,,,,0,11,11,0,,,,,6.073227799963206,,6.059867599979043,6.073227799963206,6.073227799963206,6.223289699992165,1.9791666666666667,0.1484797999728471,,,,,,,,,,,,,,,,1,001,2025-10-16_16h06.55.120,untitled,,2025.1.1,60.43030000649677,2025-10-16 16h06.59.979923 +0530,
Police,12,12,0,1.9791666666666667,0.19942429999355227,,,,,,,,,,,,0,12,12,12,,,,,6.239205699996091,,6.225151199963875,6.239205699996091,6.239205699996091,6.440333499980625,1.9791666666666667,0.19942429999355227,,,,,,,,,,,,,,,,1,001,2025-10-16_16h06.55.120,untitled,,2025.1.1,60.43030000649677,2025-10-16 16h06.59.979923 +0530,
cushion,13,13,0,1.9791666666666667,0.5147180000203662,,,,,,,,,,,,0,13,13,1,,,,,6.456107699952554,,6.4425891999853775,6.456107699952554,6.456107699952554,6.973039700009394,1.9791666666666667,0.5147180000203662,,,,,,,,,,,,,,,,1,001,2025-10-16_16h06.55.120,untitled,,2025.1.1,60.43030000649677,2025-10-16 16h06.59.979923 +0530,
board,14,14,0,1.9791666666666667,0.13070179999340326,,,,,,,,,,,,0,14,14,4,,,,,6.989263799972832,,6.9764893999672495,6.989263799972832,6.989263799972832,7.123321499966551,1.9791666666666667,0.13070179999340326,,,,,,,,,,,,,,,,1,001,2025-10-16_16h06.55.120,untitled,,2025.1.1,60.43030000649677,2025-10-16 16h06.59.979923 +0530,
Pastry,15,0,1,1.9791666666666667,0.16633849998470396,,,,,,,,,,,,1,0,15,9,,,,,7.139184799976647,,7.125355399970431,7.139184799976647,7.139184799976647,7.307058300008066,1.9791666666666667,0.16633849998470396,,,,,,,,,,,,,,,,1,001,2025-10-16_16h06.55.120,untitled,,2025.1.1,60.43030000649677,2025-10-16 16h06.59.979923 +0530,
board,16,1,1,1.9791666666666667,0.16450459999032319,,,,,,,,,,,,1,1,16,4,,,,,7.323128699965309,,7.309466799953952,7.323128699965309,7.323128699965309,7.490305299987085,1.9791666666666667,0.16450459999032319,,,,,,,,,,,,,,,,1,001,2025-10-16_16h06.55.120,untitled,,2025.1.1,60.43030000649677,2025-10-16 16h06.59.979923 +0530,
Case,17,2,1,1.9791666666666667,0.14860630000475794,,,,,,,,,,,,1,2,17,10,,,,,7.507770899974275,,7.492047899984755,7.507770899974275,7.507770899974275,7.656553199980408,1.9791666666666667,0.14860630000475794,,,,,,,,,,,,,,,,1,001,2025-10-16_16h06.55.120,untitled,,2025.1.1,60.43030000649677,2025-10-16 16h06.59.979923 +0530,
T-shirt,18,3,1,1.9791666666666667,0.18201759998919442,,,,,,,,,,,,1,3,18,7,,,,,7.673023299954366,,7.658492099959403,7.673023299954366,7.673023299954366,7.856369199987967,1.9791666666666667,0.18201759998919442,,,,,,,,,,,,,,,,1,001,2025-10-16_16h06.55.120,untitled,,2025.1.1,60.43030000649677,2025-10-16 16h06.59.979923 +0530,
Poster,19,4,1,1.9791666666666667,0.16627470002276823,,,,,,,,,,,,1,4,19,14,,,,,7.872886799974367,,7.858224699972197,7.872886799974367,7.872886799974367,8.04010990000097,1.9791666666666667,0.16627470002276823,,,,,,,,,,,,,,,,1,001,2025-10-16_16h06.55.120,untitled,,2025.1.1,60.43030000649677,2025-10-16 16h06.59.979923 +0530,
Police,20,5,1,1.9791666666666667,0.14893309999024495,,,,,,,,,,,,1,5,20,12,,,,,8.057441399956588,,8.041890599997714,8.057441399956588,8.057441399956588,8.207080099964514,1.9791666666666667,0.14893309999024495,,,,,,,,,,,,,,,,1,001,2025-10-16_16h06.55.120,untitled,,2025.1.1,60.43030000649677,2025-10-16 16h06.59.979923 +0530,
cushion,21,6,1,1.9791666666666667,0.1500055999495089,,,,,,,,,,,,1,6,21,1,,,,,8.223872600006871,,8.20917859999463,8.223872600006871,8.223872600006871,8.373594700009562,1.9791666666666667,0.1500055999495089,,,,,,,,,,,,,,,,1,001,2025-10-16_16h06.55.120,untitled,,2025.1.1,60.43030000649677,2025-10-16 16h06.59.979923 +0530,
Keys,22,7,1,1.9791666666666667,0.1819715999881737,,,,,,,,,,,,1,7,22,13,,,,,8.389620499976445,,8.37529319996247,8.389620499976445,8.389620499976445,8.573025599995162,1.9791666666666667,0.1819715999881737,,,,,,,,,,,,,,,,1,001,2025-10-16_16h06.55.120,untitled,,2025.1.1,60.43030000649677,2025-10-16 16h06.59.979923 +0530,
Laptop,23,8,1,1.9791666666666667,0.14947280002525076,,,,,,,,,,,,1,8,23,5,,,,,8.589198299974669,,8.575681899965275,8.589198299974669,8.589198299974669,8.74080689996481,1.9791666666666667,0.14947280002525076,,,,,,,,,,,,,,,,1,001,2025-10-16_16h06.55.120,untitled,,2025.1.1,60.43030000649677,2025-10-16 16h06.59.979923 +0530,
Chart,24,9,1,1.9791666666666667,0.14898379996884614,,,,,,,,,,,,1,9,24,6,,,,,8.757239600003231,,8.742478300002404,8.757239600003231,8.757239600003231,8.908148399961647,1.9791666666666667,0.14898379996884614,,,,,,,,,,,,,,,,1,001,2025-10-16_16h06.55.120,untitled,,2025.1.1,60.43030000649677,2025-10-16 16h06.59.979923 +0530,
Cruise,25,10,1,1.9791666666666667,0.1476981000159867,,,,,,,,,,,,1,10,25,11,,,,,8.92350739997346,,8.910520899982657,8.92350739997346,8.92350739997346,9.07381329999771,1.9791666666666667,0.1476981000159867,,,,,,,,,,,,,,,,1,001,2025-10-16_16h06.55.120,untitled,,2025.1.1,60.43030000649677,2025-10-16 16h06.59.979923 +0530,
marble,26,11,1,1.9791666666666667,0.18163730000378564,,,,,,,,,,,,1,11,26,3,,,,,9.089435499976389,,9.076030600001104,9.089435499976389,9.089435499976389,9.273108399997,1.9791666666666667,0.18163730000378564,,,,,,,,,,,,,,,,1,001,2025-10-16_16h06.55.120,untitled,,2025.1.1,60.43030000649677,2025-10-16 16h06.59.979923 +0530,
phone,27,12,1,1.9791666666666667,0.18214350001653656,,,,,,,,,,,,1,12,27,2,,,,,9.28933609998785,,9.274793999968097,9.28933609998785,9.28933609998785,9.473287499975413,1.9791666666666667,0.18214350001653656,,,,,,,,,,,,,,,,1,001,2025-10-16_16h06.55.120,untitled,,2025.1.1,60.43030000649677,2025-10-16 16h06.59.979923 +0530,
mouse,28,13,1,1.9791666666666667,0.1316151000210084,,,,,,,,,,,,1,13,28,8,,,,,9.489614599966444,,9.475282999977935,9.489614599966444,9.489614599966444,9.623621599981561,1.9791666666666667,0.1316151000210084,,,,,,,,,,,,,,,,1,001,2025-10-16_16h06.55.120,untitled,,2025.1.1,60.43030000649677,2025-10-16 16h06.59.979923 +0530,
book,29,14,1,1.9791666666666667,0.1485748999984935,,,,,,,,,,,,1,14,29,0,,,,,9.640652499976568,,9.625774699961767,9.640652499976568,9.640652499976568,9.78952729998855,1.9791666666666667,0.1485748999984935,,,,,,,,,,,,,,,,1,001,2025-10-16_16h06.55.120,untitled,,2025.1.1,60.43030000649677,2025-10-16 16h06.59.979923 +0530,
marble,30,0,2,1.9791666666666667,0.16634549997979775,,,,,,,,,,,,2,0,30,3,,,,,9.805999899981543,,9.7914895999711,9.805999899981543,9.805999899981543,9.97376089997124,1.9791666666666667,0.16634549997979775,,,,,,,,,,,,,,,,1,001,2025-10-16_16h06.55.120,untitled,,2025.1.1,60.43030000649677,2025-10-16 16h06.59.979923 +0530,
Chart,31,1,2,1.9791666666666667,0.13162269996246323,,,,,,,,,,,,2,1,31,6,,,,,9.98912929999642,,9.975668700004462,9.98912929999642,9.98912929999642,10.123295400000643,1.9791666666666667,0.13162269996246323,,,,,,,,,,,,,,,,1,001,2025-10-16_16h06.55.120,untitled,,2025.1.1,60.43030000649677,2025-10-16 16h06.59.979923 +0530,
mouse,32,2,2,1.9791666666666667,0.1481035000178963,,,,,,,,,,,,2,2,32,8,,,,,10.139468299981672,,10.1252000000095,10.139468299981672,10.139468299981672,10.290462000004482,1.9791666666666667,0.1481035000178963,,,,,,,,,,,,,,,,1,001,2025-10-16_16h06.55.120,untitled,,2025.1.1,60.43030000649677,2025-10-16 16h06.59.979923 +0530,
Pastry,33,3,2,1.9791666666666667,0.13106580002931878,,,,,,,,,,,,2,3,33,9,,,,,10.306265299965162,,10.292883799993433,10.306265299965162,10.306265299965162,10.440150999987964,1.9791666666666667,0.13106580002931878,,,,,,,,,,,,,,,,1,001,2025-10-16_16h06.55.120,untitled,,2025.1.1,60.43030000649677,2025-10-16 16h06.59.979923 +0530,
Laptop,34,4,2,1.9791666666666667,0.16499780002050102,,,,,,,,,,,,2,4,34,5,,,,,10.456370699976105,,10.442055499996059,10.456370699976105,10.456370699976105,10.62344519997714,1.9791666666666667,0.16499780002050102,,,,,,,,,,,,,,,,1,001,2025-10-16_16h06.55.120,untitled,,2025.1.1,60.43030000649677,2025-10-16 16h06.59.979923 +0530,
Case,35,5,2,1.9791666666666667,0.148426300031133,,,,,,,,,,,,2,5,35,10,,,,,10.639685500005726,,10.625382700003684,10.639685500005726,10.639685500005726,10.793461099965498,1.9791666666666667,0.148426300031133,,,,,,,,,,,,,,,,1,001,2025-10-16_16h06.55.120,untitled,,2025.1.1,60.43030000649677,2025-10-16 16h06.59.979923 +0530,
book,36,6,2,1.9791666666666667,0.16231570002855733,,,,,,,,,,,,2,6,36,0,,,,,10.805374599993229,,10.79517759999726,10.805374599993229,10.805374599993229,10.973109999962617,1.9791666666666667,0.16231570002855733,,,,,,,,,,,,,,,,1,001,2025-10-16_16h06.55.120,untitled,,2025.1.1,60.43030000649677,2025-10-16 16h06.59.979923 +0530,
phone,37,7,2,1.9791666666666667,0.1657192000420764,,,,,,,,,,,,2,7,37,2,,,,,10.989521299954504,,10.974840499984566,10.989521299954504,10.989521299954504,11.157150499988347,1.9791666666666667,0.1657192000420764,,,,,,,,,,,,,,,,1,001,2025-10-16_16h06.55.120,untitled,,2025.1.1,60.43030000649677,2025-10-16 16h06.59.979923 +0530,
board,38,8,2,1.9791666666666667,0.16521870001452044,,,,,,,,,,,,2,8,38,4,,,,,11.172884700004943,,11.159078399999999,11.172884700004943,11.172884700004943,11.339413499983493,1.9791666666666667,0.16521870001452044,,,,,,,,,,,,,,,,1,001,2025-10-16_16h06.55.120,untitled,,2025.1.1,60.43030000649677,2025-10-16 16h06.59.979923 +0530,
Cruise,39,9,2,1.9791666666666667,0.1329700000351295,,,,,,,,,,,,2,9,39,11,,,,,11.356280399952084,,11.34115589997964,11.356280399952084,11.356280399952084,11.48981709999498,1.9791666666666667,0.1329700000351295,,,,,,,,,,,,,,,,1,001,2025-10-16_16h06.55.120,untitled,,2025.1.1,60.43030000649677,2025-10-16 16h06.59.979923 +0530,
Keys,40,10,2,1.9791666666666667,0.16565039998386055,,,,,,,,,,,,2,10,40,13,,,,,11.505960099981166,,11.491454000002705,11.505960099981166,11.505960099981166,11.672887699969579,1.9791666666666667,0.16565039998386055,,,,,,,,,,,,,,,,1,001,2025-10-16_16h06.55.120,untitled,,2025.1.1,60.43030000649677,2025-10-16 16h06.59.979923 +0530,
Police,41,11,2,1.9791666666666667,0.19901320000644773,,,,,,,,,,,,2,11,41,12,,,,,11.688960300001781,,11.674753499974031,11.688960300001781,11.688960300001781,11.890382199955638,1.9791666666666667,0.19901320000644773,,,,,,,,,,,,,,,,1,001,2025-10-16_16h06.55.120,untitled,,2025.1.1,60.43030000649677,2025-10-16 16h06.59.979923 +0530,
T-shirt,42,12,2,1.9791666666666667,0.26468239998212084,,,,,,,,,,,,2,12,42,7,,,,,11.905983799952082,,11.892510599980596,11.905983799952082,11.905983799952082,12.173522899975069,1.9791666666666667,0.26468239998212084,,,,,,,,,,,,,,,,1,001,2025-10-16_16h06.55.120,untitled,,2025.1.1,60.43030000649677,2025-10-16 16h06.59.979923 +0530,
Poster,43,13,2,1.9791666666666667,0.1802841000026092,,,,,,,,,,,,2,13,43,14,,,,,12.189322199963499,,12.176640799967572,12.189322199963499,12.189322199963499,12.373552099976223,1.9791666666666667,0.1802841000026092,,,,,,,,,,,,,,,,1,001,2025-10-16_16h06.55.120,untitled,,2025.1.1,60.43030000649677,2025-10-16 16h06.59.979923 +0530,
cushion,44,14,2,1.9791666666666667,0.16838409996125847,,,,,,,,,,,,2,14,44,1,,,,,12.390072699985467,,12.375339899968822,12.390072699985467,12.390072699985467,12.556779999984428,1.9791666666666667,0.16838409996125847,,,,,,,,,,,,,,,,1,001,2025-10-16_16h06.55.120,untitled,,2025.1.1,60.43030000649677,2025-10-16 16h06.59.979923 +0530,
marble,45,0,3,1.9791666666666667,0.21539580001262948,,,,,,,,,,,,3,0,45,3,,,,,12.572475799999665,,12.558546099986415,12.572475799999665,12.572475799999665,12.7896955999895,1.9791666666666667,0.21539580001262948,,,,,,,,,,,,,,,,1,001,2025-10-16_16h06.55.120,untitled,,2025.1.1,60.43030000649677,2025-10-16 16h06.59.979923 +0530,
Chart,46,1,3,1.9791666666666667,0.16584040003363043,,,,,,,,,,,,3,1,46,6,,,,,12.805896799953189,,12.79141529998742,12.805896799953189,12.805896799953189,12.97385349997785,1.9791666666666667,0.16584040003363043,,,,,,,,,,,,,,,,1,001,2025-10-16_16h06.55.120,untitled,,2025.1.1,60.43030000649677,2025-10-16 16h06.59.979923 +0530,
Cruise,47,2,3,1.9791666666666667,0.13149759999942034,,,,,,,,,,,,3,2,47,11,,,,,12.98894269997254,,12.97567049995996,12.98894269997254,12.98894269997254,13.12320999999065,1.9791666666666667,0.13149759999942034,,,,,,,,,,,,,,,,1,001,2025-10-16_16h06.55.120,untitled,,2025.1.1,60.43030000649677,2025-10-16 16h06.59.979923 +0530,
Laptop,48,3,3,1.9791666666666667,0.14789169997675344,,,,,,,,,,,,3,3,48,5,,,,,13.139287199999671,,13.12578579998808,13.139287199999671,13.139287199999671,13.289623999968171,1.9791666666666667,0.14789169997675344,,,,,,,,,,,,,,,,1,001,2025-10-16_16h06.55.120,untitled,,2025.1.1,60.43030000649677,2025-10-16 16h06.59.979923 +0530,
phone,49,4,3,1.9791666666666667,0.3490385999903083,,,,,,,,,,,,3,4,49,2,,,,,13.3060928999912,,13.291885399958119,13.3060928999912,13.3060928999912,13.657065699982923,1.9791666666666667,0.3490385999903083,,,,,,,,,,,,,,,,1,001,2025-10-16_16h06.55.120,untitled,,2025.1.1,60.43030000649677,2025-10-16 16h06.59.979923 +0530,
mouse,50,5,3,1.9791666666666667,0.21326059999410063,,,,,,,,,,,,3,5,50,8,,,,,13.67298709996976,,13.660282699973322,13.67298709996976,13.67298709996976,13.890176999964751,1.9791666666666667,0.21326059999410063,,,,,,,,,,,,,,,,1,001,2025-10-16_16h06.55.120,untitled,,2025.1.1,60.43030000649677,2025-10-16 16h06.59.979923 +0530,
Pastry,51,6,3,1.9791666666666667,0.26430889999028295,,,,,,,,,,,,3,6,51,9,,,,,13.906015799962915,,13.892730799969286,13.906015799962915,13.906015799962915,14.172736599983182,1.9791666666666667,0.26430889999028295,,,,,,,,,,,,,,,,1,001,2025-10-16_16h06.55.120,untitled,,2025.1.1,60.43030000649677,2025-10-16 16h06.59.979923 +0530,
book,52,7,3,1.9791666666666667,0.1660717999911867,,,,,,,,,,,,3,7,52,0,,,,,14.189353899972048,,14.17436020000605,14.189353899972048,14.189353899972048,14.357813699985854,1.9791666666666667,0.1660717999911867,,,,,,,,,,,,,,,,1,001,2025-10-16_16h06.55.120,untitled,,2025.1.1,60.43030000649677,2025-10-16 16h06.59.979923 +0530,
Keys,53,8,3,1.9791666666666667,0.14784579997649416,,,,,,,,,,,,3,8,53,13,,,,,14.372358299966436,,14.359402399975806,14.372358299966436,14.372358299966436,14.523481699987315,1.9791666666666667,0.14784579997649416,,,,,,,,,,,,,,,,1,001,2025-10-16_16h06.55.120,untitled,,2025.1.1,60.43030000649677,2025-10-16 16h06.59.979923 +0530,
board,54,9,3,1.9791666666666667,0.13201829994795844,,,,,,,,,,,,3,9,54,4,,,,,14.539703799993731,,14.525367299967911,14.539703799993731,14.539703799993731,14.673014700005297,1.9791666666666667,0.13201829994795844,,,,,,,,,,,,,,,,1,001,2025-10-16_16h06.55.120,untitled,,2025.1.1,60.43030000649677,2025-10-16 16h06.59.979923 +0530,
Police,55,10,3,1.9791666666666667,0.16625870001735166,,,,,,,,,,,,3,10,55,12,,,,,14.689442800008692,,14.674763199989684,14.689442800008692,14.689442800008692,14.856826299976092,1.9791666666666667,0.16625870001735166,,,,,,,,,,,,,,,,1,001,2025-10-16_16h06.55.120,untitled,,2025.1.1,60.43030000649677,2025-10-16 16h06.59.979923 +0530,
Case,56,11,3,1.9791666666666667,0.13163550000172108,,,,,,,,,,,,3,11,56,10,,,,,14.872633199964184,,14.858468199963681,14.872633199964184,14.872633199964184,15.0076468999614,1.9791666666666667,0.13163550000172108,,,,,,,,,,,,,,,,1,001,2025-10-16_16h06.55.120,untitled,,2025.1.1,60.43030000649677,2025-10-16 16h06.59.979923 +0530,
T-shirt,57,12,3,1.9791666666666667,0.18021229997975752,,,,,,,,,,,,3,12,57,7,,,,,15.02255769999465,,15.00952669995604,15.02255769999465,15.02255769999465,15.206766799965408,1.9791666666666667,0.18021229997975752,,,,,,,,,,,,,,,,1,001,2025-10-16_16h06.55.120,untitled,,2025.1.1,60.43030000649677,2025-10-16 16h06.59.979923 +0530,
cushion,58,13,3,1.9791666666666667,0.13209790003020316,,,,,,,,,,,,3,13,58,1,,,,,15.222647799993865,,15.208589499990921,15.222647799993865,15.222647799993865,15.358038300008047,1.9791666666666667,0.13209790003020316,,,,,,,,,,,,,,,,1,001,2025-10-16_16h06.55.120,untitled,,2025.1.1,60.43030000649677,2025-10-16 16h06.59.979923 +0530,
Poster,59,14,3,1.9791666666666667,0.14709569996921346,,,,,,,,,,,,3,14,59,14,,,,,15.372444699984044,,15.359969399985857,15.372444699984044,15.372444699984044,15.523303199966904,1.9791666666666667,0.14709569996921346,,,,,,,,,,,,,,,,1,001,2025-10-16_16h06.55.120,untitled,,2025.1.1,60.43030000649677,2025-10-16 16h06.59.979923 +0530,
Poster,60,0,4,1.9791666666666667,0.18244659999618307,,,,,,,,,,,,4,0,60,14,,,,,15.540639399958309,,15.524294999951962,15.540639399958309,15.540639399958309,15.723030399996787,1.9791666666666667,0.18244659999618307,,,,,,,,,,,,,,,,1,001,2025-10-16_16h06.55.120,untitled,,2025.1.1,60.43030000649677,2025-10-16 16h06.59.979923 +0530,
Police,61,1,4,1.9791666666666667,0.16545590001624078,,,,,,,,,,,,4,1,61,12,,,,,15.739528999954928,,15.724788599996828,15.739528999954928,15.739528999954928,15.905990200000815,1.9791666666666667,0.16545590001624078,,,,,,,,,,,,,,,,1,001,2025-10-16_16h06.55.120,untitled,,2025.1.1,60.43030000649677,2025-10-16 16h06.59.979923 +0530,
Keys,62,2,4,1.9791666666666667,0.16629429999738932,,,,,,,,,,,,4,2,62,13,,,,,15.922826899972279,,15.907622599974275,15.922826899972279,15.922826899972279,16.09103819995653,1.9791666666666667,0.16629429999738932,,,,,,,,,,,,,,,,1,001,2025-10-16_16h06.55.120,untitled,,2025.1.1,60.43030000649677,2025-10-16 16h06.59.979923 +0530,
Chart,63,3,4,1.9791666666666667,0.16424650000408292,,,,,,,,,,,,4,3,63,6,,,,,16.105676400009543,,16.092983899987303,16.105676400009543,16.105676400009543,16.273185199999716,1.9791666666666667,0.16424650000408292,,,,,,,,,,,,,,,,1,001,2025-10-16_16h06.55.120,untitled,,2025.1.1,60.43030000649677,2025-10-16 16h06.59.979923 +0530,
Pastry,64,4,4,1.9791666666666667,0.1652044000220485,,,,,,,,,,,,4,4,64,9,,,,,16.28910649998579,,16.27510639996035,16.28910649998579,16.28910649998579,16.456431999977212,1.9791666666666667,0.1652044000220485,,,,,,,,,,,,,,,,1,001,2025-10-16_16h06.55.120,untitled,,2025.1.1,60.43030000649677,2025-10-16 16h06.59.979923 +0530,
marble,65,5,4,1.9791666666666667,0.13182880001841113,,,,,,,,,,,,4,5,65,3,,,,,16.472463299985975,,16.45836369995959,16.472463299985975,16.472463299985975,16.607598299975507,1.9791666666666667,0.13182880001841113,,,,,,,,,,,,,,,,1,001,2025-10-16_16h06.55.120,untitled,,2025.1.1,60.43030000649677,2025-10-16 16h06.59.979923 +0530,
Laptop,66,6,4,1.9791666666666667,0.18107779999263585,,,,,,,,,,,,4,6,66,5,,,,,16.62265269999625,,16.609342799987644,16.62265269999625,16.62265269999625,16.806466399983037,1.9791666666666667,0.18107779999263585,,,,,,,,,,,,,,,,1,001,2025-10-16_16h06.55.120,untitled,,2025.1.1,60.43030000649677,2025-10-16 16h06.59.979923 +0530,
phone,67,7,4,1.9791666666666667,0.1651175000006333,,,,,,,,,,,,4,7,67,2,,,,,16.82240229996387,,16.808207399968524,16.82240229996387,16.82240229996387,16.989332099969033,1.9791666666666667,0.1651175000006333,,,,,,,,,,,,,,,,1,001,2025-10-16_16h06.55.120,untitled,,2025.1.1,60.43030000649677,2025-10-16 16h06.59.979923 +0530,
Case,68,8,4,1.9791666666666667,0.1484492000308819,,,,,,,,,,,,4,8,68,10,,,,,17.005177499959245,,16.992121299961582,17.005177499959245,17.005177499959245,17.157275999954436,1.9791666666666667,0.1484492000308819,,,,,,,,,,,,,,,,1,001,2025-10-16_16h06.55.120,untitled,,2025.1.1,60.43030000649677,2025-10-16 16h06.59.979923 +0530,
cushion,69,9,4,1.9791666666666667,0.16420539998216555,,,,,,,,,,,,4,9,69,1,,,,,17.17307439999422,,17.159192899998743,17.17307439999422,17.17307439999422,17.33933019998949,1.9791666666666667,0.16420539998216555,,,,,,,,,,,,,,,,1,001,2025-10-16_16h06.55.120,untitled,,2025.1.1,60.43030000649677,2025-10-16 16h06.59.979923 +0530,
mouse,70,10,4,1.9791666666666667,0.1829905000049621,,,,,,,,,,,,4,10,70,8,,,,,17.355700899963267,,17.341397599957418,17.355700899963267,17.355700899963267,17.539774200005922,1.9791666666666667,0.1829905000049621,,,,,,,,,,,,,,,,1,001,2025-10-16_16h06.55.120,untitled,,2025.1.1,60.43030000649677,2025-10-16 16h06.59.979923 +0530,
T-shirt,71,11,4,1.9791666666666667,0.1515718000009656,,,,,,,,,,,,4,11,71,7,,,,,17.55563550000079,,17.541446099989116,17.55563550000079,17.55563550000079,17.70852789998753,1.9791666666666667,0.1515718000009656,,,,,,,,,,,,,,,,1,001,2025-10-16_16h06.55.120,untitled,,2025.1.1,60.43030000649677,2025-10-16 16h06.59.979923 +0530,
Cruise,72,12,4,1.9791666666666667,0.16548570001032203,,,,,,,,,,,,4,12,72,11,,,,,17.72392179997405,,17.710630199988373,17.72392179997405,17.72392179997405,17.89173579995986,1.9791666666666667,0.16548570001032203,,,,,,,,,,,,,,,,1,001,2025-10-16_16h06.55.120,untitled,,2025.1.1,60.43030000649677,2025-10-16 16h06.59.979923 +0530,
board,73,13,4,1.9791666666666667,0.18047329998807982,,,,,,,,,,,,4,13,73,4,,,,,17.907127499987837,,17.895035099994857,17.907127499987837,17.907127499987837,18.09194839996053,1.9791666666666667,0.18047329998807982,,,,,,,,,,,,,,,,1,001,2025-10-16_16h06.55.120,untitled,,2025.1.1,60.43030000649677,2025-10-16 16h06.59.979923 +0530,
book,74,14,4,1.9791666666666667,0.1492994999862276,,,,,,,,,,,,4,14,74,0,,,,,18.107336599961855,,18.09399039996788,18.107336599961855,18.107336599961855,18.257674499996938,1.9791666666666667,0.1492994999862276,,,,,,,,,,,,,,,,1,001,2025-10-16_16h06.55.120,untitled,,2025.1.1,60.43030000649677,2025-10-16 16h06.59.979923 +0530,
book,75,0,5,1.9791666666666667,0.18438810005318373,,,,,,,,,,,,5,0,75,0,,,,,18.273777499969583,,18.2583239999949,18.273777499969583,18.273777499969583,18.458130899991374,1.9791666666666667,0.18438810005318373,,,,,,,,,,,,,,,,1,001,2025-10-16_16h06.55.120,untitled,,2025.1.1,60.43030000649677,2025-10-16 16h06.59.979923 +0530,
board,76,1,5,1.9791666666666667,0.1488781999796629,,,,,,,,,,,,5,1,76,4,,,,,18.474038399988785,,18.460594100004528,18.474038399988785,18.474038399988785,18.625301599968225,1.9791666666666667,0.1488781999796629,,,,,,,,,,,,,,,,1,001,2025-10-16_16h06.55.120,untitled,,2025.1.1,60.43030000649677,2025-10-16 16h06.59.979923 +0530,
T-shirt,77,2,5,1.9791666666666667,0.16475090000312775,,,,,,,,,,,,5,2,77,7,,,,,18.640175699954852,,18.628347699996084,18.640175699954852,18.640175699954852,18.808458899962716,1.9791666666666667,0.16475090000312775,,,,,,,,,,,,,,,,1,001,2025-10-16_16h06.55.120,untitled,,2025.1.1,60.43030000649677,2025-10-16 16h06.59.979923 +0530,
Case,78,3,5,1.9791666666666667,0.16428319999249652,,,,,,,,,,,,5,3,78,10,,,,,18.824269599979743,,18.81202829995891,18.824269599979743,18.824269599979743,18.99192919995403,1.9791666666666667,0.16428319999249652,,,,,,,,,,,,,,,,1,001,2025-10-16_16h06.55.120,untitled,,2025.1.1,60.43030000649677,2025-10-16 16h06.59.979923 +0530,
Poster,79,4,5,1.9791666666666667,0.14773690002039075,,,,,,,,,,,,5,4,79,14,,,,,19.007527499983553,,18.995214299997315,19.007527499983553,19.007527499983553,19.158533299982082,1.9791666666666667,0.14773690002039075,,,,,,,,,,,,,,,,1,001,2025-10-16_16h06.55.120,untitled,,2025.1.1,60.43030000649677,2025-10-16 16h06.59.979923 +0530,
phone,80,5,5,1.9791666666666667,0.19821280002361163,,,,,,,,,,,,5,5,80,2,,,,,19.173909200006165,,19.161743599979673,19.173909200006165,19.173909200006165,19.375510299985763,1.9791666666666667,0.19821280002361163,,,,,,,,,,,,,,,,1,001,2025-10-16_16h06.55.120,untitled,,2025.1.1,60.43030000649677,2025-10-16 16h06.59.979923 +0530,
Laptop,81,6,5,1.9791666666666667,0.16391100001055747,,,,,,,,,,,,5,6,81,5,,,,,19.390530799981207,,19.3787905999925,19.390530799981207,19.390530799981207,19.559073899989016,1.9791666666666667,0.16391100001055747,,,,,,,,,,,,,,,,1,001,2025-10-16_16h06.55.120,untitled,,2025.1.1,60.43030000649677,2025-10-16 16h06.59.979923 +0530,
mouse,82,7,5,1.9791666666666667,0.18042330001480877,,,,,,,,,,,,5,7,82,8,,,,,19.574095899995882,,19.562680799979717,19.574095899995882,19.574095899995882,19.75889619998634,1.9791666666666667,0.18042330001480877,,,,,,,,,,,,,,,,1,001,2025-10-16_16h06.55.120,untitled,,2025.1.1,60.43030000649677,2025-10-16 16h06.59.979923 +0530,
Keys,83,8,5,1.9791666666666667,0.17924059997312725,,,,,,,,,,,,5,8,83,13,,,,,19.789354000007734,,19.76307819999056,19.789354000007734,19.789354000007734,19.958939099975396,1.9791666666666667,0.17924059997312725,,,,,,,,,,,,,,,,1,001,2025-10-16_16h06.55.120,untitled,,2025.1.1,60.43030000649677,2025-10-16 16h06.59.979923 +0530,
Police,84,9,5,1.9791666666666667,0.1639205999672413,,,,,,,,,,,,5,9,84,12,,,,,19.989946999994572,,19.962303999986034,19.989946999994572,19.989946999994572,20.14203589997487,1.9791666666666667,0.1639205999672413,,,,,,,,,,,,,,,,1,001,2025-10-16_16h06.55.120,untitled,,2025.1.1,60.43030000649677,2025-10-16 16h06.59.979923 +0530,
Chart,85,10,5,1.9791666666666667,0.16324929997790605,,,,,,,,,,,,5,10,85,6,,,,,20.156822599994484,,20.14526759996079,20.156822599994484,20.156822599994484,20.324771199957468,1.9791666666666667,0.16324929997790605,,,,,,,,,,,,,,,,1,001,2025-10-16_16h06.55.120,untitled,,2025.1.1,60.43030000649677,2025-10-16 16h06.59.979923 +0530,
marble,86,11,5,1.9791666666666667,0.18196039996109903,,,,,,,,,,,,5,11,86,3,,,,,20.339368999993894,,20.32771539996611,20.339368999993894,20.339368999993894,20.52329609997105,1.9791666666666667,0.18196039996109903,,,,,,,,,,,,,,,,1,001,2025-10-16_16h06.55.120,untitled,,2025.1.1,60.43030000649677,2025-10-16 16h06.59.979923 +0530,
Pastry,87,12,5,1.9791666666666667,0.16497820004587993,,,,,,,,,,,,5,12,87,9,,,,,20.539467499998864,,20.526477899984457,20.539467499998864,20.539467499998864,20.709034900006372,1.9791666666666667,0.16497820004587993,,,,,,,,,,,,,,,,1,001,2025-10-16_16h06.55.120,untitled,,2025.1.1,60.43030000649677,2025-10-16 16h06.59.979923 +0530,
Cruise,88,13,5,1.9791666666666667,0.16398929996648803,,,,,,,,,,,,5,13,88,11,,,,,20.739402499981225,,20.712549499992747,20.739402499981225,20.739402499981225,20.891256499977317,1.9791666666666667,0.16398929996648803,,,,,,,,,,,,,,,,1,001,2025-10-16_16h06.55.120,untitled,,2025.1.1,60.43030000649677,2025-10-16 16h06.59.979923 +0530,
cushion,89,14,5,1.9791666666666667,0.17948560003424063,,,,,,,,,,,,5,14,89,1,,,,,20.9227613999974,,20.895276699971873,20.9227613999974,20.9227613999974,21.091986599960364,1.9791666666666667,0.17948560003424063,,,,,,,,,,,,,,,,1,001,2025-10-16_16h06.55.120,untitled,,2025.1.1,60.43030000649677,2025-10-16 16h06.59.979923 +0530,
mouse,90,0,6,1.9791666666666667,0.1815227999468334,,,,,,,,,,,,6,0,90,8,,,,,21.107529399974737,,21.09522169997217,21.107529399974737,21.107529399974737,21.290298099978827,1.9791666666666667,0.1815227999468334,,,,,,,,,,,,,,,,1,001,2025-10-16_16h06.55.120,untitled,,2025.1.1,60.43030000649677,2025-10-16 16h06.59.979923 +0530,
book,91,1,6,1.9791666666666667,0.16541570000117645,,,,,,,,,,,,6,1,91,0,,,,,21.30644019995816,,21.292972299968824,21.30644019995816,21.30644019995816,21.473575899959542,1.9791666666666667,0.16541570000117645,,,,,,,,,,,,,,,,1,001,2025-10-16_16h06.55.120,untitled,,2025.1.1,60.43030000649677,2025-10-16 16h06.59.979923 +0530,
Police,92,2,6,1.9791666666666667,0.1985784000135027,,,,,,,,,,,,6,2,92,12,,,,,21.489205899997614,,21.476909499964677,21.489205899997614,21.489205899997614,21.691154000000097,1.9791666666666667,0.1985784000135027,,,,,,,,,,,,,,,,1,001,2025-10-16_16h06.55.120,untitled,,2025.1.1,60.43030000649677,2025-10-16 16h06.59.979923 +0530,
Laptop,93,3,6,1.9791666666666667,0.1632916000089608,,,,,,,,,,,,6,3,93,5,,,,,21.706232899974566,,21.693989899998996,21.706232899974566,21.706232899974566,21.874191899958532,1.9791666666666667,0.1632916000089608,,,,,,,,,,,,,,,,1,001,2025-10-16_16h06.55.120,untitled,,2025.1.1,60.43030000649677,2025-10-16 16h06.59.979923 +0530,
marble,94,4,6,1.9791666666666667,0.164905900019221,,,,,,,,,,,,6,4,94,3,,,,,21.889289199956693,,21.877202999952715,21.889289199956693,21.889289199956693,22.057227699959185,1.9791666666666667,0.164905900019221,,,,,,,,,,,,,,,,1,001,2025-10-16_16h06.55.120,untitled,,2025.1.1,60.43030000649677,2025-10-16 16h06.59.979923 +0530,
Case,95,5,6,1.9791666666666667,0.16406540002208203,,,,,,,,,,,,6,5,95,10,,,,,22.07241709996015,,22.05989319999935,22.07241709996015,22.07241709996015,22.240695199987385,1.9791666666666667,0.16406540002208203,,,,,,,,,,,,,,,,1,001,2025-10-16_16h06.55.120,untitled,,2025.1.1,60.43030000649677,2025-10-16 16h06.59.979923 +0530,
board,96,6,6,1.9791666666666667,0.16650990000925958,,,,,,,,,,,,6,6,96,4,,,,,22.255782399966847,,22.243516199989244,22.255782399966847,22.255782399966847,22.425465599983,1.9791666666666667,0.16650990000925958,,,,,,,,,,,,,,,,1,001,2025-10-16_16h06.55.120,untitled,,2025.1.1,60.43030000649677,2025-10-16 16h06.59.979923 +0530,
Pastry,97,7,6,1.9791666666666667,0.1803889999864623,,,,,,,,,,,,6,7,97,9,,,,,22.440674899960868,,22.429077000007965,22.440674899960868,22.440674899960868,22.625451800005976,1.9791666666666667,0.1803889999864623,,,,,,,,,,,,,,,,1,001,2025-10-16_16h06.55.120,untitled,,2025.1.1,60.43030000649677,2025-10-16 16h06.59.979923 +0530,
Chart,98,8,6,1.9791666666666667,0.1476132000098005,,,,,,,,,,,,6,8,98,6,,,,,22.63920739997411,,22.628628299979027,22.63920739997411,22.63920739997411,22.791899999952875,1.9791666666666667,0.1476132000098005,,,,,,,,,,,,,,,,1,001,2025-10-16_16h06.55.120,untitled,,2025.1.1,60.43030000649677,2025-10-16 16h06.59.979923 +0530,
cushion,99,9,6,1.9791666666666667,0.16375649999827147,,,,,,,,,,,,6,9,99,1,,,,,22.82283339998685,,22.7958863999811,22.82283339998685,22.82283339998685,22.97610709996661,1.9791666666666667,0.16375649999827147,,,,,,,,,,,,,,,,1,001,2025-10-16_16h06.55.120,untitled,,2025.1.1,60.43030000649677,2025-10-16 16h06.59.979923 +0530,
phone,100,10,6,1.9791666666666667,0.17974759999196976,,,,,,,,,,,,6,10,100,2,,,,,23.00610759999836,,22.97960649995366,23.00610759999836,23.00610759999836,23.175068599986844,1.9791666666666667,0.17974759999196976,,,,,,,,,,,,,,,,1,001,2025-10-16_16h06.55.120,untitled,,2025.1.1,60.43030000649677,2025-10-16 16h06.59.979923 +0530,
T-shirt,101,11,6,1.9791666666666667,0.18081819999497384,,,,,,,,,,,,6,11,101,7,,,,,23.206653199973516,,23.178916200005915,23.206653199973516,23.206653199973516,23.375001000007614,1.9791666666666667,0.18081819999497384,,,,,,,,,,,,,,,,1,001,2025-10-16_16h06.55.120,untitled,,2025.1.1,60.43030000649677,2025-10-16 16h06.59.979923 +0530,
Poster,102,12,6,1.9791666666666667,0.16352200001711026,,,,,,,,,,,,6,12,102,14,,,,,23.406065299990587,,23.378596999973524,23.406065299990587,23.406065299990587,23.55872339999769,1.9791666666666667,0.16352200001711026,,,,,,,,,,,,,,,,1,001,2025-10-16_16h06.55.120,untitled,,2025.1.1,60.43030000649677,2025-10-16 16h06.59.979923 +0530,
Keys,103,13,6,1.9791666666666667,0.18047199997818097,,,,,,,,,,,,6,13,103,13,,,,,23.573427099967375,,23.561767899955157,23.573427099967375,23.573427099967375,23.759592699992936,1.9791666666666667,0.18047199997818097,,,,,,,,,,,,,,,,1,001,2025-10-16_16h06.55.120,untitled,,2025.1.1,60.43030000649677,2025-10-16 16h06.59.979923 +0530,
Cruise,104,14,6,1.9791666666666667,0.18024119996698573,,,,,,,,,,,,6,14,104,11,,,,,23.78953279997222,,23.76299769995967,23.78953279997222,23.78953279997222,23.958376199996565,1.9791666666666667,0.18024119996698573,,,,,,,,,,,,,,,,1,001,2025-10-16_16h06.55.120,untitled,,2025.1.1,60.43030000649677,2025-10-16 16h06.59.979923 +0530,
Poster,105,0,7,1.9791666666666667,0.17961220000870526,,,,,,,,,,,,7,0,105,14,,,,,23.989582299953327,,23.962765999953263,23.989582299953327,23.989582299953327,24.158587699988857,1.9791666666666667,0.17961220000870526,,,,,,,,,,,,,,,,1,001,2025-10-16_16h06.55.120,untitled,,2025.1.1,60.43030000649677,2025-10-16 16h06.59.979923 +0530,
cushion,106,1,7,1.9791666666666667,0.16386100003728643,,,,,,,,,,,,7,1,106,1,,,,,24.173859699978493,,24.161918099969625,24.173859699978493,24.173859699978493,24.342031899956055,1.9791666666666667,0.16386100003728643,,,,,,,,,,,,,,,,1,001,2025-10-16_16h06.55.120,untitled,,2025.1.1,60.43030000649677,2025-10-16 16h06.59.979923 +0530,
board,107,2,7,1.9791666666666667,0.16331249999348074,,,,,,,,,,,,7,2,107,4,,,,,24.37325659999624,,24.345677899953444,24.37325659999624,24.37325659999624,24.525607399991713,1.9791666666666667,0.16331249999348074,,,,,,,,,,,,,,,,1,001,2025-10-16_16h06.55.120,untitled,,2025.1.1,60.43030000649677,2025-10-16 16h06.59.979923 +0530,
Keys,108,3,7,1.9791666666666667,0.18091170000843704,,,,,,,,,,,,7,3,108,13,,,,,24.54033960000379,,24.5286497999914,24.54033960000379,24.54033960000379,24.72509289998561,1.9791666666666667,0.18091170000843704,,,,,,,,,,,,,,,,1,001,2025-10-16_16h06.55.120,untitled,,2025.1.1,60.43030000649677,2025-10-16 16h06.59.979923 +0530,
Chart,109,4,7,1.9791666666666667,0.1639318000525236,,,,,,,,,,,,7,4,109,6,,,,,24.740444399998523,,24.72870849998435,24.740444399998523,24.740444399998523,24.908531599969137,1.9791666666666667,0.1639318000525236,,,,,,,,,,,,,,,,1,001,2025-10-16_16h06.55.120,untitled,,2025.1.1,60.43030000649677,2025-10-16 16h06.59.979923 +0530,
marble,110,5,7,1.9791666666666667,0.1642530999961309,,,,,,,,,,,,7,5,110,3,,,,,24.939285999978893,,24.912195699987933,24.939285999978893,24.939285999978893,25.091700999997556,1.9791666666666667,0.1642530999961309,,,,,,,,,,,,,,,,1,001,2025-10-16_16h06.55.120,untitled,,2025.1.1,60.43030000649677,2025-10-16 16h06.59.979923 +0530,
mouse,111,6,7,1.9791666666666667,0.1806932999752462,,,,,,,,,,,,7,6,111,8,,,,,25.12323969998397,,25.09530749998521,25.12323969998397,25.12323969998397,25.29140929999994,1.9791666666666667,0.1806932999752462,,,,,,,,,,,,,,,,1,001,2025-10-16_16h06.55.120,untitled,,2025.1.1,60.43030000649677,2025-10-16 16h06.59.979923 +0530,
T-shirt,112,7,7,1.9791666666666667,0.17889919999288395,,,,,,,,,,,,7,7,112,7,,,,,25.30694899999071,,25.294663099979516,25.30694899999071,25.30694899999071,25.491267399978824,1.9791666666666667,0.17889919999288395,,,,,,,,,,,,,,,,1,001,2025-10-16_16h06.55.120,untitled,,2025.1.1,60.43030000649677,2025-10-16 16h06.59.979923 +0530,
Police,113,8,7,1.9791666666666667,0.18082210002467036,,,,,,,,,,,,7,8,113,12,,,,,25.50598929997068,,25.494143099989742,25.50598929997068,25.50598929997068,25.69231579999905,1.9791666666666667,0.18082210002467036,,,,,,,,,,,,,,,,1,001,2025-10-16_16h06.55.120,untitled,,2025.1.1,60.43030000649677,2025-10-16 16h06.59.979923 +0530,
Laptop,114,9,7,1.9791666666666667,0.1627034000121057,,,,,,,,,,,,7,9,114,5,,,,,25.72252089995891,,25.69566049997229,25.72252089995891,25.72252089995891,25.87473559996579,1.9791666666666667,0.1627034000121057,,,,,,,,,,,,,,,,1,001,2025-10-16_16h06.55.120,untitled,,2025.1.1,60.43030000649677,2025-10-16 16h06.59.979923 +0530,
Case,115,10,7,1.9791666666666667,0.21249209996312857,,,,,,,,,,,,7,10,115,10,,,,,25.89027089998126,,25.878037599963136,25.89027089998126,25.89027089998126,26.107827199972235,1.9791666666666667,0.21249209996312857,,,,,,,,,,,,,,,,1,001,2025-10-16_16h06.55.120,untitled,,2025.1.1,60.43030000649677,2025-10-16 16h06.59.979923 +0530,
phone,116,11,7,1.9791666666666667,0.16425979998894036,,,,,,,,,,,,7,11,116,2,,,,,26.122154399985448,,26.111150499957148,26.122154399985448,26.122154399985448,26.291651599982288,1.9791666666666667,0.16425979998894036,,,,,,,,,,,,,,,,1,001,2025-10-16_16h06.55.120,untitled,,2025.1.1,60.43030000649677,2025-10-16 16h06.59.979923 +0530,
Cruise,117,12,7,1.9791666666666667,0.1648373000207357,,,,,,,,,,,,7,12,117,11,,,,,26.307204799959436,,26.295266599976458,26.307204799959436,26.307204799959436,26.473307200009003,1.9791666666666667,0.1648373000207357,,,,,,,,,,,,,,,,1,001,2025-10-16_16h06.55.120,untitled,,2025.1.1,60.43030000649677,2025-10-16 16h06.59.979923 +0530,
book,118,13,7,1.9791666666666667,0.1830132000031881,,,,,,,,,,,,7,13,118,0,,,,,26.488904999976512,,26.476014699961524,26.488904999976512,26.488904999976512,26.67332110001007,1.9791666666666667,0.1830132000031881,,,,,,,,,,,,,,,,1,001,2025-10-16_16h06.55.120,untitled,,2025.1.1,60.43030000649677,2025-10-16 16h06.59.979923 +0530,
Pastry,119,14,7,1.9791666666666667,0.1663581000175327,,,,,,,,,,,,7,14,119,9,,,,,26.690111399977468,,26.67621770000551,26.690111399977468,26.690111399977468,26.856702199962456,1.9791666666666667,0.1663581000175327,,,,,,,,,,,,,,,,1,001,2025-10-16_16h06.55.120,untitled,,2025.1.1,60.43030000649677,2025-10-16 16h06.59.979923 +0530,
mouse,120,0,8,1.9791666666666667,0.18205530004343018,,,,,,,,,,,,8,0,120,8,,,,,26.872928600001615,,26.859655099979136,26.872928600001615,26.872928600001615,27.056675300002098,1.9791666666666667,0.18205530004343018,,,,,,,,,,,,,,,,1,001,2025-10-16_16h06.55.120,untitled,,2025.1.1,60.43030000649677,2025-10-16 16h06.59.979923 +0530,
Cruise,121,1,8,1.9791666666666667,0.1820651000016369,,,,,,,,,,,,8,1,121,11,,,,,27.072015799989458,,27.05989909998607,27.072015799989458,27.072015799989458,27.257329699990805,1.9791666666666667,0.1820651000016369,,,,,,,,,,,,,,,,1,001,2025-10-16_16h06.55.120,untitled,,2025.1.1,60.43030000649677,2025-10-16 16h06.59.979923 +0530,
marble,122,2,8,1.9791666666666667,0.19704689999343827,,,,,,,,,,,,8,2,122,3,,,,,27.27194949996192,,27.260508899984416,27.27194949996192,27.27194949996192,27.47417379997205,1.9791666666666667,0.19704689999343827,,,,,,,,,,,,,,,,1,001,2025-10-16_16h06.55.120,untitled,,2025.1.1,60.43030000649677,2025-10-16 16h06.59.979923 +0530,
board,123,3,8,1.9791666666666667,0.16425790003268048,,,,,,,,,,,,8,3,123,4,,,,,27.488929599989206,,27.47704079997493,27.488929599989206,27.488929599989206,27.657532099983655,1.9791666666666667,0.16425790003268048,,,,,,,,,,,,,,,,1,001,2025-10-16_16h06.55.120,untitled,,2025.1.1,60.43030000649677,2025-10-16 16h06.59.979923 +0530,
Pastry,124,4,8,1.9791666666666667,0.17876010003965348,,,,,,,,,,,,8,4,124,9,,,,,27.67263369995635,,27.661780899972655,27.67263369995635,27.67263369995635,27.856329099973664,1.9791666666666667,0.17876010003965348,,,,,,,,,,,,,,,,1,001,2025-10-16_16h06.55.120,untitled,,2025.1.1,60.43030000649677,2025-10-16 16h06.59.979923 +0530,
T-shirt,125,5,8,1.9791666666666667,0.1484987000003457,,,,,,,,,,,,8,5,125,7,,,,,27.873242300003767,,27.85989449999761,27.873242300003767,27.873242300003767,28.02538770000683,1.9791666666666667,0.1484987000003457,,,,,,,,,,,,,,,,1,001,2025-10-16_16h06.55.120,untitled,,2025.1.1,60.43030000649677,2025-10-16 16h06.59.979923 +0530,
Chart,126,6,8,1.9791666666666667,0.19671559997368604,,,,,,,,,,,,8,6,126,6,,,,,28.056070999999065,,28.028566499997396,28.056070999999065,28.056070999999065,28.241222899989225,1.9791666666666667,0.19671559997368604,,,,,,,,,,,,,,,,1,001,2025-10-16_16h06.55.120,untitled,,2025.1.1,60.43030000649677,2025-10-16 16h06.59.979923 +0530,
Keys,127,7,8,1.9791666666666667,0.2132817999809049,,,,,,,,,,,,8,7,127,13,,,,,28.25636979995761,,28.244290100003127,28.25636979995761,28.25636979995761,28.47362169995904,1.9791666666666667,0.2132817999809049,,,,,,,,,,,,,,,,1,001,2025-10-16_16h06.55.120,untitled,,2025.1.1,60.43030000649677,2025-10-16 16h06.59.979923 +0530,
phone,128,8,8,1.9791666666666667,0.14967760001309216,,,,,,,,,,,,8,8,128,2,,,,,28.489428800006863,,28.476426399953198,28.489428800006863,28.489428800006863,28.639938599953894,1.9791666666666667,0.14967760001309216,,,,,,,,,,,,,,,,1,001,2025-10-16_16h06.55.120,untitled,,2025.1.1,60.43030000649677,2025-10-16 16h06.59.979923 +0530,
cushion,129,9,8,1.9791666666666667,0.18198969995137304,,,,,,,,,,,,8,9,129,1,,,,,28.655409600003622,,28.642842400004156,28.655409600003622,28.655409600003622,28.841066299995873,1.9791666666666667,0.18198969995137304,,,,,,,,,,,,,,,,1,001,2025-10-16_16h06.55.120,untitled,,2025.1.1,60.43030000649677,2025-10-16 16h06.59.979923 +0530,
Poster,130,10,8,1.9791666666666667,0.18023689999245107,,,,,,,,,,,,8,10,130,14,,,,,28.855747199966572,,28.84416889998829,28.855747199966572,28.855747199966572,29.042358400009107,1.9791666666666667,0.18023689999245107,,,,,,,,,,,,,,,,1,001,2025-10-16_16h06.55.120,untitled,,2025.1.1,60.43030000649677,2025-10-16 16h06.59.979923 +0530,
Case,131,11,8,1.9791666666666667,0.18076429999200627,,,,,,,,,,,,8,11,131,10,,,,,29.072600699961185,,29.045727099990472,29.072600699961185,29.072600699961185,29.24151179997716,1.9791666666666667,0.18076429999200627,,,,,,,,,,,,,,,,1,001,2025-10-16_16h06.55.120,untitled,,2025.1.1,60.43030000649677,2025-10-16 16h06.59.979923 +0530,
Police,132,12,8,1.9791666666666667,0.17932629998540506,,,,,,,,,,,,8,12,132,12,,,,,29.257035899965558,,29.244828599970788,29.257035899965558,29.257035899965558,29.440210399974603,1.9791666666666667,0.17932629998540506,,,,,,,,,,,,,,,,1,001,2025-10-16_16h06.55.120,untitled,,2025.1.1,60.43030000649677,2025-10-16 16h06.59.979923 +0530,
book,133,13,8,1.9791666666666667,0.11430190003011376,,,,,,,,,,,,8,13,133,0,,,,,29.45550739997998,,29.44283249997534,29.45550739997998,29.45550739997998,29.573516899952665,1.9791666666666667,0.11430190003011376,,,,,,,,,,,,,,,,1,001,2025-10-16_16h06.55.120,untitled,,2025.1.1,60.43030000649677,2025-10-16 16h06.59.979923 +0530,
Laptop,134,14,8,1.9791666666666667,0.4320776000386104,,,,,,,,,,,,8,14,134,5,,,,,29.588751000002958,,29.57650249998551,29.588751000002958,29.588751000002958,30.025050700001884,1.9791666666666667,0.4320776000386104,,,,,,,,,,,,,,,,1,001,2025-10-16_16h06.55.120,untitled,,2025.1.1,60.43030000649677,2025-10-16 16h06.59.979923 +0530,
Pastry,135,0,9,1.9791666666666667,0.17876059998525307,,,,,,,,,,,,9,0,135,9,,,,,30.04097199998796,,30.028335499984678,30.04097199998796,30.04097199998796,30.224019399960525,1.9791666666666667,0.17876059998525307,,,,,,,,,,,,,,,,1,001,2025-10-16_16h06.55.120,untitled,,2025.1.1,60.43030000649677,2025-10-16 16h06.59.979923 +0530,
Keys,136,1,9,1.9791666666666667,0.1836413000128232,,,,,,,,,,,,9,1,136,13,,,,,30.23924550000811,,30.22676789999241,30.23924550000811,30.23924550000811,30.441605100000743,1.9791666666666667,0.1836413000128232,,,,,,,,,,,,,,,,1,001,2025-10-16_16h06.55.120,untitled,,2025.1.1,60.43030000649677,2025-10-16 16h06.59.979923 +0530,
Poster,137,2,9,1.9791666666666667,0.14737260004039854,,,,,,,,,,,,9,2,137,14,,,,,30.457238999952096,,30.444842299970333,30.457238999952096,30.457238999952096,30.606335999967996,1.9791666666666667,0.14737260004039854,,,,,,,,,,,,,,,,1,001,2025-10-16_16h06.55.120,untitled,,2025.1.1,60.43030000649677,2025-10-16 16h06.59.979923 +0530,
Laptop,138,3,9,1.9791666666666667,0.13140600000042468,,,,,,,,,,,,9,3,138,5,,,,,30.62244720000308,,30.609198399994057,30.62244720000308,30.62244720000308,30.757947799982503,1.9791666666666667,0.13140600000042468,,,,,,,,,,,,,,,,1,001,2025-10-16_16h06.55.120,untitled,,2025.1.1,60.43030000649677,2025-10-16 16h06.59.979923 +0530,
board,139,4,9,1.9791666666666667,0.16507990000536665,,,,,,,,,,,,9,4,139,4,,,,,30.771810300007928,,30.760787999955937,30.771810300007928,30.771810300007928,30.940900299989153,1.9791666666666667,0.16507990000536665,,,,,,,,,,,,,,,,1,001,2025-10-16_16h06.55.120,untitled,,2025.1.1,60.43030000649677,2025-10-16 16h06.59.979923 +0530,
Case,140,5,9,1.9791666666666667,0.18140520004089922,,,,,,,,,,,,9,5,140,10,,,,,30.972239499969874,,30.944931699952576,30.972239499969874,30.972239499969874,31.14134460000787,1.9791666666666667,0.18140520004089922,,,,,,,,,,,,,,,,1,001,2025-10-16_16h06.55.120,untitled,,2025.1.1,60.43030000649677,2025-10-16 16h06.59.979923 +0530,
T-shirt,141,6,9,1.9791666666666667,0.18112490000203252,,,,,,,,,,,,9,6,141,7,,,,,31.17239919997519,,31.145011499989778,31.17239919997519,31.17239919997519,31.341340699989814,1.9791666666666667,0.18112490000203252,,,,,,,,,,,,,,,,1,001,2025-10-16_16h06.55.120,untitled,,2025.1.1,60.43030000649677,2025-10-16 16h06.59.979923 +0530,
mouse,142,7,9,1.9791666666666667,0.19684410002082586,,,,,,,,,,,,9,7,142,8,,,,,31.356301599997096,,31.34469169995282,31.356301599997096,31.356301599997096,31.55795919999946,1.9791666666666667,0.19684410002082586,,,,,,,,,,,,,,,,1,001,2025-10-16_16h06.55.120,untitled,,2025.1.1,60.43030000649677,2025-10-16 16h06.59.979923 +0530,
Chart,143,8,9,1.9791666666666667,0.17961499997181818,,,,,,,,,,,,9,8,143,6,,,,,31.57221189996926,,31.561587399977725,31.57221189996926,31.57221189996926,31.757398799993098,1.9791666666666667,0.17961499997181818,,,,,,,,,,,,,,,,1,001,2025-10-16_16h06.55.120,untitled,,2025.1.1,60.43030000649677,2025-10-16 16h06.59.979923 +0530,
marble,144,9,9,1.9791666666666667,0.17990390001796186,,,,,,,,,,,,9,9,144,3,,,,,31.772128399985377,,31.76054970000405,31.772128399985377,31.772128399985377,31.956490999960806,1.9791666666666667,0.17990390001796186,,,,,,,,,,,,,,,,1,001,2025-10-16_16h06.55.120,untitled,,2025.1.1,60.43030000649677,2025-10-16 16h06.59.979923 +0530,
Police,145,10,9,1.9791666666666667,0.1647813000017777,,,,,,,,,,,,9,10,145,12,,,,,31.973045799997635,,31.959353299986105,31.973045799997635,31.973045799997635,32.14191700000083,1.9791666666666667,0.1647813000017777,,,,,,,,,,,,,,,,1,001,2025-10-16_16h06.55.120,untitled,,2025.1.1,60.43030000649677,2025-10-16 16h06.59.979923 +0530,
phone,146,11,9,1.9791666666666667,0.17996999999741092,,,,,,,,,,,,9,11,146,2,,,,,32.17265869997209,,32.14560220000567,32.17265869997209,32.17265869997209,32.341570399992634,1.9791666666666667,0.17996999999741092,,,,,,,,,,,,,,,,1,001,2025-10-16_16h06.55.120,untitled,,2025.1.1,60.43030000649677,2025-10-16 16h06.59.979923 +0530,
cushion,147,12,9,1.9791666666666667,0.19845419999910519,,,,,,,,,,,,9,12,147,1,,,,,32.357063599978574,,32.34485120000318,32.357063599978574,32.357063599978574,32.55798459996004,1.9791666666666667,0.19845419999910519,,,,,,,,,,,,,,,,1,001,2025-10-16_16h06.55.120,untitled,,2025.1.1,60.43030000649677,2025-10-16 16h06.59.979923 +0530,
book,148,13,9,1.9791666666666667,0.19828890002099797,,,,,,,,,,,,9,13,148,0,,,,,32.571809999994,,32.56105309998384,32.571809999994,32.571809999994,32.77455979998922,1.9791666666666667,0.19828890002099797,,,,,,,,,,,,,,,,1,001,2025-10-16_16h06.55.120,untitled,,2025.1.1,60.43030000649677,2025-10-16 16h06.59.979923 +0530,
Cruise,149,14,9,1.9791666666666667,0.16434369998751208,,,,,,,,,,,,9,14,149,11,,,,,32.788293699966744,,32.77872369997203,32.788293699966744,32.788293699966744,32.95796159998281,1.9791666666666667,0.16434369998751208,,,,,,,,,,,,,,,,1,001,2025-10-16_16h06.55.120,untitled,,2025.1.1,60.43030000649677,2025-10-16 16h06.59.979923 +0530,
phone,150,0,10,1.9791666666666667,0.17969200003426522,,,,,,,,,,,,10,0,150,2,,,,,32.971650999970734,,32.96085689996835,32.971650999970734,32.971650999970734,33.15868180000689,1.9791666666666667,0.17969200003426522,,,,,,,,,,,,,,,,1,001,2025-10-16_16h06.55.120,untitled,,2025.1.1,60.43030000649677,2025-10-16 16h06.59.979923 +0530,
Case,151,1,10,1.9791666666666667,0.2133693000068888,,,,,,,,,,,,10,1,151,10,,,,,33.171736799995415,,33.16169350000564,33.171736799995415,33.171736799995415,33.38911829999415,1.9791666666666667,0.2133693000068888,,,,,,,,,,,,,,,,1,001,2025-10-16_16h06.55.120,untitled,,2025.1.1,60.43030000649677,2025-10-16 16h06.59.979923 +0530,
T-shirt,152,2,10,1.9791666666666667,0.20213890000013635,,,,,,,,,,,,10,2,152,7,,,,,33.405469899997115,,33.39202859997749,33.405469899997115,33.405469899997115,33.624137999955565,1.9791666666666667,0.20213890000013635,,,,,,,,,,,,,,,,1,001,2025-10-16_16h06.55.120,untitled,,2025.1.1,60.43030000649677,2025-10-16 16h06.59.979923 +0530,
Pastry,153,3,10,1.9791666666666667,0.16446759999962524,,,,,,,,,,,,10,3,153,9,,,,,33.6400099999737,,33.62740130000748,33.6400099999737,33.6400099999737,33.808458199957386,1.9791666666666667,0.16446759999962524,,,,,,,,,,,,,,,,1,001,2025-10-16_16h06.55.120,untitled,,2025.1.1,60.43030000649677,2025-10-16 16h06.59.979923 +0530,
Chart,154,4,10,1.9791666666666667,0.1797867999994196,,,,,,,,,,,,10,4,154,6,,,,,33.8390196999535,,33.811994899995625,33.8390196999535,33.8390196999535,34.008354799996596,1.9791666666666667,0.1797867999994196,,,,,,,,,,,,,,,,1,001,2025-10-16_16h06.55.120,untitled,,2025.1.1,60.43030000649677,2025-10-16 16h06.59.979923 +0530,
Laptop,155,5,10,1.9791666666666667,0.14637740002945065,,,,,,,,,,,,10,5,155,5,,,,,34.02321329998085,,34.01194789999863,34.02321329998085,34.02321329998085,34.17485089995898,1.9791666666666667,0.14637740002945065,,,,,,,,,,,,,,,,1,001,2025-10-16_16h06.55.120,untitled,,2025.1.1,60.43030000649677,2025-10-16 16h06.59.979923 +0530,
Keys,156,6,10,1.9791666666666667,0.1981724000070244,,,,,,,,,,,,10,6,156,13,,,,,34.18998779996764,,34.17789569997694,34.18998779996764,34.18998779996764,34.3907514999737,1.9791666666666667,0.1981724000070244,,,,,,,,,,,,,,,,1,001,2025-10-16_16h06.55.120,untitled,,2025.1.1,60.43030000649677,2025-10-16 16h06.59.979923 +0530,
Poster,157,7,10,1.9791666666666667,0.18263230001321062,,,,,,,,,,,,10,7,157,14,,,,,34.40561670000898,,34.39362639997853,34.40561670000898,34.40561670000898,34.59049919998506,1.9791666666666667,0.18263230001321062,,,,,,,,,,,,,,,,1,001,2025-10-16_16h06.55.120,untitled,,2025.1.1,60.43030000649677,2025-10-16 16h06.59.979923 +0530,
mouse,158,8,10,1.9791666666666667,0.19696739997016266,,,,,,,,,,,,10,8,158,8,,,,,34.605691400007345,,34.59332149999682,34.605691400007345,34.605691400007345,34.80871610000031,1.9791666666666667,0.19696739997016266,,,,,,,,,,,,,,,,1,001,2025-10-16_16h06.55.120,untitled,,2025.1.1,60.43030000649677,2025-10-16 16h06.59.979923 +0530,
Police,159,9,10,1.9791666666666667,0.1639747000299394,,,,,,,,,,,,10,9,159,12,,,,,34.83937889995286,,34.81196879997151,34.83937889995286,34.83937889995286,34.99138139997376,1.9791666666666667,0.1639747000299394,,,,,,,,,,,,,,,,1,001,2025-10-16_16h06.55.120,untitled,,2025.1.1,60.43030000649677,2025-10-16 16h06.59.979923 +0530,
book,160,10,10,1.9791666666666667,0.1818842999637127,,,,,,,,,,,,10,10,160,0,,,,,35.006745199963916,,34.9944436000078,35.006745199963916,35.006745199963916,35.19199249998201,1.9791666666666667,0.1818842999637127,,,,,,,,,,,,,,,,1,001,2025-10-16_16h06.55.120,untitled,,2025.1.1,60.43030000649677,2025-10-16 16h06.59.979923 +0530,
cushion,161,11,10,1.9791666666666667,0.16422669996973127,,,,,,,,,,,,10,11,161,1,,,,,35.20526149997022,,35.19494549999945,35.20526149997022,35.20526149997022,35.37486949999584,1.9791666666666667,0.16422669996973127,,,,,,,,,,,,,,,,1,001,2025-10-16_16h06.55.120,untitled,,2025.1.1,60.43030000649677,2025-10-16 16h06.59.979923 +0530,
Cruise,162,12,10,1.9791666666666667,0.1630571000277996,,,,,,,,,,,,10,12,162,11,,,,,35.40601699997205,,35.37923049996607,35.40601699997205,35.40601699997205,35.55795699998271,1.9791666666666667,0.1630571000277996,,,,,,,,,,,,,,,,1,001,2025-10-16_16h06.55.120,untitled,,2025.1.1,60.43030000649677,2025-10-16 16h06.59.979923 +0530,
board,163,13,10,1.9791666666666667,0.14810260001104325,,,,,,,,,,,,10,13,163,4,,,,,35.58882929995889,,35.561204199970234,35.58882929995889,35.58882929995889,35.72469820000697,1.9791666666666667,0.14810260001104325,,,,,,,,,,,,,,,,1,001,2025-10-16_16h06.55.120,untitled,,2025.1.1,60.43030000649677,2025-10-16 16h06.59.979923 +0530,
marble,164,14,10,1.9791666666666667,0.17982800002209842,,,,,,,,,,,,10,14,164,3,,,,,35.7389264999656,,35.72758969996357,35.7389264999656,35.7389264999656,35.925317599962,1.9791666666666667,0.17982800002209842,,,,,,,,,,,,,,,,1,001,2025-10-16_16h06.55.120,untitled,,2025.1.1,60.43030000649677,2025-10-16 16h06.59.979923 +0530,
book,165,0,11,1.9791666666666667,0.16403709998121485,,,,,,,,,,,,11,0,165,0,,,,,35.955458399956115,,35.92840849998174,35.955458399956115,35.955458399956115,36.107890699990094,1.9791666666666667,0.16403709998121485,,,,,,,,,,,,,,,,1,001,2025-10-16_16h06.55.120,untitled,,2025.1.1,60.43030000649677,2025-10-16 16h06.59.979923 +0530,
Keys,166,1,11,1.9791666666666667,0.16359180002473295,,,,,,,,,,,,11,1,166,13,,,,,36.13882629998261,,36.11267289996613,36.13882629998261,36.13882629998261,36.29152579995571,1.9791666666666667,0.16359180002473295,,,,,,,,,,,,,,,,1,001,2025-10-16_16h06.55.120,untitled,,2025.1.1,60.43030000649677,2025-10-16 16h06.59.979923 +0530,
phone,167,2,11,1.9791666666666667,0.19703919999301434,,,,,,,,,,,,11,2,167,2,,,,,36.306452099990565,,36.29503039998235,36.306452099990565,36.306452099990565,36.50791459996253,1.9791666666666667,0.19703919999301434,,,,,,,,,,,,,,,,1,001,2025-10-16_16h06.55.120,untitled,,2025.1.1,60.43030000649677,2025-10-16 16h06.59.979923 +0530,
T-shirt,168,3,11,1.9791666666666667,0.17857099999673665,,,,,,,,,,,,11,3,168,7,,,,,36.52341869997326,,36.511396799993236,36.52341869997326,36.52341869997326,36.70838169998024,1.9791666666666667,0.17857099999673665,,,,,,,,,,,,,,,,1,001,2025-10-16_16h06.55.120,untitled,,2025.1.1,60.43030000649677,2025-10-16 16h06.59.979923 +0530,
Police,169,4,11,1.9791666666666667,0.16434349998598918,,,,,,,,,,,,11,4,169,12,,,,,36.73889149999013,,36.71162789996015,36.73889149999013,36.73889149999013,36.891304499993566,1.9791666666666667,0.16434349998598918,,,,,,,,,,,,,,,,1,001,2025-10-16_16h06.55.120,untitled,,2025.1.1,60.43030000649677,2025-10-16 16h06.59.979923 +0530,
board,170,5,11,1.9791666666666667,0.2126399000408128,,,,,,,,,,,,11,5,170,4,,,,,36.90726809995249,,36.89452729996992,36.90726809995249,36.90726809995249,37.12495389999822,1.9791666666666667,0.2126399000408128,,,,,,,,,,,,,,,,1,001,2025-10-16_16h06.55.120,untitled,,2025.1.1,60.43030000649677,2025-10-16 16h06.59.979923 +0530,
Poster,171,6,11,1.9791666666666667,0.16349529998842627,,,,,,,,,,,,11,6,171,14,,,,,37.13977829995565,,37.12867289996939,37.13977829995565,37.13977829995565,37.30800439999439,1.9791666666666667,0.16349529998842627,,,,,,,,,,,,,,,,1,001,2025-10-16_16h06.55.120,untitled,,2025.1.1,60.43030000649677,2025-10-16 16h06.59.979923 +0530,
Pastry,172,7,11,1.9791666666666667,0.17911959998309612,,,,,,,,,,,,11,7,172,9,,,,,37.33895389997633,,37.31273499998497,37.33895389997633,37.33895389997633,37.50790039997082,1.9791666666666667,0.17911959998309612,,,,,,,,,,,,,,,,1,001,2025-10-16_16h06.55.120,untitled,,2025.1.1,60.43030000649677,2025-10-16 16h06.59.979923 +0530,
Case,173,8,11,1.9791666666666667,0.17958540003746748,,,,,,,,,,,,11,8,173,10,,,,,37.52172319998499,,37.51094369997736,37.52172319998499,37.52172319998499,37.70800639997469,1.9791666666666667,0.17958540003746748,,,,,,,,,,,,,,,,1,001,2025-10-16_16h06.55.120,untitled,,2025.1.1,60.43030000649677,2025-10-16 16h06.59.979923 +0530,
Cruise,174,9,11,1.9791666666666667,0.180835000006482,,,,,,,,,,,,11,9,174,11,,,,,37.72311719995923,,37.71125719998963,37.72311719995923,37.72311719995923,37.90738309995504,1.9791666666666667,0.180835000006482,,,,,,,,,,,,,,,,1,001,2025-10-16_16h06.55.120,untitled,,2025.1.1,60.43030000649677,2025-10-16 16h06.59.979923 +0530,
cushion,175,10,11,1.9791666666666667,0.14911679999204352,,,,,,,,,,,,11,10,175,1,,,,,37.922717899957206,,37.910675499995705,37.922717899957206,37.922717899957206,38.07273369998438,1.9791666666666667,0.14911679999204352,,,,,,,,,,,,,,,,1,001,2025-10-16_16h06.55.120,untitled,,2025.1.1,60.43030000649677,2025-10-16 16h06.59.979923 +0530,
mouse,176,11,11,1.9791666666666667,0.18361200002254918,,,,,,,,,,,,11,11,176,8,,,,,38.08921259996714,,38.07582430000184,38.08921259996714,38.08921259996714,38.27278399997158,1.9791666666666667,0.18361200002254918,,,,,,,,,,,,,,,,1,001,2025-10-16_16h06.55.120,untitled,,2025.1.1,60.43030000649677,2025-10-16 16h06.59.979923 +0530,
Laptop,177,12,11,1.9791666666666667,0.1991155000287108,,,,,,,,,,,,11,12,177,5,,,,,38.288620300008915,,38.275866899988614,38.288620300008915,38.288620300008915,38.491614099999424,1.9791666666666667,0.1991155000287108,,,,,,,,,,,,,,,,1,001,2025-10-16_16h06.55.120,untitled,,2025.1.1,60.43030000649677,2025-10-16 16h06.59.979923 +0530,
marble,178,13,11,1.9791666666666667,0.1627909999806434,,,,,,,,,,,,11,13,178,3,,,,,38.52228949998971,,38.495878499990795,38.52228949998971,38.52228949998971,38.67466349998722,1.9791666666666667,0.1627909999806434,,,,,,,,,,,,,,,,1,001,2025-10-16_16h06.55.120,untitled,,2025.1.1,60.43030000649677,2025-10-16 16h06.59.979923 +0530,
Chart,179,14,11,1.9791666666666667,0.16337080002995208,,,,,,,,,,,,11,14,179,6,,,,,38.689855100004934,,38.677864699973725,38.689855100004934,38.689855100004934,38.856567299983,1.9791666666666667,0.16337080002995208,,,,,,,,,,,,,,,,1,001,2025-10-16_16h06.55.120,untitled,,2025.1.1,60.43030000649677,2025-10-16 16h06.59.979923 +0530,
cushion,180,0,12,1.9791666666666667,0.19907339999917895,,,,,,,,,,,,12,0,180,1,,,,,38.871635999996215,,38.859470499970485,38.871635999996215,38.871635999996215,39.07494600000791,1.9791666666666667,0.19907339999917895,,,,,,,,,,,,,,,,1,001,2025-10-16_16h06.55.120,untitled,,2025.1.1,60.43030000649677,2025-10-16 16h06.59.979923 +0530,
Case,181,1,12,1.9791666666666667,0.1970669999718666,,,,,,,,,,,,12,1,181,10,,,,,39.105662299960386,,39.07808780000778,39.105662299960386,39.105662299960386,39.29147449997254,1.9791666666666667,0.1970669999718666,,,,,,,,,,,,,,,,1,001,2025-10-16_16h06.55.120,untitled,,2025.1.1,60.43030000649677,2025-10-16 16h06.59.979923 +0530,
marble,182,2,12,1.9791666666666667,0.1786382000427693,,,,,,,,,,,,12,2,182,3,,,,,39.30605189997004,,39.2946928999736,39.30605189997004,39.30605189997004,39.49186049995478,1.9791666666666667,0.1786382000427693,,,,,,,,,,,,,,,,1,001,2025-10-16_16h06.55.120,untitled,,2025.1.1,60.43030000649677,2025-10-16 16h06.59.979923 +0530,
Chart,183,3,12,1.9791666666666667,0.1630332000204362,,,,,,,,,,,,12,3,183,6,,,,,39.52247119997628,,39.49509559996659,39.52247119997628,39.52247119997628,39.67488599999342,1.9791666666666667,0.1630332000204362,,,,,,,,,,,,,,,,1,001,2025-10-16_16h06.55.120,untitled,,2025.1.1,60.43030000649677,2025-10-16 16h06.59.979923 +0530,
Poster,184,4,12,1.9791666666666667,0.17822579998755828,,,,,,,,,,,,12,4,184,14,,,,,39.68981969996821,,39.67849510000087,39.68981969996821,39.68981969996821,39.874921299982816,1.9791666666666667,0.17822579998755828,,,,,,,,,,,,,,,,1,001,2025-10-16_16h06.55.120,untitled,,2025.1.1,60.43030000649677,2025-10-16 16h06.59.979923 +0530,
Cruise,185,5,12,1.9791666666666667,0.1638018000521697,,,,,,,,,,,,12,5,185,11,,,,,39.905180000001565,,39.87847090000287,39.905180000001565,39.905180000001565,40.059219799994025,1.9791666666666667,0.1638018000521697,,,,,,,,,,,,,,,,1,001,2025-10-16_16h06.55.120,untitled,,2025.1.1,60.43030000649677,2025-10-16 16h06.59.979923 +0530,
board,186,6,12,1.9791666666666667,0.16238550003618002,,,,,,,,,,,,12,6,186,4,,,,,40.08855240000412,,40.062809099967126,40.08855240000412,40.08855240000412,40.24137919995701,1.9791666666666667,0.16238550003618002,,,,,,,,,,,,,,,,1,001,2025-10-16_16h06.55.120,untitled,,2025.1.1,60.43030000649677,2025-10-16 16h06.59.979923 +0530,
book,187,7,12,1.9791666666666667,0.1819334999890998,,,,,,,,,,,,12,7,187,0,,,,,40.256286999967415,,40.244372299988754,40.256286999967415,40.256286999967415,40.44151139998576,1.9791666666666667,0.1819334999890998,,,,,,,,,,,,,,,,1,001,2025-10-16_16h06.55.120,untitled,,2025.1.1,60.43030000649677,2025-10-16 16h06.59.979923 +0530,
phone,188,8,12,1.9791666666666667,0.1792901000007987,,,,,,,,,,,,12,8,188,2,,,,,40.47215980000328,,40.44557529996382,40.47215980000328,40.47215980000328,40.64150460000383,1.9791666666666667,0.1792901000007987,,,,,,,,,,,,,,,,1,001,2025-10-16_16h06.55.120,untitled,,2025.1.1,60.43030000649677,2025-10-16 16h06.59.979923 +0530,
Keys,189,9,12,1.9791666666666667,0.18099169997731224,,,,,,,,,,,,12,9,189,13,,,,,40.655465099960566,,40.644382199971005,40.655465099960566,40.655465099960566,40.84132869995665,1.9791666666666667,0.18099169997731224,,,,,,,,,,,,,,,,1,001,2025-10-16_16h06.55.120,untitled,,2025.1.1,60.43030000649677,2025-10-16 16h06.59.979923 +0530,
mouse,190,10,12,1.9791666666666667,0.14645900001050904,,,,,,,,,,,,12,10,190,8,,,,,40.85641469998518,,40.84482769999886,40.85641469998518,40.85641469998518,41.00802269997075,1.9791666666666667,0.14645900001050904,,,,,,,,,,,,,,,,1,001,2025-10-16_16h06.55.120,untitled,,2025.1.1,60.43030000649677,2025-10-16 16h06.59.979923 +0530,
T-shirt,191,11,12,1.9791666666666667,0.1618597999913618,,,,,,,,,,,,12,11,191,7,,,,,41.021903899963945,,41.01132589997724,41.021903899963945,41.021903899963945,41.18974739999976,1.9791666666666667,0.1618597999913618,,,,,,,,,,,,,,,,1,001,2025-10-16_16h06.55.120,untitled,,2025.1.1,60.43030000649677,2025-10-16 16h06.59.979923 +0530,
Police,192,12,12,1.9791666666666667,0.16615380003349856,,,,,,,,,,,,12,12,192,12,,,,,41.20497829996748,,41.192605299991556,41.20497829996748,41.20497829996748,41.372519099968486,1.9791666666666667,0.16615380003349856,,,,,,,,,,,,,,,,1,001,2025-10-16_16h06.55.120,untitled,,2025.1.1,60.43030000649677,2025-10-16 16h06.59.979923 +0530,
Laptop,193,13,12,1.9791666666666667,0.1835683000390418,,,,,,,,,,,,12,13,193,5,,,,,41.38825519999955,,41.375853799981996,41.38825519999955,41.38825519999955,41.57310939999297,1.9791666666666667,0.1835683000390418,,,,,,,,,,,,,,,,1,001,2025-10-16_16h06.55.120,untitled,,2025.1.1,60.43030000649677,2025-10-16 16h06.59.979923 +0530,
Pastry,194,14,12,1.9791666666666667,0.1822182000032626,,,,,,,,,,,,12,14,194,9,,,,,41.58875180000905,,41.5759979999857,41.58875180000905,41.58875180000905,41.77252259996021,1.9791666666666667,0.1822182000032626,,,,,,,,,,,,,,,,1,001,2025-10-16_16h06.55.120,untitled,,2025.1.1,60.43030000649677,2025-10-16 16h06.59.979923 +0530,
mouse,195,0,13,1.9791666666666667,0.16539730003569275,,,,,,,,,,,,13,0,195,8,,,,,41.788888299954124,,41.776075900008436,41.788888299954124,41.788888299954124,41.9576764999656,1.9791666666666667,0.16539730003569275,,,,,,,,,,,,,,,,1,001,2025-10-16_16h06.55.120,untitled,,2025.1.1,60.43030000649677,2025-10-16 16h06.59.979923 +0530,
Laptop,196,1,13,1.9791666666666667,0.17917999997735023,,,,,,,,,,,,13,1,196,5,,,,,41.988567999971565,,41.96200949995546,41.988567999971565,41.988567999971565,42.15788919996703,1.9791666666666667,0.17917999997735023,,,,,,,,,,,,,,,,1,001,2025-10-16_16h06.55.120,untitled,,2025.1.1,60.43030000649677,2025-10-16 16h06.59.979923 +0530,
book,197,2,13,1.9791666666666667,0.16270609997445717,,,,,,,,,,,,13,2,197,0,,,,,42.172546999994665,,42.16096559999278,42.172546999994665,42.172546999994665,42.341110899986234,1.9791666666666667,0.16270609997445717,,,,,,,,,,,,,,,,1,001,2025-10-16_16h06.55.120,untitled,,2025.1.1,60.43030000649677,2025-10-16 16h06.59.979923 +0530,
Police,198,3,13,1.9791666666666667,0.18129259999841452,,,,,,,,,,,,13,3,198,12,,,,,42.37240249995375,,42.34419639996486,42.37240249995375,42.37240249995375,42.54120089998469,1.9791666666666667,0.18129259999841452,,,,,,,,,,,,,,,,1,001,2025-10-16_16h06.55.120,untitled,,2025.1.1,60.43030000649677,2025-10-16 16h06.59.979923 +0530,
Poster,199,4,13,1.9791666666666667,0.14808610000181943,,,,,,,,,,,,13,4,199,14,,,,,42.55659079999896,,42.54442599997856,42.55659079999896,42.55659079999896,42.70780639996519,1.9791666666666667,0.14808610000181943,,,,,,,,,,,,,,,,1,001,2025-10-16_16h06.55.120,untitled,,2025.1.1,60.43030000649677,2025-10-16 16h06.59.979923 +0530,
Cruise,200,5,13,1.9791666666666667,0.182438500050921,,,,,,,,,,,,13,5,200,11,,,,,42.72129469999345,,42.71072639996419,42.72129469999345,42.72129469999345,42.90770629997132,1.9791666666666667,0.182438500050921,,,,,,,,,,,,,,,,1,001,2025-10-16_16h06.55.120,untitled,,2025.1.1,60.43030000649677,2025-10-16 16h06.59.979923 +0530,
T-shirt,201,6,13,1.9791666666666667,0.18115170003147796,,,,,,,,,,,,13,6,201,7,,,,,42.92291580000892,,42.911205199954566,42.92291580000892,42.92291580000892,43.107727299968246,1.9791666666666667,0.18115170003147796,,,,,,,,,,,,,,,,1,001,2025-10-16_16h06.55.120,untitled,,2025.1.1,60.43030000649677,2025-10-16 16h06.59.979923 +0530,
marble,202,7,13,1.9791666666666667,0.19548529997700825,,,,,,,,,,,,13,7,202,3,,,,,43.121561499952804,,43.111003800004255,43.121561499952804,43.121561499952804,43.323387799959164,1.9791666666666667,0.19548529997700825,,,,,,,,,,,,,,,,1,001,2025-10-16_16h06.55.120,untitled,,2025.1.1,60.43030000649677,2025-10-16 16h06.59.979923 +0530,
cushion,203,8,13,1.9791666666666667,0.16577709995908663,,,,,,,,,,,,13,8,203,1,,,,,43.33804619999137,,43.32655339996563,43.33804619999137,43.33804619999137,43.506964100000914,1.9791666666666667,0.16577709995908663,,,,,,,,,,,,,,,,1,001,2025-10-16_16h06.55.120,untitled,,2025.1.1,60.43030000649677,2025-10-16 16h06.59.979923 +0530,
Pastry,204,9,13,1.9791666666666667,0.1661990000284277,,,,,,,,,,,,13,9,204,9,,,,,43.52129599999171,,43.509812099975534,43.52129599999171,43.52129599999171,43.69247979996726,1.9791666666666667,0.1661990000284277,,,,,,,,,,,,,,,,1,001,2025-10-16_16h06.55.120,untitled,,2025.1.1,60.43030000649677,2025-10-16 16h06.59.979923 +0530,
Case,205,10,13,1.9791666666666667,0.14334420004161075,,,,,,,,,,,,13,10,205,10,,,,,43.72113839996746,,43.69650689995615,43.72113839996746,43.72113839996746,43.856765799981076,1.9791666666666667,0.14334420004161075,,,,,,,,,,,,,,,,1,001,2025-10-16_16h06.55.120,untitled,,2025.1.1,60.43030000649677,2025-10-16 16h06.59.979923 +0530,
Chart,206,11,13,1.9791666666666667,0.1808272999478504,,,,,,,,,,,,13,11,206,6,,,,,43.872177799989004,,43.86019919998944,43.872177799989004,43.872177799989004,44.05781329999445,1.9791666666666667,0.1808272999478504,,,,,,,,,,,,,,,,1,001,2025-10-16_16h06.55.120,untitled,,2025.1.1,60.43030000649677,2025-10-16 16h06.59.979923 +0530,
board,207,12,13,1.9791666666666667,0.18141690001357347,,,,,,,,,,,,13,12,207,4,,,,,44.07255049998639,,44.06156289996579,44.07255049998639,44.07255049998639,44.256374899996445,1.9791666666666667,0.18141690001357347,,,,,,,,,,,,,,,,1,001,2025-10-16_16h06.55.120,untitled,,2025.1.1,60.43030000649677,2025-10-16 16h06.59.979923 +0530,
phone,208,13,13,1.9791666666666667,0.16540080000413582,,,,,,,,,,,,13,13,208,2,,,,,44.2724387999624,,44.25944339996204,44.2724387999624,44.2724387999624,44.440976899990346,1.9791666666666667,0.16540080000413582,,,,,,,,,,,,,,,,1,001,2025-10-16_16h06.55.120,untitled,,2025.1.1,60.43030000649677,2025-10-16 16h06.59.979923 +0530,
Keys,209,14,13,1.9791666666666667,0.1797863999963738,,,,,,,,,,,,13,14,209,13,,,,,44.45519909996074,,44.44401689997176,44.45519909996074,44.45519909996074,44.63974389998475,1.9791666666666667,0.1797863999963738,,,,,,,,,,,,,,,,1,001,2025-10-16_16h06.55.120,untitled,,2025.1.1,60.43030000649677,2025-10-16 16h06.59.979923 +0530,
Police,210,0,14,1.9791666666666667,0.1811157999909483,,,,,,,,,,,,14,0,210,12,,,,,44.65452899999218,,44.64263869996648,44.65452899999218,44.65452899999218,44.83982259995537,1.9791666666666667,0.1811157999909483,,,,,,,,,,,,,,,,1,001,2025-10-16_16h06.55.120,untitled,,2025.1.1,60.43030000649677,2025-10-16 16h06.59.979923 +0530,
Pastry,211,1,14,1.9791666666666667,0.16683850000845268,,,,,,,,,,,,14,1,211,9,,,,,44.85506460000761,,44.84268389997305,44.85506460000761,44.85506460000761,45.024014099966735,1.9791666666666667,0.16683850000845268,,,,,,,,,,,,,,,,1,001,2025-10-16_16h06.55.120,untitled,,2025.1.1,60.43030000649677,2025-10-16 16h06.59.979923 +0530,
book,212,2,14,1.9791666666666667,0.21420380001654848,,,,,,,,,,,,14,2,212,0,,,,,45.03795430000173,,45.02739209996071,45.03795430000173,45.03795430000173,45.257544599997345,1.9791666666666667,0.21420380001654848,,,,,,,,,,,,,,,,1,001,2025-10-16_16h06.55.120,untitled,,2025.1.1,60.43030000649677,2025-10-16 16h06.59.979923 +0530,
mouse,213,3,14,1.9791666666666667,0.1958786000031978,,,,,,,,,,,,14,3,213,8,,,,,45.28947199997492,,45.26207219995558,45.28947199997492,45.28947199997492,45.4745891999919,1.9791666666666667,0.1958786000031978,,,,,,,,,,,,,,,,1,001,2025-10-16_16h06.55.120,untitled,,2025.1.1,60.43030000649677,2025-10-16 16h06.59.979923 +0530,
marble,214,4,14,1.9791666666666667,0.1789922999450937,,,,,,,,,,,,14,4,214,3,,,,,45.48778859997401,,45.4782908000052,45.48778859997401,45.48778859997401,45.67401689995313,1.9791666666666667,0.1789922999450937,,,,,,,,,,,,,,,,1,001,2025-10-16_16h06.55.120,untitled,,2025.1.1,60.43030000649677,2025-10-16 16h06.59.979923 +0530,
Chart,215,5,14,1.9791666666666667,0.17924610001500696,,,,,,,,,,,,14,5,215,6,,,,,45.68791360000614,,45.6774282999686,45.68791360000614,45.68791360000614,45.874715899990406,1.9791666666666667,0.17924610001500696,,,,,,,,,,,,,,,,1,001,2025-10-16_16h06.55.120,untitled,,2025.1.1,60.43030000649677,2025-10-16 16h06.59.979923 +0530,
board,216,6,14,1.9791666666666667,0.17957869998645037,,,,,,,,,,,,14,6,216,4,,,,,45.887863699987065,,45.87793479999527,45.887863699987065,45.887863699987065,46.072656199976336,1.9791666666666667,0.17957869998645037,,,,,,,,,,,,,,,,1,001,2025-10-16_16h06.55.120,untitled,,2025.1.1,60.43030000649677,2025-10-16 16h06.59.979923 +0530,
T-shirt,217,7,14,1.9791666666666667,0.1673054999555461,,,,,,,,,,,,14,7,217,7,,,,,46.088152799988165,,46.075567799969576,46.088152799988165,46.088152799988165,46.257364799967036,1.9791666666666667,0.1673054999555461,,,,,,,,,,,,,,,,1,001,2025-10-16_16h06.55.120,untitled,,2025.1.1,60.43030000649677,2025-10-16 16h06.59.979923 +0530,
Laptop,218,8,14,1.9791666666666667,0.18027339997934178,,,,,,,,,,,,14,8,218,5,,,,,46.27376099996036,,46.26060370000778,46.27376099996036,46.27376099996036,46.4561745999963,1.9791666666666667,0.18027339997934178,,,,,,,,,,,,,,,,1,001,2025-10-16_16h06.55.120,untitled,,2025.1.1,60.43030000649677,2025-10-16 16h06.59.979923 +0530,
Poster,219,9,14,1.9791666666666667,0.16495850001228973,,,,,,,,,,,,14,9,219,14,,,,,46.471647700003814,,46.459224299993366,46.471647700003814,46.471647700003814,46.640749499958474,1.9791666666666667,0.16495850001228973,,,,,,,,,,,,,,,,1,001,2025-10-16_16h06.55.120,untitled,,2025.1.1,60.43030000649677,2025-10-16 16h06.59.979923 +0530,
phone,220,10,14,1.9791666666666667,0.19806520000565797,,,,,,,,,,,,14,10,220,2,,,,,46.655189999961294,,46.64372180000646,46.655189999961294,46.655189999961294,46.85764810000546,1.9791666666666667,0.19806520000565797,,,,,,,,,,,,,,,,1,001,2025-10-16_16h06.55.120,untitled,,2025.1.1,60.43030000649677,2025-10-16 16h06.59.979923 +0530,
cushion,221,11,14,1.9791666666666667,0.16387420002138242,,,,,,,,,,,,14,11,221,1,,,,,46.872982000000775,,46.860963299986906,46.872982000000775,46.872982000000775,47.040335199970286,1.9791666666666667,0.16387420002138242,,,,,,,,,,,,,,,,1,001,2025-10-16_16h06.55.120,untitled,,2025.1.1,60.43030000649677,2025-10-16 16h06.59.979923 +0530,
Keys,222,12,14,1.9791666666666667,0.19970050000119954,,,,,,,,,,,,14,12,222,13,,,,,47.05611309997039,,47.04297750000842,47.05611309997039,47.05611309997039,47.25729639997007,1.9791666666666667,0.19970050000119954,,,,,,,,,,,,,,,,1,001,2025-10-16_16h06.55.120,untitled,,2025.1.1,60.43030000649677,2025-10-16 16h06.59.979923 +0530,
Cruise,223,13,14,1.9791666666666667,0.16609849996166304,,,,,,,,,,,,14,13,223,11,,,,,47.27277589996811,,47.2605893999571,47.27277589996811,47.27277589996811,47.439734199957456,1.9791666666666667,0.16609849996166304,,,,,,,,,,,,,,,,1,001,2025-10-16_16h06.55.120,untitled,,2025.1.1,60.43030000649677,2025-10-16 16h06.59.979923 +0530,
Case,224,14,14,1.9791666666666667,0.21592470002360642,,,,,,,,,,,,14,14,224,10,,,,,47.45495819998905,,47.44240639999043,47.45495819998905,47.45495819998905,47.67456349998247,1.9791666666666667,0.21592470002360642,,,,,,,,,,,,,,,,1,001,2025-10-16_16h06.55.120,untitled,,2025.1.1,60.43030000649677,2025-10-16 16h06.59.979923 +0530,
,0,0,0,,,p_nc_l,Pencil,new,pencil,"[np.float64(-0.2552083333333333), np.float64(-0.2552083333333333), np.float64(-0.2552083333333333), np.float64(-0.009114583333333334)]","[np.float64(-0.2994791666666667), np.float64(-0.2994791666666667), np.float64(-0.2994791666666667), np.float64(-0.3098958333333333)]","[1, 1, 1, 1]","[0, 0, 0, 0]","[0, 0, 0, 0]","[0.027438699966296554, 0.21250289998715743, 0.4280087999650277, 6.578459499985911]","[None, None, None, 'submit_text']",,,,,0,0,0,16,47.73880329995882,,,,,,,,47.71253679995425,47.73880329995882,47.73880329995882,47.73880329995882,0.03796620003413409,54.29131129995221,pencil,"[np.float64(-0.2552083333333333), np.float64(-0.2552083333333333), np.float64(-0.2552083333333333), np.float64(-0.009114583333333334)]","[np.float64(-0.2994791666666667), np.float64(-0.2994791666666667), np.float64(-0.2994791666666667), np.float64(-0.3098958333333333)]","[1, 1, 1, 1]","[0, 0, 0, 0]","[0, 0, 0, 0]","[0.027438699966296554, 0.21250289998715743, 0.4280087999650277, 6.578459499985911]","[None, None, None, 'submit_text']",,1,001,2025-10-16_16h06.55.120,untitled,,2025.1.1,60.43030000649677,2025-10-16 16h06.59.979923 +0530,
,1,1,0,,,_o_rd,Board,old,board,[np.float64(0.041666666666666664)],[np.float64(-0.296875)],[1],[0],[0],[9.877885399968363],['submit_text'],,,,,0,1,1,10,54.305783799965866,,,,,,,,54.29435179999564,54.305783799965866,54.305783799965866,54.305783799965866,0.002810999983921647,64.17250639997656,board,[np.float64(0.041666666666666664)],[np.float64(-0.296875)],[1],[0],[0],[9.877885399968363],['submit_text'],,1,001,2025-10-16_16h06.55.120,untitled,,2025.1.1,60.43030000649677,2025-10-16 16h06.59.979923 +0530,
,2,2,0,,,oo,Book,old,book,[np.float64(0.01953125)],[np.float64(-0.3111979166666667)],[1],[0],[0],[3.4129643000196666],['submit_text'],,,,,0,2,2,13,64.18791479995707,,,,,,,,64.17475089995423,64.18791479995707,64.18791479995707,64.18791479995707,0.002140800002962351,67.58794140000828,book,[np.float64(0.01953125)],[np.float64(-0.3111979166666667)],[1],[0],[0],[3.4129643000196666],['submit_text'],,1,001,2025-10-16_16h06.55.120,untitled,,2025.1.1,60.43030000649677,2025-10-16 16h06.59.979923 +0530,
,3,3,0,,,l_pt_p,Laptop,old,laptop,[np.float64(0.049479166666666664)],[np.float64(-0.3072916666666667)],[1],[0],[0],[3.165368399990257],['submit_text'],,,,,0,3,3,0,67.60588960000314,,,,,,,,67.58938049996505,67.60588960000314,67.60588960000314,67.60588960000314,0.0013701000134460628,70.75493489997461,laptop,[np.float64(0.049479166666666664)],[np.float64(-0.3072916666666667)],[1],[0],[0],[3.165368399990257],['submit_text'],,1,001,2025-10-16_16h06.55.120,untitled,,2025.1.1,60.43030000649677,2025-10-16 16h06.59.979923 +0530,
,4,4,0,,,ru_is,Cruise,old,cruise,[np.float64(0.052083333333333336)],[np.float64(-0.2760416666666667)],[1],[0],[0],[4.730865599995013],['submit_text'],,,,,0,4,4,6,70.7866459999932,,,,,,,,70.75672800000757,70.7866459999932,70.7866459999932,70.7866459999932,0.001726799993775785,75.48778949998086,cruise,[np.float64(0.052083333333333336)],[np.float64(-0.2760416666666667)],[1],[0],[0],[4.730865599995013],['submit_text'],,1,001,2025-10-16_16h06.55.120,untitled,,2025.1.1,60.43030000649677,2025-10-16 16h06.59.979923 +0530,
,5,5,0,,,P_st_r,Poster,old,pastry,[np.float64(0.05078125)],[np.float64(-0.29296875)],[1],[0],[0],[3.86420819995692],['submit_text'],,,,,0,5,5,9,75.50351989996852,,,,,,,,75.48941270000068,75.50351989996852,75.50351989996852,75.50351989996852,0.001562700024805963,79.35379609995289,pastry,[np.float64(0.05078125)],[np.float64(-0.29296875)],[1],[0],[0],[3.86420819995692],['submit_text'],,1,001,2025-10-16_16h06.55.120,untitled,,2025.1.1,60.43030000649677,2025-10-16 16h06.59.979923 +0530,
,6,6,0,,,a_bl,Marble,old,table,[np.float64(0.046875)],[np.float64(-0.3033854166666667)],[1],[0],[0],[3.281738600053359],['submit_text'],,,,,0,6,6,11,79.36990210000658,,,,,,,,79.35511229996337,79.36990210000658,79.36990210000658,79.36990210000658,0.001249200024176389,82.63702659995761,table,[np.float64(0.046875)],[np.float64(-0.3033854166666667)],[1],[0],[0],[3.281738600053359],['submit_text'],,1,001,2025-10-16_16h06.55.120,untitled,,2025.1.1,60.43030000649677,2025-10-16 16h06.59.979923 +0530,
,7,7,0,,,T_hi_t,Tshirt,old,tshirt,[np.float64(0.046875)],[np.float64(-0.3033854166666667)],[1],[0],[0],[3.664911999949254],['submit_text'],,,,,0,7,7,2,82.65326599997934,,,,,,,,82.63851489999797,82.65326599997934,82.65326599997934,82.65326599997934,0.0014259999734349549,86.3036080999882,tshirt,[np.float64(0.046875)],[np.float64(-0.3033854166666667)],[1],[0],[0],[3.664911999949254],['submit_text'],,1,001,2025-10-16_16h06.55.120,untitled,,2025.1.1,60.43030000649677,2025-10-16 16h06.59.979923 +0530,
,8,8,0,,,_ou_se,mouse,old,mouse,[np.float64(0.046875)],[np.float64(-0.3033854166666667)],[1],[0],[0],[4.214058100013062],['submit_text'],,,,,0,8,8,3,86.32413809996797,,,,,,,,86.30518919997849,86.32413809996797,86.32413809996797,86.32413809996797,0.0015186999808065593,90.51943479996407,mouse,[np.float64(0.046875)],[np.float64(-0.3033854166666667)],[1],[0],[0],[4.214058100013062],['submit_text'],,1,001,2025-10-16_16h06.55.120,untitled,,2025.1.1,60.43030000649677,2025-10-16 16h06.59.979923 +0530,
,9,9,0,,,K_y_,Keys,old,keys,[np.float64(0.046875)],[np.float64(-0.3033854166666667)],[1],[0],[0],[2.5663671999936923],['submit_text'],,,,,0,9,9,8,90.53643999999622,,,,,,,,90.52098169998499,90.53643999999622,90.53643999999622,90.53643999999622,0.0014859000220894814,93.08755509997718,keys,[np.float64(0.046875)],[np.float64(-0.3033854166666667)],[1],[0],[0],[2.5663671999936923],['submit_text'],,1,001,2025-10-16_16h06.55.120,untitled,,2025.1.1,60.43030000649677,2025-10-16 16h06.59.979923 +0530,
,10,10,0,,,c_m_ra,Camera,new,camera,[np.float64(0.046875)],[np.float64(-0.3033854166666667)],[1],[0],[0],[3.728670099982992],['submit_text'],,,,,0,10,10,19,93.10280819999753,,,,,,,,93.09074399998644,93.10280819999753,93.10280819999753,93.10280819999753,0.0031317000393755734,96.81970489997184,camera,[np.float64(0.046875)],[np.float64(-0.3033854166666667)],[1],[0],[0],[3.728670099982992],['submit_text'],,1,001,2025-10-16_16h06.55.120,untitled,,2025.1.1,60.43030000649677,2025-10-16 16h06.59.979923 +0530,
,11,11,0,,,_ho_e,Phone,old,horse,[np.float64(0.046875)],[np.float64(-0.3033854166666667)],[1],[0],[0],[3.448058200010564],['submit_text'],,,,,0,11,11,12,96.83631789998617,,,,,,,,96.82152399996994,96.83631789998617,96.83631789998617,96.83631789998617,0.0017449000151827931,100.26980229996843,horse,[np.float64(0.046875)],[np.float64(-0.3033854166666667)],[1],[0],[0],[3.448058200010564],['submit_text'],,1,001,2025-10-16_16h06.55.120,untitled,,2025.1.1,60.43030000649677,2025-10-16 16h06.59.979923 +0530,
,12,12,0,,,P_li_e,Police,old,police,[np.float64(0.046875)],[np.float64(-0.3033854166666667)],[1],[0],[0],[3.298166399996262],['submit_text'],,,,,0,12,12,7,100.28564019995974,,,,,,,,100.27126059995499,100.28564019995974,100.28564019995974,100.28564019995974,0.0013965999823994935,103.56962319999002,police,[np.float64(0.046875)],[np.float64(-0.3033854166666667)],[1],[0],[0],[3.298166399996262],['submit_text'],,1,001,2025-10-16_16h06.55.120,untitled,,2025.1.1,60.43030000649677,2025-10-16 16h06.59.979923 +0530,
,13,13,0,,,c_s_io_,Cushion,old,cusion,[np.float64(0.046875)],[np.float64(-0.3033854166666667)],[1],[0],[0],[2.7320308999624103],['submit_text'],,,,,0,13,13,14,103.5854383999831,,,,,,,,103.57131049997406,103.5854383999831,103.5854383999831,103.5854383999831,0.0016107999836094677,106.30354920000536,cusion,[np.float64(0.046875)],[np.float64(-0.3033854166666667)],[1],[0],[0],[2.7320308999624103],['submit_text'],,1,001,2025-10-16_16h06.55.120,untitled,,2025.1.1,60.43030000649677,2025-10-16 16h06.59.979923 +0530,
,14,14,0,,,c_s_,Case,old,case,[np.float64(0.046875)],[np.float64(-0.3033854166666667)],[1],[0],[0],[3.0650382000021636],['submit_text'],,,,,0,14,14,5,106.31887259997893,,,,,,,,106.30487449996872,106.31887259997893,106.31887259997893,106.31887259997893,0.0012571000261232257,109.37011759995949,case,[np.float64(0.046875)],[np.float64(-0.3033854166666667)],[1],[0],[0],[3.0650382000021636],['submit_text'],,1,001,2025-10-16_16h06.55.120,untitled,,2025.1.1,60.43030000649677,2025-10-16 16h06.59.979923 +0530,
,15,15,0,,,_ha_t,Chart,old,chart,[np.float64(0.046875)],[np.float64(-0.3033854166666667)],[1],[0],[0],[5.531576399982441],['submit_text'],,,,,0,15,15,1,109.38583409995772,,,,,,,,109.37195949995657,109.38583409995772,109.38583409995772,109.38583409995772,0.0017737000016495585,114.90382589999354,chart,[np.float64(0.046875)],[np.float64(-0.3033854166666667)],[1],[0],[0],[5.531576399982441],['submit_text'],,1,001,2025-10-16_16h06.55.120,untitled,,2025.1.1,60.43030000649677,2025-10-16 16h06.59.979923 +0530,
,16,16,0,,,v_s_,Vase,new,vase,[np.float64(0.046875)],[np.float64(-0.3033854166666667)],[1],[0],[0],[3.593643800006248],['submit_text'],,,,,0,16,16,17,114.93501670000842,,,,,,,,114.90935390000232,114.93501670000842,114.93501670000842,114.93501670000842,0.005407000018749386,118.50334709999152,vase,[np.float64(0.046875)],[np.float64(-0.3033854166666667)],[1],[0],[0],[3.593643800006248],['submit_text'],,1,001,2025-10-16_16h06.55.120,untitled,,2025.1.1,60.43030000649677,2025-10-16 16h06.59.979923 +0530,
,17,17,0,,,ta_l_,Table,new,table,[np.float64(0.046875)],[np.float64(-0.3033854166666667)],[1],[0],[0],[3.012874500011094],['submit_text'],,,,,0,17,17,15,118.51906719995895,,,,,,,,118.50611610000487,118.51906719995895,118.51906719995895,118.51906719995895,0.002669600013177842,121.51934790000087,table,[np.float64(0.046875)],[np.float64(-0.3033854166666667)],[1],[0],[0],[3.012874500011094],['submit_text'],,1,001,2025-10-16_16h06.55.120,untitled,,2025.1.1,60.43030000649677,2025-10-16 16h06.59.979923 +0530,
,18,18,0,,,P_as_tr_,Pastry,old,pastry,[np.float64(0.046875)],[np.float64(-0.3033854166666667)],[1],[0],[0],[7.4145003000157885],['submit_text'],,,,,0,18,18,4,121.53470019996166,,,,,,,,121.52096499997424,121.53470019996166,121.53470019996166,121.53470019996166,0.0015553999692201614,128.93569779995596,pastry,[np.float64(0.046875)],[np.float64(-0.3033854166666667)],[1],[0],[0],[7.4145003000157885],['submit_text'],,1,001,2025-10-16_16h06.55.120,untitled,,2025.1.1,60.43030000649677,2025-10-16 16h06.59.979923 +0530,
,19,19,0,,,bo_t_e,Bottle,new,bottle,[np.float64(0.046875)],[np.float64(-0.3033854166666667)],[1],[0],[0],[2.998110299988184],['submit_text'],,,,,0,19,19,18,128.9514979000087,,,,,,,,128.93712259997847,128.9514979000087,128.9514979000087,128.9514979000087,0.0013627000153064728,131.93545109999832,bottle,[np.float64(0.046875)],[np.float64(-0.3033854166666667)],[1],[0],[0],[2.998110299988184],['submit_text'],,1,001,2025-10-16_16h06.55.120,untitled,,2025.1.1,60.43030000649677,2025-10-16 16h06.59.979923 +0530,
,20,0,1,,,_o_rd,Board,old,courd,[np.float64(0.046875)],[np.float64(-0.3033854166666667)],[1],[0],[0],[13.547969600011129],['submit_text'],,,,,1,0,20,10,131.95134799997322,,,,,,,,131.93686829996295,131.95134799997322,131.95134799997322,131.95134799997322,0.0013526999973692,145.48514529998647,courd,[np.float64(0.046875)],[np.float64(-0.3033854166666667)],[1],[0],[0],[13.547969600011129],['submit_text'],141.9513151999563,1,001,2025-10-16_16h06.55.120,untitled,,2025.1.1,60.43030000649677,2025-10-16 16h06.59.979923 +0530,
,21,1,1,,,ta_l_,Table,new,table,[np.float64(0.046875)],[np.float64(-0.3033854166666667)],[1],[0],[0],[2.915095200005453],['submit_text'],,,,,1,1,21,15,145.500699599972,,,,,,,,145.4878075000015,145.500699599972,145.500699599972,145.500699599972,0.0025572999729774892,148.4032950999681,table,[np.float64(0.046875)],[np.float64(-0.3033854166666667)],[1],[0],[0],[2.915095200005453],['submit_text'],,1,001,2025-10-16_16h06.55.120,untitled,,2025.1.1,60.43030000649677,2025-10-16 16h06.59.979923 +0530,
,22,2,1,,,_ho_e,Phone,old,horse,[np.float64(0.046875)],[np.float64(-0.3033854166666667)],[1],[0],[0],[9.529336199979298],['submit_text'],,,,,1,2,22,12,148.433607199986,,,,,,,,148.40596219996223,148.433607199986,148.433607199986,148.433607199986,0.002565900038462132,157.93579919997137,horse,[np.float64(0.046875)],[np.float64(-0.3033854166666667)],[1],[0],[0],[9.529336199979298],['submit_text'],,1,001,2025-10-16_16h06.55.120,untitled,,2025.1.1,60.43030000649677,2025-10-16 16h06.59.979923 +0530,
,23,3,1,,,c_s_io_,Cushion,old,cusion,[np.float64(0.046875)],[np.float64(-0.3033854166666667)],[1],[0],[0],[4.345547700009774],['submit_text'],,,,,1,3,23,14,157.96736559999408,,,,,,,,157.93930159998126,157.96736559999408,157.96736559999408,157.96736559999408,0.0033472999930381775,162.28527529997518,cusion,[np.float64(0.046875)],[np.float64(-0.3033854166666667)],[1],[0],[0],[4.345547700009774],['submit_text'],,1,001,2025-10-16_16h06.55.120,untitled,,2025.1.1,60.43030000649677,2025-10-16 16h06.59.979923 +0530,
,24,4,1,,,P_st_r,Poster,old,pastry,[np.float64(0.046875)],[np.float64(-0.3033854166666667)],[1],[0],[0],[6.430891799973324],['submit_text'],,,,,1,4,24,9,162.2999535999843,,,,,,,,162.2885449999594,162.2999535999843,162.2999535999843,162.2999535999843,0.0031545000383630395,168.71993510000175,pastry,[np.float64(0.046875)],[np.float64(-0.3033854166666667)],[1],[0],[0],[6.430891799973324],['submit_text'],,1,001,2025-10-16_16h06.55.120,untitled,,2025.1.1,60.43030000649677,2025-10-16 16h06.59.979923 +0530,
,25,5,1,,,l_pt_p,Laptop,old,laptop,[np.float64(0.046875)],[np.float64(-0.3033854166666667)],[1],[0],[0],[3.4444689999800175],['submit_text'],,,,,1,5,25,0,168.75076779996743,,,,,,,,168.72276859998237,168.75076779996743,168.75076779996743,168.75076779996743,0.0026898999931290746,172.1676274999627,laptop,[np.float64(0.046875)],[np.float64(-0.3033854166666667)],[1],[0],[0],[3.4444689999800175],['submit_text'],,1,001,2025-10-16_16h06.55.120,untitled,,2025.1.1,60.43030000649677,2025-10-16 16h06.59.979923 +0530,
,26,6,1,,,oo,Book,old,book,[np.float64(0.046875)],[np.float64(-0.3033854166666667)],[1],[0],[0],[2.6140110000269488],['submit_text'],,,,,1,6,26,13,172.18299649999244,,,,,,,,172.16991319996305,172.18299649999244,172.18299649999244,172.18299649999244,0.002181700023356825,174.78433469997253,book,[np.float64(0.046875)],[np.float64(-0.3033854166666667)],[1],[0],[0],[2.6140110000269488],['submit_text'],,1,001,2025-10-16_16h06.55.120,untitled,,2025.1.1,60.43030000649677,2025-10-16 16h06.59.979923 +0530,
,27,7,1,,,_ou_se,mouse,old,mouse,[np.float64(0.046875)],[np.float64(-0.3033854166666667)],[1],[0],[0],[2.9474558000219986],['submit_text'],,,,,1,7,27,3,174.79938679997576,,,,,,,,174.78726499999175,174.79938679997576,174.79938679997576,174.79938679997576,0.0028144000098109245,177.7352782000089,mouse,[np.float64(0.046875)],[np.float64(-0.3033854166666667)],[1],[0],[0],[2.9474558000219986],['submit_text'],,1,001,2025-10-16_16h06.55.120,untitled,,2025.1.1,60.43030000649677,2025-10-16 16h06.59.979923 +0530,
,28,8,1,,,c_s_,Case,old,case,[np.float64(0.046875)],[np.float64(-0.3033854166666667)],[1],[0],[0],[2.9946154000354],['submit_text'],,,,,1,8,28,5,177.76568459998816,,,,,,,,177.73898769996595,177.76568459998816,177.76568459998816,177.76568459998816,0.0035367999807931483,180.73408799996832,case,[np.float64(0.046875)],[np.float64(-0.3033854166666667)],[1],[0],[0],[2.9946154000354],['submit_text'],,1,001,2025-10-16_16h06.55.120,untitled,,2025.1.1,60.43030000649677,2025-10-16 16h06.59.979923 +0530,
,29,9,1,,,p_nc_l,Pencil,new,pencil,[np.float64(0.046875)],[np.float64(-0.3033854166666667)],[1],[0],[0],[2.680625399982091],['submit_text'],,,,,1,9,29,16,180.7494969999534,,,,,,,,180.7364664999768,180.7494969999534,180.7494969999534,180.7494969999534,0.0022760999854654074,183.41752469999483,pencil,[np.float64(0.046875)],[np.float64(-0.3033854166666667)],[1],[0],[0],[2.680625399982091],['submit_text'],,1,001,2025-10-16_16h06.55.120,untitled,,2025.1.1,60.43030000649677,2025-10-16 16h06.59.979923 +0530,
,30,10,1,,,K_y_,Keys,old,keys,[np.float64(0.046875)],[np.float64(-0.3033854166666667)],[1],[0],[0],[2.713341799972113],['submit_text'],,,,,1,10,30,8,183.43250309996074,,,,,,,,183.42001929995604,183.43250309996074,183.43250309996074,183.43250309996074,0.002299299987498671,186.1337961999816,keys,[np.float64(0.046875)],[np.float64(-0.3033854166666667)],[1],[0],[0],[2.713341799972113],['submit_text'],,1,001,2025-10-16_16h06.55.120,untitled,,2025.1.1,60.43030000649677,2025-10-16 16h06.59.979923 +0530,
,31,11,1,,,_ha_t,Chart,old,chart,[np.float64(0.046875)],[np.float64(-0.3033854166666667)],[1],[0],[0],[3.547123799973633],['submit_text'],,,,,1,11,31,1,186.1489428000059,,,,,,,,186.13629579998087,186.1489428000059,186.1489428000059,186.1489428000059,0.0023932000040076673,189.68392330000643,chart,[np.float64(0.046875)],[np.float64(-0.3033854166666667)],[1],[0],[0],[3.547123799973633],['submit_text'],,1,001,2025-10-16_16h06.55.120,untitled,,2025.1.1,60.43030000649677,2025-10-16 16h06.59.979923 +0530,
,32,12,1,,,P_li_e,Police,old,police,[np.float64(0.046875)],[np.float64(-0.3033854166666667)],[1],[0],[0],[2.963029499980621],['submit_text'],,,,,1,12,32,7,189.6991237999755,,,,,,,,189.68691609997768,189.6991237999755,189.6991237999755,189.6991237999755,0.0028728999895974994,192.6503985999734,police,[np.float64(0.046875)],[np.float64(-0.3033854166666667)],[1],[0],[0],[2.963029499980621],['submit_text'],,1,001,2025-10-16_16h06.55.120,untitled,,2025.1.1,60.43030000649677,2025-10-16 16h06.59.979923 +0530,
,33,13,1,,,c_m_ra,Camera,new,camera,[np.float64(0.046875)],[np.float64(-0.3033854166666667)],[1],[0],[0],[2.8640425999765284],['submit_text'],,,,,1,13,33,19,192.66565929999342,,,,,,,,192.6529933999991,192.66565929999342,192.66565929999342,192.66565929999342,0.0024842999991960824,195.51750699995318,camera,[np.float64(0.046875)],[np.float64(-0.3033854166666667)],[1],[0],[0],[2.8640425999765284],['submit_text'],,1,001,2025-10-16_16h06.55.120,untitled,,2025.1.1,60.43030000649677,2025-10-16 16h06.59.979923 +0530,
,34,14,1,,,T_hi_t,Tshirt,old,tshirt,[np.float64(0.046875)],[np.float64(-0.3033854166666667)],[1],[0],[0],[6.2959622999769635],['submit_text'],,,,,1,14,34,2,195.5320073000039,,,,,,,,195.52013009996153,195.5320073000039,195.5320073000039,195.5320073000039,0.0025058999890461564,201.81656089995522,tshirt,[np.float64(0.046875)],[np.float64(-0.3033854166666667)],[1],[0],[0],[6.2959622999769635],['submit_text'],,1,001,2025-10-16_16h06.55.120,untitled,,2025.1.1,60.43030000649677,2025-10-16 16h06.59.979923 +0530,
,35,15,1,,,ru_is,Cruise,old,cruise,[np.float64(0.046875)],[np.float64(-0.3033854166666667)],[1],[0],[0],[3.163559799955692],['submit_text'],,,,,1,15,35,6,201.83171259996016,,,,,,,,201.8191133000073,201.83171259996016,201.83171259996016,201.83171259996016,0.002447800012305379,204.9831938999705,cruise,[np.float64(0.046875)],[np.float64(-0.3033854166666667)],[1],[0],[0],[3.163559799955692],['submit_text'],,1,001,2025-10-16_16h06.55.120,untitled,,2025.1.1,60.43030000649677,2025-10-16 16h06.59.979923 +0530,
,36,16,1,,,v_s_,Vase,new,vase,[np.float64(0.046875)],[np.float64(-0.3033854166666667)],[1],[0],[0],[2.696315900015179],['submit_text'],,,,,1,16,36,17,204.99823119997745,,,,,,,,204.98604769998929,204.99823119997745,204.99823119997745,204.99823119997745,0.0027455000090412796,207.68288350000512,vase,[np.float64(0.046875)],[np.float64(-0.3033854166666667)],[1],[0],[0],[2.696315900015179],['submit_text'],,1,001,2025-10-16_16h06.55.120,untitled,,2025.1.1,60.43030000649677,2025-10-16 16h06.59.979923 +0530,
,37,17,1,,,a_bl,Marble,old,table,[np.float64(0.046875)],[np.float64(-0.3033854166666667)],[1],[0],[0],[2.597295799991116],['submit_text'],,,,,1,17,37,11,207.6985621000058,,,,,,,,207.68566610000562,207.6985621000058,207.6985621000058,207.6985621000058,0.0026727999793365598,210.2835148999584,table,[np.float64(0.046875)],[np.float64(-0.3033854166666667)],[1],[0],[0],[2.597295799991116],['submit_text'],,1,001,2025-10-16_16h06.55.120,untitled,,2025.1.1,60.43030000649677,2025-10-16 16h06.59.979923 +0530,
,38,18,1,,,P_as_tr_,Pastry,old,pastry,[np.float64(0.046875)],[np.float64(-0.3033854166666667)],[1],[0],[0],[3.2455599999520928],['submit_text'],,,,,1,18,38,4,210.29858639999293,,,,,,,,210.28622379997978,210.29858639999293,210.29858639999293,210.29858639999293,0.0025997000047937036,213.5322845999617,pastry,[np.float64(0.046875)],[np.float64(-0.3033854166666667)],[1],[0],[0],[3.2455599999520928],['submit_text'],,1,001,2025-10-16_16h06.55.120,untitled,,2025.1.1,60.43030000649677,2025-10-16 16h06.59.979923 +0530,
,39,19,1,,,bo_t_e,Bottle,new,bottle,[np.float64(0.046875)],[np.float64(-0.3033854166666667)],[1],[0],[0],[3.4137084999820217],['submit_text'],,,,,1,19,39,18,213.54773230000865,,,,,,,,213.5351424999535,213.54773230000865,213.54773230000865,213.54773230000865,0.0027498999843373895,216.94933739997214,bottle,[np.float64(0.046875)],[np.float64(-0.3033854166666667)],[1],[0],[0],[3.4137084999820217],['submit_text'],,1,001,2025-10-16_16h06.55.120,untitled,,2025.1.1,60.43030000649677,2025-10-16 16h06.59.979923 +0530,
,40,0,2,,,P_as_tr_,Pastry,old,pastry,[np.float64(0.046875)],[np.float64(-0.3033854166666667)],[1],[0],[0],[7.07979249994969],['submit_text'],,,,,2,0,40,4,216.96459049999248,,,,,,,,216.95205269998405,216.96459049999248,216.96459049999248,216.96459049999248,0.002581799984909594,224.0323402999784,pastry,[np.float64(0.046875)],[np.float64(-0.3033854166666667)],[1],[0],[0],[7.07979249994969],['submit_text'],,1,001,2025-10-16_16h06.55.120,untitled,,2025.1.1,60.43030000649677,2025-10-16 16h06.59.979923 +0530,
,41,1,2,,,ta_l_,Table,new,table,[np.float64(0.046875)],[np.float64(-0.3033854166666667)],[1],[0],[0],[3.063523700053338],['submit_text'],,,,,2,1,41,15,224.04867279995233,,,,,,,,224.03492149995873,224.04867279995233,224.04867279995233,224.04867279995233,0.0024760999949648976,227.09894850000273,table,[np.float64(0.046875)],[np.float64(-0.3033854166666667)],[1],[0],[0],[3.063523700053338],['submit_text'],,1,001,2025-10-16_16h06.55.120,untitled,,2025.1.1,60.43030000649677,2025-10-16 16h06.59.979923 +0530,
,42,2,2,,,_o_rd,Board,old,chord,[np.float64(0.046875)],[np.float64(-0.3033854166666667)],[1],[0],[0],[6.963747199974023],['submit_text'],,,,,2,2,42,10,227.11408219998702,,,,,,,,227.10151609999593,227.11408219998702,227.11408219998702,227.11408219998702,0.0024497999693267047,234.06577280000784,chord,[np.float64(0.046875)],[np.float64(-0.3033854166666667)],[1],[0],[0],[6.963747199974023],['submit_text'],,1,001,2025-10-16_16h06.55.120,untitled,,2025.1.1,60.43030000649677,2025-10-16 16h06.59.979923 +0530,
,43,3,2,,,l_pt_p,Laptop,old,laptop,[np.float64(0.046875)],[np.float64(-0.3033854166666667)],[1],[0],[0],[2.7633992999908514],['submit_text'],,,,,2,3,43,0,234.0804630999919,,,,,,,,234.06837200000882,234.0804630999919,234.0804630999919,234.0804630999919,0.0024887999752536416,236.83229120000033,laptop,[np.float64(0.046875)],[np.float64(-0.3033854166666667)],[1],[0],[0],[2.7633992999908514],['submit_text'],,1,001,2025-10-16_16h06.55.120,untitled,,2025.1.1,60.43030000649677,2025-10-16 16h06.59.979923 +0530,
,44,4,2,,,p_nc_l,Pencil,new,pencil,[np.float64(0.046875)],[np.float64(-0.3033854166666667)],[1],[0],[0],[4.079240499995649],['submit_text'],,,,,2,4,44,16,236.84742489998462,,,,,,,,236.83523619995685,236.84742489998462,236.84742489998462,236.84742489998462,0.0028292000060901046,240.91503189998912,pencil,[np.float64(0.046875)],[np.float64(-0.3033854166666667)],[1],[0],[0],[4.079240499995649],['submit_text'],,1,001,2025-10-16_16h06.55.120,untitled,,2025.1.1,60.43030000649677,2025-10-16 16h06.59.979923 +0530,
,45,5,2,,,c_s_,Case,old,case,[np.float64(0.046875)],[np.float64(-0.3033854166666667)],[1],[0],[0],[2.7139403999899514],['submit_text'],,,,,2,5,45,5,240.93001389998244,,,,,,,,240.9174085999839,240.93001389998244,240.93001389998244,240.93001389998244,0.0022573000169359148,243.63188299996546,case,[np.float64(0.046875)],[np.float64(-0.3033854166666667)],[1],[0],[0],[2.7139403999899514],['submit_text'],,1,001,2025-10-16_16h06.55.120,untitled,,2025.1.1,60.43030000649677,2025-10-16 16h06.59.979923 +0530,
,46,6,2,,,_ha_t,Chart,old,chart,[np.float64(0.046875)],[np.float64(-0.3033854166666667)],[1],[0],[0],[3.6298900000401773],['submit_text'],,,,,2,6,46,1,243.64678339997772,,,,,,,,243.6344514999655,243.64678339997772,243.64678339997772,243.64678339997772,0.002464100020006299,247.26487979997182,chart,[np.float64(0.046875)],[np.float64(-0.3033854166666667)],[1],[0],[0],[3.6298900000401773],['submit_text'],,1,001,2025-10-16_16h06.55.120,untitled,,2025.1.1,60.43030000649677,2025-10-16 16h06.59.979923 +0530,
,47,7,2,,,T_hi_t,Tshirt,old,tshirt,[np.float64(0.046875)],[np.float64(-0.3033854166666667)],[1],[0],[0],[3.8629880999797024],['submit_text'],,,,,2,7,47,2,247.28005559998564,,,,,,,,247.26779690000694,247.28005559998564,247.28005559998564,247.28005559998564,0.002800000016577542,251.13132409995887,tshirt,[np.float64(0.046875)],[np.float64(-0.3033854166666667)],[1],[0],[0],[3.8629880999797024],['submit_text'],,1,001,2025-10-16_16h06.55.120,untitled,,2025.1.1,60.43030000649677,2025-10-16 16h06.59.979923 +0530,
,48,8,2,,,P_st_r,Poster,old,pastry,[np.float64(0.046875)],[np.float64(-0.3033854166666667)],[1],[0],[0],[3.3467255999566987],['submit_text'],,,,,2,8,48,9,251.14632999995956,,,,,,,,251.1339364000014,251.14632999995956,251.14632999995956,251.14632999995956,0.0024963999749161303,254.48119739996037,pastry,[np.float64(0.046875)],[np.float64(-0.3033854166666667)],[1],[0],[0],[3.3467255999566987],['submit_text'],,1,001,2025-10-16_16h06.55.120,untitled,,2025.1.1,60.43030000649677,2025-10-16 16h06.59.979923 +0530,
,49,9,2,,,a_bl,Marble,old,table,[np.float64(0.046875)],[np.float64(-0.3033854166666667)],[1],[0],[0],[3.297251200012397],['submit_text'],,,,,2,9,49,11,254.49613320000935,,,,,,,,254.48357779998332,254.49613320000935,254.49613320000935,254.49613320000935,0.002274000027682632,257.7813707999885,table,[np.float64(0.046875)],[np.float64(-0.3033854166666667)],[1],[0],[0],[3.297251200012397],['submit_text'],,1,001,2025-10-16_16h06.55.120,untitled,,2025.1.1,60.43030000649677,2025-10-16 16h06.59.979923 +0530,
,50,10,2,,,v_s_,Vase,new,case,[np.float64(0.046875)],[np.float64(-0.3033854166666667)],[1],[0],[0],[2.7130136999767274],['submit_text'],,,,,2,10,50,17,257.79608189995633,,,,,,,,257.7837565999944,257.79608189995633,257.79608189995633,257.79608189995633,0.002275999984703958,260.49744079995435,case,[np.float64(0.046875)],[np.float64(-0.3033854166666667)],[1],[0],[0],[2.7130136999767274],['submit_text'],,1,001,2025-10-16_16h06.55.120,untitled,,2025.1.1,60.43030000649677,2025-10-16 16h06.59.979923 +0530,
,51,11,2,,,oo,Book,old,book,[np.float64(0.046875)],[np.float64(-0.3033854166666667)],[1],[0],[0],[2.913412399997469],['submit_text'],,,,,2,11,51,13,260.5137197999866,,,,,,,,260.5005805999972,260.5137197999866,260.5137197999866,260.5137197999866,0.002952100010588765,263.41454829997383,book,[np.float64(0.046875)],[np.float64(-0.3033854166666667)],[1],[0],[0],[2.913412399997469],['submit_text'],,1,001,2025-10-16_16h06.55.120,untitled,,2025.1.1,60.43030000649677,2025-10-16 16h06.59.979923 +0530,
,52,12,2,,,c_s_io_,Cushion,old,cushion,[np.float64(0.046875)],[np.float64(-0.3033854166666667)],[1],[0],[0],[6.746573399985209],['submit_text'],,,,,2,12,52,14,263.42943299998296,,,,,,,,263.4171809999971,263.42943299998296,263.42943299998296,263.42943299998296,0.0025221999967470765,270.1643103999668,cushion,[np.float64(0.046875)],[np.float64(-0.3033854166666667)],[1],[0],[0],[6.746573399985209],['submit_text'],,1,001,2025-10-16_16h06.55.120,untitled,,2025.1.1,60.43030000649677,2025-10-16 16h06.59.979923 +0530,
,53,13,2,,,c_m_ra,Camera,new,camera,[np.float64(0.046875)],[np.float64(-0.3033854166666667)],[1],[0],[0],[3.5797209999873303],['submit_text'],,,,,2,13,53,19,270.1789889999782,,,,,,,,270.1670005999622,270.1789889999782,270.1789889999782,270.1789889999782,0.0025825999910011888,273.74727599998005,camera,[np.float64(0.046875)],[np.float64(-0.3033854166666667)],[1],[0],[0],[3.5797209999873303],['submit_text'],,1,001,2025-10-16_16h06.55.120,untitled,,2025.1.1,60.43030000649677,2025-10-16 16h06.59.979923 +0530,
,54,14,2,,,_ou_se,mouse,old,mouse,[np.float64(0.046875)],[np.float64(-0.3033854166666667)],[1],[0],[0],[2.4960605000378564],['submit_text'],,,,,2,14,54,3,273.7619003999862,,,,,,,,273.7497895999695,273.7619003999862,273.7619003999862,273.7619003999862,0.0024125000345520675,276.246313599986,mouse,[np.float64(0.046875)],[np.float64(-0.3033854166666667)],[1],[0],[0],[2.4960605000378564],['submit_text'],,1,001,2025-10-16_16h06.55.120,untitled,,2025.1.1,60.43030000649677,2025-10-16 16h06.59.979923 +0530,
,55,15,2,,,K_y_,Keys,old,keys,[np.float64(0.046875)],[np.float64(-0.3033854166666667)],[1],[0],[0],[2.7989353999728337],['submit_text'],,,,,2,15,55,8,276.2616056999541,,,,,,,,276.24815999995917,276.2616056999541,276.2616056999541,276.2616056999541,0.0017721999902278185,279.047511999961,keys,[np.float64(0.046875)],[np.float64(-0.3033854166666667)],[1],[0],[0],[2.7989353999728337],['submit_text'],,1,001,2025-10-16_16h06.55.120,untitled,,2025.1.1,60.43030000649677,2025-10-16 16h06.59.979923 +0530,
,56,16,2,,,_ho_e,Phone,old,horse,[np.float64(0.046875)],[np.float64(-0.3033854166666667)],[1],[0],[0],[3.4632159000029787],['submit_text'],,,,,2,16,56,12,279.0616541999625,,,,,,,,279.04926090000663,279.0616541999625,279.0616541999625,279.0616541999625,0.0016853000270202756,282.51299779996043,horse,[np.float64(0.046875)],[np.float64(-0.3033854166666667)],[1],[0],[0],[3.4632159000029787],['submit_text'],,1,001,2025-10-16_16h06.55.120,untitled,,2025.1.1,60.43030000649677,2025-10-16 16h06.59.979923 +0530,
,57,17,2,,,P_li_e,Police,old,police,[np.float64(0.046875)],[np.float64(-0.3033854166666667)],[1],[0],[0],[2.862753099994734],['submit_text'],,,,,2,17,57,7,282.5284287999966,,,,,,,,282.51545819995226,282.5284287999966,282.5284287999966,282.5284287999966,0.002345200045965612,285.3786190999672,police,[np.float64(0.046875)],[np.float64(-0.3033854166666667)],[1],[0],[0],[2.862753099994734],['submit_text'],,1,001,2025-10-16_16h06.55.120,untitled,,2025.1.1,60.43030000649677,2025-10-16 16h06.59.979923 +0530,
,58,18,2,,,bo_t_e,Bottle,new,bottle,[np.float64(0.046875)],[np.float64(-0.3033854166666667)],[1],[0],[0],[2.814943899982609],['submit_text'],,,,,2,18,58,18,285.39517999999225,,,,,,,,285.3802468999638,285.39517999999225,285.39517999999225,285.39517999999225,0.0015577999874949455,288.1955665999558,bottle,[np.float64(0.046875)],[np.float64(-0.3033854166666667)],[1],[0],[0],[2.814943899982609],['submit_text'],,1,001,2025-10-16_16h06.55.120,untitled,,2025.1.1,60.43030000649677,2025-10-16 16h06.59.979923 +0530,
,59,19,2,,,ru_is,Cruise,old,cruise,[np.float64(0.046875)],[np.float64(-0.3033854166666667)],[1],[0],[0],[3.1309249999467283],['submit_text'],,,,,2,19,59,6,288.21154409996234,,,,,,,,288.1970903999754,288.21154409996234,288.21154409996234,288.21154409996234,0.0014606000040657818,291.3284651999711,cruise,[np.float64(0.046875)],[np.float64(-0.3033854166666667)],[1],[0],[0],[3.1309249999467283],['submit_text'],,1,001,2025-10-16_16h06.55.120,untitled,,2025.1.1,60.43030000649677,2025-10-16 16h06.59.979923 +0530,
,60,0,3,,,l_pt_p,Laptop,old,laptop,[np.float64(0.046875)],[np.float64(-0.3033854166666667)],[1],[0],[0],[2.6479926999891177],['submit_text'],,,,,3,0,60,0,291.3452336000046,,,,,,,,291.3303401999874,291.3452336000046,291.3452336000046,291.3452336000046,0.0017829000134952366,293.97874190000584,laptop,[np.float64(0.046875)],[np.float64(-0.3033854166666667)],[1],[0],[0],[2.6479926999891177],['submit_text'],,1,001,2025-10-16_16h06.55.120,untitled,,2025.1.1,60.43030000649677,2025-10-16 16h06.59.979923 +0530,
,61,1,3,,,c_s_,Case,old,case,[np.float64(0.046875)],[np.float64(-0.3033854166666667)],[1],[0],[0],[2.8479060000390746],['submit_text'],,,,,3,1,61,5,293.99534069997026,,,,,,,,293.98021559999324,293.99534069997026,293.99534069997026,293.99534069997026,0.0013987999991513789,296.8285127999843,case,[np.float64(0.046875)],[np.float64(-0.3033854166666667)],[1],[0],[0],[2.8479060000390746],['submit_text'],,1,001,2025-10-16_16h06.55.120,untitled,,2025.1.1,60.43030000649677,2025-10-16 16h06.59.979923 +0530,
,62,2,3,,,K_y_,Keys,old,keys,[np.float64(0.046875)],[np.float64(-0.3033854166666667)],[1],[0],[0],[2.215260099968873],['submit_text'],,,,,3,2,62,8,296.84431489999406,,,,,,,,296.83003839995945,296.84431489999406,296.84431489999406,296.84431489999406,0.001449699979275465,299.0457253999775,keys,[np.float64(0.046875)],[np.float64(-0.3033854166666667)],[1],[0],[0],[2.215260099968873],['submit_text'],,1,001,2025-10-16_16h06.55.120,untitled,,2025.1.1,60.43030000649677,2025-10-16 16h06.59.979923 +0530,
,63,3,3,,,_o_rd,Board,old,chord,[np.float64(0.046875)],[np.float64(-0.3033854166666667)],[1],[0],[0],[8.764401199994609],['submit_text'],,,,,3,3,63,10,299.0606045000022,,,,,,,,299.04736879997654,299.0606045000022,299.0606045000022,299.0606045000022,0.001554399961605668,307.81216269999277,chord,[np.float64(0.046875)],[np.float64(-0.3033854166666667)],[1],[0],[0],[8.764401199994609],['submit_text'],,1,001,2025-10-16_16h06.55.120,untitled,,2025.1.1,60.43030000649677,2025-10-16 16h06.59.979923 +0530,
,64,4,3,,,_ou_se,mouse,old,mouse,[np.float64(0.046875)],[np.float64(-0.3033854166666667)],[1],[0],[0],[2.813949200033676],['submit_text'],,,,,3,4,64,3,307.8272020999575,,,,,,,,307.8141082999646,307.8272020999575,307.8272020999575,307.8272020999575,0.0018844000296667218,310.62847789999796,mouse,[np.float64(0.046875)],[np.float64(-0.3033854166666667)],[1],[0],[0],[2.813949200033676],['submit_text'],,1,001,2025-10-16_16h06.55.120,untitled,,2025.1.1,60.43030000649677,2025-10-16 16h06.59.979923 +0530,
,65,5,3,,,ta_l_,Table,new,table,[np.float64(0.046875)],[np.float64(-0.3033854166666667)],[1],[0],[0],[2.5305585999740288],['submit_text'],,,,,3,5,65,15,310.6442856999929,,,,,,,,310.62996269995347,310.6442856999929,310.6442856999929,310.6442856999929,0.0014216999989002943,313.1609272999922,table,[np.float64(0.046875)],[np.float64(-0.3033854166666667)],[1],[0],[0],[2.5305585999740288],['submit_text'],,1,001,2025-10-16_16h06.55.120,untitled,,2025.1.1,60.43030000649677,2025-10-16 16h06.59.979923 +0530,
,66,6,3,,,c_m_ra,Camera,new,camera,[np.float64(0.046875)],[np.float64(-0.3033854166666667)],[1],[0],[0],[2.9479248999850824],['submit_text'],,,,,3,6,66,19,313.17711359995883,,,,,,,,313.16240549995564,313.17711359995883,313.17711359995883,313.17711359995883,0.0014067000010982156,316.11074019997614,camera,[np.float64(0.046875)],[np.float64(-0.3033854166666667)],[1],[0],[0],[2.9479248999850824],['submit_text'],,1,001,2025-10-16_16h06.55.120,untitled,,2025.1.1,60.43030000649677,2025-10-16 16h06.59.979923 +0530,
,67,7,3,,,T_hi_t,Tshirt,old,tshirt,[np.float64(0.046875)],[np.float64(-0.3033854166666667)],[1],[0],[0],[3.1978277000016533],['submit_text'],,,,,3,7,67,2,316.1267663000035,,,,,,,,316.11261199996807,316.1267663000035,316.1267663000035,316.1267663000035,0.0018034999957308173,319.3108909999719,tshirt,[np.float64(0.046875)],[np.float64(-0.3033854166666667)],[1],[0],[0],[3.1978277000016533],['submit_text'],,1,001,2025-10-16_16h06.55.120,untitled,,2025.1.1,60.43030000649677,2025-10-16 16h06.59.979923 +0530,
,68,8,3,,,ru_is,Cruise,old,cruise,[np.float64(0.046875)],[np.float64(-0.3033854166666667)],[1],[0],[0],[3.13088210002752],['submit_text'],,,,,3,8,68,6,319.326918799954,,,,,,,,319.31269729998894,319.326918799954,319.326918799954,319.326918799954,0.001728000002913177,322.44401769997785,cruise,[np.float64(0.046875)],[np.float64(-0.3033854166666667)],[1],[0],[0],[3.13088210002752],['submit_text'],,1,001,2025-10-16_16h06.55.120,untitled,,2025.1.1,60.43030000649677,2025-10-16 16h06.59.979923 +0530,
,69,9,3,,,a_bl,Marble,old,table,[np.float64(0.046875)],[np.float64(-0.3033854166666667)],[1],[0],[0],[2.614722999976948],['submit_text'],,,,,3,9,69,11,322.4601183999912,,,,,,,,322.4455409999937,322.4601183999912,322.4601183999912,322.4601183999912,0.0014375000027939677,325.0607439999585,table,[np.float64(0.046875)],[np.float64(-0.3033854166666667)],[1],[0],[0],[2.614722999976948],['submit_text'],,1,001,2025-10-16_16h06.55.120,untitled,,2025.1.1,60.43030000649677,2025-10-16 16h06.59.979923 +0530,
,70,10,3,,,bo_t_e,Bottle,new,bottle,[np.float64(0.046875)],[np.float64(-0.3033854166666667)],[1],[0],[0],[3.3139825999969617],['submit_text'],,,,,3,10,70,18,325.0764049999998,,,,,,,,325.06265199999325,325.0764049999998,325.0764049999998,325.0764049999998,0.0018340999959036708,328.37707489996683,bottle,[np.float64(0.046875)],[np.float64(-0.3033854166666667)],[1],[0],[0],[3.3139825999969617],['submit_text'],,1,001,2025-10-16_16h06.55.120,untitled,,2025.1.1,60.43030000649677,2025-10-16 16h06.59.979923 +0530,
,71,11,3,,,P_st_r,Poster,old,pastry,[np.float64(0.046875)],[np.float64(-0.3033854166666667)],[1],[0],[0],[2.6999879999784753],['submit_text'],,,,,3,11,71,9,328.3933294999879,,,,,,,,328.3786623000051,328.3933294999879,328.3933294999879,328.3933294999879,0.001519499986898154,331.07943009998417,pastry,[np.float64(0.046875)],[np.float64(-0.3033854166666667)],[1],[0],[0],[2.6999879999784753],['submit_text'],,1,001,2025-10-16_16h06.55.120,untitled,,2025.1.1,60.43030000649677,2025-10-16 16h06.59.979923 +0530,
,72,12,3,,,_ho_e,Phone,old,horse,[np.float64(0.046875)],[np.float64(-0.3033854166666667)],[1],[0],[0],[3.3971641999669373],['submit_text'],,,,,3,12,72,12,331.0948099999805,,,,,,,,331.0826284000068,331.0948099999805,331.0948099999805,331.0948099999805,0.0030787999858148396,334.4806588999927,horse,[np.float64(0.046875)],[np.float64(-0.3033854166666667)],[1],[0],[0],[3.3971641999669373],['submit_text'],,1,001,2025-10-16_16h06.55.120,untitled,,2025.1.1,60.43030000649677,2025-10-16 16h06.59.979923 +0530,
,73,13,3,,,v_s_,Vase,new,vase,[np.float64(0.046875)],[np.float64(-0.3033854166666667)],[1],[0],[0],[2.962310799979605],['submit_text'],,,,,3,13,73,17,334.51017819996923,,,,,,,,334.4832984000095,334.51017819996923,334.51017819996923,334.51017819996923,0.0024959000293165445,337.4464980000048,vase,[np.float64(0.046875)],[np.float64(-0.3033854166666667)],[1],[0],[0],[2.962310799979605],['submit_text'],,1,001,2025-10-16_16h06.55.120,untitled,,2025.1.1,60.43030000649677,2025-10-16 16h06.59.979923 +0530,
,74,14,3,,,oo,Book,old,book,[np.float64(0.046875)],[np.float64(-0.3033854166666667)],[1],[0],[0],[2.3634374999674037],['submit_text'],,,,,3,14,74,13,337.47661049995804,,,,,,,,337.449192399974,337.47661049995804,337.47661049995804,337.47661049995804,0.002562900015618652,339.81354559998726,book,[np.float64(0.046875)],[np.float64(-0.3033854166666667)],[1],[0],[0],[2.3634374999674037],['submit_text'],,1,001,2025-10-16_16h06.55.120,untitled,,2025.1.1,60.43030000649677,2025-10-16 16h06.59.979923 +0530,
,75,15,3,,,_ha_t,Chart,old,chart,[np.float64(0.046875)],[np.float64(-0.3033854166666667)],[1],[0],[0],[4.093530500016641],['submit_text'],,,,,3,15,75,1,339.8434265999822,,,,,,,,339.8170910999761,339.8434265999822,339.8434265999822,339.8434265999822,0.003400700050406158,343.9113541999832,chart,[np.float64(0.046875)],[np.float64(-0.3033854166666667)],[1],[0],[0],[4.093530500016641],['submit_text'],,1,001,2025-10-16_16h06.55.120,untitled,,2025.1.1,60.43030000649677,2025-10-16 16h06.59.979923 +0530,
,76,16,3,,,p_nc_l,Pencil,new,pencil,[np.float64(0.046875)],[np.float64(-0.3033854166666667)],[1],[0],[0],[3.429116499959491],['submit_text'],,,,,3,16,76,16,343.9271863999893,,,,,,,,343.9149604999693,343.9271863999893,343.9271863999893,343.9271863999893,0.003471100004389882,347.3448984999559,pencil,[np.float64(0.046875)],[np.float64(-0.3033854166666667)],[1],[0],[0],[3.429116499959491],['submit_text'],,1,001,2025-10-16_16h06.55.120,untitled,,2025.1.1,60.43030000649677,2025-10-16 16h06.59.979923 +0530,
,77,17,3,,,c_s_io_,Cushion,old,cushion,[np.float64(0.046875)],[np.float64(-0.3033854166666667)],[1],[0],[0],[4.843748899991624],['submit_text'],,,,,3,17,77,14,347.3752542999573,,,,,,,,347.34824139997363,347.3752542999573,347.3752542999573,347.3752542999573,0.0032065000268630683,352.19253110000864,cushion,[np.float64(0.046875)],[np.float64(-0.3033854166666667)],[1],[0],[0],[4.843748899991624],['submit_text'],,1,001,2025-10-16_16h06.55.120,untitled,,2025.1.1,60.43030000649677,2025-10-16 16h06.59.979923 +0530,
,78,18,3,,,P_li_e,Police,old,police,[np.float64(0.046875)],[np.float64(-0.3033854166666667)],[1],[0],[0],[2.716400999983307],['submit_text'],,,,,3,18,78,7,352.20907629997237,,,,,,,,352.19412790000206,352.20907629997237,352.20907629997237,352.20907629997237,0.0015238000196404755,354.91096819995437,police,[np.float64(0.046875)],[np.float64(-0.3033854166666667)],[1],[0],[0],[2.716400999983307],['submit_text'],,1,001,2025-10-16_16h06.55.120,untitled,,2025.1.1,60.43030000649677,2025-10-16 16h06.59.979923 +0530,
,79,19,3,,,P_as_tr_,Pastry,old,pastry,[np.float64(0.046875)],[np.float64(-0.3033854166666667)],[1],[0],[0],[4.0303917999845],['submit_text'],,,,,3,19,79,4,354.9263865999528,,,,,,,,354.9129983999883,354.9263865999528,354.9263865999528,354.9263865999528,0.0019777999841608107,358.94404749997193,pastry,[np.float64(0.046875)],[np.float64(-0.3033854166666667)],[1],[0],[0],[4.0303917999845],['submit_text'],,1,001,2025-10-16_16h06.55.120,untitled,,2025.1.1,60.43030000649677,2025-10-16 16h06.59.979923 +0530,
,80,0,4,,,bo_t_e,Bottle,new,bottle,[np.float64(0.046875)],[np.float64(-0.3033854166666667)],[1],[0],[0],[3.1625586000154726],['submit_text'],,,,,4,0,80,18,358.95871079998324,,,,,,,,358.94660809997004,358.95871079998324,358.95871079998324,358.95871079998324,0.002433400019071996,362.10986099997535,bottle,[np.float64(0.046875)],[np.float64(-0.3033854166666667)],[1],[0],[0],[3.1625586000154726],['submit_text'],,1,001,2025-10-16_16h06.55.120,untitled,,2025.1.1,60.43030000649677,2025-10-16 16h06.59.979923 +0530,
,81,1,4,,,p_nc_l,Pencil,new,pencil,[np.float64(0.046875)],[np.float64(-0.3033854166666667)],[1],[0],[0],[6.597658100014087],['submit_text'],,,,,4,1,81,16,362.12500999995973,,,,,,,,362.11241389997303,362.12500999995973,362.12500999995973,362.12500999995973,0.002432400011457503,368.71072370000184,pencil,[np.float64(0.046875)],[np.float64(-0.3033854166666667)],[1],[0],[0],[6.597658100014087],['submit_text'],,1,001,2025-10-16_16h06.55.120,untitled,,2025.1.1,60.43030000649677,2025-10-16 16h06.59.979923 +0530,
,82,2,4,,,P_st_r,Poster,old,pastry,[np.float64(0.046875)],[np.float64(-0.3033854166666667)],[1],[0],[0],[2.748216800042428],['submit_text'],,,,,4,2,82,9,368.725318999961,,,,,,,,368.71299420000287,368.725318999961,368.725318999961,368.725318999961,0.0021697000483982265,371.4621809999808,pastry,[np.float64(0.046875)],[np.float64(-0.3033854166666667)],[1],[0],[0],[2.748216800042428],['submit_text'],,1,001,2025-10-16_16h06.55.120,untitled,,2025.1.1,60.43030000649677,2025-10-16 16h06.59.979923 +0530,
,83,3,4,,,P_as_tr_,Pastry,old,pastry,[np.float64(0.046875)],[np.float64(-0.3033854166666667)],[1],[0],[0],[7.876865500002168],['submit_text'],,,,,4,3,83,4,371.4919344999944,,,,,,,,371.46579359995667,371.4919344999944,371.4919344999944,371.4919344999944,0.003475199977401644,379.34320269996533,pastry,[np.float64(0.046875)],[np.float64(-0.3033854166666667)],[1],[0],[0],[7.876865500002168],['submit_text'],,1,001,2025-10-16_16h06.55.120,untitled,,2025.1.1,60.43030000649677,2025-10-16 16h06.59.979923 +0530,
,84,4,4,,,_o_rd,Board,old,chord,[np.float64(0.046875)],[np.float64(-0.3033854166666667)],[1],[0],[0],[3.531723799998872],['submit_text'],,,,,4,4,84,10,379.3576808999642,,,,,,,,379.3445992000052,379.3576808999642,379.3576808999642,379.3576808999642,0.0013292999938130379,382.87704429996666,chord,[np.float64(0.046875)],[np.float64(-0.3033854166666667)],[1],[0],[0],[3.531723799998872],['submit_text'],,1,001,2025-10-16_16h06.55.120,untitled,,2025.1.1,60.43030000649677,2025-10-16 16h06.59.979923 +0530,
,85,5,4,,,_ha_t,Chart,old,chart,[np.float64(0.046875)],[np.float64(-0.3033854166666667)],[1],[0],[0],[3.6626948000048287],['submit_text'],,,,,4,5,85,1,382.89254099997925,,,,,,,,382.8793420000002,382.89254099997925,382.89254099997925,382.89254099997925,0.002202400006353855,386.5427687999909,chart,[np.float64(0.046875)],[np.float64(-0.3033854166666667)],[1],[0],[0],[3.6626948000048287],['submit_text'],,1,001,2025-10-16_16h06.55.120,untitled,,2025.1.1,60.43030000649677,2025-10-16 16h06.59.979923 +0530,
,86,6,4,,,_ou_se,mouse,old,mouse,[np.float64(0.046875)],[np.float64(-0.3033854166666667)],[1],[0],[0],[2.732003800047096],['submit_text'],,,,,4,6,86,3,386.55801899998914,,,,,,,,386.5452496999642,386.55801899998914,386.55801899998914,386.55801899998914,0.002369800000451505,389.2781221999903,mouse,[np.float64(0.046875)],[np.float64(-0.3033854166666667)],[1],[0],[0],[2.732003800047096],['submit_text'],,1,001,2025-10-16_16h06.55.120,untitled,,2025.1.1,60.43030000649677,2025-10-16 16h06.59.979923 +0530,
,87,7,4,,,_ho_e,Phone,old,horse,[np.float64(0.046875)],[np.float64(-0.3033854166666667)],[1],[0],[0],[3.596163099980913],['submit_text'],,,,,4,7,87,12,389.30797580000944,,,,,,,,389.2807535000029,389.30797580000944,389.30797580000944,389.30797580000944,0.0025065999943763018,392.87791909999214,horse,[np.float64(0.046875)],[np.float64(-0.3033854166666667)],[1],[0],[0],[3.596163099980913],['submit_text'],,1,001,2025-10-16_16h06.55.120,untitled,,2025.1.1,60.43030000649677,2025-10-16 16h06.59.979923 +0530,
,88,8,4,,,oo,Book,old,book,[np.float64(0.046875)],[np.float64(-0.3033854166666667)],[1],[0],[0],[2.6291696000262164],['submit_text'],,,,,4,8,88,13,392.9080876999651,,,,,,,,392.88082199997734,392.9080876999651,392.9080876999651,392.9080876999651,0.0027580000460147858,395.51117579999845,book,[np.float64(0.046875)],[np.float64(-0.3033854166666667)],[1],[0],[0],[2.6291696000262164],['submit_text'],,1,001,2025-10-16_16h06.55.120,untitled,,2025.1.1,60.43030000649677,2025-10-16 16h06.59.979923 +0530,
,89,9,4,,,T_hi_t,Tshirt,old,tshirt,[np.float64(0.046875)],[np.float64(-0.3033854166666667)],[1],[0],[0],[3.4620638000196777],['submit_text'],,,,,4,9,89,2,395.5411692999769,,,,,,,,395.5144692999893,395.5411692999769,395.5411692999769,395.5411692999769,0.0031516000162810087,398.9775813999586,tshirt,[np.float64(0.046875)],[np.float64(-0.3033854166666667)],[1],[0],[0],[3.4620638000196777],['submit_text'],,1,001,2025-10-16_16h06.55.120,untitled,,2025.1.1,60.43030000649677,2025-10-16 16h06.59.979923 +0530,
,90,10,4,,,c_m_ra,Camera,new,camera,[np.float64(0.046875)],[np.float64(-0.3033854166666667)],[1],[0],[0],[3.011021799989976],['submit_text'],,,,,4,10,90,19,399.00738389999606,,,,,,,,398.98071420000633,399.00738389999606,399.00738389999606,399.00738389999606,0.002987299987580627,401.99253170000156,camera,[np.float64(0.046875)],[np.float64(-0.3033854166666667)],[1],[0],[0],[3.011021799989976],['submit_text'],,1,001,2025-10-16_16h06.55.120,untitled,,2025.1.1,60.43030000649677,2025-10-16 16h06.59.979923 +0530,
,91,11,4,,,K_y_,Keys,old,keys,[np.float64(0.046875)],[np.float64(-0.3033854166666667)],[1],[0],[0],[2.3627216999884695],['submit_text'],,,,,4,11,91,8,402.00738520000596,,,,,,,,401.99491869995836,402.00738520000596,402.00738520000596,402.00738520000596,0.002277799998410046,404.35824169998523,keys,[np.float64(0.046875)],[np.float64(-0.3033854166666667)],[1],[0],[0],[2.3627216999884695],['submit_text'],,1,001,2025-10-16_16h06.55.120,untitled,,2025.1.1,60.43030000649677,2025-10-16 16h06.59.979923 +0530,
,92,12,4,,,v_s_,Vase,new,vase,[np.float64(0.046875)],[np.float64(-0.3033854166666667)],[1],[0],[0],[5.366023999988101],['submit_text'],,,,,4,12,92,17,404.3738454999984,,,,,,,,404.35987679997925,404.3738454999984,404.3738454999984,404.3738454999984,0.001566199993249029,409.7264550999971,vase,[np.float64(0.046875)],[np.float64(-0.3033854166666667)],[1],[0],[0],[5.366023999988101],['submit_text'],,1,001,2025-10-16_16h06.55.120,untitled,,2025.1.1,60.43030000649677,2025-10-16 16h06.59.979923 +0530,
,93,13,4,,,a_bl,Marble,old,table,[np.float64(0.046875)],[np.float64(-0.3033854166666667)],[1],[0],[0],[2.6600488999974914],['submit_text'],,,,,4,13,93,11,409.75682459998643,,,,,,,,409.72995219996665,409.75682459998643,409.75682459998643,409.75682459998643,0.003457399958278984,412.3906443999731,table,[np.float64(0.046875)],[np.float64(-0.3033854166666667)],[1],[0],[0],[2.6600488999974914],['submit_text'],,1,001,2025-10-16_16h06.55.120,untitled,,2025.1.1,60.43030000649677,2025-10-16 16h06.59.979923 +0530,
,94,14,4,,,c_s_,Case,old,case,[np.float64(0.046875)],[np.float64(-0.3033854166666667)],[1],[0],[0],[3.1649686999735422],['submit_text'],,,,,4,14,94,5,412.4064463999821,,,,,,,,412.392078600009,412.4064463999821,412.4064463999821,412.4064463999821,0.0013522999943234026,415.5575562999584,case,[np.float64(0.046875)],[np.float64(-0.3033854166666667)],[1],[0],[0],[3.1649686999735422],['submit_text'],,1,001,2025-10-16_16h06.55.120,untitled,,2025.1.1,60.43030000649677,2025-10-16 16h06.59.979923 +0530,
,95,15,4,,,P_li_e,Police,old,police,[np.float64(0.046875)],[np.float64(-0.3033854166666667)],[1],[0],[0],[3.9819147999514826],['submit_text'],,,,,4,15,95,7,415.5732924999902,,,,,,,,415.55924019997474,415.5732924999902,415.5732924999902,415.5732924999902,0.0016113000456243753,419.5416799999657,police,[np.float64(0.046875)],[np.float64(-0.3033854166666667)],[1],[0],[0],[3.9819147999514826],['submit_text'],,1,001,2025-10-16_16h06.55.120,untitled,,2025.1.1,60.43030000649677,2025-10-16 16h06.59.979923 +0530,
,96,16,4,,,ta_l_,Table,new,table,[np.float64(0.046875)],[np.float64(-0.3033854166666667)],[1],[0],[0],[2.4324594999779947],['submit_text'],,,,,4,16,96,15,419.55612510000356,,,,,,,,419.54323409998324,419.55612510000356,419.55612510000356,419.55612510000356,0.0014907000004313886,421.97671029996127,table,[np.float64(0.046875)],[np.float64(-0.3033854166666667)],[1],[0],[0],[2.4324594999779947],['submit_text'],,1,001,2025-10-16_16h06.55.120,untitled,,2025.1.1,60.43030000649677,2025-10-16 16h06.59.979923 +0530,
,97,17,4,,,l_pt_p,Laptop,old,laptop,[np.float64(0.046875)],[np.float64(-0.3033854166666667)],[1],[0],[0],[3.9957125000073574],['submit_text'],,,,,4,17,97,0,422.00637979997555,,,,,,,,421.9797048000037,422.00637979997555,422.00637979997555,422.00637979997555,0.002847299969289452,425.97652490000473,laptop,[np.float64(0.046875)],[np.float64(-0.3033854166666667)],[1],[0],[0],[3.9957125000073574],['submit_text'],,1,001,2025-10-16_16h06.55.120,untitled,,2025.1.1,60.43030000649677,2025-10-16 16h06.59.979923 +0530,
,98,18,4,,,ru_is,Cruise,old,cruise,[np.float64(0.046875)],[np.float64(-0.3033854166666667)],[1],[0],[0],[3.793804300017655],['submit_text'],,,,,4,18,98,6,426.00631049997173,,,,,,,,425.9800312999869,426.00631049997173,426.00631049997173,426.00631049997173,0.003358399961143732,429.7746780999587,cruise,[np.float64(0.046875)],[np.float64(-0.3033854166666667)],[1],[0],[0],[3.793804300017655],['submit_text'],,1,001,2025-10-16_16h06.55.120,untitled,,2025.1.1,60.43030000649677,2025-10-16 16h06.59.979923 +0530,
,99,19,4,,,c_s_io_,Cushion,old,cushion,[np.float64(0.046875)],[np.float64(-0.3033854166666667)],[1],[0],[0],[4.212106499995571],['submit_text'],,,,,4,19,99,14,429.7889642000082,,,,,,,,429.777236599999,429.7889642000082,429.7889642000082,429.7889642000082,0.002445499994792044,433.9899708000012,cushion,[np.float64(0.046875)],[np.float64(-0.3033854166666667)],[1],[0],[0],[4.212106499995571],['submit_text'],,1,001,2025-10-16_16h06.55.120,untitled,,2025.1.1,60.43030000649677,2025-10-16 16h06.59.979923 +0530,
,100,0,5,,,_ou_se,mouse,old,mouse,[np.float64(0.046875)],[np.float64(-0.3033854166666667)],[1],[0],[0],[2.4979623000253923],['submit_text'],,,,,5,0,100,3,434.0058799999533,,,,,,,,433.99161089997506,434.0058799999533,434.0058799999533,434.0058799999533,0.0015707999700680375,436.4901127999765,mouse,[np.float64(0.046875)],[np.float64(-0.3033854166666667)],[1],[0],[0],[2.4979623000253923],['submit_text'],,1,001,2025-10-16_16h06.55.120,untitled,,2025.1.1,60.43030000649677,2025-10-16 16h06.59.979923 +0530,
,101,1,5,,,K_y_,Keys,old,keys,[np.float64(0.046875)],[np.float64(-0.3033854166666667)],[1],[0],[0],[2.197912000003271],['submit_text'],,,,,5,1,101,8,436.5054373999592,,,,,,,,436.4915534000029,436.5054373999592,436.5054373999592,436.5054373999592,0.001373099978081882,438.69001239998033,keys,[np.float64(0.046875)],[np.float64(-0.3033854166666667)],[1],[0],[0],[2.197912000003271],['submit_text'],,1,001,2025-10-16_16h06.55.120,untitled,,2025.1.1,60.43030000649677,2025-10-16 16h06.59.979923 +0530,
,102,2,5,,,c_s_,Case,old,case,[np.float64(0.046875)],[np.float64(-0.3033854166666667)],[1],[0],[0],[2.447302199958358],['submit_text'],,,,,5,2,102,5,438.70564619998913,,,,,,,,438.69164829998044,438.70564619998913,438.70564619998913,438.70564619998913,0.0015574999852105975,441.13949109998066,case,[np.float64(0.046875)],[np.float64(-0.3033854166666667)],[1],[0],[0],[2.447302199958358],['submit_text'],,1,001,2025-10-16_16h06.55.120,untitled,,2025.1.1,60.43030000649677,2025-10-16 16h06.59.979923 +0530,
,103,3,5,,,_ho_e,Phone,old,horse,[np.float64(0.046875)],[np.float64(-0.3033854166666667)],[1],[0],[0],[4.26484849996632],['submit_text'],,,,,5,3,103,12,441.15502059995197,,,,,,,,441.14106960000936,441.15502059995197,441.15502059995197,441.15502059995197,0.0014976999955251813,445.4064610999776,horse,[np.float64(0.046875)],[np.float64(-0.3033854166666667)],[1],[0],[0],[4.26484849996632],['submit_text'],,1,001,2025-10-16_16h06.55.120,untitled,,2025.1.1,60.43030000649677,2025-10-16 16h06.59.979923 +0530,
,104,4,5,,,c_m_ra,Camera,new,camera,[np.float64(0.046875)],[np.float64(-0.3033854166666667)],[1],[0],[0],[3.231030600029044],['submit_text'],,,,,5,4,104,19,445.4216526999953,,,,,,,,445.4080230999971,445.4216526999953,445.4216526999953,445.4216526999953,0.0014919000095687807,448.6396034999634,camera,[np.float64(0.046875)],[np.float64(-0.3033854166666667)],[1],[0],[0],[3.231030600029044],['submit_text'],,1,001,2025-10-16_16h06.55.120,untitled,,2025.1.1,60.43030000649677,2025-10-16 16h06.59.979923 +0530,
,105,5,5,,,ta_l_,Table,new,table,[np.float64(0.046875)],[np.float64(-0.3033854166666667)],[1],[0],[0],[2.814521499967668],['submit_text'],,,,,5,5,105,15,448.65498309995746,,,,,,,,448.64114490000065,448.65498309995746,448.65498309995746,448.65498309995746,0.0014722999767400324,451.4562356999959,table,[np.float64(0.046875)],[np.float64(-0.3033854166666667)],[1],[0],[0],[2.814521499967668],['submit_text'],,1,001,2025-10-16_16h06.55.120,untitled,,2025.1.1,60.43030000649677,2025-10-16 16h06.59.979923 +0530,
,106,6,5,,,P_st_r,Poster,old,pastry,[np.float64(0.046875)],[np.float64(-0.3033854166666667)],[1],[0],[0],[2.614198099996429],['submit_text'],,,,,5,6,106,9,451.4714574999525,,,,,,,,451.4578299999703,451.4714574999525,451.4714574999525,451.4714574999525,0.001523599959909916,454.0725886999862,pastry,[np.float64(0.046875)],[np.float64(-0.3033854166666667)],[1],[0],[0],[2.614198099996429],['submit_text'],,1,001,2025-10-16_16h06.55.120,untitled,,2025.1.1,60.43030000649677,2025-10-16 16h06.59.979923 +0530,
,107,7,5,,,c_s_io_,Cushion,old,cushion,[np.float64(0.046875)],[np.float64(-0.3033854166666667)],[1],[0],[0],[5.013805800001137],['submit_text'],,,,,5,7,107,14,454.08819469995797,,,,,,,,454.07418679998955,454.08819469995797,454.08819469995797,454.08819469995797,0.0015284999972209334,459.08856239996385,cushion,[np.float64(0.046875)],[np.float64(-0.3033854166666667)],[1],[0],[0],[5.013805800001137],['submit_text'],,1,001,2025-10-16_16h06.55.120,untitled,,2025.1.1,60.43030000649677,2025-10-16 16h06.59.979923 +0530,
,108,8,5,,,ru_is,Cruise,old,cruise,[np.float64(0.046875)],[np.float64(-0.3033854166666667)],[1],[0],[0],[2.9481198000139557],['submit_text'],,,,,5,8,108,6,459.10446889995364,,,,,,,,459.0900726999971,459.10446889995364,459.10446889995364,459.10446889995364,0.001441999978851527,462.03880209999625,cruise,[np.float64(0.046875)],[np.float64(-0.3033854166666667)],[1],[0],[0],[2.9481198000139557],['submit_text'],,1,001,2025-10-16_16h06.55.120,untitled,,2025.1.1,60.43030000649677,2025-10-16 16h06.59.979923 +0530,
,109,9,5,,,l_pt_p,Laptop,old,laptop,[np.float64(0.046875)],[np.float64(-0.3033854166666667)],[1],[0],[0],[2.7149124999996275],['submit_text'],,,,,5,9,109,0,462.0557313999743,,,,,,,,462.04048689996125,462.0557313999743,462.0557313999743,462.0557313999743,0.0015971999964676797,464.75599350000266,laptop,[np.float64(0.046875)],[np.float64(-0.3033854166666667)],[1],[0],[0],[2.7149124999996275],['submit_text'],,1,001,2025-10-16_16h06.55.120,untitled,,2025.1.1,60.43030000649677,2025-10-16 16h06.59.979923 +0530,
,110,10,5,,,v_s_,Vase,new,vase,[np.float64(0.046875)],[np.float64(-0.3033854166666667)],[1],[0],[0],[2.582003000017721],['submit_text'],,,,,5,10,110,17,464.7712237999658,,,,,,,,464.7575348999817,464.7712237999658,464.7712237999658,464.7712237999658,0.001463000022340566,467.34011809999356,vase,[np.float64(0.046875)],[np.float64(-0.3033854166666667)],[1],[0],[0],[2.582003000017721],['submit_text'],,1,001,2025-10-16_16h06.55.120,untitled,,2025.1.1,60.43030000649677,2025-10-16 16h06.59.979923 +0530,
,111,11,5,,,bo_t_e,Bottle,new,bottle,[np.float64(0.046875)],[np.float64(-0.3033854166666667)],[1],[0],[0],[2.7304943000199273],['submit_text'],,,,,5,11,111,18,467.35374059999594,,,,,,,,467.341529599973,467.35374059999594,467.35374059999594,467.35374059999594,0.0013466000091284513,470.0728337999899,bottle,[np.float64(0.046875)],[np.float64(-0.3033854166666667)],[1],[0],[0],[2.7304943000199273],['submit_text'],,1,001,2025-10-16_16h06.55.120,untitled,,2025.1.1,60.43030000649677,2025-10-16 16h06.59.979923 +0530,
,112,12,5,,,P_as_tr_,Pastry,old,pastry,[np.float64(0.046875)],[np.float64(-0.3033854166666667)],[1],[0],[0],[2.7311671000206843],['submit_text'],,,,,5,12,112,4,470.08771069999784,,,,,,,,470.0755703999894,470.08771069999784,470.08771069999784,470.08771069999784,0.0026255000266246498,472.8076167999534,pastry,[np.float64(0.046875)],[np.float64(-0.3033854166666667)],[1],[0],[0],[2.7311671000206843],['submit_text'],,1,001,2025-10-16_16h06.55.120,untitled,,2025.1.1,60.43030000649677,2025-10-16 16h06.59.979923 +0530,
,113,13,5,,,_ha_t,Chart,old,chart,[np.float64(0.046875)],[np.float64(-0.3033854166666667)],[1],[0],[0],[3.162972300022375],['submit_text'],,,,,5,13,113,1,472.82065799995326,,,,,,,,472.8103481999715,472.82065799995326,472.82065799995326,472.82065799995326,0.002603899978566915,475.97457069996744,chart,[np.float64(0.046875)],[np.float64(-0.3033854166666667)],[1],[0],[0],[3.162972300022375],['submit_text'],,1,001,2025-10-16_16h06.55.120,untitled,,2025.1.1,60.43030000649677,2025-10-16 16h06.59.979923 +0530,
,114,14,5,,,oo,Book,old,book,[np.float64(0.046875)],[np.float64(-0.3033854166666667)],[1],[0],[0],[2.928632099996321],['submit_text'],,,,,5,14,114,13,476.004419600009,,,,,,,,475.9771324999747,476.004419600009,476.004419600009,476.004419600009,0.002402599959168583,478.907010099967,book,[np.float64(0.046875)],[np.float64(-0.3033854166666667)],[1],[0],[0],[2.928632099996321],['submit_text'],,1,001,2025-10-16_16h06.55.120,untitled,,2025.1.1,60.43030000649677,2025-10-16 16h06.59.979923 +0530,
,115,15,5,,,p_nc_l,Pencil,new,pencil,[np.float64(0.046875)],[np.float64(-0.3033854166666667)],[1],[0],[0],[3.029757599986624],['submit_text'],,,,,5,15,115,16,478.9377373000025,,,,,,,,478.91063659999054,478.9377373000025,478.9377373000025,478.9377373000025,0.003484400047454983,481.94164589996217,pencil,[np.float64(0.046875)],[np.float64(-0.3033854166666667)],[1],[0],[0],[3.029757599986624],['submit_text'],,1,001,2025-10-16_16h06.55.120,untitled,,2025.1.1,60.43030000649677,2025-10-16 16h06.59.979923 +0530,
,116,16,5,,,_o_rd,Board,old,chord,[np.float64(0.046875)],[np.float64(-0.3033854166666667)],[1],[0],[0],[2.8941364999627694],['submit_text'],,,,,5,16,116,10,481.97147220000625,,,,,,,,481.9444617999834,481.97147220000625,481.97147220000625,481.97147220000625,0.0026513999910093844,484.83948709996184,chord,[np.float64(0.046875)],[np.float64(-0.3033854166666667)],[1],[0],[0],[2.8941364999627694],['submit_text'],,1,001,2025-10-16_16h06.55.120,untitled,,2025.1.1,60.43030000649677,2025-10-16 16h06.59.979923 +0530,
,117,17,5,,,a_bl,Marble,old,table,[np.float64(0.046875)],[np.float64(-0.3033854166666667)],[1],[0],[0],[2.5465928000048734],['submit_text'],,,,,5,17,117,11,484.8540821999777,,,,,,,,484.8417993999901,484.8540821999777,484.8540821999777,484.8540821999777,0.0021918000420555472,487.3893139999709,table,[np.float64(0.046875)],[np.float64(-0.3033854166666667)],[1],[0],[0],[2.5465928000048734],['submit_text'],,1,001,2025-10-16_16h06.55.120,untitled,,2025.1.1,60.43030000649677,2025-10-16 16h06.59.979923 +0530,
,118,18,5,,,T_hi_t,Tshirt,old,tshirt,[np.float64(0.046875)],[np.float64(-0.3033854166666667)],[1],[0],[0],[3.2450601999880746],['submit_text'],,,,,5,18,118,2,487.4203786999569,,,,,,,,487.39210319996346,487.4203786999569,487.4203786999569,487.4203786999569,0.0026680000009946525,490.6378247999819,tshirt,[np.float64(0.046875)],[np.float64(-0.3033854166666667)],[1],[0],[0],[3.2450601999880746],['submit_text'],,1,001,2025-10-16_16h06.55.120,untitled,,2025.1.1,60.43030000649677,2025-10-16 16h06.59.979923 +0530,
,119,19,5,,,P_li_e,Police,old,police,[np.float64(0.046875)],[np.float64(-0.3033854166666667)],[1],[0],[0],[3.397968600038439],['submit_text'],,,,,5,19,119,7,490.6534607000067,,,,,,,,490.63938579999376,490.6534607000067,490.6534607000067,490.6534607000067,0.0014913000050000846,494.03796869999496,police,[np.float64(0.046875)],[np.float64(-0.3033854166666667)],[1],[0],[0],[3.397968600038439],['submit_text'],,1,001,2025-10-16_16h06.55.120,untitled,,2025.1.1,60.43030000649677,2025-10-16 16h06.59.979923 +0530,
,120,0,6,,,p_nc_l,Pencil,new,pencil,[np.float64(0.046875)],[np.float64(-0.3033854166666667)],[1],[0],[0],[4.713786499982234],['submit_text'],,,,,6,0,120,16,494.0542714999756,,,,,,,,494.03973269998096,494.0542714999756,494.0542714999756,494.0542714999756,0.0017003000248223543,498.7541651999927,pencil,[np.float64(0.046875)],[np.float64(-0.3033854166666667)],[1],[0],[0],[4.713786499982234],['submit_text'],,1,001,2025-10-16_16h06.55.120,untitled,,2025.1.1,60.43030000649677,2025-10-16 16h06.59.979923 +0530,
,121,1,6,,,P_li_e,Police,old,police,[np.float64(0.046875)],[np.float64(-0.3033854166666667)],[1],[0],[0],[3.114515900029801],['submit_text'],,,,,6,1,121,7,498.76970319997054,,,,,,,,498.755791899981,498.76970319997054,498.76970319997054,498.76970319997054,0.0015553999692201614,501.87092469999334,police,[np.float64(0.046875)],[np.float64(-0.3033854166666667)],[1],[0],[0],[3.114515900029801],['submit_text'],,1,001,2025-10-16_16h06.55.120,untitled,,2025.1.1,60.43030000649677,2025-10-16 16h06.59.979923 +0530,
,122,2,6,,,c_m_ra,Camera,new,camera,[np.float64(0.046875)],[np.float64(-0.3033854166666667)],[1],[0],[0],[3.116923300025519],['submit_text'],,,,,6,2,122,19,501.8861880999757,,,,,,,,501.87249619996874,501.8861880999757,501.8861880999757,501.8861880999757,0.0014989000046625733,504.9906917999615,camera,[np.float64(0.046875)],[np.float64(-0.3033854166666667)],[1],[0],[0],[3.116923300025519],['submit_text'],,1,001,2025-10-16_16h06.55.120,untitled,,2025.1.1,60.43030000649677,2025-10-16 16h06.59.979923 +0530,
,123,3,6,,,oo,Book,old,book,[np.float64(0.046875)],[np.float64(-0.3033854166666667)],[1],[0],[0],[4.7452831999980845],['submit_text'],,,,,6,3,123,13,505.0201226999634,,,,,,,,504.99352779996116,505.0201226999634,505.0201226999634,505.0201226999634,0.002710699976887554,509.740229499992,book,[np.float64(0.046875)],[np.float64(-0.3033854166666667)],[1],[0],[0],[4.7452831999980845],['submit_text'],,1,001,2025-10-16_16h06.55.120,untitled,,2025.1.1,60.43030000649677,2025-10-16 16h06.59.979923 +0530,
,124,4,6,,,_o_rd,Board,old,chord,[np.float64(0.046875)],[np.float64(-0.3033854166666667)],[1],[0],[0],[4.776915300055407],['submit_text'],,,,,6,4,124,10,509.76963229995454,,,,,,,,509.74373019998893,509.76963229995454,509.76963229995454,509.76963229995454,0.0033507999614812434,514.5216220999719,chord,[np.float64(0.046875)],[np.float64(-0.3033854166666667)],[1],[0],[0],[4.776915300055407],['submit_text'],,1,001,2025-10-16_16h06.55.120,untitled,,2025.1.1,60.43030000649677,2025-10-16 16h06.59.979923 +0530,
,125,5,6,,,c_s_io_,Cushion,old,cushion,[np.float64(0.046875)],[np.float64(-0.3033854166666667)],[1],[0],[0],[4.47827869997127],['submit_text'],,,,,6,5,125,14,514.5367453999934,,,,,,,,514.5244392000022,514.5367453999934,514.5367453999934,514.5367453999934,0.002705999999307096,519.0034107000101,cushion,[np.float64(0.046875)],[np.float64(-0.3033854166666667)],[1],[0],[0],[4.47827869997127],['submit_text'],,1,001,2025-10-16_16h06.55.120,untitled,,2025.1.1,60.43030000649677,2025-10-16 16h06.59.979923 +0530,
,126,6,6,,,P_as_tr_,Pastry,old,pastry,[np.float64(0.046875)],[np.float64(-0.3033854166666667)],[1],[0],[0],[4.2639173999777995],['submit_text'],,,,,6,6,126,4,519.0189817000064,,,,,,,,519.0054195999983,519.0189817000064,519.0189817000064,519.0189817000064,0.0019255999941378832,523.2699958999874,pastry,[np.float64(0.046875)],[np.float64(-0.3033854166666667)],[1],[0],[0],[4.2639173999777995],['submit_text'],,1,001,2025-10-16_16h06.55.120,untitled,,2025.1.1,60.43030000649677,2025-10-16 16h06.59.979923 +0530,
,127,7,6,,,l_pt_p,Laptop,old,laptop,[np.float64(0.046875)],[np.float64(-0.3033854166666667)],[1],[0],[0],[2.7475651999702677],['submit_text'],,,,,6,7,127,0,523.285665399977,,,,,,,,523.2715726000024,523.285665399977,523.285665399977,523.285665399977,0.0015001000137999654,526.0197892999859,laptop,[np.float64(0.046875)],[np.float64(-0.3033854166666667)],[1],[0],[0],[2.7475651999702677],['submit_text'],,1,001,2025-10-16_16h06.55.120,untitled,,2025.1.1,60.43030000649677,2025-10-16 16h06.59.979923 +0530,
,128,8,6,,,bo_t_e,Bottle,new,bottle,[np.float64(0.046875)],[np.float64(-0.3033854166666667)],[1],[0],[0],[2.764518300013151],['submit_text'],,,,,6,8,128,18,526.0352143999771,,,,,,,,526.0213409999851,526.0352143999771,526.0352143999771,526.0352143999771,0.0014798999764025211,528.7864997999859,bottle,[np.float64(0.046875)],[np.float64(-0.3033854166666667)],[1],[0],[0],[2.764518300013151],['submit_text'],,1,001,2025-10-16_16h06.55.120,untitled,,2025.1.1,60.43030000649677,2025-10-16 16h06.59.979923 +0530,
,129,9,6,,,v_s_,Vase,new,vase,[np.float64(0.046875)],[np.float64(-0.3033854166666667)],[1],[0],[0],[2.397861399978865],['submit_text'],,,,,6,9,129,17,528.8018493999843,,,,,,,,528.7880084000062,528.8018493999843,528.8018493999843,528.8018493999843,0.001443199987988919,531.1865072000073,vase,[np.float64(0.046875)],[np.float64(-0.3033854166666667)],[1],[0],[0],[2.397861399978865],['submit_text'],,1,001,2025-10-16_16h06.55.120,untitled,,2025.1.1,60.43030000649677,2025-10-16 16h06.59.979923 +0530,
,130,10,6,,,K_y_,Keys,old,keys,[np.float64(0.046875)],[np.float64(-0.3033854166666667)],[1],[0],[0],[2.464371400012169],['submit_text'],,,,,6,10,130,8,531.201906399976,,,,,,,,531.1879696999677,531.201906399976,531.201906399976,531.201906399976,0.0013956999755464494,533.6530058999779,keys,[np.float64(0.046875)],[np.float64(-0.3033854166666667)],[1],[0],[0],[2.464371400012169],['submit_text'],,1,001,2025-10-16_16h06.55.120,untitled,,2025.1.1,60.43030000649677,2025-10-16 16h06.59.979923 +0530,
,131,11,6,,,a_bl,Marble,old,table,[np.float64(0.046875)],[np.float64(-0.3033854166666667)],[1],[0],[0],[3.4807471000240184],['submit_text'],,,,,6,11,131,11,533.6685126000084,,,,,,,,533.6544973999844,533.6685126000084,533.6685126000084,533.6685126000084,0.0014242000179365277,537.1359428999713,table,[np.float64(0.046875)],[np.float64(-0.3033854166666667)],[1],[0],[0],[3.4807471000240184],['submit_text'],,1,001,2025-10-16_16h06.55.120,untitled,,2025.1.1,60.43030000649677,2025-10-16 16h06.59.979923 +0530,
,132,12,6,,,ta_l_,Table,new,,[np.float64(0.046875)],[np.float64(-0.3033854166666667)],[1],[0],[0],[0.6814724000287242],['submit_text'],,,,,6,12,132,15,537.1514664999559,,,,,,,,537.137542499986,537.1514664999559,537.1514664999559,537.1514664999559,0.0015133999986574054,537.819668399985,,[np.float64(0.046875)],[np.float64(-0.3033854166666667)],[1],[0],[0],[0.6814724000287242],['submit_text'],,1,001,2025-10-16_16h06.55.120,untitled,,2025.1.1,60.43030000649677,2025-10-16 16h06.59.979923 +0530,
,133,13,6,,,ru_is,Cruise,old,,[np.float64(0.046875)],[np.float64(-0.3033854166666667)],[1],[0],[0],[0.36417750001419336],['submit_text'],,,,,6,13,133,6,537.8347723999759,,,,,,,,537.8212658999837,537.8347723999759,537.8347723999759,537.8347723999759,0.0015151999541558325,538.1861222999869,,[np.float64(0.046875)],[np.float64(-0.3033854166666667)],[1],[0],[0],[0.36417750001419336],['submit_text'],,1,001,2025-10-16_16h06.55.120,untitled,,2025.1.1,60.43030000649677,2025-10-16 16h06.59.979923 +0530,
,134,14,6,,,P_st_r,Poster,old,,[np.float64(0.046875)],[np.float64(-0.3033854166666667)],[1],[0],[0],[0.2319920000154525],['submit_text'],,,,,6,14,134,9,538.201579799992,,,,,,,,538.1876975999912,538.201579799992,538.201579799992,538.201579799992,0.0014962999848648906,538.4203524999903,,[np.float64(0.046875)],[np.float64(-0.3033854166666667)],[1],[0],[0],[0.2319920000154525],['submit_text'],,1,001,2025-10-16_16h06.55.120,untitled,,2025.1.1,60.43030000649677,2025-10-16 16h06.59.979923 +0530,
,135,15,6,,,c_s_,Case,old,,[np.float64(0.046875)],[np.float64(-0.3033854166666667)],[1],[0],[0],[0.21343049994902685],['submit_text'],,,,,6,15,135,5,538.4351809999789,,,,,,,,538.4220215000096,538.4351809999789,538.4351809999789,538.4351809999789,0.0015938000287860632,538.6360962999752,,[np.float64(0.046875)],[np.float64(-0.3033854166666667)],[1],[0],[0],[0.21343049994902685],['submit_text'],,1,001,2025-10-16_16h06.55.120,untitled,,2025.1.1,60.43030000649677,2025-10-16 16h06.59.979923 +0530,
,136,16,6,,,_ha_t,Chart,old,chart,[np.float64(0.046875)],[np.float64(-0.3033854166666667)],[1],[0],[0],[2.897583300014958],['submit_text'],,,,,6,16,136,1,538.6511524000089,,,,,,,,538.6375266999821,538.6511524000089,538.6511524000089,538.6511524000089,0.0013646000297740102,541.5357683000038,chart,[np.float64(0.046875)],[np.float64(-0.3033854166666667)],[1],[0],[0],[2.897583300014958],['submit_text'],,1,001,2025-10-16_16h06.55.120,untitled,,2025.1.1,60.43030000649677,2025-10-16 16h06.59.979923 +0530,
,137,17,6,,,T_hi_t,Tshirt,old,tshirt,[np.float64(0.046875)],[np.float64(-0.3033854166666667)],[1],[0],[0],[3.0809618000057526],['submit_text'],,,,,6,17,137,2,541.5515132999863,,,,,,,,541.5373602999607,541.5515132999863,541.5515132999863,541.5515132999863,0.0015087000210769475,544.618982999993,tshirt,[np.float64(0.046875)],[np.float64(-0.3033854166666667)],[1],[0],[0],[3.0809618000057526],['submit_text'],,1,001,2025-10-16_16h06.55.120,untitled,,2025.1.1,60.43030000649677,2025-10-16 16h06.59.979923 +0530,
,138,18,6,,,_ou_se,mouse,old,mouse,[np.float64(0.046875)],[np.float64(-0.3033854166666667)],[1],[0],[0],[2.3811810999759473],['submit_text'],,,,,6,18,138,3,544.63469539996,,,,,,,,544.6206163999741,544.63469539996,544.63469539996,544.63469539996,0.0015607000095769763,547.0024717999622,mouse,[np.float64(0.046875)],[np.float64(-0.3033854166666667)],[1],[0],[0],[2.3811810999759473],['submit_text'],,1,001,2025-10-16_16h06.55.120,untitled,,2025.1.1,60.43030000649677,2025-10-16 16h06.59.979923 +0530,
,139,19,6,,,_ho_e,Phone,old,horse,[np.float64(0.046875)],[np.float64(-0.3033854166666667)],[1],[0],[0],[2.5307281999848783],['submit_text'],,,,,6,19,139,12,547.018517999968,,,,,,,,547.0040593000012,547.018517999968,547.018517999968,547.018517999968,0.0015112000401131809,549.5354718999588,horse,[np.float64(0.046875)],[np.float64(-0.3033854166666667)],[1],[0],[0],[2.5307281999848783],['submit_text'],,1,001,2025-10-16_16h06.55.120,untitled,,2025.1.1,60.43030000649677,2025-10-16 16h06.59.979923 +0530,
,140,0,7,,,P_li_e,Police,old,police,[np.float64(0.046875)],[np.float64(-0.3033854166666667)],[1],[0],[0],[2.931072300008964],['submit_text'],,,,,7,0,140,7,549.5511599999736,,,,,,,,549.537256999989,549.5511599999736,549.5511599999736,549.5511599999736,0.0017056000069715083,552.469010700006,police,[np.float64(0.046875)],[np.float64(-0.3033854166666667)],[1],[0],[0],[2.931072300008964],['submit_text'],,1,001,2025-10-16_16h06.55.120,untitled,,2025.1.1,60.43030000649677,2025-10-16 16h06.59.979923 +0530,
,141,1,7,,,_ha_t,Chart,old,chart,[np.float64(0.046875)],[np.float64(-0.3033854166666667)],[1],[0],[0],[2.6642497000284493],['submit_text'],,,,,7,1,141,1,552.4847020999878,,,,,,,,552.470595599967,552.4847020999878,552.4847020999878,552.4847020999878,0.0015009999624453485,555.1355223999708,chart,[np.float64(0.046875)],[np.float64(-0.3033854166666667)],[1],[0],[0],[2.6642497000284493],['submit_text'],,1,001,2025-10-16_16h06.55.120,untitled,,2025.1.1,60.43030000649677,2025-10-16 16h06.59.979923 +0530,
,142,2,7,,,a_bl,Marble,old,table,[np.float64(0.046875)],[np.float64(-0.3033854166666667)],[1],[0],[0],[2.5810048999846913],['submit_text'],,,,,7,2,142,11,555.1509177999687,,,,,,,,555.1370349999634,555.1509177999687,555.1509177999687,555.1509177999687,0.0014274000423029065,557.718731299974,table,[np.float64(0.046875)],[np.float64(-0.3033854166666667)],[1],[0],[0],[2.5810048999846913],['submit_text'],,1,001,2025-10-16_16h06.55.120,untitled,,2025.1.1,60.43030000649677,2025-10-16 16h06.59.979923 +0530,
,143,3,7,,,oo,Book,old,book,[np.float64(0.046875)],[np.float64(-0.3033854166666667)],[1],[0],[0],[2.4987026000162587],['submit_text'],,,,,7,3,143,13,557.734268900007,,,,,,,,557.7202141999733,557.734268900007,557.734268900007,557.734268900007,0.001408000010997057,560.2195761000039,book,[np.float64(0.046875)],[np.float64(-0.3033854166666667)],[1],[0],[0],[2.4987026000162587],['submit_text'],,1,001,2025-10-16_16h06.55.120,untitled,,2025.1.1,60.43030000649677,2025-10-16 16h06.59.979923 +0530,
,144,4,7,,,ta_l_,Table,new,table,[np.float64(0.046875)],[np.float64(-0.3033854166666667)],[1],[0],[0],[4.063708100002259],['submit_text'],,,,,7,4,144,15,560.2337692999863,,,,,,,,560.2209898000001,560.2337692999863,560.2337692999863,560.2337692999863,0.001350299979094416,564.2855922000017,table,[np.float64(0.046875)],[np.float64(-0.3033854166666667)],[1],[0],[0],[4.063708100002259],['submit_text'],,1,001,2025-10-16_16h06.55.120,untitled,,2025.1.1,60.43030000649677,2025-10-16 16h06.59.979923 +0530,
,145,5,7,,,P_st_r,Poster,old,pastry,[np.float64(0.046875)],[np.float64(-0.3033854166666667)],[1],[0],[0],[2.7637324000243098],['submit_text'],,,,,7,5,145,9,564.3005308999564,,,,,,,,564.2872749000089,564.3005308999564,564.3005308999564,564.3005308999564,0.0015785000286996365,567.0517253999715,pastry,[np.float64(0.046875)],[np.float64(-0.3033854166666667)],[1],[0],[0],[2.7637324000243098],['submit_text'],,1,001,2025-10-16_16h06.55.120,untitled,,2025.1.1,60.43030000649677,2025-10-16 16h06.59.979923 +0530,
,146,6,7,,,_ho_e,Phone,old,horse,[np.float64(0.046875)],[np.float64(-0.3033854166666667)],[1],[0],[0],[2.631117400014773],['submit_text'],,,,,7,6,146,12,567.0671261999523,,,,,,,,567.053333799995,567.0671261999523,567.0671261999523,567.0671261999523,0.001528399996459484,569.6853378000087,horse,[np.float64(0.046875)],[np.float64(-0.3033854166666667)],[1],[0],[0],[2.631117400014773],['submit_text'],,1,001,2025-10-16_16h06.55.120,untitled,,2025.1.1,60.43030000649677,2025-10-16 16h06.59.979923 +0530,
,147,7,7,,,ru_is,Cruise,old,cruise,[np.float64(0.046875)],[np.float64(-0.3033854166666667)],[1],[0],[0],[3.213414700003341],['submit_text'],,,,,7,7,147,6,569.7004573000013,,,,,,,,569.6873952999595,569.7004573000013,569.7004573000013,569.7004573000013,0.001961000030860305,572.901540699997,cruise,[np.float64(0.046875)],[np.float64(-0.3033854166666667)],[1],[0],[0],[3.213414700003341],['submit_text'],,1,001,2025-10-16_16h06.55.120,untitled,,2025.1.1,60.43030000649677,2025-10-16 16h06.59.979923 +0530,
,148,8,7,,,_ou_se,mouse,old,mouse,[np.float64(0.046875)],[np.float64(-0.3033854166666667)],[1],[0],[0],[2.4474060999928042],['submit_text'],,,,,7,8,148,3,572.9162350999541,,,,,,,,572.9031432999764,572.9162350999541,572.9162350999541,572.9162350999541,0.0015198999899439514,575.3512560999952,mouse,[np.float64(0.046875)],[np.float64(-0.3033854166666667)],[1],[0],[0],[2.4474060999928042],['submit_text'],,1,001,2025-10-16_16h06.55.120,untitled,,2025.1.1,60.43030000649677,2025-10-16 16h06.59.979923 +0530,
,149,9,7,,,p_nc_l,Pencil,new,pencil,[np.float64(0.046875)],[np.float64(-0.3033854166666667)],[1],[0],[0],[2.747812999994494],['submit_text'],,,,,7,9,149,16,575.3667845999589,,,,,,,,575.3528517999803,575.3667845999589,575.3667845999589,575.3667845999589,0.0015208999975584447,578.1013837999781,pencil,[np.float64(0.046875)],[np.float64(-0.3033854166666667)],[1],[0],[0],[2.747812999994494],['submit_text'],,1,001,2025-10-16_16h06.55.120,untitled,,2025.1.1,60.43030000649677,2025-10-16 16h06.59.979923 +0530,
,150,10,7,,,c_s_,Case,old,case,[np.float64(0.046875)],[np.float64(-0.3033854166666667)],[1],[0],[0],[2.3645996999694034],['submit_text'],,,,,7,10,150,5,578.1167532999534,,,,,,,,578.10306210001,578.1167532999534,578.1167532999534,578.1167532999534,0.0015948000364005566,580.4683819999918,case,[np.float64(0.046875)],[np.float64(-0.3033854166666667)],[1],[0],[0],[2.3645996999694034],['submit_text'],,1,001,2025-10-16_16h06.55.120,untitled,,2025.1.1,60.43030000649677,2025-10-16 16h06.59.979923 +0530,
,151,11,7,,,P_as_tr_,Pastry,old,pastry,[np.float64(0.046875)],[np.float64(-0.3033854166666667)],[1],[0],[0],[4.063841600029264],['submit_text'],,,,,7,11,151,4,580.4832532999571,,,,,,,,580.4700578000047,580.4832532999571,580.4832532999571,580.4832532999571,0.0015930000226944685,584.5346947999788,pastry,[np.float64(0.046875)],[np.float64(-0.3033854166666667)],[1],[0],[0],[4.063841600029264],['submit_text'],,1,001,2025-10-16_16h06.55.120,untitled,,2025.1.1,60.43030000649677,2025-10-16 16h06.59.979923 +0530,
,152,12,7,,,K_y_,Keys,old,keys,[np.float64(0.046875)],[np.float64(-0.3033854166666667)],[1],[0],[0],[2.3637341000139713],['submit_text'],,,,,7,12,152,8,584.5498834999744,,,,,,,,584.5366890999721,584.5498834999744,584.5498834999744,584.5498834999744,0.0018919000285677612,586.9011439000024,keys,[np.float64(0.046875)],[np.float64(-0.3033854166666667)],[1],[0],[0],[2.3637341000139713],['submit_text'],,1,001,2025-10-16_16h06.55.120,untitled,,2025.1.1,60.43030000649677,2025-10-16 16h06.59.979923 +0530,
,153,13,7,,,c_s_io_,Cushion,old,cushion,[np.float64(0.046875)],[np.float64(-0.3033854166666667)],[1],[0],[0],[2.880267200001981],['submit_text'],,,,,7,13,153,14,586.9164031999535,,,,,,,,586.9027639999986,586.9164031999535,586.9164031999535,586.9164031999535,0.0015375000075437129,589.7839362999657,cushion,[np.float64(0.046875)],[np.float64(-0.3033854166666667)],[1],[0],[0],[2.880267200001981],['submit_text'],,1,001,2025-10-16_16h06.55.120,untitled,,2025.1.1,60.43030000649677,2025-10-16 16h06.59.979923 +0530,
,154,14,7,,,l_pt_p,Laptop,old,laptop,[np.float64(0.046875)],[np.float64(-0.3033854166666667)],[1],[0],[0],[2.6807339999941178],['submit_text'],,,,,7,14,154,0,589.7996261999942,,,,,,,,589.785933599982,589.7996261999942,589.7996261999942,589.7996261999942,0.0018884000019170344,592.4675012999796,laptop,[np.float64(0.046875)],[np.float64(-0.3033854166666667)],[1],[0],[0],[2.6807339999941178],['submit_text'],,1,001,2025-10-16_16h06.55.120,untitled,,2025.1.1,60.43030000649677,2025-10-16 16h06.59.979923 +0530,
,155,15,7,,,v_s_,Vase,new,vase,[np.float64(0.046875)],[np.float64(-0.3033854166666667)],[1],[0],[0],[2.8474715999909677],['submit_text'],,,,,7,15,155,17,592.4827817999758,,,,,,,,592.4690312999883,592.4827817999758,592.4827817999758,592.4827817999758,0.0014410000294446945,595.3172518999781,vase,[np.float64(0.046875)],[np.float64(-0.3033854166666667)],[1],[0],[0],[2.8474715999909677],['submit_text'],,1,001,2025-10-16_16h06.55.120,untitled,,2025.1.1,60.43030000649677,2025-10-16 16h06.59.979923 +0530,
,156,16,7,,,T_hi_t,Tshirt,old,tshirt,[np.float64(0.046875)],[np.float64(-0.3033854166666667)],[1],[0],[0],[3.780532200005837],['submit_text'],,,,,7,16,156,2,595.3325989999576,,,,,,,,595.3188029999728,595.3325989999576,595.3325989999576,595.3325989999576,0.0014674999983981252,599.1000656999531,tshirt,[np.float64(0.046875)],[np.float64(-0.3033854166666667)],[1],[0],[0],[3.780532200005837],['submit_text'],,1,001,2025-10-16_16h06.55.120,untitled,,2025.1.1,60.43030000649677,2025-10-16 16h06.59.979923 +0530,
,157,17,7,,,bo_t_e,Bottle,new,bottle,[np.float64(0.046875)],[np.float64(-0.3033854166666667)],[1],[0],[0],[2.6812776000006124],['submit_text'],,,,,7,17,157,18,599.1158936999855,,,,,,,,599.1016718999599,599.1158936999855,599.1158936999855,599.1158936999855,0.0015289000002667308,601.7836573999957,bottle,[np.float64(0.046875)],[np.float64(-0.3033854166666667)],[1],[0],[0],[2.6812776000006124],['submit_text'],,1,001,2025-10-16_16h06.55.120,untitled,,2025.1.1,60.43030000649677,2025-10-16 16h06.59.979923 +0530,
,158,18,7,,,_o_rd,Board,old,chord,[np.float64(0.046875)],[np.float64(-0.3033854166666667)],[1],[0],[0],[3.481221900030505],['submit_text'],,,,,7,18,158,10,601.7990989999962,,,,,,,,601.7852026000037,601.7990989999962,601.7990989999962,601.7990989999962,0.0014754000003449619,605.2671948999632,chord,[np.float64(0.046875)],[np.float64(-0.3033854166666667)],[1],[0],[0],[3.481221900030505],['submit_text'],,1,001,2025-10-16_16h06.55.120,untitled,,2025.1.1,60.43030000649677,2025-10-16 16h06.59.979923 +0530,
,159,19,7,,,c_m_ra,Camera,new,camera,[np.float64(0.046875)],[np.float64(-0.3033854166666667)],[1],[0],[0],[3.030196200008504],['submit_text'],,,,,7,19,159,19,605.2823194999946,,,,,,,,605.2688774999697,605.2823194999946,605.2823194999946,605.2823194999946,0.0015784999704919755,608.2998353999574,camera,[np.float64(0.046875)],[np.float64(-0.3033854166666667)],[1],[0],[0],[3.030196200008504],['submit_text'],,1,001,2025-10-16_16h06.55.120,untitled,,2025.1.1,60.43030000649677,2025-10-16 16h06.59.979923 +0530,
,160,0,8,,,c_s_,Case,old,case,[np.float64(0.046875)],[np.float64(-0.3033854166666667)],[1],[0],[0],[2.364951299969107],['submit_text'],,,,,8,0,160,5,608.3154803999932,,,,,,,,608.3013438999769,608.3154803999932,608.3154803999932,608.3154803999932,0.001420999993570149,610.6670952999848,case,[np.float64(0.046875)],[np.float64(-0.3033854166666667)],[1],[0],[0],[2.364951299969107],['submit_text'],,1,001,2025-10-16_16h06.55.120,untitled,,2025.1.1,60.43030000649677,2025-10-16 16h06.59.979923 +0530,
,161,1,8,,,ru_is,Cruise,old,cruise,[np.float64(0.046875)],[np.float64(-0.3033854166666667)],[1],[0],[0],[2.8305120000150055],['submit_text'],,,,,8,1,161,6,610.6829446000047,,,,,,,,610.6689061999787,610.6829446000047,610.6829446000047,610.6829446000047,0.0017120999982580543,613.5001654999796,cruise,[np.float64(0.046875)],[np.float64(-0.3033854166666667)],[1],[0],[0],[2.8305120000150055],['submit_text'],,1,001,2025-10-16_16h06.55.120,untitled,,2025.1.1,60.43030000649677,2025-10-16 16h06.59.979923 +0530,
,162,2,8,,,_o_rd,Board,old,chord,[np.float64(0.046875)],[np.float64(-0.3033854166666667)],[1],[0],[0],[3.0312884000013582],['submit_text'],,,,,8,2,162,10,613.5153554999852,,,,,,,,613.5017576999962,613.5153554999852,613.5153554999852,613.5153554999852,0.001508000015746802,616.5338040000061,chord,[np.float64(0.046875)],[np.float64(-0.3033854166666667)],[1],[0],[0],[3.0312884000013582],['submit_text'],,1,001,2025-10-16_16h06.55.120,untitled,,2025.1.1,60.43030000649677,2025-10-16 16h06.59.979923 +0530,
,163,3,8,,,_ho_e,Phone,old,horse,[np.float64(0.046875)],[np.float64(-0.3033854166666667)],[1],[0],[0],[3.2469997999724],['submit_text'],,,,,8,3,163,12,616.5483332999866,,,,,,,,616.5353899999755,616.5483332999866,616.5483332999866,616.5483332999866,0.0015008999616838992,619.7831451999955,horse,[np.float64(0.046875)],[np.float64(-0.3033854166666667)],[1],[0],[0],[3.2469997999724],['submit_text'],,1,001,2025-10-16_16h06.55.120,untitled,,2025.1.1,60.43030000649677,2025-10-16 16h06.59.979923 +0530,
,164,4,8,,,_ha_t,Chart,old,chart,[np.float64(0.046875)],[np.float64(-0.3033854166666667)],[1],[0],[0],[3.914191599993501],['submit_text'],,,,,8,4,164,1,619.7983866999857,,,,,,,,619.7847143999534,619.7983866999857,619.7983866999857,619.7983866999857,0.0014786000247113407,623.6996607999899,chart,[np.float64(0.046875)],[np.float64(-0.3033854166666667)],[1],[0],[0],[3.914191599993501],['submit_text'],,1,001,2025-10-16_16h06.55.120,untitled,,2025.1.1,60.43030000649677,2025-10-16 16h06.59.979923 +0530,
,165,5,8,,,p_nc_l,Pencil,new,pencil,[np.float64(0.046875)],[np.float64(-0.3033854166666667)],[1],[0],[0],[2.8808324999990873],['submit_text'],,,,,8,5,165,16,623.7150522999582,,,,,,,,623.7012684000074,623.7150522999582,623.7150522999582,623.7150522999582,0.0015149000100791454,626.5828977999627,pencil,[np.float64(0.046875)],[np.float64(-0.3033854166666667)],[1],[0],[0],[2.8808324999990873],['submit_text'],,1,001,2025-10-16_16h06.55.120,untitled,,2025.1.1,60.43030000649677,2025-10-16 16h06.59.979923 +0530,
,166,6,8,,,T_hi_t,Tshirt,old,tshirt,[np.float64(0.046875)],[np.float64(-0.3033854166666667)],[1],[0],[0],[2.8140776000218466],['submit_text'],,,,,8,6,166,2,626.5980514999828,,,,,,,,626.5844699000008,626.5980514999828,626.5980514999828,626.5980514999828,0.0014934000209905207,629.3993830999825,tshirt,[np.float64(0.046875)],[np.float64(-0.3033854166666667)],[1],[0],[0],[2.8140776000218466],['submit_text'],,1,001,2025-10-16_16h06.55.120,untitled,,2025.1.1,60.43030000649677,2025-10-16 16h06.59.979923 +0530,
,167,7,8,,,a_bl,Marble,old,table,[np.float64(0.046875)],[np.float64(-0.3033854166666667)],[1],[0],[0],[2.630992199992761],['submit_text'],,,,,8,7,167,11,629.4148984999629,,,,,,,,629.4010772999609,629.4148984999629,629.4148984999629,629.4148984999629,0.0016042000497691333,632.0331014999538,table,[np.float64(0.046875)],[np.float64(-0.3033854166666667)],[1],[0],[0],[2.630992199992761],['submit_text'],,1,001,2025-10-16_16h06.55.120,untitled,,2025.1.1,60.43030000649677,2025-10-16 16h06.59.979923 +0530,
,168,8,8,,,P_li_e,Police,old,police,[np.float64(0.046875)],[np.float64(-0.3033854166666667)],[1],[0],[0],[3.2466206999961287],['submit_text'],,,,,8,8,168,7,632.0489557999535,,,,,,,,632.0347981000086,632.0489557999535,632.0489557999535,632.0489557999535,0.0015599000034853816,635.2822087999666,police,[np.float64(0.046875)],[np.float64(-0.3033854166666667)],[1],[0],[0],[3.2466206999961287],['submit_text'],,1,001,2025-10-16_16h06.55.120,untitled,,2025.1.1,60.43030000649677,2025-10-16 16h06.59.979923 +0530,
,169,9,8,,,l_pt_p,Laptop,old,laptop,[np.float64(0.046875)],[np.float64(-0.3033854166666667)],[1],[0],[0],[4.097522599971853],['submit_text'],,,,,8,9,169,0,635.2977031999617,,,,,,,,635.283778699988,635.2977031999617,635.2977031999617,635.2977031999617,0.00149639998562634,639.3820694999886,laptop,[np.float64(0.046875)],[np.float64(-0.3033854166666667)],[1],[0],[0],[4.097522599971853],['submit_text'],,1,001,2025-10-16_16h06.55.120,untitled,,2025.1.1,60.43030000649677,2025-10-16 16h06.59.979923 +0530,
,170,10,8,,,c_m_ra,Camera,new,camera,[np.float64(0.046875)],[np.float64(-0.3033854166666667)],[1],[0],[0],[3.847813899978064],['submit_text'],,,,,8,10,170,19,639.3972817999893,,,,,,,,639.3838472999632,639.3972817999893,639.3972817999893,639.3972817999893,0.0017051000031642616,643.2324337000027,camera,[np.float64(0.046875)],[np.float64(-0.3033854166666667)],[1],[0],[0],[3.847813899978064],['submit_text'],,1,001,2025-10-16_16h06.55.120,untitled,,2025.1.1,60.43030000649677,2025-10-16 16h06.59.979923 +0530,
,171,11,8,,,K_y_,Keys,old,keys,[np.float64(0.046875)],[np.float64(-0.3033854166666667)],[1],[0],[0],[2.7647210999857634],['submit_text'],,,,,8,11,171,8,643.2474669999792,,,,,,,,643.2338707000017,643.2474669999792,643.2474669999792,643.2474669999792,0.0013685000012628734,645.999376999971,keys,[np.float64(0.046875)],[np.float64(-0.3033854166666667)],[1],[0],[0],[2.7647210999857634],['submit_text'],,1,001,2025-10-16_16h06.55.120,untitled,,2025.1.1,60.43030000649677,2025-10-16 16h06.59.979923 +0530,
,172,12,8,,,v_s_,Vase,new,vase,[np.float64(0.046875)],[np.float64(-0.3033854166666667)],[1],[0],[0],[2.9168637999682687],['submit_text'],,,,,8,12,172,17,646.0138405999751,,,,,,,,646.0009178000037,646.0138405999751,646.0138405999751,646.0138405999751,0.0014687000075355172,648.9194107999792,vase,[np.float64(0.046875)],[np.float64(-0.3033854166666667)],[1],[0],[0],[2.9168637999682687],['submit_text'],,1,001,2025-10-16_16h06.55.120,untitled,,2025.1.1,60.43030000649677,2025-10-16 16h06.59.979923 +0530,
,173,13,8,,,bo_t_e,Bottle,new,bottle,[np.float64(0.046875)],[np.float64(-0.3033854166666667)],[1],[0],[0],[3.1754943000269122],['submit_text'],,,,,8,13,173,18,648.9473673999892,,,,,,,,648.9228592999862,648.9473673999892,648.9473673999892,648.9473673999892,0.0032750999671407044,652.0997361000045,bottle,[np.float64(0.046875)],[np.float64(-0.3033854166666667)],[1],[0],[0],[3.1754943000269122],['submit_text'],,1,001,2025-10-16_16h06.55.120,untitled,,2025.1.1,60.43030000649677,2025-10-16 16h06.59.979923 +0530,
,174,14,8,,,P_as_tr_,Pastry,old,pastry,[np.float64(0.046875)],[np.float64(-0.3033854166666667)],[1],[0],[0],[3.2283748000045307],['submit_text'],,,,,8,14,174,4,652.1293139999616,,,,,,,,652.103424299974,652.1293139999616,652.1293139999616,652.1293139999616,0.003531099995598197,655.3330307999859,pastry,[np.float64(0.046875)],[np.float64(-0.3033854166666667)],[1],[0],[0],[3.2283748000045307],['submit_text'],,1,001,2025-10-16_16h06.55.120,untitled,,2025.1.1,60.43030000649677,2025-10-16 16h06.59.979923 +0530,
,175,15,8,,,c_s_io_,Cushion,old,cushion,[np.float64(0.046875)],[np.float64(-0.3033854166666667)],[1],[0],[0],[3.3781621999805793],['submit_text'],,,,,8,15,175,14,655.346688999969,,,,,,,,655.3357860999531,655.346688999969,655.346688999969,655.346688999969,0.0026495999773032963,658.7147933999659,cushion,[np.float64(0.046875)],[np.float64(-0.3033854166666667)],[1],[0],[0],[3.3781621999805793],['submit_text'],,1,001,2025-10-16_16h06.55.120,untitled,,2025.1.1,60.43030000649677,2025-10-16 16h06.59.979923 +0530,
,176,16,8,,,P_st_r,Poster,old,pastry,[np.float64(0.046875)],[np.float64(-0.3033854166666667)],[1],[0],[0],[2.9976063999929465],['submit_text'],,,,,8,16,176,9,658.7300792000024,,,,,,,,658.7163433000096,658.7300792000024,658.7300792000024,658.7300792000024,0.0014754000003449619,661.7147709999699,pastry,[np.float64(0.046875)],[np.float64(-0.3033854166666667)],[1],[0],[0],[2.9976063999929465],['submit_text'],,1,001,2025-10-16_16h06.55.120,untitled,,2025.1.1,60.43030000649677,2025-10-16 16h06.59.979923 +0530,
,177,17,8,,,_ou_se,mouse,old,mouse,[np.float64(0.046875)],[np.float64(-0.3033854166666667)],[1],[0],[0],[3.1138600999838673],['submit_text'],,,,,8,17,177,3,661.7300733999582,,,,,,,,661.7162603999604,661.7300733999582,661.7300733999582,661.7300733999582,0.001416300015989691,664.830953800003,mouse,[np.float64(0.046875)],[np.float64(-0.3033854166666667)],[1],[0],[0],[3.1138600999838673],['submit_text'],,1,001,2025-10-16_16h06.55.120,untitled,,2025.1.1,60.43030000649677,2025-10-16 16h06.59.979923 +0530,
,178,18,8,,,oo,Book,old,book,[np.float64(0.046875)],[np.float64(-0.3033854166666667)],[1],[0],[0],[3.0479543999535963],['submit_text'],,,,,8,18,178,13,664.8463461999781,,,,,,,,664.8324080999591,664.8463461999781,664.8463461999781,664.8463461999781,0.0013596000499092042,667.8811703999527,book,[np.float64(0.046875)],[np.float64(-0.3033854166666667)],[1],[0],[0],[3.0479543999535963],['submit_text'],,1,001,2025-10-16_16h06.55.120,untitled,,2025.1.1,60.43030000649677,2025-10-16 16h06.59.979923 +0530,
,179,19,8,,,ta_l_,Table,new,table,[np.float64(0.046875)],[np.float64(-0.3033854166666667)],[1],[0],[0],[2.6135548999882303],['submit_text'],,,,,8,19,179,15,667.8965030999971,,,,,,,,667.8827097999747,667.8965030999971,667.8965030999971,667.8965030999971,0.0014504999853670597,670.4970726000029,table,[np.float64(0.046875)],[np.float64(-0.3033854166666667)],[1],[0],[0],[2.6135548999882303],['submit_text'],,1,001,2025-10-16_16h06.55.120,untitled,,2025.1.1,60.43030000649677,2025-10-16 16h06.59.979923 +0530,
,180,0,9,,,a_bl,Marble,old,table,[np.float64(0.046875)],[np.float64(-0.3033854166666667)],[1],[0],[0],[3.0813736999989487],['submit_text'],,,,,9,0,180,11,670.5130265000043,,,,,,,,670.4985258000088,670.5130265000043,670.5130265000043,670.5130265000043,0.0013694000081159174,673.5807270999649,table,[np.float64(0.046875)],[np.float64(-0.3033854166666667)],[1],[0],[0],[3.0813736999989487],['submit_text'],,1,001,2025-10-16_16h06.55.120,untitled,,2025.1.1,60.43030000649677,2025-10-16 16h06.59.979923 +0530,
,181,1,9,,,P_as_tr_,Pastry,old,pastry,[np.float64(0.046875)],[np.float64(-0.3033854166666667)],[1],[0],[0],[2.5969875000300817],['submit_text'],,,,,9,1,181,4,673.5960959999938,,,,,,,,673.5825737999985,673.5960959999938,673.5960959999938,673.5960959999938,0.0017648999928496778,676.1804006999591,pastry,[np.float64(0.046875)],[np.float64(-0.3033854166666667)],[1],[0],[0],[2.5969875000300817],['submit_text'],,1,001,2025-10-16_16h06.55.120,untitled,,2025.1.1,60.43030000649677,2025-10-16 16h06.59.979923 +0530,
,182,2,9,,,_ha_t,Chart,old,chart,[np.float64(0.046875)],[np.float64(-0.3033854166666667)],[1],[0],[0],[3.8973250999697484],['submit_text'],,,,,9,2,182,1,676.1959099000087,,,,,,,,676.1819738000049,676.1959099000087,676.1959099000087,676.1959099000087,0.0014924000133760273,680.0801349999965,chart,[np.float64(0.046875)],[np.float64(-0.3033854166666667)],[1],[0],[0],[3.8973250999697484],['submit_text'],,1,001,2025-10-16_16h06.55.120,untitled,,2025.1.1,60.43030000649677,2025-10-16 16h06.59.979923 +0530,
,183,3,9,,,_o_rd,Board,old,chord,[np.float64(0.046875)],[np.float64(-0.3033854166666667)],[1],[0],[0],[3.2813612000318244],['submit_text'],,,,,9,3,183,10,680.0961677999585,,,,,,,,680.0815882000024,680.0961677999585,680.0961677999585,680.0961677999585,0.001367799995932728,683.3637719999533,chord,[np.float64(0.046875)],[np.float64(-0.3033854166666667)],[1],[0],[0],[3.2813612000318244],['submit_text'],,1,001,2025-10-16_16h06.55.120,untitled,,2025.1.1,60.43030000649677,2025-10-16 16h06.59.979923 +0530,
,184,4,9,,,_ho_e,Phone,old,horse,[np.float64(0.046875)],[np.float64(-0.3033854166666667)],[1],[0],[0],[3.2642440000199713],['submit_text'],,,,,9,4,184,12,683.3786368999863,,,,,,,,683.3653314999538,683.3786368999863,683.3786368999863,683.3786368999863,0.0014762000064365566,686.6304629999795,horse,[np.float64(0.046875)],[np.float64(-0.3033854166666667)],[1],[0],[0],[3.2642440000199713],['submit_text'],,1,001,2025-10-16_16h06.55.120,untitled,,2025.1.1,60.43030000649677,2025-10-16 16h06.59.979923 +0530,
,185,5,9,,,c_m_ra,Camera,new,camera,[np.float64(0.046875)],[np.float64(-0.3033854166666667)],[1],[0],[0],[3.3963799999910407],['submit_text'],,,,,9,5,185,19,686.6465670999605,,,,,,,,686.6324044999783,686.6465670999605,686.6465670999605,686.6465670999605,0.0018230000277981162,690.0296248999657,camera,[np.float64(0.046875)],[np.float64(-0.3033854166666667)],[1],[0],[0],[3.3963799999910407],['submit_text'],,1,001,2025-10-16_16h06.55.120,untitled,,2025.1.1,60.43030000649677,2025-10-16 16h06.59.979923 +0530,
,186,6,9,,,P_st_r,Poster,old,pastry,[np.float64(0.046875)],[np.float64(-0.3033854166666667)],[1],[0],[0],[2.897495999990497],['submit_text'],,,,,9,6,186,9,690.0456064000027,,,,,,,,690.0312181999907,690.0456064000027,690.0456064000027,690.0456064000027,0.0015053999959491193,692.9295368999592,pastry,[np.float64(0.046875)],[np.float64(-0.3033854166666667)],[1],[0],[0],[2.897495999990497],['submit_text'],,1,001,2025-10-16_16h06.55.120,untitled,,2025.1.1,60.43030000649677,2025-10-16 16h06.59.979923 +0530,
,187,7,9,,,T_hi_t,Tshirt,old,tshirt,[np.float64(0.046875)],[np.float64(-0.3033854166666667)],[1],[0],[0],[3.7308801999897696],['submit_text'],,,,,9,7,187,2,692.945175300003,,,,,,,,692.9310788000003,692.945175300003,692.945175300003,692.945175300003,0.001470100018195808,696.6627973999712,tshirt,[np.float64(0.046875)],[np.float64(-0.3033854166666667)],[1],[0],[0],[3.7308801999897696],['submit_text'],,1,001,2025-10-16_16h06.55.120,untitled,,2025.1.1,60.43030000649677,2025-10-16 16h06.59.979923 +0530,
,188,8,9,,,l_pt_p,Laptop,old,laptop,[np.float64(0.046875)],[np.float64(-0.3033854166666667)],[1],[0],[0],[3.8638394000008702],['submit_text'],,,,,9,8,188,0,696.6786445999751,,,,,,,,696.66475419997,696.6786445999751,696.6786445999751,696.6786445999751,0.0018746000132523477,700.529433699965,laptop,[np.float64(0.046875)],[np.float64(-0.3033854166666667)],[1],[0],[0],[3.8638394000008702],['submit_text'],,1,001,2025-10-16_16h06.55.120,untitled,,2025.1.1,60.43030000649677,2025-10-16 16h06.59.979923 +0530,
,189,9,9,,,_ou_se,mouse,old,mouse,[np.float64(0.046875)],[np.float64(-0.3033854166666667)],[1],[0],[0],[2.6144402000354603],['submit_text'],,,,,9,9,189,3,700.5448516999604,,,,,,,,700.5309948999784,700.5448516999604,700.5448516999604,700.5448516999604,0.001485799963120371,703.1462783999741,mouse,[np.float64(0.046875)],[np.float64(-0.3033854166666667)],[1],[0],[0],[2.6144402000354603],['submit_text'],,1,001,2025-10-16_16h06.55.120,untitled,,2025.1.1,60.43030000649677,2025-10-16 16h06.59.979923 +0530,
,190,10,9,,,c_s_io_,Cushion,old,cushion,[np.float64(0.046875)],[np.float64(-0.3033854166666667)],[1],[0],[0],[5.647747800045181],['submit_text'],,,,,9,10,190,14,703.1617365999846,,,,,,,,703.1478501000092,703.1617365999846,703.1617365999846,703.1617365999846,0.001490800001192838,708.7964648999623,cushion,[np.float64(0.046875)],[np.float64(-0.3033854166666667)],[1],[0],[0],[5.647747800045181],['submit_text'],,1,001,2025-10-16_16h06.55.120,untitled,,2025.1.1,60.43030000649677,2025-10-16 16h06.59.979923 +0530,
,191,11,9,,,K_y_,Keys,old,keys,[np.float64(0.046875)],[np.float64(-0.3033854166666667)],[1],[0],[0],[2.5986986000207253],['submit_text'],,,,,9,11,191,8,708.8116642999812,,,,,,,,708.7979868999682,708.8116642999812,708.8116642999812,708.8116642999812,0.001438200008124113,711.3976068999618,keys,[np.float64(0.046875)],[np.float64(-0.3033854166666667)],[1],[0],[0],[2.5986986000207253],['submit_text'],,1,001,2025-10-16_16h06.55.120,untitled,,2025.1.1,60.43030000649677,2025-10-16 16h06.59.979923 +0530,
,192,12,9,,,ta_l_,Table,new,table,[np.float64(0.046875)],[np.float64(-0.3033854166666667)],[1],[0],[0],[2.5121664000325836],['submit_text'],,,,,9,12,192,15,711.4128244000021,,,,,,,,711.3993308999925,711.4128244000021,711.4128244000021,711.4128244000021,0.0016383000183850527,713.9124084999785,table,[np.float64(0.046875)],[np.float64(-0.3033854166666667)],[1],[0],[0],[2.5121664000325836],['submit_text'],,1,001,2025-10-16_16h06.55.120,untitled,,2025.1.1,60.43030000649677,2025-10-16 16h06.59.979923 +0530,
,193,13,9,,,ru_is,Cruise,old,cruise,[np.float64(0.046875)],[np.float64(-0.3033854166666667)],[1],[0],[0],[3.3145162999862805],['submit_text'],,,,,9,13,193,6,713.9278857999598,,,,,,,,713.9139503999613,713.9278857999598,713.9278857999598,713.9278857999598,0.0014599999994970858,717.2293418999761,cruise,[np.float64(0.046875)],[np.float64(-0.3033854166666667)],[1],[0],[0],[3.3145162999862805],['submit_text'],,1,001,2025-10-16_16h06.55.120,untitled,,2025.1.1,60.43030000649677,2025-10-16 16h06.59.979923 +0530,
,194,14,9,,,P_li_e,Police,old,police,[np.float64(0.046875)],[np.float64(-0.3033854166666667)],[1],[0],[0],[2.9637289000093006],['submit_text'],,,,,9,14,194,7,717.2440544999554,,,,,,,,717.2309091999778,717.2440544999554,717.2440544999554,717.2440544999554,0.0014944999711588025,720.1955499000032,police,[np.float64(0.046875)],[np.float64(-0.3033854166666667)],[1],[0],[0],[2.9637289000093006],['submit_text'],,1,001,2025-10-16_16h06.55.120,untitled,,2025.1.1,60.43030000649677,2025-10-16 16h06.59.979923 +0530,
,195,15,9,,,v_s_,Vase,new,vase,[np.float64(0.046875)],[np.float64(-0.3033854166666667)],[1],[0],[0],[2.6140205999836326],['submit_text'],,,,,9,15,195,17,720.2109603999997,,,,,,,,720.1970951999538,720.2109603999997,720.2109603999997,720.2109603999997,0.0014637000276707113,722.8119836999686,vase,[np.float64(0.046875)],[np.float64(-0.3033854166666667)],[1],[0],[0],[2.6140205999836326],['submit_text'],,1,001,2025-10-16_16h06.55.120,untitled,,2025.1.1,60.43030000649677,2025-10-16 16h06.59.979923 +0530,
,196,16,9,,,bo_t_e,Bottle,new,bottle,[np.float64(0.046875)],[np.float64(-0.3033854166666667)],[1],[0],[0],[3.4809801999945194],['submit_text'],,,,,9,16,196,18,722.8276035999879,,,,,,,,722.8135617999942,722.8276035999879,722.8276035999879,722.8276035999879,0.0015063000028021634,726.2954179999651,bottle,[np.float64(0.046875)],[np.float64(-0.3033854166666667)],[1],[0],[0],[3.4809801999945194],['submit_text'],,1,001,2025-10-16_16h06.55.120,untitled,,2025.1.1,60.43030000649677,2025-10-16 16h06.59.979923 +0530,
,197,17,9,,,p_nc_l,Pencil,new,pencil,[np.float64(0.046875)],[np.float64(-0.3033854166666667)],[1],[0],[0],[3.080759799981024],['submit_text'],,,,,9,17,197,16,726.3106393999769,,,,,,,,726.2970176999806,726.3106393999769,726.3106393999769,726.3106393999769,0.0015226000105030835,729.3786612999975,pencil,[np.float64(0.046875)],[np.float64(-0.3033854166666667)],[1],[0],[0],[3.080759799981024],['submit_text'],,1,001,2025-10-16_16h06.55.120,untitled,,2025.1.1,60.43030000649677,2025-10-16 16h06.59.979923 +0530,
,198,18,9,,,c_s_,Case,old,case,[np.float64(0.046875)],[np.float64(-0.3033854166666667)],[1],[0],[0],[2.5980204999796115],['submit_text'],,,,,9,18,198,5,729.3938656999962,,,,,,,,729.3801328999689,729.3938656999962,729.3938656999962,729.3938656999962,0.001382600050419569,731.9790268999641,case,[np.float64(0.046875)],[np.float64(-0.3033854166666667)],[1],[0],[0],[2.5980204999796115],['submit_text'],,1,001,2025-10-16_16h06.55.120,untitled,,2025.1.1,60.43030000649677,2025-10-16 16h06.59.979923 +0530,
,199,19,9,,,oo,Book,old,book,[np.float64(0.046875)],[np.float64(-0.3033854166666667)],[1],[0],[0],[2.6306145999697037],['submit_text'],,,,,9,19,199,13,731.9936448999797,,,,,,,,731.9804710999597,731.9936448999797,731.9936448999797,731.9936448999797,0.0013682999997399747,734.6119690999622,book,[np.float64(0.046875)],[np.float64(-0.3033854166666667)],[1],[0],[0],[2.6306145999697037],['submit_text'],,1,001,2025-10-16_16h06.55.120,untitled,,2025.1.1,60.43030000649677,2025-10-16 16h06.59.979923 +0530,
,200,0,10,,,T_hi_t,Tshirt,old,tshirt,[np.float64(0.046875)],[np.float64(-0.3033854166666667)],[1],[0],[0],[3.4137630999903195],['submit_text'],,,,,10,0,200,2,734.6269741999567,,,,,,,,734.6135394999874,734.6269741999567,734.6269741999567,734.6269741999567,0.0014971999917179346,738.0281904999865,tshirt,[np.float64(0.046875)],[np.float64(-0.3033854166666667)],[1],[0],[0],[3.4137630999903195],['submit_text'],,1,001,2025-10-16_16h06.55.120,untitled,,2025.1.1,60.43030000649677,2025-10-16 16h06.59.979923 +0530,
,201,1,10,,,ta_l_,Table,new,table,[np.float64(0.046875)],[np.float64(-0.3033854166666667)],[1],[0],[0],[3.080644499976188],['submit_text'],,,,,10,1,201,15,738.0434601999586,,,,,,,,738.0297653999878,738.0434601999586,738.0434601999586,738.0434601999586,0.0014979999978095293,741.1112996999873,table,[np.float64(0.046875)],[np.float64(-0.3033854166666667)],[1],[0],[0],[3.080644499976188],['submit_text'],,1,001,2025-10-16_16h06.55.120,untitled,,2025.1.1,60.43030000649677,2025-10-16 16h06.59.979923 +0530,
,202,2,10,,,c_s_io_,Cushion,old,cushion,[np.float64(0.046875)],[np.float64(-0.3033854166666667)],[1],[0],[0],[4.230139899998903],['submit_text'],,,,,10,2,202,14,741.1266027999809,,,,,,,,741.1131025999784,741.1266027999809,741.1266027999809,741.1266027999809,0.0017274999991059303,745.344172299956,cushion,[np.float64(0.046875)],[np.float64(-0.3033854166666667)],[1],[0],[0],[4.230139899998903],['submit_text'],,1,001,2025-10-16_16h06.55.120,untitled,,2025.1.1,60.43030000649677,2025-10-16 16h06.59.979923 +0530,
,203,3,10,,,p_nc_l,Pencil,new,pencil,[np.float64(0.046875)],[np.float64(-0.3033854166666667)],[1],[0],[0],[4.081267399946228],['submit_text'],,,,,10,3,203,16,745.3598182999995,,,,,,,,745.3458111999789,745.3598182999995,745.3598182999995,745.3598182999995,0.0015384000143967569,749.4279770999565,pencil,[np.float64(0.046875)],[np.float64(-0.3033854166666667)],[1],[0],[0],[4.081267399946228],['submit_text'],,1,001,2025-10-16_16h06.55.120,untitled,,2025.1.1,60.43030000649677,2025-10-16 16h06.59.979923 +0530,
,204,4,10,,,K_y_,Keys,old,keys,[np.float64(0.046875)],[np.float64(-0.3033854166666667)],[1],[0],[0],[2.563773999980185],['submit_text'],,,,,10,4,204,8,749.4426785999676,,,,,,,,749.4296229999745,749.4426785999676,749.4426785999676,749.4426785999676,0.001561800017952919,751.9943174999789,keys,[np.float64(0.046875)],[np.float64(-0.3033854166666667)],[1],[0],[0],[2.563773999980185],['submit_text'],,1,001,2025-10-16_16h06.55.120,untitled,,2025.1.1,60.43030000649677,2025-10-16 16h06.59.979923 +0530,
,205,5,10,,,bo_t_e,Bottle,new,bottle,[np.float64(0.046875)],[np.float64(-0.3033854166666667)],[1],[0],[0],[2.615343599987682],['submit_text'],,,,,10,5,205,18,752.0105370999663,,,,,,,,751.9960012999945,752.0105370999663,752.0105370999663,752.0105370999663,0.0015950000379234552,754.6122531999717,bottle,[np.float64(0.046875)],[np.float64(-0.3033854166666667)],[1],[0],[0],[2.615343599987682],['submit_text'],,1,001,2025-10-16_16h06.55.120,untitled,,2025.1.1,60.43030000649677,2025-10-16 16h06.59.979923 +0530,
,206,6,10,,,a_bl,Marble,old,table,[np.float64(0.046875)],[np.float64(-0.3033854166666667)],[1],[0],[0],[3.1131958999903873],['submit_text'],,,,,10,6,206,11,754.625843399961,,,,,,,,754.6139849000028,754.625843399961,754.625843399961,754.625843399961,0.0016431999974884093,757.7280854999553,table,[np.float64(0.046875)],[np.float64(-0.3033854166666667)],[1],[0],[0],[3.1131958999903873],['submit_text'],,1,001,2025-10-16_16h06.55.120,untitled,,2025.1.1,60.43030000649677,2025-10-16 16h06.59.979923 +0530,
,207,7,10,,,_ho_e,Phone,old,horse,[np.float64(0.046875)],[np.float64(-0.3033854166666667)],[1],[0],[0],[3.37974750000285],['submit_text'],,,,,10,7,207,12,757.7425756999874,,,,,,,,757.7296741000027,757.7425756999874,757.7425756999874,757.7425756999874,0.0015034000389277935,761.1103652999736,horse,[np.float64(0.046875)],[np.float64(-0.3033854166666667)],[1],[0],[0],[3.37974750000285],['submit_text'],,1,001,2025-10-16_16h06.55.120,untitled,,2025.1.1,60.43030000649677,2025-10-16 16h06.59.979923 +0530,
,208,8,10,,,_ha_t,Chart,old,chart,[np.float64(0.046875)],[np.float64(-0.3033854166666667)],[1],[0],[0],[3.4145508999936283],['submit_text'],,,,,10,8,208,1,761.1261074999929,,,,,,,,761.1119353999966,761.1261074999929,761.1261074999929,761.1261074999929,0.001483400003053248,764.5274026999832,chart,[np.float64(0.046875)],[np.float64(-0.3033854166666667)],[1],[0],[0],[3.4145508999936283],['submit_text'],,1,001,2025-10-16_16h06.55.120,untitled,,2025.1.1,60.43030000649677,2025-10-16 16h06.59.979923 +0530,
,209,9,10,,,_o_rd,Board,old,chord,[np.float64(0.046875)],[np.float64(-0.3033854166666667)],[1],[0],[0],[2.663481399999],['submit_text'],,,,,10,9,209,10,764.5426337999525,,,,,,,,764.5290118999546,764.5426337999525,764.5426337999525,764.5426337999525,0.001513299997895956,767.1934980999795,chord,[np.float64(0.046875)],[np.float64(-0.3033854166666667)],[1],[0],[0],[2.663481399999],['submit_text'],,1,001,2025-10-16_16h06.55.120,untitled,,2025.1.1,60.43030000649677,2025-10-16 16h06.59.979923 +0530,
,210,10,10,,,c_s_,Case,old,case,[np.float64(0.046875)],[np.float64(-0.3033854166666667)],[1],[0],[0],[2.5641917000175454],['submit_text'],,,,,10,10,210,5,767.2087549999706,,,,,,,,767.1950985000003,767.2087549999706,767.2087549999706,767.2087549999706,0.0015015999670140445,769.7602624999708,case,[np.float64(0.046875)],[np.float64(-0.3033854166666667)],[1],[0],[0],[2.5641917000175454],['submit_text'],,1,001,2025-10-16_16h06.55.120,untitled,,2025.1.1,60.43030000649677,2025-10-16 16h06.59.979923 +0530,
,211,11,10,,,P_as_tr_,Pastry,old,pastry,[np.float64(0.046875)],[np.float64(-0.3033854166666667)],[1],[0],[0],[2.947748100035824],['submit_text'],,,,,10,11,211,4,769.775692700001,,,,,,,,769.761903000006,769.775692700001,769.775692700001,769.775692700001,0.0015454000094905496,772.710637799988,pastry,[np.float64(0.046875)],[np.float64(-0.3033854166666667)],[1],[0],[0],[2.947748100035824],['submit_text'],,1,001,2025-10-16_16h06.55.120,untitled,,2025.1.1,60.43030000649677,2025-10-16 16h06.59.979923 +0530,
,212,12,10,,,oo,Book,old,book,[np.float64(0.046875)],[np.float64(-0.3033854166666667)],[1],[0],[0],[2.5137582000461407],['submit_text'],,,,,10,12,212,13,772.7265338999568,,,,,,,,772.7121690000058,772.7265338999568,772.7265338999568,772.7265338999568,0.0014332000282593071,775.2268516999902,book,[np.float64(0.046875)],[np.float64(-0.3033854166666667)],[1],[0],[0],[2.5137582000461407],['submit_text'],,1,001,2025-10-16_16h06.55.120,untitled,,2025.1.1,60.43030000649677,2025-10-16 16h06.59.979923 +0530,
,213,13,10,,,c_m_ra,Camera,new,camera,[np.float64(0.046875)],[np.float64(-0.3033854166666667)],[1],[0],[0],[2.8805264999973588],['submit_text'],,,,,10,13,213,19,775.2421963000088,,,,,,,,775.2285025999881,775.2421963000088,775.2421963000088,775.2421963000088,0.0015675000031478703,778.109961899987,camera,[np.float64(0.046875)],[np.float64(-0.3033854166666667)],[1],[0],[0],[2.8805264999973588],['submit_text'],,1,001,2025-10-16_16h06.55.120,untitled,,2025.1.1,60.43030000649677,2025-10-16 16h06.59.979923 +0530,
,214,14,10,,,l_pt_p,Laptop,old,laptop,[np.float64(0.046875)],[np.float64(-0.3033854166666667)],[1],[0],[0],[2.6973106000223197],['submit_text'],,,,,10,14,214,0,778.1252682000049,,,,,,,,778.1117876999779,778.1252682000049,778.1252682000049,778.1252682000049,0.0017523000133223832,780.8100361999823,laptop,[np.float64(0.046875)],[np.float64(-0.3033854166666667)],[1],[0],[0],[2.6973106000223197],['submit_text'],,1,001,2025-10-16_16h06.55.120,untitled,,2025.1.1,60.43030000649677,2025-10-16 16h06.59.979923 +0530,
,215,15,10,,,ru_is,Cruise,old,cruise,[np.float64(0.046875)],[np.float64(-0.3033854166666667)],[1],[0],[0],[3.0802853000350296],['submit_text'],,,,,10,15,215,6,780.8251201999956,,,,,,,,780.8116402999731,780.8251201999956,780.8251201999956,780.8251201999956,0.0015298000071197748,783.8928866999922,cruise,[np.float64(0.046875)],[np.float64(-0.3033854166666667)],[1],[0],[0],[3.0802853000350296],['submit_text'],,1,001,2025-10-16_16h06.55.120,untitled,,2025.1.1,60.43030000649677,2025-10-16 16h06.59.979923 +0530,
,216,16,10,,,v_s_,Vase,new,vase,[np.float64(0.046875)],[np.float64(-0.3033854166666667)],[1],[0],[0],[2.5978194000199437],['submit_text'],,,,,10,16,216,17,783.9090304999845,,,,,,,,783.8944555000053,783.9090304999845,783.9090304999845,783.9090304999845,0.0014845000114291906,786.4932241999777,vase,[np.float64(0.046875)],[np.float64(-0.3033854166666667)],[1],[0],[0],[2.5978194000199437],['submit_text'],,1,001,2025-10-16_16h06.55.120,untitled,,2025.1.1,60.43030000649677,2025-10-16 16h06.59.979923 +0530,
,217,17,10,,,_ou_se,mouse,old,mouse,[np.float64(0.046875)],[np.float64(-0.3033854166666667)],[1],[0],[0],[2.8472101000370458],['submit_text'],,,,,10,17,217,3,786.5083567999536,,,,,,,,786.4947951000067,786.5083567999536,786.5083567999536,786.5083567999536,0.001494700030889362,789.342935099965,mouse,[np.float64(0.046875)],[np.float64(-0.3033854166666667)],[1],[0],[0],[2.8472101000370458],['submit_text'],,1,001,2025-10-16_16h06.55.120,untitled,,2025.1.1,60.43030000649677,2025-10-16 16h06.59.979923 +0530,
,218,18,10,,,P_st_r,Poster,old,pastry,[np.float64(0.046875)],[np.float64(-0.3033854166666667)],[1],[0],[0],[3.5297240000218153],['submit_text'],,,,,10,18,218,9,789.3581933999667,,,,,,,,789.3448792999843,789.3581933999667,789.3581933999667,789.3581933999667,0.0018687999690882862,792.875539599976,pastry,[np.float64(0.046875)],[np.float64(-0.3033854166666667)],[1],[0],[0],[3.5297240000218153],['submit_text'],,1,001,2025-10-16_16h06.55.120,untitled,,2025.1.1,60.43030000649677,2025-10-16 16h06.59.979923 +0530,
,219,19,10,,,P_li_e,Police,old,police,[np.float64(0.046875)],[np.float64(-0.3033854166666667)],[1],[0],[0],[2.7807494000298902],['submit_text'],,,,,10,19,219,7,792.8911525000003,,,,,,,,792.877438800002,792.8911525000003,792.8911525000003,792.8911525000003,0.0018276000046171248,795.6591791999526,police,[np.float64(0.046875)],[np.float64(-0.3033854166666667)],[1],[0],[0],[2.7807494000298902],['submit_text'],,1,001,2025-10-16_16h06.55.120,untitled,,2025.1.1,60.43030000649677,2025-10-16 16h06.59.979923 +0530,
,220,0,11,,,ta_l_,Table,new,table,[np.float64(0.046875)],[np.float64(-0.3033854166666667)],[1],[0],[0],[3.597288099990692],['submit_text'],,,,,11,0,220,15,795.6745798999909,,,,,,,,795.6607517999946,795.6745798999909,795.6745798999909,795.6745798999909,0.001491100003477186,799.258992899966,table,[np.float64(0.046875)],[np.float64(-0.3033854166666667)],[1],[0],[0],[3.597288099990692],['submit_text'],,1,001,2025-10-16_16h06.55.120,untitled,,2025.1.1,60.43030000649677,2025-10-16 16h06.59.979923 +0530,
,221,1,11,,,_ho_e,Phone,old,horse,[np.float64(0.046875)],[np.float64(-0.3033854166666667)],[1],[0],[0],[2.897466299997177],['submit_text'],,,,,11,1,221,12,799.2742163999937,,,,,,,,799.2605522999656,799.2742163999937,799.2742163999937,799.2742163999937,0.0014818000490777194,802.1589794000029,horse,[np.float64(0.046875)],[np.float64(-0.3033854166666667)],[1],[0],[0],[2.897466299997177],['submit_text'],,1,001,2025-10-16_16h06.55.120,untitled,,2025.1.1,60.43030000649677,2025-10-16 16h06.59.979923 +0530,
,222,2,11,,,a_bl,Marble,old,table,[np.float64(0.046875)],[np.float64(-0.3033854166666667)],[1],[0],[0],[3.0149556000251323],['submit_text'],,,,,11,2,222,11,802.1742592999944,,,,,,,,802.160438299994,802.1742592999944,802.1742592999944,802.1742592999944,0.0013803999754600227,805.176348799956,table,[np.float64(0.046875)],[np.float64(-0.3033854166666667)],[1],[0],[0],[3.0149556000251323],['submit_text'],,1,001,2025-10-16_16h06.55.120,untitled,,2025.1.1,60.43030000649677,2025-10-16 16h06.59.979923 +0530,
,223,3,11,,,P_as_tr_,Pastry,old,pastry,[np.float64(0.046875)],[np.float64(-0.3033854166666667)],[1],[0],[0],[3.046089600014966],['submit_text'],,,,,11,3,223,4,805.1906899999594,,,,,,,,805.1779469999601,805.1906899999594,805.1906899999594,805.1906899999594,0.0015296000055968761,808.2250225999742,pastry,[np.float64(0.046875)],[np.float64(-0.3033854166666667)],[1],[0],[0],[3.046089600014966],['submit_text'],,1,001,2025-10-16_16h06.55.120,untitled,,2025.1.1,60.43030000649677,2025-10-16 16h06.59.979923 +0530,
,224,4,11,,,v_s_,Vase,new,vase,[np.float64(0.046875)],[np.float64(-0.3033854166666667)],[1],[0],[0],[3.3146365000284277],['submit_text'],,,,,11,4,224,17,808.2406798999873,,,,,,,,808.226474599971,808.2406798999873,808.2406798999873,808.2406798999873,0.001375199994072318,811.5420994999586,vase,[np.float64(0.046875)],[np.float64(-0.3033854166666667)],[1],[0],[0],[3.3146365000284277],['submit_text'],,1,001,2025-10-16_16h06.55.120,untitled,,2025.1.1,60.43030000649677,2025-10-16 16h06.59.979923 +0530,
,225,5,11,,,c_s_io_,Cushion,old,cushion,[np.float64(0.046875)],[np.float64(-0.3033854166666667)],[1],[0],[0],[3.047506000031717],['submit_text'],,,,,11,5,225,14,811.5570828999626,,,,,,,,811.5436895999592,811.5570828999626,811.5570828999626,811.5570828999626,0.0015196999884210527,814.5921744999941,cushion,[np.float64(0.046875)],[np.float64(-0.3033854166666667)],[1],[0],[0],[3.047506000031717],['submit_text'],,1,001,2025-10-16_16h06.55.120,untitled,,2025.1.1,60.43030000649677,2025-10-16 16h06.59.979923 +0530,
,226,6,11,,,T_hi_t,Tshirt,old,tshirt,[np.float64(0.046875)],[np.float64(-0.3033854166666667)],[1],[0],[0],[2.896675600029994],['submit_text'],,,,,11,6,226,2,814.6070607999573,,,,,,,,814.593760299962,814.6070607999573,814.6070607999573,814.6070607999573,0.001505899999756366,817.4914142999914,tshirt,[np.float64(0.046875)],[np.float64(-0.3033854166666667)],[1],[0],[0],[2.896675600029994],['submit_text'],,1,001,2025-10-16_16h06.55.120,untitled,,2025.1.1,60.43030000649677,2025-10-16 16h06.59.979923 +0530,
,227,7,11,,,p_nc_l,Pencil,new,pencil,[np.float64(0.046875)],[np.float64(-0.3033854166666667)],[1],[0],[0],[4.048079000029247],['submit_text'],,,,,11,7,227,16,817.5069609999773,,,,,,,,817.4930090999696,817.5069609999773,817.5069609999773,817.5069609999773,0.0015196999884210527,821.5420671000029,pencil,[np.float64(0.046875)],[np.float64(-0.3033854166666667)],[1],[0],[0],[4.048079000029247],['submit_text'],,1,001,2025-10-16_16h06.55.120,untitled,,2025.1.1,60.43030000649677,2025-10-16 16h06.59.979923 +0530,
,228,8,11,,,ru_is,Cruise,old,cruise,[np.float64(0.046875)],[np.float64(-0.3033854166666667)],[1],[0],[0],[3.764161499973852],['submit_text'],,,,,11,8,228,6,821.556897500006,,,,,,,,821.5437582999584,821.556897500006,821.556897500006,821.556897500006,0.0016187000437639654,825.3089018999599,cruise,[np.float64(0.046875)],[np.float64(-0.3033854166666667)],[1],[0],[0],[3.764161499973852],['submit_text'],,1,001,2025-10-16_16h06.55.120,untitled,,2025.1.1,60.43030000649677,2025-10-16 16h06.59.979923 +0530,
,229,9,11,,,c_m_ra,Camera,new,camera,[np.float64(0.046875)],[np.float64(-0.3033854166666667)],[1],[0],[0],[3.0133489000145346],['submit_text'],,,,,11,9,229,19,825.3233742999728,,,,,,,,825.310475300008,825.3233742999728,825.3233742999728,825.3233742999728,0.0014952000346966088,828.3248071999988,camera,[np.float64(0.046875)],[np.float64(-0.3033854166666667)],[1],[0],[0],[3.0133489000145346],['submit_text'],,1,001,2025-10-16_16h06.55.120,untitled,,2025.1.1,60.43030000649677,2025-10-16 16h06.59.979923 +0530,
,230,10,11,,,P_li_e,Police,old,police,[np.float64(0.046875)],[np.float64(-0.3033854166666667)],[1],[0],[0],[2.8645680000190623],['submit_text'],,,,,11,10,230,7,828.3399805999943,,,,,,,,828.3265660000034,828.3399805999943,828.3399805999943,828.3399805999943,0.0016821000026538968,831.1921352999634,police,[np.float64(0.046875)],[np.float64(-0.3033854166666667)],[1],[0],[0],[2.8645680000190623],['submit_text'],,1,001,2025-10-16_16h06.55.120,untitled,,2025.1.1,60.43030000649677,2025-10-16 16h06.59.979923 +0530,
,231,11,11,,,_o_rd,Board,old,chord,[np.float64(0.046875)],[np.float64(-0.3033854166666667)],[1],[0],[0],[2.413197499990929],['submit_text'],,,,,11,11,231,10,831.2063593000057,,,,,,,,831.1936941999593,831.2063593000057,831.2063593000057,831.2063593000057,0.0014817000483162701,833.6078974999837,chord,[np.float64(0.046875)],[np.float64(-0.3033854166666667)],[1],[0],[0],[2.413197499990929],['submit_text'],,1,001,2025-10-16_16h06.55.120,untitled,,2025.1.1,60.43030000649677,2025-10-16 16h06.59.979923 +0530,
,232,12,11,,,oo,Book,old,book,[np.float64(0.046875)],[np.float64(-0.3033854166666667)],[1],[0],[0],[3.680564299982507],['submit_text'],,,,,11,12,232,13,833.6230175999808,,,,,,,,833.6094912999542,833.6230175999808,833.6230175999808,833.6230175999808,0.0015177000313997269,837.2911286999588,book,[np.float64(0.046875)],[np.float64(-0.3033854166666667)],[1],[0],[0],[3.680564299982507],['submit_text'],,1,001,2025-10-16_16h06.55.120,untitled,,2025.1.1,60.43030000649677,2025-10-16 16h06.59.979923 +0530,
,233,13,11,,,c_s_,Case,old,case,[np.float64(0.046875)],[np.float64(-0.3033854166666667)],[1],[0],[0],[2.4801002999884076],['submit_text'],,,,,11,13,233,5,837.3062128999736,,,,,,,,837.2930683000013,837.3062128999736,837.3062128999736,837.3062128999736,0.0017652999958954751,839.7741650999524,case,[np.float64(0.046875)],[np.float64(-0.3033854166666667)],[1],[0],[0],[2.4801002999884076],['submit_text'],,1,001,2025-10-16_16h06.55.120,untitled,,2025.1.1,60.43030000649677,2025-10-16 16h06.59.979923 +0530,
,234,14,11,,,K_y_,Keys,old,keys,[np.float64(0.046875)],[np.float64(-0.3033854166666667)],[1],[0],[0],[2.414086300006602],['submit_text'],,,,,11,14,234,8,839.7892076999997,,,,,,,,839.7756566999597,839.7892076999997,839.7892076999997,839.7892076999997,0.001431400014553219,842.1908170999959,keys,[np.float64(0.046875)],[np.float64(-0.3033854166666667)],[1],[0],[0],[2.414086300006602],['submit_text'],,1,001,2025-10-16_16h06.55.120,untitled,,2025.1.1,60.43030000649677,2025-10-16 16h06.59.979923 +0530,
,235,15,11,,,l_pt_p,Laptop,old,laptop,[np.float64(0.046875)],[np.float64(-0.3033854166666667)],[1],[0],[0],[2.8803061000071466],['submit_text'],,,,,11,15,235,0,842.2060093999607,,,,,,,,842.1923960999702,842.2060093999607,842.2060093999607,842.2060093999607,0.0014956999802961946,845.0737092999625,laptop,[np.float64(0.046875)],[np.float64(-0.3033854166666667)],[1],[0],[0],[2.8803061000071466],['submit_text'],,1,001,2025-10-16_16h06.55.120,untitled,,2025.1.1,60.43030000649677,2025-10-16 16h06.59.979923 +0530,
,236,16,11,,,_ha_t,Chart,old,chart,[np.float64(0.046875)],[np.float64(-0.3033854166666667)],[1],[0],[0],[2.7993365000002086],['submit_text'],,,,,11,16,236,1,845.0890295999707,,,,,,,,845.075269199966,845.0890295999707,845.0890295999707,845.0890295999707,0.0014873999753035605,847.8760201999685,chart,[np.float64(0.046875)],[np.float64(-0.3033854166666667)],[1],[0],[0],[2.7993365000002086],['submit_text'],,1,001,2025-10-16_16h06.55.120,untitled,,2025.1.1,60.43030000649677,2025-10-16 16h06.59.979923 +0530,
,237,17,11,,,_ou_se,mouse,old,mouse,[np.float64(0.046875)],[np.float64(-0.3033854166666667)],[1],[0],[0],[2.5779737000120804],['submit_text'],,,,,11,17,237,3,847.8902177999844,,,,,,,,847.8785149999894,847.8902177999844,847.8902177999844,847.8902177999844,0.002382199978455901,850.4581433999701,mouse,[np.float64(0.046875)],[np.float64(-0.3033854166666667)],[1],[0],[0],[2.5779737000120804],['submit_text'],,1,001,2025-10-16_16h06.55.120,untitled,,2025.1.1,60.43030000649677,2025-10-16 16h06.59.979923 +0530,
,238,18,11,,,bo_t_e,Bottle,new,bottle,[np.float64(0.046875)],[np.float64(-0.3033854166666667)],[1],[0],[0],[3.6138345999643207],['submit_text'],,,,,11,18,238,18,850.4881813999964,,,,,,,,850.46076669998,850.4881813999964,850.4881813999964,850.4881813999964,0.002483899996150285,854.0761584999855,bottle,[np.float64(0.046875)],[np.float64(-0.3033854166666667)],[1],[0],[0],[3.6138345999643207],['submit_text'],,1,001,2025-10-16_16h06.55.120,untitled,,2025.1.1,60.43030000649677,2025-10-16 16h06.59.979923 +0530,
,239,19,11,,,P_st_r,Poster,old,pastry,[np.float64(0.046875)],[np.float64(-0.3033854166666667)],[1],[0],[0],[3.3602031000191346],['submit_text'],,,,,11,19,239,9,854.1050899999682,,,,,,,,854.0786382000078,854.1050899999682,854.1050899999682,854.1050899999682,0.002360599988605827,857.4400114999735,pastry,[np.float64(0.046875)],[np.float64(-0.3033854166666667)],[1],[0],[0],[3.3602031000191346],['submit_text'],,1,001,2025-10-16_16h06.55.120,untitled,,2025.1.1,60.43030000649677,2025-10-16 16h06.59.979923 +0530,
,240,0,12,,,oo,Book,old,book,[np.float64(0.046875)],[np.float64(-0.3033854166666667)],[1],[0],[0],[2.8815028000390157],['submit_text'],,,,,12,0,240,13,857.4566119000083,,,,,,,,857.4416833999567,857.4566119000083,857.4566119000083,857.4566119000083,0.0015860000276006758,860.3247026999597,book,[np.float64(0.046875)],[np.float64(-0.3033854166666667)],[1],[0],[0],[2.8815028000390157],['submit_text'],,1,001,2025-10-16_16h06.55.120,untitled,,2025.1.1,60.43030000649677,2025-10-16 16h06.59.979923 +0530,
,241,1,12,,,l_pt_p,Laptop,old,laptop,[np.float64(0.046875)],[np.float64(-0.3033854166666667)],[1],[0],[0],[2.8121404999983497],['submit_text'],,,,,12,1,241,0,860.3546976000071,,,,,,,,860.3272502999753,860.3546976000071,860.3546976000071,860.3546976000071,0.002422699995804578,863.1410137999919,laptop,[np.float64(0.046875)],[np.float64(-0.3033854166666667)],[1],[0],[0],[2.8121404999983497],['submit_text'],,1,001,2025-10-16_16h06.55.120,untitled,,2025.1.1,60.43030000649677,2025-10-16 16h06.59.979923 +0530,
,242,2,12,,,c_s_io_,Cushion,old,cushion,[np.float64(0.046875)],[np.float64(-0.3033854166666667)],[1],[0],[0],[3.5295554000185803],['submit_text'],,,,,12,2,242,14,863.1547516999999,,,,,,,,863.1435657999828,863.1547516999999,863.1547516999999,863.1547516999999,0.0024306000559590757,866.6741952999728,cushion,[np.float64(0.046875)],[np.float64(-0.3033854166666667)],[1],[0],[0],[3.5295554000185803],['submit_text'],,1,001,2025-10-16_16h06.55.120,untitled,,2025.1.1,60.43030000649677,2025-10-16 16h06.59.979923 +0530,
,243,3,12,,,ta_l_,Table,new,table,[np.float64(0.046875)],[np.float64(-0.3033854166666667)],[1],[0],[0],[2.730637599946931],['submit_text'],,,,,12,3,243,15,866.6895260000019,,,,,,,,866.6755739999935,866.6895260000019,866.6895260000019,866.6895260000019,0.001303899975027889,869.4075102999923,table,[np.float64(0.046875)],[np.float64(-0.3033854166666667)],[1],[0],[0],[2.730637599946931],['submit_text'],,1,001,2025-10-16_16h06.55.120,untitled,,2025.1.1,60.43030000649677,2025-10-16 16h06.59.979923 +0530,
,244,4,12,,,v_s_,Vase,new,vase,[np.float64(0.046875)],[np.float64(-0.3033854166666667)],[1],[0],[0],[2.579126199998427],['submit_text'],,,,,12,4,244,17,869.4215438999818,,,,,,,,869.4094369999948,869.4215438999818,869.4215438999818,869.4215438999818,0.0018179999897256494,871.9896464999765,vase,[np.float64(0.046875)],[np.float64(-0.3033854166666667)],[1],[0],[0],[2.579126199998427],['submit_text'],,1,001,2025-10-16_16h06.55.120,untitled,,2025.1.1,60.43030000649677,2025-10-16 16h06.59.979923 +0530,
,245,5,12,,,_o_rd,Board,old,chord,[np.float64(0.046875)],[np.float64(-0.3033854166666667)],[1],[0],[0],[2.566469000012148],['submit_text'],,,,,12,5,245,10,872.0052651999868,,,,,,,,871.9913994999952,872.0052651999868,872.0052651999868,872.0052651999868,0.001678000029642135,874.5595083999797,chord,[np.float64(0.046875)],[np.float64(-0.3033854166666667)],[1],[0],[0],[2.566469000012148],['submit_text'],,1,001,2025-10-16_16h06.55.120,untitled,,2025.1.1,60.43030000649677,2025-10-16 16h06.59.979923 +0530,
,246,6,12,,,K_y_,Keys,old,keys,[np.float64(0.046875)],[np.float64(-0.3033854166666667)],[1],[0],[0],[2.3771329000010155],['submit_text'],,,,,12,6,246,8,874.5882523999899,,,,,,,,874.5616694999626,874.5882523999899,874.5882523999899,874.5882523999899,0.0020355000160634518,876.9400617000065,keys,[np.float64(0.046875)],[np.float64(-0.3033854166666667)],[1],[0],[0],[2.3771329000010155],['submit_text'],,1,001,2025-10-16_16h06.55.120,untitled,,2025.1.1,60.43030000649677,2025-10-16 16h06.59.979923 +0530,
,247,7,12,,,P_st_r,Poster,old,pastry,[np.float64(0.046875)],[np.float64(-0.3033854166666667)],[1],[0],[0],[3.4794524000026286],['submit_text'],,,,,12,7,247,9,876.954682999989,,,,,,,,876.9419553999905,876.954682999989,876.954682999989,876.954682999989,0.0018009000341407955,880.4225030000089,pastry,[np.float64(0.046875)],[np.float64(-0.3033854166666667)],[1],[0],[0],[3.4794524000026286],['submit_text'],,1,001,2025-10-16_16h06.55.120,untitled,,2025.1.1,60.43030000649677,2025-10-16 16h06.59.979923 +0530,
,248,8,12,,,c_m_ra,Camera,new,camera,[np.float64(0.046875)],[np.float64(-0.3033854166666667)],[1],[0],[0],[3.3308089000056498],['submit_text'],,,,,12,8,248,19,880.4378018999705,,,,,,,,880.4241237000097,880.4378018999705,880.4378018999705,880.4378018999705,0.0015297000063583255,883.756266899989,camera,[np.float64(0.046875)],[np.float64(-0.3033854166666667)],[1],[0],[0],[3.3308089000056498],['submit_text'],,1,001,2025-10-16_16h06.55.120,untitled,,2025.1.1,60.43030000649677,2025-10-16 16h06.59.979923 +0530,
,249,9,12,,,_ho_e,Phone,old,horse,[np.float64(0.046875)],[np.float64(-0.3033854166666667)],[1],[0],[0],[2.796851199993398],['submit_text'],,,,,12,9,249,12,883.7718643999542,,,,,,,,883.7579304999672,883.7718643999542,883.7718643999542,883.7718643999542,0.0015468000201508403,886.5559990999755,horse,[np.float64(0.046875)],[np.float64(-0.3033854166666667)],[1],[0],[0],[2.796851199993398],['submit_text'],,1,001,2025-10-16_16h06.55.120,untitled,,2025.1.1,60.43030000649677,2025-10-16 16h06.59.979923 +0530,
,250,10,12,,,P_as_tr_,Pastry,old,pastry,[np.float64(0.046875)],[np.float64(-0.3033854166666667)],[1],[0],[0],[3.0132669000304304],['submit_text'],,,,,12,10,250,4,886.5730273000081,,,,,,,,886.557990900008,886.5730273000081,886.5730273000081,886.5730273000081,0.001903099997434765,889.5723683999968,pastry,[np.float64(0.046875)],[np.float64(-0.3033854166666667)],[1],[0],[0],[3.0132669000304304],['submit_text'],,1,001,2025-10-16_16h06.55.120,untitled,,2025.1.1,60.43030000649677,2025-10-16 16h06.59.979923 +0530,
,251,11,12,,,_ha_t,Chart,old,chart,[np.float64(0.046875)],[np.float64(-0.3033854166666667)],[1],[0],[0],[2.814070000022184],['submit_text'],,,,,12,11,251,1,889.5874885999947,,,,,,,,889.5740024999832,889.5874885999947,889.5874885999947,889.5874885999947,0.0015401000273413956,892.389133299992,chart,[np.float64(0.046875)],[np.float64(-0.3033854166666667)],[1],[0],[0],[2.814070000022184],['submit_text'],,1,001,2025-10-16_16h06.55.120,untitled,,2025.1.1,60.43030000649677,2025-10-16 16h06.59.979923 +0530,
,252,12,12,,,T_hi_t,Tshirt,old,tshirt,[np.float64(0.046875)],[np.float64(-0.3033854166666667)],[1],[0],[0],[5.979515100014396],['submit_text'],,,,,12,12,252,2,892.4039048999548,,,,,,,,892.3908051999751,892.4039048999548,892.4039048999548,892.4039048999548,0.0015804999857209623,898.371442499978,tshirt,[np.float64(0.046875)],[np.float64(-0.3033854166666667)],[1],[0],[0],[5.979515100014396],['submit_text'],,1,001,2025-10-16_16h06.55.120,untitled,,2025.1.1,60.43030000649677,2025-10-16 16h06.59.979923 +0530,
,253,13,12,,,ru_is,Cruise,old,cruise,[np.float64(0.046875)],[np.float64(-0.3033854166666667)],[1],[0],[0],[2.5812538000172935],['submit_text'],,,,,12,13,253,6,898.3869991999818,,,,,,,,898.3730718999868,898.3869991999818,898.3869991999818,898.3869991999818,0.0015460000140592456,900.9554225999746,cruise,[np.float64(0.046875)],[np.float64(-0.3033854166666667)],[1],[0],[0],[2.5812538000172935],['submit_text'],,1,001,2025-10-16_16h06.55.120,untitled,,2025.1.1,60.43030000649677,2025-10-16 16h06.59.979923 +0530,
,254,14,12,,,bo_t_e,Bottle,new,bottle,[np.float64(0.046875)],[np.float64(-0.3033854166666667)],[1],[0],[0],[2.9474265000317246],['submit_text'],,,,,12,14,254,18,900.9702648000093,,,,,,,,900.9570290999836,900.9702648000093,900.9702648000093,900.9702648000093,0.0015276999911293387,903.9055476000067,bottle,[np.float64(0.046875)],[np.float64(-0.3033854166666667)],[1],[0],[0],[2.9474265000317246],['submit_text'],,1,001,2025-10-16_16h06.55.120,untitled,,2025.1.1,60.43030000649677,2025-10-16 16h06.59.979923 +0530,
,255,15,12,,,a_bl,Marble,old,table,[np.float64(0.046875)],[np.float64(-0.3033854166666667)],[1],[0],[0],[2.38041310000699],['submit_text'],,,,,12,15,255,11,903.9201770999935,,,,,,,,903.9070139999967,903.9201770999935,903.9201770999935,903.9201770999935,0.0013859000173397362,906.2885096999817,table,[np.float64(0.046875)],[np.float64(-0.3033854166666667)],[1],[0],[0],[2.38041310000699],['submit_text'],,1,001,2025-10-16_16h06.55.120,untitled,,2025.1.1,60.43030000649677,2025-10-16 16h06.59.979923 +0530,
,256,16,12,,,_ou_se,mouse,old,mouse,[np.float64(0.046875)],[np.float64(-0.3033854166666667)],[1],[0],[0],[2.5136601999984123],['submit_text'],,,,,12,16,256,3,906.303460999974,,,,,,,,906.2900689999806,906.303460999974,906.303460999974,906.303460999974,0.0014819999923929572,908.8048345999559,mouse,[np.float64(0.046875)],[np.float64(-0.3033854166666667)],[1],[0],[0],[2.5136601999984123],['submit_text'],,1,001,2025-10-16_16h06.55.120,untitled,,2025.1.1,60.43030000649677,2025-10-16 16h06.59.979923 +0530,
,257,17,12,,,c_s_,Case,old,case,[np.float64(0.046875)],[np.float64(-0.3033854166666667)],[1],[0],[0],[2.2805505999713205],['submit_text'],,,,,12,17,257,5,908.8200528000016,,,,,,,,908.8063284999807,908.8200528000016,908.8200528000016,908.8200528000016,0.0014094000216573477,911.0879877999541,case,[np.float64(0.046875)],[np.float64(-0.3033854166666667)],[1],[0],[0],[2.2805505999713205],['submit_text'],,1,001,2025-10-16_16h06.55.120,untitled,,2025.1.1,60.43030000649677,2025-10-16 16h06.59.979923 +0530,
,258,18,12,,,P_li_e,Police,old,police,[np.float64(0.046875)],[np.float64(-0.3033854166666667)],[1],[0],[0],[2.8639622000046074],['submit_text'],,,,,12,18,258,7,911.1033021999756,,,,,,,,911.0897994999541,911.1033021999756,911.1033021999756,911.1033021999756,0.0017439000075682998,913.9549007999594,police,[np.float64(0.046875)],[np.float64(-0.3033854166666667)],[1],[0],[0],[2.8639622000046074],['submit_text'],,1,001,2025-10-16_16h06.55.120,untitled,,2025.1.1,60.43030000649677,2025-10-16 16h06.59.979923 +0530,
,259,19,12,,,p_nc_l,Pencil,new,pencil,[np.float64(0.046875)],[np.float64(-0.3033854166666667)],[1],[0],[0],[4.779987599991728],['submit_text'],,,,,12,19,259,16,913.9697740999982,,,,,,,,913.9564587000059,913.9697740999982,913.9697740999982,913.9697740999982,0.001480800041463226,918.7375613999902,pencil,[np.float64(0.046875)],[np.float64(-0.3033854166666667)],[1],[0],[0],[4.779987599991728],['submit_text'],,1,001,2025-10-16_16h06.55.120,untitled,,2025.1.1,60.43030000649677,2025-10-16 16h06.59.979923 +0530,
,260,0,13,,,_ha_t,Chart,old,chart,[np.float64(0.046875)],[np.float64(-0.3033854166666667)],[1],[0],[0],[3.147473099990748],['submit_text'],,,,,13,0,260,1,918.7528083999641,,,,,,,,918.7391262999736,918.7528083999641,918.7528083999641,918.7528083999641,0.001485499960836023,921.887700799969,chart,[np.float64(0.046875)],[np.float64(-0.3033854166666667)],[1],[0],[0],[3.147473099990748],['submit_text'],,1,001,2025-10-16_16h06.55.120,untitled,,2025.1.1,60.43030000649677,2025-10-16 16h06.59.979923 +0530,
,261,1,13,,,c_s_,Case,old,case,[np.float64(0.046875)],[np.float64(-0.3033854166666667)],[1],[0],[0],[2.8307688999921083],['submit_text'],,,,,13,1,261,5,921.9029169999994,,,,,,,,921.889554399997,921.9029169999994,921.9029169999994,921.9029169999994,0.0017917999648489058,924.721596599964,case,[np.float64(0.046875)],[np.float64(-0.3033854166666667)],[1],[0],[0],[2.8307688999921083],['submit_text'],,1,001,2025-10-16_16h06.55.120,untitled,,2025.1.1,60.43030000649677,2025-10-16 16h06.59.979923 +0530,
,262,2,13,,,ru_is,Cruise,old,cruise,[np.float64(0.046875)],[np.float64(-0.3033854166666667)],[1],[0],[0],[7.646428100008052],['submit_text'],,,,,13,2,262,6,924.7357566999854,,,,,,,,924.7231862999615,924.7357566999854,924.7357566999854,924.7357566999854,0.0014784999657422304,932.3707515999558,cruise,[np.float64(0.046875)],[np.float64(-0.3033854166666667)],[1],[0],[0],[7.646428100008052],['submit_text'],,1,001,2025-10-16_16h06.55.120,untitled,,2025.1.1,60.43030000649677,2025-10-16 16h06.59.979923 +0530,
,263,3,13,,,ta_l_,Table,new,table,[np.float64(0.046875)],[np.float64(-0.3033854166666667)],[1],[0],[0],[3.3133810999570414],['submit_text'],,,,,13,3,263,15,932.3854160999763,,,,,,,,932.3723410000093,932.3854160999763,932.3854160999763,932.3854160999763,0.0015072000096552074,935.6868346999981,table,[np.float64(0.046875)],[np.float64(-0.3033854166666667)],[1],[0],[0],[3.3133810999570414],['submit_text'],,1,001,2025-10-16_16h06.55.120,untitled,,2025.1.1,60.43030000649677,2025-10-16 16h06.59.979923 +0530,
,264,4,13,,,_ho_e,Phone,old,horse,[np.float64(0.046875)],[np.float64(-0.3033854166666667)],[1],[0],[0],[5.997259999974631],['submit_text'],,,,,13,4,264,12,935.7021679999889,,,,,,,,935.6884294999763,935.7021679999889,935.7021679999889,935.7021679999889,0.0015138000017032027,941.6867984999553,horse,[np.float64(0.046875)],[np.float64(-0.3033854166666667)],[1],[0],[0],[5.997259999974631],['submit_text'],,1,001,2025-10-16_16h06.55.120,untitled,,2025.1.1,60.43030000649677,2025-10-16 16h06.59.979923 +0530,
,265,5,13,,,c_s_io_,Cushion,old,cushion,[np.float64(0.046875)],[np.float64(-0.3033854166666667)],[1],[0],[0],[5.415493599954061],['submit_text'],,,,,13,5,265,14,941.702017100004,,,,,,,,941.6884184000082,941.702017100004,941.702017100004,941.702017100004,0.001541400037240237,947.1057755000074,cushion,[np.float64(0.046875)],[np.float64(-0.3033854166666667)],[1],[0],[0],[5.415493599954061],['submit_text'],,1,001,2025-10-16_16h06.55.120,untitled,,2025.1.1,60.43030000649677,2025-10-16 16h06.59.979923 +0530,
,266,6,13,,,bo_t_e,Bottle,new,bottle,[np.float64(0.046875)],[np.float64(-0.3033854166666667)],[1],[0],[0],[3.1126694999984466],['submit_text'],,,,,13,6,266,18,947.1195312999771,,,,,,,,947.1078992999974,947.1195312999771,947.1195312999771,947.1195312999771,0.0019687999738380313,950.2222172999755,bottle,[np.float64(0.046875)],[np.float64(-0.3033854166666667)],[1],[0],[0],[3.1126694999984466],['submit_text'],,1,001,2025-10-16_16h06.55.120,untitled,,2025.1.1,60.43030000649677,2025-10-16 16h06.59.979923 +0530,
,267,7,13,,,_ou_se,mouse,old,mouse,[np.float64(0.046875)],[np.float64(-0.3033854166666667)],[1],[0],[0],[3.1292849000310525],['submit_text'],,,,,13,7,267,3,950.2510903999791,,,,,,,,950.2248240999761,950.2510903999791,950.2510903999791,950.2510903999791,0.002473599975928664,953.3560842999723,mouse,[np.float64(0.046875)],[np.float64(-0.3033854166666667)],[1],[0],[0],[3.1292849000310525],['submit_text'],,1,001,2025-10-16_16h06.55.120,untitled,,2025.1.1,60.43030000649677,2025-10-16 16h06.59.979923 +0530,
,268,8,13,,,a_bl,Marble,old,table,[np.float64(0.046875)],[np.float64(-0.3033854166666667)],[1],[0],[0],[3.076995400013402],['submit_text'],,,,,13,8,268,11,953.3851870999788,,,,,,,,953.3587719000061,953.3851870999788,953.3851870999788,953.3851870999788,0.002564899972639978,956.4374387999997,table,[np.float64(0.046875)],[np.float64(-0.3033854166666667)],[1],[0],[0],[3.076995400013402],['submit_text'],,1,001,2025-10-16_16h06.55.120,untitled,,2025.1.1,60.43030000649677,2025-10-16 16h06.59.979923 +0530,
,269,9,13,,,T_hi_t,Tshirt,old,tshirt,[np.float64(0.046875)],[np.float64(-0.3033854166666667)],[1],[0],[0],[2.745892000035383],['submit_text'],,,,,13,9,269,2,956.4510496999719,,,,,,,,956.4398062999826,956.4510496999719,956.4510496999719,956.4510496999719,0.0022336000110954046,959.1871337000048,tshirt,[np.float64(0.046875)],[np.float64(-0.3033854166666667)],[1],[0],[0],[2.745892000035383],['submit_text'],,1,001,2025-10-16_16h06.55.120,untitled,,2025.1.1,60.43030000649677,2025-10-16 16h06.59.979923 +0530,
,270,10,13,,,K_y_,Keys,old,keys,[np.float64(0.046875)],[np.float64(-0.3033854166666667)],[1],[0],[0],[3.930654699972365],['submit_text'],,,,,13,10,270,8,959.2007811999647,,,,,,,,959.1892294999561,959.2007811999647,959.2007811999647,959.2007811999647,0.001993499987293035,963.1223573999596,keys,[np.float64(0.046875)],[np.float64(-0.3033854166666667)],[1],[0],[0],[3.930654699972365],['submit_text'],,1,001,2025-10-16_16h06.55.120,untitled,,2025.1.1,60.43030000649677,2025-10-16 16h06.59.979923 +0530,
,271,11,13,,,c_m_ra,Camera,new,camera,[np.float64(0.046875)],[np.float64(-0.3033854166666667)],[1],[0],[0],[3.3933759000501595],['submit_text'],,,,,13,11,271,19,963.1514354000101,,,,,,,,963.1251317999559,963.1514354000101,963.1514354000101,963.1514354000101,0.00256910000462085,966.520231499977,camera,[np.float64(0.046875)],[np.float64(-0.3033854166666667)],[1],[0],[0],[3.3933759000501595],['submit_text'],,1,001,2025-10-16_16h06.55.120,untitled,,2025.1.1,60.43030000649677,2025-10-16 16h06.59.979923 +0530,
,272,12,13,,,p_nc_l,Pencil,new,pencil,[np.float64(0.046875)],[np.float64(-0.3033854166666667)],[1],[0],[0],[3.1613507000147365],['submit_text'],,,,,13,12,272,16,966.5503995000036,,,,,,,,966.522998099972,966.5503995000036,966.5503995000036,966.5503995000036,0.002641300030518323,969.6855571999913,pencil,[np.float64(0.046875)],[np.float64(-0.3033854166666667)],[1],[0],[0],[3.1613507000147365],['submit_text'],,1,001,2025-10-16_16h06.55.120,untitled,,2025.1.1,60.43030000649677,2025-10-16 16h06.59.979923 +0530,
,273,13,13,,,P_st_r,Poster,old,pastry,[np.float64(0.046875)],[np.float64(-0.3033854166666667)],[1],[0],[0],[3.4474354999838397],['submit_text'],,,,,13,13,273,9,969.7006899999687,,,,,,,,969.6873047999688,969.7006899999687,969.7006899999687,969.7006899999687,0.0016657000523991883,973.1359023999539,pastry,[np.float64(0.046875)],[np.float64(-0.3033854166666667)],[1],[0],[0],[3.4474354999838397],['submit_text'],,1,001,2025-10-16_16h06.55.120,untitled,,2025.1.1,60.43030000649677,2025-10-16 16h06.59.979923 +0530,
,274,14,13,,,l_pt_p,Laptop,old,laptop,[np.float64(0.046875)],[np.float64(-0.3033854166666667)],[1],[0],[0],[2.830438699980732],['submit_text'],,,,,13,14,274,0,973.1508521999931,,,,,,,,973.137477399956,973.1508521999931,973.1508521999931,973.1508521999931,0.001500000013038516,975.9690923999879,laptop,[np.float64(0.046875)],[np.float64(-0.3033854166666667)],[1],[0],[0],[2.830438699980732],['submit_text'],,1,001,2025-10-16_16h06.55.120,untitled,,2025.1.1,60.43030000649677,2025-10-16 16h06.59.979923 +0530,
,275,15,13,,,P_li_e,Police,old,police,[np.float64(0.046875)],[np.float64(-0.3033854166666667)],[1],[0],[0],[3.0815310000325553],['submit_text'],,,,,13,15,275,7,975.9835742999567,,,,,,,,975.9706982999924,975.9835742999567,975.9835742999567,975.9835742999567,0.0015242000226862729,979.0533968000091,police,[np.float64(0.046875)],[np.float64(-0.3033854166666667)],[1],[0],[0],[3.0815310000325553],['submit_text'],,1,001,2025-10-16_16h06.55.120,untitled,,2025.1.1,60.43030000649677,2025-10-16 16h06.59.979923 +0530,
,276,16,13,,,P_as_tr_,Pastry,old,pastry,[np.float64(0.046875)],[np.float64(-0.3033854166666667)],[1],[0],[0],[2.7459503999562003],['submit_text'],,,,,13,16,276,4,979.0669792999979,,,,,,,,979.0550433999742,979.0669792999979,979.0669792999979,979.0669792999979,0.001560300006531179,981.8021620999789,pastry,[np.float64(0.046875)],[np.float64(-0.3033854166666667)],[1],[0],[0],[2.7459503999562003],['submit_text'],,1,001,2025-10-16_16h06.55.120,untitled,,2025.1.1,60.43030000649677,2025-10-16 16h06.59.979923 +0530,
,277,17,13,,,v_s_,Vase,new,vase,[np.float64(0.046875)],[np.float64(-0.3033854166666667)],[1],[0],[0],[2.963588099984918],['submit_text'],,,,,13,17,277,17,981.8168536999729,,,,,,,,981.8037218999816,981.8168536999729,981.8168536999729,981.8168536999729,0.0014826999977231026,984.7684966999805,vase,[np.float64(0.046875)],[np.float64(-0.3033854166666667)],[1],[0],[0],[2.963588099984918],['submit_text'],,1,001,2025-10-16_16h06.55.120,untitled,,2025.1.1,60.43030000649677,2025-10-16 16h06.59.979923 +0530,
,278,18,13,,,oo,Book,old,book,[np.float64(0.046875)],[np.float64(-0.3033854166666667)],[1],[0],[0],[3.197577699960675],['submit_text'],,,,,13,18,278,13,984.7836013999768,,,,,,,,984.7698545999592,984.7836013999768,984.7836013999768,984.7836013999768,0.0012802999699488282,987.9686215999536,book,[np.float64(0.046875)],[np.float64(-0.3033854166666667)],[1],[0],[0],[3.197577699960675],['submit_text'],,1,001,2025-10-16_16h06.55.120,untitled,,2025.1.1,60.43030000649677,2025-10-16 16h06.59.979923 +0530,
,279,19,13,,,_o_rd,Board,old,chord,[np.float64(0.046875)],[np.float64(-0.3033854166666667)],[1],[0],[0],[2.680173799977638],['submit_text'],,,,,13,19,279,10,987.9836123999557,,,,,,,,987.9702206999646,987.9836123999557,987.9836123999557,987.9836123999557,0.001513600000180304,990.6515575000085,chord,[np.float64(0.046875)],[np.float64(-0.3033854166666667)],[1],[0],[0],[2.680173799977638],['submit_text'],,1,001,2025-10-16_16h06.55.120,untitled,,2025.1.1,60.43030000649677,2025-10-16 16h06.59.979923 +0530,
,280,0,14,,,c_s_io_,Cushion,old,cushion,[np.float64(0.046875)],[np.float64(-0.3033854166666667)],[1],[0],[0],[3.413251299993135],['submit_text'],,,,,14,0,280,14,990.6662664999603,,,,,,,,990.6533958999789,990.6662664999603,990.6662664999603,990.6662664999603,0.0017509000026620924,994.067827699997,cushion,[np.float64(0.046875)],[np.float64(-0.3033854166666667)],[1],[0],[0],[3.413251299993135],['submit_text'],,1,001,2025-10-16_16h06.55.120,untitled,,2025.1.1,60.43030000649677,2025-10-16 16h06.59.979923 +0530,
,281,1,14,,,p_nc_l,Pencil,new,pencil,[np.float64(0.046875)],[np.float64(-0.3033854166666667)],[1],[0],[0],[2.713796600000933],['submit_text'],,,,,14,1,281,16,994.0833315000054,,,,,,,,994.0694089999888,994.0833315000054,994.0833315000054,994.0833315000054,0.0014974999940022826,996.7843611999997,pencil,[np.float64(0.046875)],[np.float64(-0.3033854166666667)],[1],[0],[0],[2.713796600000933],['submit_text'],,1,001,2025-10-16_16h06.55.120,untitled,,2025.1.1,60.43030000649677,2025-10-16 16h06.59.979923 +0530,
,282,2,14,,,_ou_se,mouse,old,mouse,[np.float64(0.046875)],[np.float64(-0.3033854166666667)],[1],[0],[0],[3.18131870002253],['submit_text'],,,,,14,2,282,3,996.8004073000047,,,,,,,,996.7857451000018,996.8004073000047,996.8004073000047,996.8004073000047,0.001317799964454025,999.9682563999668,mouse,[np.float64(0.046875)],[np.float64(-0.3033854166666667)],[1],[0],[0],[3.18131870002253],['submit_text'],,1,001,2025-10-16_16h06.55.120,untitled,,2025.1.1,60.43030000649677,2025-10-16 16h06.59.979923 +0530,
,283,3,14,,,_ha_t,Chart,old,chart,[np.float64(0.046875)],[np.float64(-0.3033854166666667)],[1],[0],[0],[2.7466333000338636],['submit_text'],,,,,14,3,283,1,999.9827542999992,,,,,,,,999.9698115999927,999.9827542999992,999.9827542999992,999.9827542999992,0.0014948000316508114,1002.717697999964,chart,[np.float64(0.046875)],[np.float64(-0.3033854166666667)],[1],[0],[0],[2.7466333000338636],['submit_text'],,1,001,2025-10-16_16h06.55.120,untitled,,2025.1.1,60.43030000649677,2025-10-16 16h06.59.979923 +0530,
,284,4,14,,,P_li_e,Police,old,police,[np.float64(0.046875)],[np.float64(-0.3033854166666667)],[1],[0],[0],[3.4802903999807313],['submit_text'],,,,,14,4,284,7,1002.7328841999988,,,,,,,,1002.719289599976,1002.7328841999988,1002.7328841999988,1002.7328841999988,0.0015159000176936388,1006.2008126999717,police,[np.float64(0.046875)],[np.float64(-0.3033854166666667)],[1],[0],[0],[3.4802903999807313],['submit_text'],,1,001,2025-10-16_16h06.55.120,untitled,,2025.1.1,60.43030000649677,2025-10-16 16h06.59.979923 +0530,
,285,5,14,,,oo,Book,old,book,[np.float64(0.046875)],[np.float64(-0.3033854166666667)],[1],[0],[0],[2.9642932999995537],['submit_text'],,,,,14,5,285,13,1006.2157582999789,,,,,,,,1006.2022219999926,1006.2157582999789,1006.2157582999789,1006.2157582999789,0.0013181999674998224,1009.167802699958,book,[np.float64(0.046875)],[np.float64(-0.3033854166666667)],[1],[0],[0],[2.9642932999995537],['submit_text'],,1,001,2025-10-16_16h06.55.120,untitled,,2025.1.1,60.43030000649677,2025-10-16 16h06.59.979923 +0530,
,286,6,14,,,_o_rd,Board,old,chord,[np.float64(0.046875)],[np.float64(-0.3033854166666667)],[1],[0],[0],[2.4469412000034936],['submit_text'],,,,,14,6,286,10,1009.1842294000089,,,,,,,,1009.1696735000005,1009.1842294000089,1009.1842294000089,1009.1842294000089,0.0017592000076547265,1011.6178950999747,chord,[np.float64(0.046875)],[np.float64(-0.3033854166666667)],[1],[0],[0],[2.4469412000034936],['submit_text'],,1,001,2025-10-16_16h06.55.120,untitled,,2025.1.1,60.43030000649677,2025-10-16 16h06.59.979923 +0530,
,287,7,14,,,P_as_tr_,Pastry,old,pastry,[np.float64(0.046875)],[np.float64(-0.3033854166666667)],[1],[0],[0],[3.3972075000056066],['submit_text'],,,,,14,7,287,4,1011.6326078999555,,,,,,,,1011.6196457999758,1011.6326078999555,1011.6326078999555,1011.6326078999555,0.0016586999990977347,1015.0186250999686,pastry,[np.float64(0.046875)],[np.float64(-0.3033854166666667)],[1],[0],[0],[3.3972075000056066],['submit_text'],,1,001,2025-10-16_16h06.55.120,untitled,,2025.1.1,60.43030000649677,2025-10-16 16h06.59.979923 +0530,
,288,8,14,,,K_y_,Keys,old,keys,[np.float64(0.046875)],[np.float64(-0.3033854166666667)],[1],[0],[0],[2.1794647999922745],['submit_text'],,,,,14,8,288,8,1015.0329038999625,,,,,,,,1015.020913299988,1015.0329038999625,1015.0329038999625,1015.0329038999625,0.002152599976398051,1017.2022080000024,keys,[np.float64(0.046875)],[np.float64(-0.3033854166666667)],[1],[0],[0],[2.1794647999922745],['submit_text'],,1,001,2025-10-16_16h06.55.120,untitled,,2025.1.1,60.43030000649677,2025-10-16 16h06.59.979923 +0530,
,289,9,14,,,a_bl,Marble,old,table,[np.float64(0.046875)],[np.float64(-0.3033854166666667)],[1],[0],[0],[2.695860799984075],['submit_text'],,,,,14,9,289,11,1017.2318768999539,,,,,,,,1017.2047798999702,1017.2318768999539,1017.2318768999539,1017.2318768999539,0.002452899992931634,1019.9019095999538,table,[np.float64(0.046875)],[np.float64(-0.3033854166666667)],[1],[0],[0],[2.695860799984075],['submit_text'],,1,001,2025-10-16_16h06.55.120,untitled,,2025.1.1,60.43030000649677,2025-10-16 16h06.59.979923 +0530,
,290,10,14,,,ta_l_,Table,new,table,[np.float64(0.046875)],[np.float64(-0.3033854166666667)],[1],[0],[0],[2.828369199996814],['submit_text'],,,,,14,10,290,15,1019.915426499967,,,,,,,,1019.9039087999845,1019.915426499967,1019.915426499967,1019.915426499967,0.001916699984576553,1022.7335005999776,table,[np.float64(0.046875)],[np.float64(-0.3033854166666667)],[1],[0],[0],[2.828369199996814],['submit_text'],,1,001,2025-10-16_16h06.55.120,untitled,,2025.1.1,60.43030000649677,2025-10-16 16h06.59.979923 +0530,
,291,11,14,,,l_pt_p,Laptop,old,laptop,[np.float64(0.046875)],[np.float64(-0.3033854166666667)],[1],[0],[0],[2.7141149999806657],['submit_text'],,,,,14,11,291,0,1022.7487252999563,,,,,,,,1022.7350864000036,1022.7487252999563,1022.7487252999563,1022.7487252999563,0.001504999992903322,1025.45045449998,laptop,[np.float64(0.046875)],[np.float64(-0.3033854166666667)],[1],[0],[0],[2.7141149999806657],['submit_text'],,1,001,2025-10-16_16h06.55.120,untitled,,2025.1.1,60.43030000649677,2025-10-16 16h06.59.979923 +0530,
,292,12,14,,,T_hi_t,Tshirt,old,tshirt,[np.float64(0.046875)],[np.float64(-0.3033854166666667)],[1],[0],[0],[3.383524500008207],['submit_text'],,,,,14,12,292,2,1025.4651387999766,,,,,,,,1025.4522792999633,1025.4651387999766,1025.4651387999766,1025.4651387999766,0.0017139999545179307,1028.837927799963,tshirt,[np.float64(0.046875)],[np.float64(-0.3033854166666667)],[1],[0],[0],[3.383524500008207],['submit_text'],,1,001,2025-10-16_16h06.55.120,untitled,,2025.1.1,60.43030000649677,2025-10-16 16h06.59.979923 +0530,
,293,13,14,,,_ho_e,Phone,old,horse,[np.float64(0.046875)],[np.float64(-0.3033854166666667)],[1],[0],[0],[2.693584299995564],['submit_text'],,,,,14,13,293,12,1028.8507021999685,,,,,,,,1028.8398971999995,1028.8507021999685,1028.8507021999685,1028.8507021999685,0.0018600000184960663,1031.5359330999781,horse,[np.float64(0.046875)],[np.float64(-0.3033854166666667)],[1],[0],[0],[2.693584299995564],['submit_text'],,1,001,2025-10-16_16h06.55.120,untitled,,2025.1.1,60.43030000649677,2025-10-16 16h06.59.979923 +0530,
,294,14,14,,,c_m_ra,Camera,new,camera,[np.float64(0.046875)],[np.float64(-0.3033854166666667)],[1],[0],[0],[3.577526199980639],['submit_text'],,,,,14,14,294,19,1031.5649701000075,,,,,,,,1031.539894799993,1031.5649701000075,1031.5649701000075,1031.5649701000075,0.003736899991054088,1035.1201909999945,camera,[np.float64(0.046875)],[np.float64(-0.3033854166666667)],[1],[0],[0],[3.577526199980639],['submit_text'],,1,001,2025-10-16_16h06.55.120,untitled,,2025.1.1,60.43030000649677,2025-10-16 16h06.59.979923 +0530,
,295,15,14,,,v_s_,Vase,new,vase,[np.float64(0.046875)],[np.float64(-0.3033854166666667)],[1],[0],[0],[2.5245503000332974],['submit_text'],,,,,14,15,295,17,1035.1479913999792,,,,,,,,1035.1246352999588,1035.1479913999792,1035.1479913999792,1035.1479913999792,0.004215400025714189,1037.6511954999878,vase,[np.float64(0.046875)],[np.float64(-0.3033854166666667)],[1],[0],[0],[2.5245503000332974],['submit_text'],,1,001,2025-10-16_16h06.55.120,untitled,,2025.1.1,60.43030000649677,2025-10-16 16h06.59.979923 +0530,
,296,16,14,,,bo_t_e,Bottle,new,bottle,[np.float64(0.046875)],[np.float64(-0.3033854166666667)],[1],[0],[0],[2.711142399988603],['submit_text'],,,,,14,16,296,18,1037.6811585999676,,,,,,,,1037.6538271000027,1037.6811585999676,1037.6811585999676,1037.6811585999676,0.0025012000114656985,1040.366270300001,bottle,[np.float64(0.046875)],[np.float64(-0.3033854166666667)],[1],[0],[0],[2.711142399988603],['submit_text'],,1,001,2025-10-16_16h06.55.120,untitled,,2025.1.1,60.43030000649677,2025-10-16 16h06.59.979923 +0530,
,297,17,14,,,ru_is,Cruise,old,cruise,[np.float64(0.046875)],[np.float64(-0.3033854166666667)],[1],[0],[0],[3.6134720000554807],['submit_text'],,,,,14,17,297,6,1040.3813302000053,,,,,,,,1040.3681668000063,1040.3813302000053,1040.3813302000053,1040.3813302000053,0.0018013999797403812,1043.9832700999686,cruise,[np.float64(0.046875)],[np.float64(-0.3033854166666667)],[1],[0],[0],[3.6134720000554807],['submit_text'],,1,001,2025-10-16_16h06.55.120,untitled,,2025.1.1,60.43030000649677,2025-10-16 16h06.59.979923 +0530,
,298,18,14,,,P_st_r,Poster,old,pastry,[np.float64(0.046875)],[np.float64(-0.3033854166666667)],[1],[0],[0],[4.613113799947314],['submit_text'],,,,,14,18,298,9,1043.9979703999707,,,,,,,,1043.9848736999556,1043.9979703999707,1043.9979703999707,1043.9979703999707,0.0015128999948501587,1048.599227299972,pastry,[np.float64(0.046875)],[np.float64(-0.3033854166666667)],[1],[0],[0],[4.613113799947314],['submit_text'],,1,001,2025-10-16_16h06.55.120,untitled,,2025.1.1,60.43030000649677,2025-10-16 16h06.59.979923 +0530,
,299,19,14,,,c_s_,Case,old,case,[np.float64(0.046875)],[np.float64(-0.3033854166666667)],[1],[0],[0],[2.5639743999927305],['submit_text'],,,,,14,19,299,5,1048.6145551999798,,,,,,,,1048.6006279999856,1048.6145551999798,1048.6145551999798,1048.6145551999798,0.0013251000200398266,1051.166064399993,case,[np.float64(0.046875)],[np.float64(-0.3033854166666667)],[1],[0],[0],[2.5639743999927305],['submit_text'],,1,001,2025-10-16_16h06.55.120,untitled,,2025.1.1,60.43030000649677,2025-10-16 16h06.59.979923 +0530,
,300,0,15,,,P_st_r,Poster,old,pastry,[np.float64(0.046875)],[np.float64(-0.3033854166666667)],[1],[0],[0],[2.6969633999979123],['submit_text'],,,,,15,0,300,9,1051.1805832999526,,,,,,,,1051.1674625999876,1051.1805832999526,1051.1805832999526,1051.1805832999526,0.001331700012087822,1053.865765399998,pastry,[np.float64(0.046875)],[np.float64(-0.3033854166666667)],[1],[0],[0],[2.6969633999979123],['submit_text'],,1,001,2025-10-16_16h06.55.120,untitled,,2025.1.1,60.43030000649677,2025-10-16 16h06.59.979923 +0530,
,301,1,15,,,_ho_e,Phone,old,horse,[np.float64(0.046875)],[np.float64(-0.3033854166666667)],[1],[0],[0],[2.814232799981255],['submit_text'],,,,,15,1,301,12,1053.8806160999811,,,,,,,,1053.8674461999908,1053.8806160999811,1053.8806160999811,1053.8806160999811,0.0015501999878324568,1056.6836960999644,horse,[np.float64(0.046875)],[np.float64(-0.3033854166666667)],[1],[0],[0],[2.814232799981255],['submit_text'],,1,001,2025-10-16_16h06.55.120,untitled,,2025.1.1,60.43030000649677,2025-10-16 16h06.59.979923 +0530,
,302,2,15,,,oo,Book,old,book,[np.float64(0.046875)],[np.float64(-0.3033854166666667)],[1],[0],[0],[3.1457744000363164],['submit_text'],,,,,15,2,302,13,1056.7136155999615,,,,,,,,1056.6862691999995,1056.7136155999615,1056.7136155999615,1056.7136155999615,0.0024476000107824802,1059.8341572000063,book,[np.float64(0.046875)],[np.float64(-0.3033854166666667)],[1],[0],[0],[3.1457744000363164],['submit_text'],,1,001,2025-10-16_16h06.55.120,untitled,,2025.1.1,60.43030000649677,2025-10-16 16h06.59.979923 +0530,
,303,3,15,,,p_nc_l,Pencil,new,pencil,[np.float64(0.046875)],[np.float64(-0.3033854166666667)],[1],[0],[0],[4.362569799995981],['submit_text'],,,,,15,3,303,16,1059.8633247999824,,,,,,,,1059.8369032999617,1059.8633247999824,1059.8633247999824,1059.8633247999824,0.002621999999973923,1064.2011630999623,pencil,[np.float64(0.046875)],[np.float64(-0.3033854166666667)],[1],[0],[0],[4.362569799995981],['submit_text'],,1,001,2025-10-16_16h06.55.120,untitled,,2025.1.1,60.43030000649677,2025-10-16 16h06.59.979923 +0530,
,304,4,15,,,c_s_,Case,old,case,[np.float64(0.046875)],[np.float64(-0.3033854166666667)],[1],[0],[0],[2.4609287999919616],['submit_text'],,,,,15,4,304,5,1064.2136296999524,,,,,,,,1064.2028026999906,1064.2136296999524,1064.2136296999524,1064.2136296999524,0.0015561999753117561,1066.6649940999923,case,[np.float64(0.046875)],[np.float64(-0.3033854166666667)],[1],[0],[0],[2.4609287999919616],['submit_text'],,1,001,2025-10-16_16h06.55.120,untitled,,2025.1.1,60.43030000649677,2025-10-16 16h06.59.979923 +0530,
,305,5,15,,,_o_rd,Board,old,chord,[np.float64(0.046875)],[np.float64(-0.3033854166666667)],[1],[0],[0],[2.4826877000159584],['submit_text'],,,,,15,5,305,10,1066.6805218000081,,,,,,,,1066.666557599965,1066.6805218000081,1066.6805218000081,1066.6805218000081,0.0014539000112563372,1069.1512493999908,chord,[np.float64(0.046875)],[np.float64(-0.3033854166666667)],[1],[0],[0],[2.4826877000159584],['submit_text'],,1,001,2025-10-16_16h06.55.120,untitled,,2025.1.1,60.43030000649677,2025-10-16 16h06.59.979923 +0530,
,306,6,15,,,P_li_e,Police,old,police,[np.float64(0.046875)],[np.float64(-0.3033854166666667)],[1],[0],[0],[5.496714500011876],['submit_text'],,,,,15,6,306,7,1069.1641607999918,,,,,,,,1069.1533847999526,1069.1641607999918,1069.1641607999918,1069.1641607999918,0.0019468000391498208,1074.6527759999735,police,[np.float64(0.046875)],[np.float64(-0.3033854166666667)],[1],[0],[0],[5.496714500011876],['submit_text'],,1,001,2025-10-16_16h06.55.120,untitled,,2025.1.1,60.43030000649677,2025-10-16 16h06.59.979923 +0530,
,307,7,15,,,c_s_io_,Cushion,old,cushion,[np.float64(0.046875)],[np.float64(-0.3033854166666667)],[1],[0],[0],[4.526002000027802],['submit_text'],,,,,15,7,307,14,1074.6802767000045,,,,,,,,1074.6556831999915,1074.6802767000045,1074.6802767000045,1074.6802767000045,0.0027529000071808696,1079.1844842999708,cushion,[np.float64(0.046875)],[np.float64(-0.3033854166666667)],[1],[0],[0],[4.526002000027802],['submit_text'],,1,001,2025-10-16_16h06.55.120,untitled,,2025.1.1,60.43030000649677,2025-10-16 16h06.59.979923 +0530,
,308,8,15,,,T_hi_t,Tshirt,old,tshirt,[np.float64(0.046875)],[np.float64(-0.3033854166666667)],[1],[0],[0],[2.844512299983762],['submit_text'],,,,,15,8,308,2,1079.2133050999837,,,,,,,,1079.1876784999622,1079.2133050999837,1079.2133050999837,1079.2133050999837,0.0030476999818347394,1082.0349413999938,tshirt,[np.float64(0.046875)],[np.float64(-0.3033854166666667)],[1],[0],[0],[2.844512299983762],['submit_text'],,1,001,2025-10-16_16h06.55.120,untitled,,2025.1.1,60.43030000649677,2025-10-16 16h06.59.979923 +0530,
,309,9,15,,,P_as_tr_,Pastry,old,pastry,[np.float64(0.046875)],[np.float64(-0.3033854166666667)],[1],[0],[0],[3.142043499974534],['submit_text'],,,,,15,9,309,4,1082.0647643999546,,,,,,,,1082.037841399957,1082.0647643999546,1082.0647643999546,1082.0647643999546,0.0027532000094652176,1085.1819174999837,pastry,[np.float64(0.046875)],[np.float64(-0.3033854166666667)],[1],[0],[0],[3.142043499974534],['submit_text'],,1,001,2025-10-16_16h06.55.120,untitled,,2025.1.1,60.43030000649677,2025-10-16 16h06.59.979923 +0530,
,310,10,15,,,c_m_ra,Camera,new,camera,[np.float64(0.046875)],[np.float64(-0.3033854166666667)],[1],[0],[0],[2.645520200021565],['submit_text'],,,,,15,10,310,19,1085.212082299986,,,,,,,,1085.1848485000082,1085.212082299986,1085.212082299986,1085.212082299986,0.002796799992211163,1087.832393699966,camera,[np.float64(0.046875)],[np.float64(-0.3033854166666667)],[1],[0],[0],[2.645520200021565],['submit_text'],,1,001,2025-10-16_16h06.55.120,untitled,,2025.1.1,60.43030000649677,2025-10-16 16h06.59.979923 +0530,
,311,11,15,,,ru_is,Cruise,old,cruise,[np.float64(0.046875)],[np.float64(-0.3033854166666667)],[1],[0],[0],[2.5277966000139713],['submit_text'],,,,,15,11,311,6,1087.8618403999717,,,,,,,,1087.8356647999608,1087.8618403999717,1087.8618403999717,1087.8618403999717,0.0031355000101029873,1090.3648429999594,cruise,[np.float64(0.046875)],[np.float64(-0.3033854166666667)],[1],[0],[0],[2.5277966000139713],['submit_text'],,1,001,2025-10-16_16h06.55.120,untitled,,2025.1.1,60.43030000649677,2025-10-16 16h06.59.979923 +0530,
,312,12,15,,,bo_t_e,Bottle,new,bottle,[np.float64(0.046875)],[np.float64(-0.3033854166666667)],[1],[0],[0],[3.5491186000290327],['submit_text'],,,,,15,12,312,18,1090.378663499956,,,,,,,,1090.366439000005,1090.378663499956,1090.378663499956,1090.378663499956,0.0015108000370673835,1093.9182687999564,bottle,[np.float64(0.046875)],[np.float64(-0.3033854166666667)],[1],[0],[0],[3.5491186000290327],['submit_text'],,1,001,2025-10-16_16h06.55.120,untitled,,2025.1.1,60.43030000649677,2025-10-16 16h06.59.979923 +0530,
,313,13,15,,,v_s_,Vase,new,vase,[np.float64(0.046875)],[np.float64(-0.3033854166666667)],[1],[0],[0],[2.2943511999910697],['submit_text'],,,,,15,13,313,17,1093.9462685000035,,,,,,,,1093.9208931999747,1093.9462685000035,1093.9462685000035,1093.9462685000035,0.0024965000338852406,1096.2180839999928,vase,[np.float64(0.046875)],[np.float64(-0.3033854166666667)],[1],[0],[0],[2.2943511999910697],['submit_text'],,1,001,2025-10-16_16h06.55.120,untitled,,2025.1.1,60.43030000649677,2025-10-16 16h06.59.979923 +0530,
,314,14,15,,,_ou_se,mouse,old,mouse,[np.float64(0.046875)],[np.float64(-0.3033854166666667)],[1],[0],[0],[2.444448399997782],['submit_text'],,,,,15,14,314,3,1096.2466515999986,,,,,,,,1096.220923499961,1096.2466515999986,1096.2466515999986,1096.2466515999986,0.0026734000421129167,1098.6681712999707,mouse,[np.float64(0.046875)],[np.float64(-0.3033854166666667)],[1],[0],[0],[2.444448399997782],['submit_text'],,1,001,2025-10-16_16h06.55.120,untitled,,2025.1.1,60.43030000649677,2025-10-16 16h06.59.979923 +0530,
,315,15,15,,,K_y_,Keys,old,keys,[np.float64(0.046875)],[np.float64(-0.3033854166666667)],[1],[0],[0],[2.194433900003787],['submit_text'],,,,,15,15,315,8,1098.6958898999728,,,,,,,,1098.6708448999561,1098.6958898999728,1098.6958898999728,1098.6958898999728,0.0025015000137500465,1100.8680510999984,keys,[np.float64(0.046875)],[np.float64(-0.3033854166666667)],[1],[0],[0],[2.194433900003787],['submit_text'],,1,001,2025-10-16_16h06.55.120,untitled,,2025.1.1,60.43030000649677,2025-10-16 16h06.59.979923 +0530,
,316,16,15,,,a_bl,Marble,old,table,[np.float64(0.046875)],[np.float64(-0.3033854166666667)],[1],[0],[0],[2.4269316000281833],['submit_text'],,,,,15,16,316,11,1100.896476999973,,,,,,,,1100.8706931999768,1100.896476999973,1100.896476999973,1100.896476999973,0.002479799964930862,1103.300453200005,table,[np.float64(0.046875)],[np.float64(-0.3033854166666667)],[1],[0],[0],[2.4269316000281833],['submit_text'],,1,001,2025-10-16_16h06.55.120,untitled,,2025.1.1,60.43030000649677,2025-10-16 16h06.59.979923 +0530,
,317,17,15,,,_ha_t,Chart,old,chart,[np.float64(0.046875)],[np.float64(-0.3033854166666667)],[1],[0],[0],[2.561029899981804],['submit_text'],,,,,15,17,317,1,1103.3296168000088,,,,,,,,1103.3032587000052,1103.3296168000088,1103.3296168000088,1103.3296168000088,0.002641200029756874,1105.8671292999643,chart,[np.float64(0.046875)],[np.float64(-0.3033854166666667)],[1],[0],[0],[2.561029899981804],['submit_text'],,1,001,2025-10-16_16h06.55.120,untitled,,2025.1.1,60.43030000649677,2025-10-16 16h06.59.979923 +0530,
,318,18,15,,,l_pt_p,Laptop,old,laptop,[np.float64(0.046875)],[np.float64(-0.3033854166666667)],[1],[0],[0],[2.578445899998769],['submit_text'],,,,,15,18,318,0,1105.8961914999527,,,,,,,,1105.8699340999592,1105.8961914999527,1105.8961914999527,1105.8961914999527,0.0025821999879553914,1108.4508629000047,laptop,[np.float64(0.046875)],[np.float64(-0.3033854166666667)],[1],[0],[0],[2.578445899998769],['submit_text'],,1,001,2025-10-16_16h06.55.120,untitled,,2025.1.1,60.43030000649677,2025-10-16 16h06.59.979923 +0530,
,319,19,15,,,ta_l_,Table,new,table,[np.float64(0.046875)],[np.float64(-0.3033854166666667)],[1],[0],[0],[2.476295000000391],['submit_text'],,,,,15,19,319,15,1108.4788517999696,,,,,,,,1108.4536090999609,1108.4788517999696,1108.4788517999696,1108.4788517999696,0.0026079000090248883,1110.9326456999988,table,[np.float64(0.046875)],[np.float64(-0.3033854166666667)],[1],[0],[0],[2.476295000000391],['submit_text'],,1,001,2025-10-16_16h06.55.120,untitled,,2025.1.1,60.43030000649677,2025-10-16 16h06.59.979923 +0530,
,320,0,16,,,K_y_,Keys,old,keys,[np.float64(0.046875)],[np.float64(-0.3033854166666667)],[1],[0],[0],[2.195291299954988],['submit_text'],,,,,16,0,320,8,1110.9610342999804,,,,,,,,1110.9356838999665,1110.9610342999804,1110.9610342999804,1110.9610342999804,0.0028732999926432967,1113.1338591999956,keys,[np.float64(0.046875)],[np.float64(-0.3033854166666667)],[1],[0],[0],[2.195291299954988],['submit_text'],,1,001,2025-10-16_16h06.55.120,untitled,,2025.1.1,60.43030000649677,2025-10-16 16h06.59.979923 +0530,
,321,1,16,,,P_st_r,Poster,old,pastry,[np.float64(0.046875)],[np.float64(-0.3033854166666667)],[1],[0],[0],[2.6775457999901846],['submit_text'],,,,,16,1,321,9,1113.1620437999954,,,,,,,,1113.136787800002,1113.1620437999954,1113.1620437999954,1113.1620437999954,0.002768100006505847,1115.8171736999648,pastry,[np.float64(0.046875)],[np.float64(-0.3033854166666667)],[1],[0],[0],[2.6775457999901846],['submit_text'],,1,001,2025-10-16_16h06.55.120,untitled,,2025.1.1,60.43030000649677,2025-10-16 16h06.59.979923 +0530,
,322,2,16,,,_ho_e,Phone,old,horse,[np.float64(0.046875)],[np.float64(-0.3033854166666667)],[1],[0],[0],[2.5932652999763377],['submit_text'],,,,,16,2,322,12,1115.8453073999844,,,,,,,,1115.8209508999716,1115.8453073999844,1115.8453073999844,1115.8453073999844,0.003660299989860505,1118.4172222999623,horse,[np.float64(0.046875)],[np.float64(-0.3033854166666667)],[1],[0],[0],[2.5932652999763377],['submit_text'],,1,001,2025-10-16_16h06.55.120,untitled,,2025.1.1,60.43030000649677,2025-10-16 16h06.59.979923 +0530,
,323,3,16,,,T_hi_t,Tshirt,old,tshirt,[np.float64(0.046875)],[np.float64(-0.3033854166666667)],[1],[0],[0],[2.9944850000320002],['submit_text'],,,,,16,3,323,2,1118.445087399974,,,,,,,,1118.4200268999557,1118.445087399974,1118.445087399974,1118.445087399974,0.002659900055732578,1121.4177107999567,tshirt,[np.float64(0.046875)],[np.float64(-0.3033854166666667)],[1],[0],[0],[2.9944850000320002],['submit_text'],,1,001,2025-10-16_16h06.55.120,untitled,,2025.1.1,60.43030000649677,2025-10-16 16h06.59.979923 +0530,
,324,4,16,,,a_bl,Marble,old,table,[np.float64(0.046875)],[np.float64(-0.3033854166666667)],[1],[0],[0],[2.3578665000386536],['submit_text'],,,,,16,4,324,11,1121.4449470999534,,,,,,,,1121.4206732999883,1121.4449470999534,1121.4449470999534,1121.4449470999534,0.0027191999834030867,1123.7805483999546,table,[np.float64(0.046875)],[np.float64(-0.3033854166666667)],[1],[0],[0],[2.3578665000386536],['submit_text'],,1,001,2025-10-16_16h06.55.120,untitled,,2025.1.1,60.43030000649677,2025-10-16 16h06.59.979923 +0530,
,325,5,16,,,c_s_,Case,old,case,[np.float64(0.046875)],[np.float64(-0.3033854166666667)],[1],[0],[0],[3.1622670000069775],['submit_text'],,,,,16,5,325,5,1123.8115454000072,,,,,,,,1123.7838160999818,1123.8115454000072,1123.8115454000072,1123.8115454000072,0.003173500008415431,1126.9487636999693,case,[np.float64(0.046875)],[np.float64(-0.3033854166666667)],[1],[0],[0],[3.1622670000069775],['submit_text'],,1,001,2025-10-16_16h06.55.120,untitled,,2025.1.1,60.43030000649677,2025-10-16 16h06.59.979923 +0530,
,326,6,16,,,_ha_t,Chart,old,chart,[np.float64(0.046875)],[np.float64(-0.3033854166666667)],[1],[0],[0],[2.459260900039226],['submit_text'],,,,,16,6,326,1,1126.9778544,,,,,,,,1126.9520325000049,1126.9778544,1126.9778544,1126.9778544,0.0030860999831929803,1129.412721999979,chart,[np.float64(0.046875)],[np.float64(-0.3033854166666667)],[1],[0],[0],[2.459260900039226],['submit_text'],,1,001,2025-10-16_16h06.55.120,untitled,,2025.1.1,60.43030000649677,2025-10-16 16h06.59.979923 +0530,
,327,7,16,,,v_s_,Vase,new,vase,[np.float64(0.046875)],[np.float64(-0.3033854166666667)],[1],[0],[0],[2.5466561000212096],['submit_text'],,,,,16,7,327,17,1129.4328156999545,,,,,,,,1129.4142675999901,1129.4328156999545,1129.4328156999545,1129.4328156999545,0.001479600032325834,1131.9622544999584,vase,[np.float64(0.046875)],[np.float64(-0.3033854166666667)],[1],[0],[0],[2.5466561000212096],['submit_text'],,1,001,2025-10-16_16h06.55.120,untitled,,2025.1.1,60.43030000649677,2025-10-16 16h06.59.979923 +0530,
,328,8,16,,,l_pt_p,Laptop,old,laptop,[np.float64(0.046875)],[np.float64(-0.3033854166666667)],[1],[0],[0],[2.6142794999759644],['submit_text'],,,,,16,8,328,0,1131.9773941999883,,,,,,,,1131.9638133999542,1131.9773941999883,1131.9773941999883,1131.9773941999883,0.0014832000015303493,1134.5794285999727,laptop,[np.float64(0.046875)],[np.float64(-0.3033854166666667)],[1],[0],[0],[2.6142794999759644],['submit_text'],,1,001,2025-10-16_16h06.55.120,untitled,,2025.1.1,60.43030000649677,2025-10-16 16h06.59.979923 +0530,
,329,9,16,,,oo,Book,old,book,[np.float64(0.046875)],[np.float64(-0.3033854166666667)],[1],[0],[0],[2.4661256999825127],['submit_text'],,,,,16,9,329,13,1134.5942975999787,,,,,,,,1134.58074569999,1134.5942975999787,1134.5942975999787,1134.5942975999787,0.001234699971973896,1137.0483916999656,book,[np.float64(0.046875)],[np.float64(-0.3033854166666667)],[1],[0],[0],[2.4661256999825127],['submit_text'],,1,001,2025-10-16_16h06.55.120,untitled,,2025.1.1,60.43030000649677,2025-10-16 16h06.59.979923 +0530,
,330,10,16,,,P_as_tr_,Pastry,old,pastry,[np.float64(0.046875)],[np.float64(-0.3033854166666667)],[1],[0],[0],[2.5278269999544136],['submit_text'],,,,,16,10,330,4,1137.0602283999906,,,,,,,,1137.0502187999664,1137.0602283999906,1137.0602283999906,1137.0602283999906,0.0017345999949611723,1139.579511799966,pastry,[np.float64(0.046875)],[np.float64(-0.3033854166666667)],[1],[0],[0],[2.5278269999544136],['submit_text'],,1,001,2025-10-16_16h06.55.120,untitled,,2025.1.1,60.43030000649677,2025-10-16 16h06.59.979923 +0530,
,331,11,16,,,_ou_se,mouse,old,mouse,[np.float64(0.046875)],[np.float64(-0.3033854166666667)],[1],[0],[0],[2.3293402999988757],['submit_text'],,,,,16,11,331,3,1139.5931998000015,,,,,,,,1139.5811579999863,1139.5931998000015,1139.5931998000015,1139.5931998000015,0.0015379000105895102,1141.9118470999529,mouse,[np.float64(0.046875)],[np.float64(-0.3033854166666667)],[1],[0],[0],[2.3293402999988757],['submit_text'],,1,001,2025-10-16_16h06.55.120,untitled,,2025.1.1,60.43030000649677,2025-10-16 16h06.59.979923 +0530,
,332,12,16,,,_o_rd,Board,old,chord,[np.float64(0.046875)],[np.float64(-0.3033854166666667)],[1],[0],[0],[2.29802029998973],['submit_text'],,,,,16,12,332,10,1141.9273772999877,,,,,,,,1141.9132888999884,1141.9273772999877,1141.9273772999877,1141.9273772999877,0.001368099998217076,1144.2130089999991,chord,[np.float64(0.046875)],[np.float64(-0.3033854166666667)],[1],[0],[0],[2.29802029998973],['submit_text'],,1,001,2025-10-16_16h06.55.120,untitled,,2025.1.1,60.43030000649677,2025-10-16 16h06.59.979923 +0530,
,333,13,16,,,c_s_io_,Cushion,old,cushion,[np.float64(0.046875)],[np.float64(-0.3033854166666667)],[1],[0],[0],[3.4791464000009],['submit_text'],,,,,16,13,333,14,1144.2269932999625,,,,,,,,1144.2148134000017,1144.2269932999625,1144.2269932999625,1144.2269932999625,0.0017013000324368477,1147.6953744000057,cushion,[np.float64(0.046875)],[np.float64(-0.3033854166666667)],[1],[0],[0],[3.4791464000009],['submit_text'],,1,001,2025-10-16_16h06.55.120,untitled,,2025.1.1,60.43030000649677,2025-10-16 16h06.59.979923 +0530,
,334,14,16,,,P_li_e,Police,old,police,[np.float64(0.046875)],[np.float64(-0.3033854166666667)],[1],[0],[0],[2.8634178999927826],['submit_text'],,,,,16,14,334,7,1147.7103224999737,,,,,,,,1147.697067799978,1147.7103224999737,1147.7103224999737,1147.7103224999737,0.0015779999666847289,1150.5619601999642,police,[np.float64(0.046875)],[np.float64(-0.3033854166666667)],[1],[0],[0],[2.8634178999927826],['submit_text'],,1,001,2025-10-16_16h06.55.120,untitled,,2025.1.1,60.43030000649677,2025-10-16 16h06.59.979923 +0530,
,335,15,16,,,ru_is,Cruise,old,cruise,[np.float64(0.046875)],[np.float64(-0.3033854166666667)],[1],[0],[0],[3.829754500009585],['submit_text'],,,,,16,15,335,6,1150.5761861999636,,,,,,,,1150.5640184999793,1150.5761861999636,1150.5761861999636,1150.5761861999636,0.0019352000090293586,1154.3951863999828,cruise,[np.float64(0.046875)],[np.float64(-0.3033854166666667)],[1],[0],[0],[3.829754500009585],['submit_text'],,1,001,2025-10-16_16h06.55.120,untitled,,2025.1.1,60.43030000649677,2025-10-16 16h06.59.979923 +0530,
,336,16,16,,,bo_t_e,Bottle,new,bottle,[np.float64(0.046875)],[np.float64(-0.3033854166666667)],[1],[0],[0],[2.683754899946507],['submit_text'],,,,,16,16,336,18,1154.409715799964,,,,,,,,1154.3968304999871,1154.409715799964,1154.409715799964,1154.409715799964,0.0015536999562755227,1157.0826035999926,bottle,[np.float64(0.046875)],[np.float64(-0.3033854166666667)],[1],[0],[0],[2.683754899946507],['submit_text'],,1,001,2025-10-16_16h06.55.120,untitled,,2025.1.1,60.43030000649677,2025-10-16 16h06.59.979923 +0530,
,337,17,16,,,ta_l_,Table,new,table,[np.float64(0.046875)],[np.float64(-0.3033854166666667)],[1],[0],[0],[2.475298799981829],['submit_text'],,,,,16,17,337,15,1157.111221899977,,,,,,,,1157.0852838999708,1157.111221899977,1157.111221899977,1157.111221899977,0.0025385000044479966,1159.562448999961,table,[np.float64(0.046875)],[np.float64(-0.3033854166666667)],[1],[0],[0],[2.475298799981829],['submit_text'],,1,001,2025-10-16_16h06.55.120,untitled,,2025.1.1,60.43030000649677,2025-10-16 16h06.59.979923 +0530,
,338,18,16,,,c_m_ra,Camera,new,camera,[np.float64(0.046875)],[np.float64(-0.3033854166666667)],[1],[0],[0],[3.1294946999987587],['submit_text'],,,,,16,18,338,19,1159.576392399962,,,,,,,,1159.5640506999916,1159.576392399962,1159.576392399962,1159.576392399962,0.0014836000045761466,1162.6950403999654,camera,[np.float64(0.046875)],[np.float64(-0.3033854166666667)],[1],[0],[0],[3.1294946999987587],['submit_text'],,1,001,2025-10-16_16h06.55.120,untitled,,2025.1.1,60.43030000649677,2025-10-16 16h06.59.979923 +0530,
,339,19,16,,,p_nc_l,Pencil,new,pencil,[np.float64(0.046875)],[np.float64(-0.3033854166666667)],[1],[0],[0],[4.446286500024144],['submit_text'],,,,,16,19,339,16,1162.709895899985,,,,,,,,1162.6965423999936,1162.709895899985,1162.709895899985,1162.709895899985,0.0014037999790161848,1167.144176199974,pencil,[np.float64(0.046875)],[np.float64(-0.3033854166666667)],[1],[0],[0],[4.446286500024144],['submit_text'],,1,001,2025-10-16_16h06.55.120,untitled,,2025.1.1,60.43030000649677,2025-10-16 16h06.59.979923 +0530,
,340,0,17,,,a_bl,Marble,old,table,[np.float64(0.046875)],[np.float64(-0.3033854166666667)],[1],[0],[0],[2.7310260999947786],['submit_text'],,,,,17,0,340,11,1167.1597387999645,,,,,,,,1167.145633499953,1167.1597387999645,1167.1597387999645,1167.1597387999645,0.0013753999955952168,1169.87812020001,table,[np.float64(0.046875)],[np.float64(-0.3033854166666667)],[1],[0],[0],[2.7310260999947786],['submit_text'],,1,001,2025-10-16_16h06.55.120,untitled,,2025.1.1,60.43030000649677,2025-10-16 16h06.59.979923 +0530,
,341,1,17,,,c_m_ra,Camera,new,camera,[np.float64(0.046875)],[np.float64(-0.3033854166666667)],[1],[0],[0],[2.695997900038492],['submit_text'],,,,,17,1,341,19,1169.8930882999557,,,,,,,,1169.8799680999946,1169.8930882999557,1169.8930882999557,1169.8930882999557,0.001747199974488467,1172.5773395999568,camera,[np.float64(0.046875)],[np.float64(-0.3033854166666667)],[1],[0],[0],[2.695997900038492],['submit_text'],,1,001,2025-10-16_16h06.55.120,untitled,,2025.1.1,60.43030000649677,2025-10-16 16h06.59.979923 +0530,
,342,2,17,,,p_nc_l,Pencil,new,pencil,[np.float64(0.046875)],[np.float64(-0.3033854166666667)],[1],[0],[0],[2.6142935999669135],['submit_text'],,,,,17,2,342,16,1172.593954699987,,,,,,,,1172.5788378999569,1172.593954699987,1172.593954699987,1172.593954699987,0.0014239000156521797,1175.1945035999524,pencil,[np.float64(0.046875)],[np.float64(-0.3033854166666667)],[1],[0],[0],[2.6142935999669135],['submit_text'],,1,001,2025-10-16_16h06.55.120,untitled,,2025.1.1,60.43030000649677,2025-10-16 16h06.59.979923 +0530,
,343,3,17,,,P_li_e,Police,old,police,[np.float64(0.046875)],[np.float64(-0.3033854166666667)],[1],[0],[0],[2.949711599969305],['submit_text'],,,,,17,3,343,7,1175.2090161999804,,,,,,,,1175.1961536000017,1175.2090161999804,1175.2090161999804,1175.2090161999804,0.0015697000198997557,1178.1478468999849,police,[np.float64(0.046875)],[np.float64(-0.3033854166666667)],[1],[0],[0],[2.949711599969305],['submit_text'],,1,001,2025-10-16_16h06.55.120,untitled,,2025.1.1,60.43030000649677,2025-10-16 16h06.59.979923 +0530,
,344,4,17,,,P_st_r,Poster,old,pastry,[np.float64(0.046875)],[np.float64(-0.3033854166666667)],[1],[0],[0],[2.627877000020817],['submit_text'],,,,,17,4,344,9,1178.160134799953,,,,,,,,1178.1496096999617,1178.160134799953,1178.160134799953,1178.160134799953,0.001665600051637739,1180.7802306999802,pastry,[np.float64(0.046875)],[np.float64(-0.3033854166666667)],[1],[0],[0],[2.627877000020817],['submit_text'],,1,001,2025-10-16_16h06.55.120,untitled,,2025.1.1,60.43030000649677,2025-10-16 16h06.59.979923 +0530,
,345,5,17,,,ta_l_,Table,new,table,[np.float64(0.046875)],[np.float64(-0.3033854166666667)],[1],[0],[0],[2.4919992000213824],['submit_text'],,,,,17,5,345,15,1180.8083974999608,,,,,,,,1180.7836999999708,1180.8083974999608,1180.8083974999608,1180.8083974999608,0.0032775000436231494,1183.2771680000005,table,[np.float64(0.046875)],[np.float64(-0.3033854166666667)],[1],[0],[0],[2.4919992000213824],['submit_text'],,1,001,2025-10-16_16h06.55.120,untitled,,2025.1.1,60.43030000649677,2025-10-16 16h06.59.979923 +0530,
,346,6,17,,,c_s_io_,Cushion,old,cushion,[np.float64(0.046875)],[np.float64(-0.3033854166666667)],[1],[0],[0],[3.581079800031148],['submit_text'],,,,,17,6,346,14,1183.291732099955,,,,,,,,1183.2786472999724,1183.291732099955,1183.291732099955,1183.291732099955,0.0014085000148043036,1186.861090099963,cushion,[np.float64(0.046875)],[np.float64(-0.3033854166666667)],[1],[0],[0],[3.581079800031148],['submit_text'],,1,001,2025-10-16_16h06.55.120,untitled,,2025.1.1,60.43030000649677,2025-10-16 16h06.59.979923 +0530,
,347,7,17,,,K_y_,Keys,old,keys,[np.float64(0.046875)],[np.float64(-0.3033854166666667)],[1],[0],[0],[2.329762800014578],['submit_text'],,,,,17,7,347,8,1186.8751307000057,,,,,,,,1186.862449499953,1186.8751307000057,1186.8751307000057,1186.8751307000057,0.001283499994315207,1189.193640399957,keys,[np.float64(0.046875)],[np.float64(-0.3033854166666667)],[1],[0],[0],[2.329762800014578],['submit_text'],,1,001,2025-10-16_16h06.55.120,untitled,,2025.1.1,60.43030000649677,2025-10-16 16h06.59.979923 +0530,
,348,8,17,,,l_pt_p,Laptop,old,laptop,[np.float64(0.046875)],[np.float64(-0.3033854166666667)],[1],[0],[0],[2.615506900008768],['submit_text'],,,,,17,8,348,0,1189.2086759000085,,,,,,,,1189.195084100007,1189.2086759000085,1189.2086759000085,1189.2086759000085,0.0013694000081159174,1191.8120878000045,laptop,[np.float64(0.046875)],[np.float64(-0.3033854166666667)],[1],[0],[0],[2.615506900008768],['submit_text'],,1,001,2025-10-16_16h06.55.120,untitled,,2025.1.1,60.43030000649677,2025-10-16 16h06.59.979923 +0530,
,349,9,17,,,_ou_se,mouse,old,mouse,[np.float64(0.046875)],[np.float64(-0.3033854166666667)],[1],[0],[0],[2.6287483000196517],['submit_text'],,,,,17,9,349,3,1191.826792799984,,,,,,,,1191.8137676999904,1191.826792799984,1191.826792799984,1191.826792799984,0.0015952999820001423,1194.4441540999687,mouse,[np.float64(0.046875)],[np.float64(-0.3033854166666667)],[1],[0],[0],[2.6287483000196517],['submit_text'],,1,001,2025-10-16_16h06.55.120,untitled,,2025.1.1,60.43030000649677,2025-10-16 16h06.59.979923 +0530,
,350,10,17,,,ru_is,Cruise,old,cruise,[np.float64(0.046875)],[np.float64(-0.3033854166666667)],[1],[0],[0],[2.6131539000198245],['submit_text'],,,,,17,10,350,6,1194.458109900006,,,,,,,,1194.4457388999872,1194.458109900006,1194.458109900006,1194.458109900006,0.0014879999798722565,1197.0603183999774,cruise,[np.float64(0.046875)],[np.float64(-0.3033854166666667)],[1],[0],[0],[2.6131539000198245],['submit_text'],,1,001,2025-10-16_16h06.55.120,untitled,,2025.1.1,60.43030000649677,2025-10-16 16h06.59.979923 +0530,
,351,11,17,,,c_s_,Case,old,case,[np.float64(0.046875)],[np.float64(-0.3033854166666667)],[1],[0],[0],[2.9311362000298686],['submit_text'],,,,,17,11,351,5,1197.075219099992,,,,,,,,1197.061839699978,1197.075219099992,1197.075219099992,1197.075219099992,0.0014496000367216766,1199.994398699957,case,[np.float64(0.046875)],[np.float64(-0.3033854166666667)],[1],[0],[0],[2.9311362000298686],['submit_text'],,1,001,2025-10-16_16h06.55.120,untitled,,2025.1.1,60.43030000649677,2025-10-16 16h06.59.979923 +0530,
,352,12,17,,,_ha_t,Chart,old,chart,[np.float64(0.046875)],[np.float64(-0.3033854166666667)],[1],[0],[0],[2.395843500038609],['submit_text'],,,,,17,12,352,1,1200.007574999996,,,,,,,,1199.9959614999825,1200.007574999996,1200.007574999996,1200.007574999996,0.0014713999698869884,1202.3932214999804,chart,[np.float64(0.046875)],[np.float64(-0.3033854166666667)],[1],[0],[0],[2.395843500038609],['submit_text'],,1,001,2025-10-16_16h06.55.120,untitled,,2025.1.1,60.43030000649677,2025-10-16 16h06.59.979923 +0530,
,353,13,17,,,oo,Book,old,book,[np.float64(0.046875)],[np.float64(-0.3033854166666667)],[1],[0],[0],[2.3804082999704406],['submit_text'],,,,,17,13,353,13,1202.4080447999877,,,,,,,,1202.3947196999798,1202.4080447999877,1202.4080447999877,1202.4080447999877,0.0014221000019460917,1204.7766892999643,book,[np.float64(0.046875)],[np.float64(-0.3033854166666667)],[1],[0],[0],[2.3804082999704406],['submit_text'],,1,001,2025-10-16_16h06.55.120,untitled,,2025.1.1,60.43030000649677,2025-10-16 16h06.59.979923 +0530,
,354,14,17,,,_o_rd,Board,old,chord,[np.float64(0.046875)],[np.float64(-0.3033854166666667)],[1],[0],[0],[2.496176499989815],['submit_text'],,,,,17,14,354,10,1204.7907189999823,,,,,,,,1204.7785857999697,1204.7907189999823,1204.7907189999823,1204.7907189999823,0.00180309999268502,1207.276156899985,chord,[np.float64(0.046875)],[np.float64(-0.3033854166666667)],[1],[0],[0],[2.496176499989815],['submit_text'],,1,001,2025-10-16_16h06.55.120,untitled,,2025.1.1,60.43030000649677,2025-10-16 16h06.59.979923 +0530,
,355,15,17,,,_ho_e,Phone,old,horse,[np.float64(0.046875)],[np.float64(-0.3033854166666667)],[1],[0],[0],[3.1799592999741435],['submit_text'],,,,,17,15,355,12,1207.2909130000044,,,,,,,,1207.2782679999946,1207.2909130000044,1207.2909130000044,1207.2909130000044,0.0020421999506652355,1210.4597065999988,horse,[np.float64(0.046875)],[np.float64(-0.3033854166666667)],[1],[0],[0],[3.1799592999741435],['submit_text'],,1,001,2025-10-16_16h06.55.120,untitled,,2025.1.1,60.43030000649677,2025-10-16 16h06.59.979923 +0530,
,356,16,17,,,T_hi_t,Tshirt,old,tshirt,[np.float64(0.046875)],[np.float64(-0.3033854166666667)],[1],[0],[0],[3.2814216999686323],['submit_text'],,,,,17,16,356,2,1210.4749926999793,,,,,,,,1210.4612418999895,1210.4749926999793,1210.4749926999793,1210.4749926999793,0.0014334999723359942,1213.7500726999715,tshirt,[np.float64(0.046875)],[np.float64(-0.3033854166666667)],[1],[0],[0],[3.2814216999686323],['submit_text'],,1,001,2025-10-16_16h06.55.120,untitled,,2025.1.1,60.43030000649677,2025-10-16 16h06.59.979923 +0530,
,357,17,17,,,bo_t_e,Bottle,new,bottle,[np.float64(0.046875)],[np.float64(-0.3033854166666667)],[1],[0],[0],[3.5374152999720536],['submit_text'],,,,,17,17,357,18,1213.7733869999647,,,,,,,,1213.7538129999884,1213.7733869999647,1213.7733869999647,1213.7733869999647,0.003320800024084747,1217.292786200007,bottle,[np.float64(0.046875)],[np.float64(-0.3033854166666667)],[1],[0],[0],[3.5374152999720536],['submit_text'],,1,001,2025-10-16_16h06.55.120,untitled,,2025.1.1,60.43030000649677,2025-10-16 16h06.59.979923 +0530,
,358,18,17,,,v_s_,Vase,new,vase,[np.float64(0.046875)],[np.float64(-0.3033854166666667)],[1],[0],[0],[2.680464099976234],['submit_text'],,,,,17,18,358,17,1217.306970399979,,,,,,,,1217.2941495999694,1217.306970399979,1217.306970399979,1217.306970399979,0.0012822000426240265,1219.976469199988,vase,[np.float64(0.046875)],[np.float64(-0.3033854166666667)],[1],[0],[0],[2.680464099976234],['submit_text'],,1,001,2025-10-16_16h06.55.120,untitled,,2025.1.1,60.43030000649677,2025-10-16 16h06.59.979923 +0530,
,359,19,17,,,P_as_tr_,Pastry,old,pastry,[np.float64(0.046875)],[np.float64(-0.3033854166666667)],[1],[0],[0],[2.7783529000007547],['submit_text'],,,,,17,19,359,4,1219.990277600009,,,,,,,,1219.9790833999868,1219.990277600009,1219.990277600009,1219.990277600009,0.002495800028555095,1222.7589807999902,pastry,[np.float64(0.046875)],[np.float64(-0.3033854166666667)],[1],[0],[0],[2.7783529000007547],['submit_text'],,1,001,2025-10-16_16h06.55.120,untitled,,2025.1.1,60.43030000649677,2025-10-16 16h06.59.979923 +0530,
,360,0,18,,,_o_rd,Board,old,chord,[np.float64(0.046875)],[np.float64(-0.3033854166666667)],[1],[0],[0],[3.282610099995509],['submit_text'],,,,,18,0,360,10,1222.7743416999583,,,,,,,,1222.7606367999688,1222.7743416999583,1222.7743416999583,1222.7743416999583,0.0015394999645650387,1226.0513679999858,chord,[np.float64(0.046875)],[np.float64(-0.3033854166666667)],[1],[0],[0],[3.282610099995509],['submit_text'],,1,001,2025-10-16_16h06.55.120,untitled,,2025.1.1,60.43030000649677,2025-10-16 16h06.59.979923 +0530,
,361,1,18,,,a_bl,Marble,old,table,[np.float64(0.046875)],[np.float64(-0.3033854166666667)],[1],[0],[0],[2.6536703999736346],['submit_text'],,,,,18,1,361,11,1226.0728499999968,,,,,,,,1226.053383899969,1226.0728499999968,1226.0728499999968,1226.0728499999968,0.001533699978608638,1228.7085226000054,table,[np.float64(0.046875)],[np.float64(-0.3033854166666667)],[1],[0],[0],[2.6536703999736346],['submit_text'],,1,001,2025-10-16_16h06.55.120,untitled,,2025.1.1,60.43030000649677,2025-10-16 16h06.59.979923 +0530,
,362,2,18,,,c_s_,Case,old,case,[np.float64(0.046875)],[np.float64(-0.3033854166666667)],[1],[0],[0],[2.480262800003402],['submit_text'],,,,,18,2,362,5,1228.722951999982,,,,,,,,1228.7100127000012,1228.722951999982,1228.722951999982,1228.722951999982,0.0014094000216573477,1231.1917482999852,case,[np.float64(0.046875)],[np.float64(-0.3033854166666667)],[1],[0],[0],[2.480262800003402],['submit_text'],,1,001,2025-10-16_16h06.55.120,untitled,,2025.1.1,60.43030000649677,2025-10-16 16h06.59.979923 +0530,
,363,3,18,,,P_st_r,Poster,old,pastry,[np.float64(0.046875)],[np.float64(-0.3033854166666667)],[1],[0],[0],[4.530277299985755],['submit_text'],,,,,18,3,363,9,1231.2069858000032,,,,,,,,1231.1936421999708,1231.2069858000032,1231.2069858000032,1231.2069858000032,0.0018256999901495874,1235.7254243000061,pastry,[np.float64(0.046875)],[np.float64(-0.3033854166666667)],[1],[0],[0],[4.530277299985755],['submit_text'],,1,001,2025-10-16_16h06.55.120,untitled,,2025.1.1,60.43030000649677,2025-10-16 16h06.59.979923 +0530,
,364,4,18,,,K_y_,Keys,old,keys,[np.float64(0.046875)],[np.float64(-0.3033854166666667)],[1],[0],[0],[2.29694530001143],['submit_text'],,,,,18,4,364,8,1235.7394973000046,,,,,,,,1235.7268871999695,1235.7394973000046,1235.7394973000046,1235.7394973000046,0.0013833000557497144,1238.0252809000085,keys,[np.float64(0.046875)],[np.float64(-0.3033854166666667)],[1],[0],[0],[2.29694530001143],['submit_text'],,1,001,2025-10-16_16h06.55.120,untitled,,2025.1.1,60.43030000649677,2025-10-16 16h06.59.979923 +0530,
,365,5,18,,,bo_t_e,Bottle,new,bottle,[np.float64(0.046875)],[np.float64(-0.3033854166666667)],[1],[0],[0],[2.7972393999807537],['submit_text'],,,,,18,5,365,18,1238.0410830999608,,,,,,,,1238.0267668999732,1238.0410830999608,1238.0410830999608,1238.0410830999608,0.0013964000390842557,1240.82569649996,bottle,[np.float64(0.046875)],[np.float64(-0.3033854166666667)],[1],[0],[0],[2.7972393999807537],['submit_text'],,1,001,2025-10-16_16h06.55.120,untitled,,2025.1.1,60.43030000649677,2025-10-16 16h06.59.979923 +0530,
,366,6,18,,,_ho_e,Phone,old,horse,[np.float64(0.046875)],[np.float64(-0.3033854166666667)],[1],[0],[0],[2.846526700013783],['submit_text'],,,,,18,6,366,12,1240.8409035999794,,,,,,,,1240.8275050999946,1240.8409035999794,1240.8409035999794,1240.8409035999794,0.0017069000168703496,1243.6756739999983,horse,[np.float64(0.046875)],[np.float64(-0.3033854166666667)],[1],[0],[0],[2.846526700013783],['submit_text'],,1,001,2025-10-16_16h06.55.120,untitled,,2025.1.1,60.43030000649677,2025-10-16 16h06.59.979923 +0530,
,367,7,18,,,p_nc_l,Pencil,new,pencil,[np.float64(0.046875)],[np.float64(-0.3033854166666667)],[1],[0],[0],[2.962730199971702],['submit_text'],,,,,18,7,367,16,1243.6895388999837,,,,,,,,1243.6775610999903,1243.6895388999837,1243.6895388999837,1243.6895388999837,0.0017974000074900687,1246.6419297999819,pencil,[np.float64(0.046875)],[np.float64(-0.3033854166666667)],[1],[0],[0],[2.962730199971702],['submit_text'],,1,001,2025-10-16_16h06.55.120,untitled,,2025.1.1,60.43030000649677,2025-10-16 16h06.59.979923 +0530,
,368,8,18,,,ta_l_,Table,new,table,[np.float64(0.046875)],[np.float64(-0.3033854166666667)],[1],[0],[0],[3.9297412000014447],['submit_text'],,,,,18,8,368,15,1246.6559924999601,,,,,,,,1246.6434441999882,1246.6559924999601,1246.6559924999601,1246.6559924999601,0.0014161000144667923,1250.5747158000013,table,[np.float64(0.046875)],[np.float64(-0.3033854166666667)],[1],[0],[0],[3.9297412000014447],['submit_text'],,1,001,2025-10-16_16h06.55.120,untitled,,2025.1.1,60.43030000649677,2025-10-16 16h06.59.979923 +0530,
,369,9,18,,,_ha_t,Chart,old,chart,[np.float64(0.046875)],[np.float64(-0.3033854166666667)],[1],[0],[0],[2.563295100000687],['submit_text'],,,,,18,9,369,1,1250.5891369999736,,,,,,,,1250.5763789999764,1250.5891369999736,1250.5891369999736,1250.5891369999736,0.0015753000043332577,1253.1411834000028,chart,[np.float64(0.046875)],[np.float64(-0.3033854166666667)],[1],[0],[0],[2.563295100000687],['submit_text'],,1,001,2025-10-16_16h06.55.120,untitled,,2025.1.1,60.43030000649677,2025-10-16 16h06.59.979923 +0530,
,370,10,18,,,c_s_io_,Cushion,old,cushion,[np.float64(0.046875)],[np.float64(-0.3033854166666667)],[1],[0],[0],[6.046491099987179],['submit_text'],,,,,18,10,370,14,1253.1557656999794,,,,,,,,1253.142840799992,1253.1557656999794,1253.1557656999794,1253.1557656999794,0.0015743999974802136,1259.1908195999567,cushion,[np.float64(0.046875)],[np.float64(-0.3033854166666667)],[1],[0],[0],[6.046491099987179],['submit_text'],,1,001,2025-10-16_16h06.55.120,untitled,,2025.1.1,60.43030000649677,2025-10-16 16h06.59.979923 +0530,
,371,11,18,,,_ou_se,mouse,old,,[np.float64(0.046875)],[np.float64(-0.3033854166666667)],[1],[0],[0],[0.5807884000241756],['submit_text'],,,,,18,11,371,3,1259.2060617000097,,,,,,,,1259.1924585999805,1259.2060617000097,1259.2060617000097,1259.2060617000097,0.001568000006955117,1259.774787799979,,[np.float64(0.046875)],[np.float64(-0.3033854166666667)],[1],[0],[0],[0.5807884000241756],['submit_text'],,1,001,2025-10-16_16h06.55.120,untitled,,2025.1.1,60.43030000649677,2025-10-16 16h06.59.979923 +0530,
,372,12,18,,,l_pt_p,Laptop,old,,[np.float64(0.046875)],[np.float64(-0.3033854166666667)],[1],[0],[0],[0.23160330002428964],['submit_text'],,,,,18,12,372,0,1259.7890447999816,,,,,,,,1259.7764754999662,1259.7890447999816,1259.7890447999816,1259.7890447999816,0.0016158000216819346,1260.0097462999984,,[np.float64(0.046875)],[np.float64(-0.3033854166666667)],[1],[0],[0],[0.23160330002428964],['submit_text'],,1,001,2025-10-16_16h06.55.120,untitled,,2025.1.1,60.43030000649677,2025-10-16 16h06.59.979923 +0530,
,373,13,18,,,P_as_tr_,Pastry,old,,[np.float64(0.046875)],[np.float64(-0.3033854166666667)],[1],[0],[0],[0.1615604999824427],['submit_text'],,,,,18,13,373,4,1260.0218523999793,,,,,,,,1260.0113075999543,1260.0218523999793,1260.0218523999793,1260.0218523999793,0.001457399979699403,1260.174362199963,,[np.float64(0.046875)],[np.float64(-0.3033854166666667)],[1],[0],[0],[0.1615604999824427],['submit_text'],,1,001,2025-10-16_16h06.55.120,untitled,,2025.1.1,60.43030000649677,2025-10-16 16h06.59.979923 +0530,
,374,14,18,,,v_s_,Vase,new,,[np.float64(0.046875)],[np.float64(-0.3033854166666667)],[1],[0],[0],[0.13019549997989088],['submit_text'],,,,,18,14,374,17,1260.1889679000014,,,,,,,,1260.1756940999767,1260.1889679000014,1260.1889679000014,1260.1889679000014,0.0012587999808602035,1260.3077312999521,,[np.float64(0.046875)],[np.float64(-0.3033854166666667)],[1],[0],[0],[0.13019549997989088],['submit_text'],,1,001,2025-10-16_16h06.55.120,untitled,,2025.1.1,60.43030000649677,2025-10-16 16h06.59.979923 +0530,
,375,15,18,,,ru_is,Cruise,old,,[np.float64(0.046875)],[np.float64(-0.3033854166666667)],[1],[0],[0],[0.14631830004509538],['submit_text'],,,,,18,15,375,6,1260.322561399953,,,,,,,,1260.309875099978,1260.322561399953,1260.322561399953,1260.322561399953,0.002018999948631972,1260.457700799976,,[np.float64(0.046875)],[np.float64(-0.3033854166666667)],[1],[0],[0],[0.14631830004509538],['submit_text'],,1,001,2025-10-16_16h06.55.120,untitled,,2025.1.1,60.43030000649677,2025-10-16 16h06.59.979923 +0530,
,376,16,18,,,P_li_e,Police,old,,[np.float64(0.046875)],[np.float64(-0.3033854166666667)],[1],[0],[0],[0.16342009999789298],['submit_text'],,,,,18,16,376,7,1260.4717106999597,,,,,,,,1260.4591668999637,1260.4717106999597,1260.4717106999597,1260.4717106999597,0.0013765000039711595,1260.6241370000062,,[np.float64(0.046875)],[np.float64(-0.3033854166666667)],[1],[0],[0],[0.16342009999789298],['submit_text'],,1,001,2025-10-16_16h06.55.120,untitled,,2025.1.1,60.43030000649677,2025-10-16 16h06.59.979923 +0530,
,377,17,18,,,c_m_ra,Camera,new,,[np.float64(0.046875)],[np.float64(-0.3033854166666667)],[1],[0],[0],[0.14766259997850284],['submit_text'],,,,,18,17,377,19,1260.6389565999852,,,,,,,,1260.6259019999998,1260.6389565999852,1260.6389565999852,1260.6389565999852,0.0016536000184714794,1260.7755623999983,,[np.float64(0.046875)],[np.float64(-0.3033854166666667)],[1],[0],[0],[0.14766259997850284],['submit_text'],,1,001,2025-10-16_16h06.55.120,untitled,,2025.1.1,60.43030000649677,2025-10-16 16h06.59.979923 +0530,
,378,18,18,,,oo,Book,old,,[np.float64(0.046875)],[np.float64(-0.3033854166666667)],[1],[0],[0],[0.14432640001177788],['submit_text'],,,,,18,18,378,13,1260.7885872999905,,,,,,,,1260.778126899968,1260.7885872999905,1260.7885872999905,1260.7885872999905,0.002435999980662018,1260.924094899965,,[np.float64(0.046875)],[np.float64(-0.3033854166666667)],[1],[0],[0],[0.14432640001177788],['submit_text'],,1,001,2025-10-16_16h06.55.120,untitled,,2025.1.1,60.43030000649677,2025-10-16 16h06.59.979923 +0530,
,379,19,18,,,T_hi_t,Tshirt,old,,[np.float64(0.046875)],[np.float64(-0.3033854166666667)],[1],[0],[0],[0.1664623999968171],['submit_text'],,,,,18,19,379,2,1260.9389245999628,,,,,,,,1260.9257302999613,1260.9389245999628,1260.9389245999628,1260.9389245999628,0.0015255000325851142,1261.0937247999827,,[np.float64(0.046875)],[np.float64(-0.3033854166666667)],[1],[0],[0],[0.1664623999968171],['submit_text'],,1,001,2025-10-16_16h06.55.120,untitled,,2025.1.1,60.43030000649677,2025-10-16 16h06.59.979923 +0530,
,380,0,19,,,oo,Book,old,,[np.float64(0.046875)],[np.float64(-0.3033854166666667)],[1],[0],[0],[0.16105029999744147],['submit_text'],,,,,19,0,380,13,1261.1052665999741,,,,,,,,1261.0950524999644,1261.1052665999741,1261.1052665999741,1261.1052665999741,0.0012369999894872308,1261.2622786999564,,[np.float64(0.046875)],[np.float64(-0.3033854166666667)],[1],[0],[0],[0.16105029999744147],['submit_text'],,1,001,2025-10-16_16h06.55.120,untitled,,2025.1.1,60.43030000649677,2025-10-16 16h06.59.979923 +0530,
,381,1,19,,,_ou_se,mouse,old,,[np.float64(0.046875)],[np.float64(-0.3033854166666667)],[1],[0],[0],[0.15817210002569482],['submit_text'],,,,,19,1,381,3,1261.2882113999804,,,,,,,,1261.2647421999718,1261.2882113999804,1261.2882113999804,1261.2882113999804,0.0023328999523073435,1261.4245084999711,,[np.float64(0.046875)],[np.float64(-0.3033854166666667)],[1],[0],[0],[0.15817210002569482],['submit_text'],,1,001,2025-10-16_16h06.55.120,untitled,,2025.1.1,60.43030000649677,2025-10-16 16h06.59.979923 +0530,
,382,2,19,,,P_li_e,Police,old,,[np.float64(0.046875)],[np.float64(-0.3033854166666667)],[1],[0],[0],[0.16376289998879656],['submit_text'],,,,,19,2,382,7,1261.4391629999736,,,,,,,,1261.4263739999733,1261.4391629999736,1261.4391629999736,1261.4391629999736,0.0017843000241555274,1261.5916865000036,,[np.float64(0.046875)],[np.float64(-0.3033854166666667)],[1],[0],[0],[0.16376289998879656],['submit_text'],,1,001,2025-10-16_16h06.55.120,untitled,,2025.1.1,60.43030000649677,2025-10-16 16h06.59.979923 +0530,
,383,3,19,,,_ha_t,Chart,old,,[np.float64(0.046875)],[np.float64(-0.3033854166666667)],[1],[0],[0],[0.26330279995454475],['submit_text'],,,,,19,3,383,1,1261.6052434999729,,,,,,,,1261.593740399985,1261.6052434999729,1261.6052434999729,1261.6052434999729,0.001955999992787838,1261.8645792999887,,[np.float64(0.046875)],[np.float64(-0.3033854166666667)],[1],[0],[0],[0.26330279995454475],['submit_text'],,1,001,2025-10-16_16h06.55.120,untitled,,2025.1.1,60.43030000649677,2025-10-16 16h06.59.979923 +0530,
,384,4,19,,,T_hi_t,Tshirt,old,,[np.float64(0.046875)],[np.float64(-0.3033854166666667)],[1],[0],[0],[0.30345219996524975],['submit_text'],,,,,19,4,384,2,1261.88796979998,,,,,,,,1261.869527999952,1261.88796979998,1261.88796979998,1261.88796979998,0.004209500038996339,1262.1745007999707,,[np.float64(0.046875)],[np.float64(-0.3033854166666667)],[1],[0],[0],[0.30345219996524975],['submit_text'],,1,001,2025-10-16_16h06.55.120,untitled,,2025.1.1,60.43030000649677,2025-10-16 16h06.59.979923 +0530,
,385,5,19,,,P_st_r,Poster,old,,[np.float64(0.046875)],[np.float64(-0.3033854166666667)],[1],[0],[0],[0.2634494000230916],['submit_text'],,,,,19,5,385,9,1262.2047114999732,,,,,,,,1262.1762711000047,1262.2047114999732,1262.2047114999732,1262.2047114999732,0.0016978000057861209,1262.4412399999565,,[np.float64(0.046875)],[np.float64(-0.3033854166666667)],[1],[0],[0],[0.2634494000230916],['submit_text'],,1,001,2025-10-16_16h06.55.120,untitled,,2025.1.1,60.43030000649677,2025-10-16 16h06.59.979923 +0530,
,386,6,19,,,bo_t_e,Bottle,new,,[np.float64(0.046875)],[np.float64(-0.3033854166666667)],[1],[0],[0],[0.16292529995553195],['submit_text'],,,,,19,6,386,18,1262.455873399973,,,,,,,,1262.44282940001,1262.455873399973,1262.455873399973,1262.455873399973,0.0014968999894335866,1262.6073958000052,,[np.float64(0.046875)],[np.float64(-0.3033854166666667)],[1],[0],[0],[0.16292529995553195],['submit_text'],,1,001,2025-10-16_16h06.55.120,untitled,,2025.1.1,60.43030000649677,2025-10-16 16h06.59.979923 +0530,
,387,7,19,,,v_s_,Vase,new,,[np.float64(0.046875)],[np.float64(-0.3033854166666667)],[1],[0],[0],[0.14619939995463938],['submit_text'],,,,,19,7,387,17,1262.621718099981,,,,,,,,1262.6097925999784,1262.621718099981,1262.621718099981,1262.621718099981,0.002435999980662018,1262.7576345999842,,[np.float64(0.046875)],[np.float64(-0.3033854166666667)],[1],[0],[0],[0.14619939995463938],['submit_text'],,1,001,2025-10-16_16h06.55.120,untitled,,2025.1.1,60.43030000649677,2025-10-16 16h06.59.979923 +0530,
,388,8,19,,,l_pt_p,Laptop,old,,[np.float64(0.046875)],[np.float64(-0.3033854166666667)],[1],[0],[0],[0.16292999999132007],['submit_text'],,,,,19,8,388,0,1262.7727010999806,,,,,,,,1262.7592989999685,1262.7727010999806,1262.7727010999806,1262.7727010999806,0.001586899976246059,1262.9237236999907,,[np.float64(0.046875)],[np.float64(-0.3033854166666667)],[1],[0],[0],[0.16292999999132007],['submit_text'],,1,001,2025-10-16_16h06.55.120,untitled,,2025.1.1,60.43030000649677,2025-10-16 16h06.59.979923 +0530,
,389,9,19,,,_ho_e,Phone,old,,[np.float64(0.046875)],[np.float64(-0.3033854166666667)],[1],[0],[0],[0.1640326000051573],['submit_text'],,,,,19,9,389,12,1262.9387199999765,,,,,,,,1262.9251520999824,1262.9387199999765,1262.9387199999765,1262.9387199999765,0.00134680001065135,1263.090686899959,,[np.float64(0.046875)],[np.float64(-0.3033854166666667)],[1],[0],[0],[0.1640326000051573],['submit_text'],,1,001,2025-10-16_16h06.55.120,untitled,,2025.1.1,60.43030000649677,2025-10-16 16h06.59.979923 +0530,
,390,10,19,,,ta_l_,Table,new,,[np.float64(0.046875)],[np.float64(-0.3033854166666667)],[1],[0],[0],[0.1806053000036627],['submit_text'],,,,,19,10,390,15,1263.1056687000091,,,,,,,,1263.092114900006,1263.1056687000091,1263.1056687000091,1263.1056687000091,0.001351499988231808,1263.2742168999976,,[np.float64(0.046875)],[np.float64(-0.3033854166666667)],[1],[0],[0],[0.1806053000036627],['submit_text'],,1,001,2025-10-16_16h06.55.120,untitled,,2025.1.1,60.43030000649677,2025-10-16 16h06.59.979923 +0530,
,391,11,19,,,_o_rd,Board,old,,[np.float64(0.046875)],[np.float64(-0.3033854166666667)],[1],[0],[0],[0.1477119000046514],['submit_text'],,,,,19,11,391,10,1263.2885768999695,,,,,,,,1263.2758522999939,1263.2885768999695,1263.2885768999695,1263.2885768999695,0.0015561000327579677,1263.4250972999725,,[np.float64(0.046875)],[np.float64(-0.3033854166666667)],[1],[0],[0],[0.1477119000046514],['submit_text'],,1,001,2025-10-16_16h06.55.120,untitled,,2025.1.1,60.43030000649677,2025-10-16 16h06.59.979923 +0530,
,392,12,19,,,P_as_tr_,Pastry,old,,[np.float64(0.046875)],[np.float64(-0.3033854166666667)],[1],[0],[0],[0.16253239999059588],['submit_text'],,,,,19,12,392,4,1263.4384486000054,,,,,,,,1263.4267003999557,1263.4384486000054,1263.4384486000054,1263.4384486000054,0.0015163000207394361,1263.5910405999748,,[np.float64(0.046875)],[np.float64(-0.3033854166666667)],[1],[0],[0],[0.16253239999059588],['submit_text'],,1,001,2025-10-16_16h06.55.120,untitled,,2025.1.1,60.43030000649677,2025-10-16 16h06.59.979923 +0530,
,393,13,19,,,c_s_,Case,old,,[np.float64(0.046875)],[np.float64(-0.3033854166666667)],[1],[0],[0],[0.18178420001640916],['submit_text'],,,,,19,13,393,5,1263.605091799982,,,,,,,,1263.5925929999794,1263.605091799982,1263.605091799982,1263.605091799982,0.0014678000006824732,1263.7766763999825,,[np.float64(0.046875)],[np.float64(-0.3033854166666667)],[1],[0],[0],[0.18178420001640916],['submit_text'],,1,001,2025-10-16_16h06.55.120,untitled,,2025.1.1,60.43030000649677,2025-10-16 16h06.59.979923 +0530,
,394,14,19,,,ru_is,Cruise,old,,[np.float64(0.046875)],[np.float64(-0.3033854166666667)],[1],[0],[0],[0.19304270000429824],['submit_text'],,,,,19,14,394,6,1263.8045602999628,,,,,,,,1263.7791516999714,1263.8045602999628,1263.8045602999628,1263.8045602999628,0.0023160999990068376,1263.9739919999847,,[np.float64(0.046875)],[np.float64(-0.3033854166666667)],[1],[0],[0],[0.19304270000429824],['submit_text'],,1,001,2025-10-16_16h06.55.120,untitled,,2025.1.1,60.43030000649677,2025-10-16 16h06.59.979923 +0530,
,395,15,19,,,a_bl,Marble,old,,[np.float64(0.046875)],[np.float64(-0.3033854166666667)],[1],[0],[0],[0.21356050000758842],['submit_text'],,,,,19,15,395,11,1263.9891959999804,,,,,,,,1263.975533699966,1263.9891959999804,1263.9891959999804,1263.9891959999804,0.001437900005839765,1264.190792599984,,[np.float64(0.046875)],[np.float64(-0.3033854166666667)],[1],[0],[0],[0.21356050000758842],['submit_text'],,1,001,2025-10-16_16h06.55.120,untitled,,2025.1.1,60.43030000649677,2025-10-16 16h06.59.979923 +0530,
,396,16,19,,,K_y_,Keys,old,,[np.float64(0.046875)],[np.float64(-0.3033854166666667)],[1],[0],[0],[0.16274450003402308],['submit_text'],,,,,19,16,396,8,1264.2059208999854,,,,,,,,1264.1936633999576,1264.2059208999854,1264.2059208999854,1264.2059208999854,0.0027446000021882355,1264.3579526999965,,[np.float64(0.046875)],[np.float64(-0.3033854166666667)],[1],[0],[0],[0.16274450003402308],['submit_text'],,1,001,2025-10-16_16h06.55.120,untitled,,2025.1.1,60.43030000649677,2025-10-16 16h06.59.979923 +0530,
,397,17,19,,,c_s_io_,Cushion,old,,[np.float64(0.046875)],[np.float64(-0.3033854166666667)],[1],[0],[0],[0.18021139997290447],['submit_text'],,,,,19,17,397,14,1264.3721862999955,,,,,,,,1264.3594106999808,1264.3721862999955,1264.3721862999955,1264.3721862999955,0.001380800036713481,1264.5412267000065,,[np.float64(0.046875)],[np.float64(-0.3033854166666667)],[1],[0],[0],[0.18021139997290447],['submit_text'],,1,001,2025-10-16_16h06.55.120,untitled,,2025.1.1,60.43030000649677,2025-10-16 16h06.59.979923 +0530,
,398,18,19,,,c_m_ra,Camera,new,,[np.float64(0.046875)],[np.float64(-0.3033854166666667)],[1],[0],[0],[0.1966400999808684],['submit_text'],,,,,19,18,398,19,1264.554908399994,,,,,,,,1264.5437375999754,1264.554908399994,1264.554908399994,1264.554908399994,0.0023975999793037772,1264.7419213999528,,[np.float64(0.046875)],[np.float64(-0.3033854166666667)],[1],[0],[0],[0.1966400999808684],['submit_text'],,1,001,2025-10-16_16h06.55.120,untitled,,2025.1.1,60.43030000649677,2025-10-16 16h06.59.979923 +0530,
,399,19,19,,,p_nc_l,Pencil,new,pencil,[np.float64(0.046875)],[np.float64(-0.3033854166666667)],[1],[0],[0],[2.762438200006727],['submit_text'],,,,,19,19,399,16,1264.75495219999,,,,,,,,1264.7433988999692,1264.75495219999,1264.75495219999,1264.75495219999,0.0013899000477977097,1267.5076253999723,pencil,[np.float64(0.046875)],[np.float64(-0.3033854166666667)],[1],[0],[0],[2.762438200006727],['submit_text'],,1,001,2025-10-16_16h06.55.120,untitled,,2025.1.1,60.43030000649677,2025-10-16 16h06.59.979923 +0530,
