reward_today,future_reward,delay,thisN,thisTrialN,thisRepN,key_resp.keys,key_resp.rt,key_resp.duration,trials.thisRepN,trials.thisTrialN,trials.thisN,trials.thisIndex,thisRow.t,notes,trial.started,fixation.started,text.started,key_resp.started,fixation.stopped,trial.stopped,trials.key_resp.keys,trials.key_resp.rt,trials.key_resp.duration,participant,session,date,expName,expVersion,psychopyVersion,frameRate,expStart,
27,50,21,0,0,0,l,3.9386975999805145,None,0,0,0,2,0.17189750005491078,,0.1451008000294678,0.17189750005491078,1.0062271000351757,1.0062271000351757,1.1724135000258684,4.9813232000451535,l,3.9386975999805145,None,1,001,2025-10-23_00h19.02.472,untitled,,2025.1.1,59.739440461466,2025-10-23 00h19.09.182987 +0530,
11,30,7,1,1,0,l,2.1123379000346176,None,0,1,1,0,5.005187800037675,,4.990532600029837,5.005187800037675,5.989081900042947,5.989081900042947,6.005719400011003,8.10967580002034,l,2.1123379000346176,None,1,001,2025-10-23_00h19.02.472,untitled,,2025.1.1,59.739440461466,2025-10-23 00h19.09.182987 +0530,
78,80,162,2,2,0,t,1.7717266000108793,None,0,2,2,6,8.138947100029327,,8.120880800008308,8.138947100029327,9.1223284000298,9.1223284000298,9.138863900036085,10.909387600026093,t,1.7717266000108793,None,1,001,2025-10-23_00h19.02.472,untitled,,2025.1.1,59.739440461466,2025-10-23 00h19.09.182987 +0530,
67,75,119,3,3,0,t,1.658652300015092,None,0,3,3,5,11.05480979999993,,11.024627300037537,11.05480979999993,11.92295340000419,11.92295340000419,12.055443000048399,13.593105700041633,t,1.658652300015092,None,1,001,2025-10-23_00h19.02.472,untitled,,2025.1.1,59.739440461466,2025-10-23 00h19.09.182987 +0530,
15,35,13,4,4,0,l,0.9557396000018343,None,0,4,4,1,13.605876600020565,,13.59690970001975,13.605876600020565,14.605189700028859,14.605189700028859,14.605189700028859,15.576120800047647,l,0.9557396000018343,None,1,001,2025-10-23_00h19.02.472,untitled,,2025.1.1,59.739440461466,2025-10-23 00h19.09.182987 +0530,
49,60,89,5,5,0,t,1.189903200021945,None,0,5,5,4,15.60469380003633,,15.583974700013641,15.60469380003633,16.588678400032222,16.588678400032222,16.605394700018223,17.792138000018895,t,1.189903200021945,None,1,001,2025-10-23_00h19.02.472,untitled,,2025.1.1,59.739440461466,2025-10-23 00h19.09.182987 +0530,
40,55,62,6,6,0,t,1.2824061999563128,None,0,6,6,3,17.805272300029173,,17.796541400020942,17.805272300029173,18.806284500053152,18.806284500053152,18.806284500053152,20.092199000006076,t,1.2824061999563128,None,1,001,2025-10-23_00h19.02.472,untitled,,2025.1.1,59.739440461466,2025-10-23 00h19.09.182987 +0530,
67,75,119,7,0,1,t,1.0520520999561995,None,1,0,7,5,20.105226700019557,,20.095769200008363,20.105226700019557,21.10528570000315,21.10528570000315,21.10528570000315,22.159068100037985,t,1.0520520999561995,None,1,001,2025-10-23_00h19.02.472,untitled,,2025.1.1,59.739440461466,2025-10-23 00h19.09.182987 +0530,
27,50,21,8,1,1,t,1.715417500003241,None,1,1,8,2,22.171934300044086,,22.162657200009562,22.171934300044086,23.17192310001701,23.17192310001701,23.17192310001701,24.892234100028872,t,1.715417500003241,None,1,001,2025-10-23_00h19.02.472,untitled,,2025.1.1,59.739440461466,2025-10-23 00h19.09.182987 +0530,
78,80,162,9,2,1,t,2.0847047999850474,None,1,2,9,6,24.904783900012262,,24.895977500011213,24.904783900012262,25.90533450001385,25.90533450001385,25.90533450001385,27.99170300003607,t,2.0847047999850474,None,1,001,2025-10-23_00h19.02.472,untitled,,2025.1.1,59.739440461466,2025-10-23 00h19.09.182987 +0530,
15,35,13,10,3,1,l,2.9707306000054814,None,1,3,10,1,28.004711400019005,,27.996207700052764,28.004711400019005,29.004836400039494,29.004836400039494,29.004836400039494,31.99168540001847,l,2.9707306000054814,None,1,001,2025-10-23_00h19.02.472,untitled,,2025.1.1,59.739440461466,2025-10-23 00h19.09.182987 +0530,
49,60,89,11,4,1,l,8.088779100042302,None,1,4,11,4,32.00431310001295,,31.99657560000196,32.00431310001295,33.0047849000548,33.0047849000548,33.0047849000548,41.10787950002123,l,8.088779100042302,None,1,001,2025-10-23_00h19.02.472,untitled,,2025.1.1,59.739440461466,2025-10-23 00h19.09.182987 +0530,
40,55,62,12,5,1,t,1.3792909999610856,None,1,5,12,3,41.1207080000313,,41.11180970002897,41.1207080000313,42.12119840004016,42.12119840004016,42.12119840004016,43.50878410000587,t,1.3792909999610856,None,1,001,2025-10-23_00h19.02.472,untitled,,2025.1.1,59.739440461466,2025-10-23 00h19.09.182987 +0530,
11,30,7,13,6,1,l,1.5639056999934837,None,1,6,13,0,43.520746000052895,,43.51457280002069,43.520746000052895,44.52076140005374,44.52076140005374,44.52076140005374,46.09097560000373,l,1.5639056999934837,None,1,001,2025-10-23_00h19.02.472,untitled,,2025.1.1,59.739440461466,2025-10-23 00h19.09.182987 +0530,
78,80,162,14,0,2,t,2.186912500008475,None,2,0,14,6,46.10411200003,,46.09473780001281,46.10411200003,47.10408160003135,47.10408160003135,47.10408160003135,49.30757000000449,t,2.186912500008475,None,1,001,2025-10-23_00h19.02.472,untitled,,2025.1.1,59.739440461466,2025-10-23 00h19.09.182987 +0530,
40,55,62,15,1,2,t,1.6055889999843203,None,2,1,15,3,49.321344700001646,,49.3124149000505,49.321344700001646,50.3215099000372,50.3215099000372,50.3215099000372,51.9408355000196,t,1.6055889999843203,None,1,001,2025-10-23_00h19.02.472,untitled,,2025.1.1,59.739440461466,2025-10-23 00h19.09.182987 +0530,
49,60,89,16,2,2,t,0.6575561999925412,None,2,2,16,4,51.9536717000301,,51.944446000037715,51.9536717000301,52.95448840002064,52.95448840002064,52.95448840002064,53.62429260002682,t,0.6575561999925412,None,1,001,2025-10-23_00h19.02.472,untitled,,2025.1.1,59.739440461466,2025-10-23 00h19.09.182987 +0530,
27,50,21,17,3,2,l,0.37739750003675,None,2,3,17,2,53.63696550001623,,53.62825340003474,53.63696550001623,54.63778300001286,54.63778300001286,54.63778300001286,55.023823800031096,l,0.37739750003675,None,1,001,2025-10-23_00h19.02.472,untitled,,2025.1.1,59.739440461466,2025-10-23 00h19.09.182987 +0530,
67,75,119,18,4,2,t,0.6796262999996543,None,2,4,18,5,55.0365407000063,,55.02717220003251,55.0365407000063,56.037149400042836,56.037149400042836,56.037149400042836,56.722929700044915,t,0.6796262999996543,None,1,001,2025-10-23_00h19.02.472,untitled,,2025.1.1,59.739440461466,2025-10-23 00h19.09.182987 +0530,
15,35,13,19,5,2,l,0.2551814999897033,None,2,5,19,1,56.7357698000269,,56.726415000041015,56.7357698000269,57.73597440001322,57.73597440001322,57.73597440001322,58.005596500006504,l,0.2551814999897033,None,1,001,2025-10-23_00h19.02.472,untitled,,2025.1.1,59.739440461466,2025-10-23 00h19.09.182987 +0530,
11,30,7,20,6,2,t,1.3029224000056274,None,2,6,20,0,58.01898730004905,,58.00924250000389,58.01898730004905,59.01927730004536,59.01927730004536,59.01927730004536,60.3245357000269,t,1.3029224000056274,None,1,001,2025-10-23_00h19.02.472,untitled,,2025.1.1,59.739440461466,2025-10-23 00h19.09.182987 +0530,
27,50,21,21,0,3,l,0.3746497000101954,None,3,0,21,2,60.336476500029676,,60.32958110002801,60.336476500029676,61.33698420005385,61.33698420005385,61.33698420005385,61.723408000019845,l,0.3746497000101954,None,1,001,2025-10-23_00h19.02.472,untitled,,2025.1.1,59.739440461466,2025-10-23 00h19.09.182987 +0530,
40,55,62,22,1,3,l,0.254580500011798,None,3,1,22,3,61.73648660001345,,61.72719420003705,61.73648660001345,62.736811300041154,62.736811300041154,62.736811300041154,63.00694660004228,l,0.254580500011798,None,1,001,2025-10-23_00h19.02.472,untitled,,2025.1.1,59.739440461466,2025-10-23 00h19.09.182987 +0530,
11,30,7,23,2,3,t,0.092061500006821,None,3,2,23,0,63.01977400004398,,63.01128860004246,63.01977400004398,64.01996040000813,64.01996040000813,64.01996040000813,64.12341310002375,t,0.092061500006821,None,1,001,2025-10-23_00h19.02.472,untitled,,2025.1.1,59.739440461466,2025-10-23 00h19.09.182987 +0530,
78,80,162,24,3,3,l,0.2461670000338927,None,3,3,24,6,64.136118000024,,64.1270085000433,64.136118000024,65.13717430003453,65.13717430003453,65.13717430003453,65.39006940001855,l,0.2461670000338927,None,1,001,2025-10-23_00h19.02.472,untitled,,2025.1.1,59.739440461466,2025-10-23 00h19.09.182987 +0530,
49,60,89,25,4,3,t,0.3321546000079252,None,3,4,25,4,65.40351640002336,,65.39365430001635,65.40351640002336,66.40366750000976,66.40366750000976,66.40366750000976,66.741158800025,t,0.3321546000079252,None,1,001,2025-10-23_00h19.02.472,untitled,,2025.1.1,59.739440461466,2025-10-23 00h19.09.182987 +0530,
15,35,13,26,5,3,l,0.2540249000303447,None,3,5,26,1,66.7526103000273,,66.74537090002559,66.7526103000273,67.75332460005302,67.75332460005302,67.75332460005302,68.0237979000085,l,0.2540249000303447,None,1,001,2025-10-23_00h19.02.472,untitled,,2025.1.1,59.739440461466,2025-10-23 00h19.09.182987 +0530,
67,75,119,27,6,3,t,0.21672149997903034,None,3,6,27,5,68.03615010000067,,68.02744140004506,68.03615010000067,69.03650660003768,69.03650660003768,69.03650660003768,69.25744350004243,t,0.21672149997903034,None,1,001,2025-10-23_00h19.02.472,untitled,,2025.1.1,59.739440461466,2025-10-23 00h19.09.182987 +0530,
15,35,13,28,0,4,l,0.31040289998054504,None,4,0,28,1,69.2691789000528,,69.26131130004069,69.2691789000528,70.27024810004514,70.27024810004514,70.27024810004514,70.58967360004317,l,0.31040289998054504,None,1,001,2025-10-23_00h19.02.472,untitled,,2025.1.1,59.739440461466,2025-10-23 00h19.09.182987 +0530,
67,75,119,29,1,4,t,0.2645038000191562,None,4,1,29,5,70.60258050000994,,70.59349910001038,70.60258050000994,71.60290720005287,71.60290720005287,71.60290720005287,71.87366850004764,t,0.2645038000191562,None,1,001,2025-10-23_00h19.02.472,untitled,,2025.1.1,59.739440461466,2025-10-23 00h19.09.182987 +0530,
27,50,21,30,2,4,l,0.21116999996593222,None,4,2,30,2,71.886251500051,,71.87762630003272,71.886251500051,72.88652500003809,72.88652500003809,72.88652500003809,73.10630990000209,l,0.21116999996593222,None,1,001,2025-10-23_00h19.02.472,untitled,,2025.1.1,59.739440461466,2025-10-23 00h19.09.182987 +0530,
78,80,162,31,3,4,t,0.21581460000015795,None,4,3,31,6,73.11946370004443,,73.10978730005445,73.11946370004443,74.1194687000243,74.1194687000243,74.1194687000243,74.33996720000869,t,0.21581460000015795,None,1,001,2025-10-23_00h19.02.472,untitled,,2025.1.1,59.739440461466,2025-10-23 00h19.09.182987 +0530,
40,55,62,32,4,4,t,0.15533960005268455,None,4,4,32,3,74.35315229999833,,74.34346140001435,74.35315229999833,75.35337380005512,75.35337380005512,75.35337380005512,75.52331340004457,t,0.15533960005268455,None,1,001,2025-10-23_00h19.02.472,untitled,,2025.1.1,59.739440461466,2025-10-23 00h19.09.182987 +0530,
49,60,89,33,5,4,t,1.2378530999994837,None,4,5,33,4,75.53645700000925,,75.52703700005077,75.53645700000925,76.53636740002548,76.53636740002548,76.53636740002548,77.7893973000464,t,1.2378530999994837,None,1,001,2025-10-23_00h19.02.472,untitled,,2025.1.1,59.739440461466,2025-10-23 00h19.09.182987 +0530,
11,30,7,34,6,4,t,0.3751907999976538,None,4,6,34,0,77.80273900000611,,77.79336430004332,77.80273900000611,78.80255750002107,78.80255750002107,78.80255750002107,79.18922990001738,t,0.3751907999976538,None,1,001,2025-10-23_00h19.02.472,untitled,,2025.1.1,59.739440461466,2025-10-23 00h19.09.182987 +0530,
78,80,162,35,0,5,t,0.034959300013724715,None,5,0,35,6,79.20266440004343,,79.19340160000138,79.20266440004343,80.20281840005191,80.20281840005191,80.20281840005191,80.24009930004831,t,0.034959300013724715,None,1,001,2025-10-23_00h19.02.472,untitled,,2025.1.1,59.739440461466,2025-10-23 00h19.09.182987 +0530,
15,35,13,36,1,5,t,0.10443690000101924,None,5,1,36,1,80.2522843000479,,80.24388820002787,80.2522843000479,81.25301270000637,81.25301270000637,81.25301270000637,81.37316780001856,t,0.10443690000101924,None,1,001,2025-10-23_00h19.02.472,untitled,,2025.1.1,59.739440461466,2025-10-23 00h19.09.182987 +0530,
27,50,21,37,2,5,t,0.05106790002901107,None,5,2,37,2,81.38549480005167,,81.37827190000098,81.38549480005167,82.38583360001212,82.38583360001212,82.38583360001212,82.43984190002084,t,0.05106790002901107,None,1,001,2025-10-23_00h19.02.472,untitled,,2025.1.1,59.739440461466,2025-10-23 00h19.09.182987 +0530,
40,55,62,38,3,5,l,0.3065301000024192,None,5,3,38,3,82.45264100003988,,82.44352260004962,82.45264100003988,83.45233000000007,83.45233000000007,83.45233000000007,83.77332830004161,l,0.3065301000024192,None,1,001,2025-10-23_00h19.02.472,untitled,,2025.1.1,59.739440461466,2025-10-23 00h19.09.182987 +0530,
11,30,7,39,4,5,t,1.1023060999577865,None,5,4,39,0,83.78604360000463,,83.77766700001666,83.78604360000463,84.78594210004667,84.78594210004667,84.78594210004667,85.8917704000487,t,1.1023060999577865,None,1,001,2025-10-23_00h19.02.472,untitled,,2025.1.1,59.739440461466,2025-10-23 00h19.09.182987 +0530,
67,75,119,40,5,5,l,1.003468699986115,None,5,5,40,5,85.90249550004955,,85.89549800002715,85.90249550004955,86.90257279999787,86.90257279999787,86.90257279999787,87.92242509999778,l,1.003468699986115,None,1,001,2025-10-23_00h19.02.472,untitled,,2025.1.1,59.739440461466,2025-10-23 00h19.09.182987 +0530,
49,60,89,41,6,5,l,0.5852765999734402,None,5,6,41,4,87.93545490002725,,87.92612600000575,87.93545490002725,88.93624760000966,88.93624760000966,88.93624760000966,89.52287430001888,l,0.5852765999734402,None,1,001,2025-10-23_00h19.02.472,untitled,,2025.1.1,59.739440461466,2025-10-23 00h19.09.182987 +0530,
27,50,21,42,0,6,l,0.3373942000325769,None,6,0,42,2,89.53530610003509,,89.52662770001916,89.53530610003509,90.53530440002214,90.53530440002214,90.53530440002214,90.87374640000053,l,0.3373942000325769,None,1,001,2025-10-23_00h19.02.472,untitled,,2025.1.1,59.739440461466,2025-10-23 00h19.09.182987 +0530,
78,80,162,43,1,6,l,0.27045809995615855,None,6,1,43,6,90.88609780004481,,90.8787086000084,90.88609780004481,91.88476530002663,91.88476530002663,91.88476530002663,92.17034350003814,l,0.27045809995615855,None,1,001,2025-10-23_00h19.02.472,untitled,,2025.1.1,59.739440461466,2025-10-23 00h19.09.182987 +0530,
67,75,119,44,2,6,l,0.10023889999138191,None,6,2,44,5,92.18477400002303,,92.17234869999811,92.18477400002303,93.18616390001262,93.18616390001262,93.18616390001262,93.2890198000241,l,0.10023889999138191,None,1,001,2025-10-23_00h19.02.472,untitled,,2025.1.1,59.739440461466,2025-10-23 00h19.09.182987 +0530,
11,30,7,45,3,6,l,0.36285539995878935,None,6,3,45,0,93.30274740001187,,93.2919486000319,93.30274740001187,94.3024454000406,94.3024454000406,94.3024454000406,94.67242640000768,l,0.36285539995878935,None,1,001,2025-10-23_00h19.02.472,untitled,,2025.1.1,59.739440461466,2025-10-23 00h19.09.182987 +0530,
15,35,13,46,4,6,l,0.28496660001110286,None,6,4,46,1,94.68529760005185,,94.67637550004292,94.68529760005185,95.68518320005387,95.68518320005387,95.68518320005387,95.97341060003964,l,0.28496660001110286,None,1,001,2025-10-23_00h19.02.472,untitled,,2025.1.1,59.739440461466,2025-10-23 00h19.09.182987 +0530,
49,60,89,47,5,6,t,13.086317600042094,None,6,5,47,4,95.9850609000423,,95.97746860003099,95.9850609000423,96.98522349999985,96.98522349999985,96.98522349999985,110.08771680004429,t,13.086317600042094,None,1,001,2025-10-23_00h19.02.472,untitled,,2025.1.1,59.739440461466,2025-10-23 00h19.09.182987 +0530,
40,55,62,48,6,6,t,0.5730331999948248,None,6,6,48,3,110.1038111000089,,110.09356550005032,110.1038111000089,111.07864010002231,111.07864010002231,111.09907650004607,111.65673580003204,t,0.5730331999948248,None,1,001,2025-10-23_00h19.02.472,untitled,,2025.1.1,59.739440461466,2025-10-23 00h19.09.182987 +0530,
67,75,119,49,0,7,l,0.24035430001094937,None,7,0,49,5,111.66163930000039,,111.65847950003808,111.66163930000039,112.64773270004662,112.64773270004662,112.6549080000259,112.89255030005006,l,0.24035430001094937,None,1,001,2025-10-23_00h19.02.472,untitled,,2025.1.1,59.739440461466,2025-10-23 00h19.09.182987 +0530,
27,50,21,50,1,7,l,0.23664000001735985,None,7,1,50,2,112.89748210000107,,112.89461110002594,112.89748210000107,113.88384400005452,113.88384400005452,113.89095660002204,114.12187800003449,l,0.23664000001735985,None,1,001,2025-10-23_00h19.02.472,untitled,,2025.1.1,59.739440461466,2025-10-23 00h19.09.182987 +0530,
49,60,89,51,2,7,t,0.15931439999258146,None,7,2,51,4,114.12678750004852,,114.12382700003218,114.12678750004852,115.11329940002179,115.11329940002179,115.1198798000114,115.27475229999982,t,0.15931439999258146,None,1,001,2025-10-23_00h19.02.472,untitled,,2025.1.1,59.739440461466,2025-10-23 00h19.09.182987 +0530,
11,30,7,52,3,7,l,0.44405850005568936,None,7,3,52,0,115.27977200003807,,115.27656870003557,115.27977200003807,116.26585330005037,116.26585330005037,116.27267910004593,116.71228530001827,l,0.44405850005568936,None,1,001,2025-10-23_00h19.02.472,untitled,,2025.1.1,59.739440461466,2025-10-23 00h19.09.182987 +0530,
78,80,162,53,4,7,t,0.221809700015001,None,7,4,53,6,116.71731400000863,,116.71406900003785,116.71731400000863,117.70354500005487,117.70354500005487,117.71059800003422,117.92788480001036,t,0.221809700015001,None,1,001,2025-10-23_00h19.02.472,untitled,,2025.1.1,59.739440461466,2025-10-23 00h19.09.182987 +0530,
40,55,62,54,5,7,l,0.25751929997932166,None,7,5,54,3,117.93977210001322,,117.9297967000166,117.93977210001322,118.9186730000074,118.9186730000074,118.93265970004722,119.17749200004619,l,0.25751929997932166,None,1,001,2025-10-23_00h19.02.472,untitled,,2025.1.1,59.739440461466,2025-10-23 00h19.09.182987 +0530,
15,35,13,55,6,7,t,0.2748858999693766,None,7,6,55,1,119.18228400003863,,119.17932860000292,119.18228400003863,120.16904020000948,120.16904020000948,120.17538170004264,120.44828330003656,t,0.2748858999693766,None,1,001,2025-10-23_00h19.02.472,untitled,,2025.1.1,59.739440461466,2025-10-23 00h19.09.182987 +0530,
67,75,119,56,0,8,l,0.11629989999346435,None,8,0,56,5,120.45286000001943,,120.45000980002806,120.45286000001943,121.43937820004066,121.43937820004066,121.44677890004823,121.55902060004883,l,0.11629989999346435,None,1,001,2025-10-23_00h19.02.472,untitled,,2025.1.1,59.739440461466,2025-10-23 00h19.09.182987 +0530,
49,60,89,57,1,8,t,0.16636360000120476,None,8,1,57,4,121.56412390002515,,121.5608377000317,121.56412390002515,122.55078130000038,122.55078130000038,122.55786630004877,122.71937920001801,t,0.16636360000120476,None,1,001,2025-10-23_00h19.02.472,untitled,,2025.1.1,59.739440461466,2025-10-23 00h19.09.182987 +0530,
40,55,62,58,2,8,l,0.23416789999464527,None,8,2,58,3,122.73124670004472,,122.72117850003997,122.73124670004472,123.71025320002809,123.71025320002809,123.72427170001902,123.94826190004824,l,0.23416789999464527,None,1,001,2025-10-23_00h19.02.472,untitled,,2025.1.1,59.739440461466,2025-10-23 00h19.09.182987 +0530,
11,30,7,59,3,8,t,0.17604709998704493,None,8,3,59,0,123.95312950003427,,123.9500793000334,123.95312950003427,124.93948810000438,124.93948810000438,124.94648140005302,125.12167610001052,t,0.17604709998704493,None,1,001,2025-10-23_00h19.02.472,untitled,,2025.1.1,59.739440461466,2025-10-23 00h19.09.182987 +0530,
15,35,13,60,4,8,l,0.11105870001483709,None,8,4,60,1,125.12667230004445,,125.12367380002979,125.12667230004445,126.11306840000907,126.11306840000907,126.11993300000904,126.22617320000427,l,0.11105870001483709,None,1,001,2025-10-23_00h19.02.472,untitled,,2025.1.1,59.739440461466,2025-10-23 00h19.09.182987 +0530,
78,80,162,61,5,8,t,0.17403619998367503,None,8,5,61,6,126.23834350000834,,126.22791090002283,126.23834350000834,127.21705050003948,127.21705050003948,127.23083130002487,127.39298940001754,t,0.17403619998367503,None,1,001,2025-10-23_00h19.02.472,untitled,,2025.1.1,59.739440461466,2025-10-23 00h19.09.182987 +0530,
27,50,21,62,6,8,l,0.11515420000068843,None,8,6,62,2,127.40542450000066,,127.3948270000401,127.40542450000066,128.3843064000248,128.3843064000248,128.39813990000403,128.5039518000558,l,0.11515420000068843,None,1,001,2025-10-23_00h19.02.472,untitled,,2025.1.1,59.739440461466,2025-10-23 00h19.09.182987 +0530,
49,60,89,63,0,9,t,0.16048650001175702,None,9,0,63,4,128.516543500009,,128.50602170004277,128.516543500009,129.49505440000212,129.49505440000212,129.50914280000143,129.6568482000148,t,0.16048650001175702,None,1,001,2025-10-23_00h19.02.472,untitled,,2025.1.1,59.739440461466,2025-10-23 00h19.09.182987 +0530,
15,35,13,64,1,9,l,0.1843770999694243,None,9,1,64,1,129.66145420004614,,129.65862930001458,129.66145420004614,130.64767520001624,130.64767520001624,130.65491050004493,130.83717040001648,l,0.1843770999694243,None,1,001,2025-10-23_00h19.02.472,untitled,,2025.1.1,59.739440461466,2025-10-23 00h19.09.182987 +0530,
27,50,21,65,2,9,t,0.25637950003147125,None,9,2,65,2,130.8417687000474,,130.83897979999892,130.8417687000474,131.82888910005568,131.82888910005568,131.8355435000267,132.08717850001995,t,0.25637950003147125,None,1,001,2025-10-23_00h19.02.472,untitled,,2025.1.1,59.739440461466,2025-10-23 00h19.09.182987 +0530,
67,75,119,66,3,9,t,0.265050699992571,None,9,3,66,5,132.0919697000063,,132.08893060003174,132.0919697000063,133.07801700005075,133.07801700005075,133.08550860005198,133.3444827000494,t,0.265050699992571,None,1,001,2025-10-23_00h19.02.472,untitled,,2025.1.1,59.739440461466,2025-10-23 00h19.09.182987 +0530,
40,55,62,67,4,9,t,0.3057231999700889,None,9,4,67,3,133.3563813000219,,133.34635090001393,133.3563813000219,134.33528200001456,134.33528200001456,134.3495840000105,134.6430762000382,t,0.3057231999700889,None,1,001,2025-10-23_00h19.02.472,untitled,,2025.1.1,59.739440461466,2025-10-23 00h19.09.182987 +0530,
78,80,162,68,5,9,t,0.2394127000006847,None,9,5,68,6,134.65550610003993,,134.64499560004333,134.65550610003993,135.63388920004945,135.63388920004945,135.64758800005075,135.87838900001952,t,0.2394127000006847,None,1,001,2025-10-23_00h19.02.472,untitled,,2025.1.1,59.739440461466,2025-10-23 00h19.09.182987 +0530,
11,30,7,69,6,9,t,0.19002849998651072,None,9,6,69,0,135.88396240002476,,135.88024870003574,135.88396240002476,136.86985170003027,136.86985170003027,136.8772085000528,137.06652820005547,t,0.19002849998651072,None,1,001,2025-10-23_00h19.02.472,untitled,,2025.1.1,59.739440461466,2025-10-23 00h19.09.182987 +0530,
40,55,62,70,0,10,l,0.190018399967812,None,10,0,70,3,137.07133690000046,,137.06835380004486,137.07133690000046,138.05745620001107,138.05745620001107,138.06447710003704,138.2536703000078,l,0.190018399967812,None,1,001,2025-10-23_00h19.02.472,untitled,,2025.1.1,59.739440461466,2025-10-23 00h19.09.182987 +0530,
27,50,21,71,1,10,l,0.2759556000237353,None,10,1,71,2,138.25862680003047,,138.2556418000022,138.25862680003047,139.2448485000059,139.2448485000059,139.2518222000217,139.52463650004938,l,0.2759556000237353,None,1,001,2025-10-23_00h19.02.472,untitled,,2025.1.1,59.739440461466,2025-10-23 00h19.09.182987 +0530,
78,80,162,72,2,10,l,0.07580810005310923,None,10,2,72,6,139.52939320000587,,139.52638020005543,139.52939320000587,140.51629240001785,140.51629240001785,140.52317340002628,140.59439280000515,l,0.07580810005310923,None,1,001,2025-10-23_00h19.02.472,untitled,,2025.1.1,59.739440461466,2025-10-23 00h19.09.182987 +0530,
11,30,7,73,3,10,l,0.011841800005640835,None,10,3,73,0,140.60615110001527,,140.59624250000343,140.60615110001527,141.58531080000103,141.58531080000103,141.5990547000547,141.6009162000264,l,0.011841800005640835,None,1,001,2025-10-23_00h19.02.472,untitled,,2025.1.1,59.739440461466,2025-10-23 00h19.09.182987 +0530,
15,35,13,74,4,10,l,0.3828133000060916,None,10,4,74,1,141.6059642000473,,141.60274600004777,141.6059642000473,142.5921969000483,142.5921969000483,142.59925170004135,142.97586590005085,l,0.3828133000060916,None,1,001,2025-10-23_00h19.02.472,untitled,,2025.1.1,59.739440461466,2025-10-23 00h19.09.182987 +0530,
49,60,89,75,5,10,l,0.22127189999446273,None,10,5,75,4,142.98091320000822,,142.97770050005056,142.98091320000822,143.96684410003945,143.96684410003945,143.97429110005032,144.19126099999994,l,0.22127189999446273,None,1,001,2025-10-23_00h19.02.472,untitled,,2025.1.1,59.739440461466,2025-10-23 00h19.09.182987 +0530,
67,75,119,76,6,10,l,0.04180950002046302,None,10,6,76,5,144.19611860002624,,144.1930163000361,144.19611860002624,145.18218850000994,145.18218850000994,145.18944010004634,145.2260818000068,l,0.04180950002046302,None,1,001,2025-10-23_00h19.02.472,untitled,,2025.1.1,59.739440461466,2025-10-23 00h19.09.182987 +0530,
27,50,21,77,0,11,l,0.49354270001640543,None,11,0,77,2,145.2310064000194,,145.2279120000312,145.2310064000194,146.21713720000116,146.21713720000116,146.22410260001197,146.71298580005532,l,0.49354270001640543,None,1,001,2025-10-23_00h19.02.472,untitled,,2025.1.1,59.739440461466,2025-10-23 00h19.09.182987 +0530,
78,80,162,78,1,11,t,0.3265885000000708,None,11,1,78,6,146.72453520004638,,146.715013500012,146.72453520004638,147.70383890002267,147.70383890002267,147.71742680005264,148.031650000019,t,0.3265885000000708,None,1,001,2025-10-23_00h19.02.472,untitled,,2025.1.1,59.739440461466,2025-10-23 00h19.09.182987 +0530,
49,60,89,79,2,11,l,0.4845336999860592,None,11,2,79,4,148.04351680004038,,148.03373140003532,148.04351680004038,149.0231912000454,149.0231912000454,149.03654230001848,149.51061779999873,l,0.4845336999860592,None,1,001,2025-10-23_00h19.02.472,untitled,,2025.1.1,59.739440461466,2025-10-23 00h19.09.182987 +0530,
15,35,13,80,3,11,t,0.1830797999864444,None,11,3,80,1,149.51546620001318,,149.51252170000225,149.51546620001318,150.502064100001,150.502064100001,150.509087500046,150.6913100000238,t,0.1830797999864444,None,1,001,2025-10-23_00h19.02.472,untitled,,2025.1.1,59.739440461466,2025-10-23 00h19.09.182987 +0530,
67,75,119,81,4,11,l,0.45825750002404675,None,11,4,81,5,150.69640500005335,,150.6930432000081,150.69640500005335,151.6823252000031,151.6823252000031,151.6893093000399,152.14256090001436,l,0.45825750002404675,None,1,001,2025-10-23_00h19.02.472,untitled,,2025.1.1,59.739440461466,2025-10-23 00h19.09.182987 +0530,
11,30,7,82,5,11,t,0.5369538000086322,None,11,5,82,0,152.154200900055,,152.14488180004992,152.154200900055,153.13345900003333,153.13345900003333,153.14737380004954,153.6772211000207,t,0.5369538000086322,None,1,001,2025-10-23_00h19.02.472,untitled,,2025.1.1,59.739440461466,2025-10-23 00h19.09.182987 +0530,
40,55,62,83,6,11,t,0.2052401999826543,None,11,6,83,3,153.68244960001903,,153.6791778000188,153.68244960001903,154.6681959000416,154.6681959000416,154.67530330002774,154.87846730003366,t,0.2052401999826543,None,1,001,2025-10-23_00h19.02.472,untitled,,2025.1.1,59.739440461466,2025-10-23 00h19.09.182987 +0530,
67,75,119,84,0,12,t,0.23476890003075823,None,12,0,84,5,154.8835794000188,,154.8803766000201,154.8835794000188,155.86965920001967,155.86965920001967,155.87663290003547,156.10787250002613,t,0.23476890003075823,None,1,001,2025-10-23_00h19.02.472,untitled,,2025.1.1,59.739440461466,2025-10-23 00h19.09.182987 +0530,
49,60,89,85,1,12,t,0.1808828999637626,None,12,1,85,4,156.11273880000226,,156.10985200002324,156.11273880000226,157.11341070005437,157.11341070005437,157.11341070005437,157.29610820004018,t,0.1808828999637626,None,1,001,2025-10-23_00h19.02.472,untitled,,2025.1.1,59.739440461466,2025-10-23 00h19.09.182987 +0530,
40,55,62,86,2,12,t,0.2886669000145048,None,12,2,86,3,157.3078688000096,,157.29877790005412,157.3078688000096,158.2878426000243,158.2878426000243,158.30143960000714,158.5812398000271,t,0.2886669000145048,None,1,001,2025-10-23_00h19.02.472,untitled,,2025.1.1,59.739440461466,2025-10-23 00h19.09.182987 +0530,
15,35,13,87,3,12,t,0.29912809998495504,None,12,3,87,1,158.59176540002227,,158.58352570002899,158.59176540002227,159.57143030001316,159.57143030001316,159.5847639000276,159.8723400000017,t,0.29912809998495504,None,1,001,2025-10-23_00h19.02.472,untitled,,2025.1.1,59.739440461466,2025-10-23 00h19.09.182987 +0530,
27,50,21,88,4,12,t,0.2608016000012867,None,12,4,88,2,159.88369280000916,,159.87465520005208,159.88369280000916,160.86307440005476,160.86307440005476,160.87689030001638,161.1286809000303,t,0.2608016000012867,None,1,001,2025-10-23_00h19.02.472,untitled,,2025.1.1,59.739440461466,2025-10-23 00h19.09.182987 +0530,
78,80,162,89,5,12,t,0.24311939999461174,None,12,5,89,6,161.1403655000031,,161.13109320000513,161.1403655000031,162.1196374000283,162.1196374000283,162.13366480002878,162.36496440001065,t,0.24311939999461174,None,1,001,2025-10-23_00h19.02.472,untitled,,2025.1.1,59.739440461466,2025-10-23 00h19.09.182987 +0530,
11,30,7,90,6,12,t,0.27858859999105334,None,12,6,90,0,162.3767280000029,,162.36705100000836,162.3767280000029,163.3563947000075,163.3563947000075,163.3697186000063,163.6353646000498,t,0.27858859999105334,None,1,001,2025-10-23_00h19.02.472,untitled,,2025.1.1,59.739440461466,2025-10-23 00h19.09.182987 +0530,
15,35,13,91,0,13,l,0.22848869999870658,None,13,0,91,1,163.64042410004186,,163.63720170001034,163.64042410004186,164.62657760002185,164.62657760002185,164.6333983000368,164.8580118000391,l,0.22848869999870658,None,1,001,2025-10-23_00h19.02.472,untitled,,2025.1.1,59.739440461466,2025-10-23 00h19.09.182987 +0530,
78,80,162,92,1,13,l,0.37804749998031184,None,13,1,92,6,164.86271190003026,,164.85975190001773,164.86271190003026,165.84879580000415,165.84879580000415,165.85579920001328,166.2332475000294,l,0.37804749998031184,None,1,001,2025-10-23_00h19.02.472,untitled,,2025.1.1,59.739440461466,2025-10-23 00h19.09.182987 +0530,
67,75,119,93,2,13,l,0.2262009999831207,None,13,2,93,5,166.2450283000362,,166.235208099999,166.2450283000362,167.2241188000189,167.2241188000189,167.23824850004166,167.4553252000478,l,0.2262009999831207,None,1,001,2025-10-23_00h19.02.472,untitled,,2025.1.1,59.739440461466,2025-10-23 00h19.09.182987 +0530,
40,55,62,94,3,13,t,4.4597435999894515,None,13,3,94,3,167.46670050005196,,167.45735690003494,167.46670050005196,168.44624200003454,168.44624200003454,168.45977620000485,172.9069175000186,t,4.4597435999894515,None,1,001,2025-10-23_00h19.02.472,untitled,,2025.1.1,59.739440461466,2025-10-23 00h19.09.182987 +0530,
27,50,21,95,4,13,l,1.2456218000152148,None,13,4,95,2,172.91801830002805,,172.90998710005078,172.91801830002805,173.89729390002321,173.89729390002321,173.91173079999862,175.14969810005277,l,1.2456218000152148,None,1,001,2025-10-23_00h19.02.472,untitled,,2025.1.1,59.739440461466,2025-10-23 00h19.09.182987 +0530,
11,30,7,96,5,13,l,0.13906299998052418,None,13,5,96,0,175.15449630003422,,175.1515505000134,175.15449630003422,176.14120270003332,176.14120270003332,176.14738100004615,176.28201280004578,l,0.13906299998052418,None,1,001,2025-10-23_00h19.02.472,untitled,,2025.1.1,59.739440461466,2025-10-23 00h19.09.182987 +0530,
49,60,89,97,6,13,t,1.0303010999923572,None,13,6,97,4,176.2939545000554,,176.28401440003654,176.2939545000554,177.27255670004524,177.27255670004524,177.2865221000393,178.30304450000403,t,1.0303010999923572,None,1,001,2025-10-23_00h19.02.472,untitled,,2025.1.1,59.739440461466,2025-10-23 00h19.09.182987 +0530,
67,75,119,98,0,14,t,0.08633099996950477,None,14,0,98,5,178.31428750004852,,178.30495640001027,178.31428750004852,179.29350290005095,179.29350290005095,179.30754350003554,179.38524080003845,t,0.08633099996950477,None,1,001,2025-10-23_00h19.02.472,untitled,,2025.1.1,59.739440461466,2025-10-23 00h19.09.182987 +0530,
27,50,21,99,1,14,t,0.049564999993890524,None,14,1,99,2,179.39060440001776,,179.387063400005,179.39060440001776,180.37722370005213,180.37722370005213,180.3834668000345,180.4273331000004,t,0.049564999993890524,None,1,001,2025-10-23_00h19.02.472,untitled,,2025.1.1,59.739440461466,2025-10-23 00h19.09.182987 +0530,
78,80,162,100,2,14,l,0.42465729999821633,None,14,2,100,6,180.4322083000443,,180.42915670003276,180.4322083000443,181.4182482000324,181.4182482000324,181.42522040003678,181.8438323000446,l,0.42465729999821633,None,1,001,2025-10-23_00h19.02.472,untitled,,2025.1.1,59.739440461466,2025-10-23 00h19.09.182987 +0530,
49,60,89,101,3,14,l,0.4248682999750599,None,14,3,101,4,181.8489261000068,,181.8456914999988,181.8489261000068,182.83523150003748,182.83523150003748,182.84191700001247,183.26041180000175,l,0.4248682999750599,None,1,001,2025-10-23_00h19.02.472,untitled,,2025.1.1,59.739440461466,2025-10-23 00h19.09.182987 +0530,
11,30,7,102,4,14,l,0.40581620001466945,None,14,4,102,0,183.2657052000286,,183.26230050000595,183.2657052000286,184.2519697000389,184.2519697000389,184.25869830005104,184.6632581000449,l,0.40581620001466945,None,1,001,2025-10-23_00h19.02.472,untitled,,2025.1.1,59.739440461466,2025-10-23 00h19.09.182987 +0530,
15,35,13,103,5,14,t,0.3323837000061758,None,14,5,103,1,184.66831980005372,,184.66510500002187,184.66831980005372,185.65438910003286,185.65438910003286,185.66134210000746,185.9898693000432,t,0.3323837000061758,None,1,001,2025-10-23_00h19.02.472,untitled,,2025.1.1,59.739440461466,2025-10-23 00h19.09.182987 +0530,
40,55,62,104,6,14,t,0.29611719999229535,None,14,6,104,3,186.00190570001723,,185.99181480001425,186.00190570001723,186.9808116000495,186.9808116000495,186.9949145000428,187.28124830004526,t,0.29611719999229535,None,1,001,2025-10-23_00h19.02.472,untitled,,2025.1.1,59.739440461466,2025-10-23 00h19.09.182987 +0530,
49,60,89,105,0,15,l,0.21393109997734427,None,15,0,105,4,187.28652100003092,,187.28316220000852,187.28652100003092,188.2724197000498,188.2724197000498,188.27938700001687,188.49007020000136,l,0.21393109997734427,None,1,001,2025-10-23_00h19.02.472,untitled,,2025.1.1,59.739440461466,2025-10-23 00h19.09.182987 +0530,
27,50,21,106,1,15,l,0.5372019999776967,None,15,1,106,2,188.50153490004595,,188.4921743000159,188.50153490004595,189.4814783000038,189.4814783000038,189.49478890001774,190.0245451000519,l,0.5372019999776967,None,1,001,2025-10-23_00h19.02.472,untitled,,2025.1.1,59.739440461466,2025-10-23 00h19.09.182987 +0530,
78,80,162,107,2,15,l,0.4040192000102252,None,15,2,107,6,190.029675400001,,190.02629160002107,190.029675400001,191.0155513000209,191.0155513000209,191.0224960000487,191.42020550003508,l,0.4040192000102252,None,1,001,2025-10-23_00h19.02.472,untitled,,2025.1.1,59.739440461466,2025-10-23 00h19.09.182987 +0530,
15,35,13,108,3,15,t,0.24305920000188053,None,15,3,108,1,191.42551550001372,,191.42221490002703,191.42551550001372,192.41150170000037,192.41150170000037,192.4184404000407,192.65681670000777,t,0.24305920000188053,None,1,001,2025-10-23_00h19.02.472,untitled,,2025.1.1,59.739440461466,2025-10-23 00h19.09.182987 +0530,
11,30,7,109,4,15,l,0.29074909997871146,None,15,4,109,0,192.6689545000554,,192.65867020003498,192.6689545000554,193.64780289999908,193.64780289999908,193.6610838000197,193.94134450005367,l,0.29074909997871146,None,1,001,2025-10-23_00h19.02.472,untitled,,2025.1.1,59.739440461466,2025-10-23 00h19.09.182987 +0530,
40,55,62,110,5,15,t,0.27652180002769455,None,15,5,110,3,193.9540593000129,,193.9433969000238,193.9540593000129,194.9323001000448,194.9323001000448,194.946335500048,195.21208870003466,t,0.27652180002769455,None,1,001,2025-10-23_00h19.02.472,untitled,,2025.1.1,59.739440461466,2025-10-23 00h19.09.182987 +0530,
67,75,119,111,6,15,l,0.15389680000953376,None,15,6,111,5,195.21681470004842,,195.21396490000188,195.21681470004842,196.20280020002974,196.20280020002974,196.2106097000069,196.3576669000322,l,0.15389680000953376,None,1,001,2025-10-23_00h19.02.472,untitled,,2025.1.1,59.739440461466,2025-10-23 00h19.09.182987 +0530,
40,55,62,112,0,16,t,0.28843230003258213,None,16,0,112,3,196.36291030002758,,196.35954660002608,196.36291030002758,197.34880210005213,197.34880210005213,197.35568020003848,197.6427639000467,t,0.28843230003258213,None,1,001,2025-10-23_00h19.02.472,untitled,,2025.1.1,59.739440461466,2025-10-23 00h19.09.182987 +0530,
27,50,21,113,1,16,l,0.4407579000107944,None,16,1,113,2,197.65427260001888,,197.644617700018,197.65427260001888,198.63383590005105,198.63383590005105,198.64751020004041,199.0803338000551,l,0.4407579000107944,None,1,001,2025-10-23_00h19.02.472,untitled,,2025.1.1,59.739440461466,2025-10-23 00h19.09.182987 +0530,
49,60,89,114,2,16,t,0.2524408999597654,None,16,2,114,4,199.09176590002608,,199.0823583000456,199.09176590002608,200.0710556000122,200.0710556000122,200.0848669000552,200.32986170001095,t,0.2524408999597654,None,1,001,2025-10-23_00h19.02.472,untitled,,2025.1.1,59.739440461466,2025-10-23 00h19.09.182987 +0530,
67,75,119,115,3,16,l,0.3521461000200361,None,16,3,115,5,200.33486880001146,,200.33164790004957,200.33486880001146,201.3212970000459,201.3212970000459,201.3282352000242,201.67706900002668,l,0.3521461000200361,None,1,001,2025-10-23_00h19.02.472,untitled,,2025.1.1,59.739440461466,2025-10-23 00h19.09.182987 +0530,
15,35,13,116,4,16,l,0.2766377999796532,None,16,4,116,1,201.68215250002686,,201.67897040001117,201.68215250002686,202.66827439999906,202.66827439999906,202.6753073,202.94793590001063,l,0.2766377999796532,None,1,001,2025-10-23_00h19.02.472,untitled,,2025.1.1,59.739440461466,2025-10-23 00h19.09.182987 +0530,
78,80,162,117,5,16,l,0.26965349999954924,None,16,5,117,6,202.95267970004352,,202.9497789000161,202.95267970004352,203.93948890001047,203.93948890001047,203.94618400000036,204.21188630000688,l,0.26965349999954924,None,1,001,2025-10-23_00h19.02.472,untitled,,2025.1.1,59.739440461466,2025-10-23 00h19.09.182987 +0530,
11,30,7,118,6,16,l,0.2805170000065118,None,16,6,118,0,204.21684310003184,,204.21385690005263,204.21684310003184,205.2028893000097,205.2028893000097,205.20997700002044,205.48952940001618,l,0.2805170000065118,None,1,001,2025-10-23_00h19.02.472,untitled,,2025.1.1,59.739440461466,2025-10-23 00h19.09.182987 +0530,
49,60,89,119,0,17,t,0.21207649999996647,None,17,0,119,4,205.50211010000203,,205.49165020004148,205.50211010000203,206.48074700002326,206.48074700002326,206.4946128000156,206.69811590004247,t,0.21207649999996647,None,1,001,2025-10-23_00h19.02.472,untitled,,2025.1.1,59.739440461466,2025-10-23 00h19.09.182987 +0530,
78,80,162,120,1,17,t,0.24331180000444874,None,17,1,120,6,206.7028448000201,,206.69981700001517,206.7028448000201,207.6887848000042,207.6887848000042,207.69610080000712,207.9341159000178,t,0.24331180000444874,None,1,001,2025-10-23_00h19.02.472,untitled,,2025.1.1,59.739440461466,2025-10-23 00h19.09.182987 +0530,
27,50,21,121,2,17,t,0.29860740003641695,None,17,2,121,2,207.9390503000468,,207.93594550003763,207.9390503000468,208.9250718000112,208.9250718000112,208.93203480000375,209.22552480001468,t,0.29860740003641695,None,1,001,2025-10-23_00h19.02.472,untitled,,2025.1.1,59.739440461466,2025-10-23 00h19.09.182987 +0530,
15,35,13,122,3,17,l,0.09433430002536625,None,17,3,122,1,209.23060960002476,,209.22742990002735,209.23060960002476,210.2166388000478,210.2166388000478,210.22363070002757,210.31566290004412,l,0.09433430002536625,None,1,001,2025-10-23_00h19.02.472,untitled,,2025.1.1,59.739440461466,2025-10-23 00h19.09.182987 +0530,
67,75,119,123,4,17,t,0.06646339996950701,None,17,4,123,5,210.32079950004118,,210.31741070002317,210.32079950004118,211.30699730000924,211.30699730000924,211.31379060004838,211.37853139999788,t,0.06646339996950701,None,1,001,2025-10-23_00h19.02.472,untitled,,2025.1.1,59.739440461466,2025-10-23 00h19.09.182987 +0530,
40,55,62,124,5,17,l,0.3790403000311926,None,17,5,124,3,211.38347650005016,,211.38036350003676,211.38347650005016,212.3696234000381,212.3696234000381,212.3764385000104,212.7533552000532,l,0.3790403000311926,None,1,001,2025-10-23_00h19.02.472,untitled,,2025.1.1,59.739440461466,2025-10-23 00h19.09.182987 +0530,
11,30,7,125,6,17,t,0.23912480002036318,None,17,6,125,0,212.75864680000814,,212.75522070005536,212.75864680000814,213.74457030004123,213.74457030004123,213.75160920002963,213.9896300000255,t,0.23912480002036318,None,1,001,2025-10-23_00h19.02.472,untitled,,2025.1.1,59.739440461466,2025-10-23 00h19.09.182987 +0530,
27,50,21,126,0,18,l,0.2883836000110023,None,18,0,126,2,213.99467400001595,,213.9914783000131,213.99467400001595,214.98077850003028,214.98077850003028,214.9877990000532,215.27441270003328,l,0.2883836000110023,None,1,001,2025-10-23_00h19.02.472,untitled,,2025.1.1,59.739440461466,2025-10-23 00h19.09.182987 +0530,
40,55,62,127,1,18,t,17.639518499956466,None,18,1,127,3,215.2861050000065,,215.27637750003487,215.2861050000065,216.26515500003006,216.26515500003006,216.27913430001354,233.90718420001213,t,17.639518499956466,None,1,001,2025-10-23_00h19.02.472,untitled,,2025.1.1,59.739440461466,2025-10-23 00h19.09.182987 +0530,
49,60,89,128,2,18,l,0.28707820002455264,None,18,2,128,4,233.9187431000173,,233.90903890004847,233.9187431000173,234.89771869999822,234.89771869999822,234.91139459999977,235.19078830000944,l,0.28707820002455264,None,1,001,2025-10-23_00h19.02.472,untitled,,2025.1.1,59.739440461466,2025-10-23 00h19.09.182987 +0530,
67,75,119,129,3,18,t,0.18752100004348904,None,18,3,129,5,235.19602200004738,,235.19268660002854,235.19602200004738,236.1826274000341,236.1826274000341,236.18941830005497,236.37199030001648,t,0.18752100004348904,None,1,001,2025-10-23_00h19.02.472,untitled,,2025.1.1,59.739440461466,2025-10-23 00h19.09.182987 +0530,
11,30,7,130,4,18,l,0.1701937000034377,None,18,4,130,0,236.3840834000148,,236.3738104000222,236.3840834000148,237.36289090005448,237.36289090005448,237.3766750000068,237.5381205000449,l,0.1701937000034377,None,1,001,2025-10-23_00h19.02.472,untitled,,2025.1.1,59.739440461466,2025-10-23 00h19.09.182987 +0530,
15,35,13,131,5,18,t,0.18898839998291805,None,18,5,131,1,237.54333530005533,,237.5399600000237,237.54333530005533,238.52980340004433,238.52980340004433,238.53682640002808,238.7190610000398,t,0.18898839998291805,None,1,001,2025-10-23_00h19.02.472,untitled,,2025.1.1,59.739440461466,2025-10-23 00h19.09.182987 +0530,
78,80,162,132,6,18,l,0.15503780002472922,None,18,6,132,6,238.73076900001615,,238.7208056000527,238.73076900001615,239.7102537000319,239.7102537000319,239.72396740003023,239.8715036000358,l,0.15503780002472922,None,1,001,2025-10-23_00h19.02.472,untitled,,2025.1.1,59.739440461466,2025-10-23 00h19.09.182987 +0530,
49,60,89,133,0,19,t,0.24742560001323,None,19,0,133,4,239.88337200001115,,239.8735413000104,239.88337200001115,240.8634109000559,240.8634109000559,240.87713330000406,241.11461980000604,t,0.24742560001323,None,1,001,2025-10-23_00h19.02.472,untitled,,2025.1.1,59.739440461466,2025-10-23 00h19.09.182987 +0530,
40,55,62,134,1,19,l,0.3006645000423305,None,19,1,134,3,241.11963640002068,,241.1164380000555,241.11963640002068,242.1058768000221,242.1058768000221,242.1131643000408,242.41329890000634,l,0.3006645000423305,None,1,001,2025-10-23_00h19.02.472,untitled,,2025.1.1,59.739440461466,2025-10-23 00h19.09.182987 +0530,
11,30,7,135,2,19,t,0.18672400002833456,None,19,2,135,0,242.4183540000231,,242.4150803000084,242.4183540000231,243.4049432000029,243.4049432000029,243.41196800000034,243.5943642000202,t,0.18672400002833456,None,1,001,2025-10-23_00h19.02.472,untitled,,2025.1.1,59.739440461466,2025-10-23 00h19.09.182987 +0530,
67,75,119,136,3,19,l,0.2102282999549061,None,19,3,136,5,243.6059795000474,,243.5961049000034,243.6059795000474,244.58522880001692,244.58522880001692,244.59885980002582,244.801965700055,l,0.2102282999549061,None,1,001,2025-10-23_00h19.02.472,untitled,,2025.1.1,59.739440461466,2025-10-23 00h19.09.182987 +0530,
78,80,162,137,4,19,t,0.22850839997408912,None,19,4,137,6,244.8072022999986,,244.8037028000108,244.8072022999986,245.7938078000443,245.7938078000443,245.8006185000413,246.0255169000011,t,0.22850839997408912,None,1,001,2025-10-23_00h19.02.472,untitled,,2025.1.1,59.739440461466,2025-10-23 00h19.09.182987 +0530,
15,35,13,138,5,19,l,0.24984000000404194,None,19,5,138,1,246.0370227000094,,246.02765050000744,246.0370227000094,247.01585340005113,247.01585340005113,247.02947400003904,247.2675564000383,l,0.24984000000404194,None,1,001,2025-10-23_00h19.02.472,untitled,,2025.1.1,59.739440461466,2025-10-23 00h19.09.182987 +0530,
27,50,21,139,6,19,t,0.19528399995760992,None,19,6,139,2,247.27986980002606,,247.2693998000468,247.27986980002606,248.25867240002844,248.25867240002844,248.27253190003103,248.45515660004457,t,0.19528399995760992,None,1,001,2025-10-23_00h19.02.472,untitled,,2025.1.1,59.739440461466,2025-10-23 00h19.09.182987 +0530,
78,80,162,140,0,20,l,0.22302470001159236,None,20,0,140,6,248.46699600003194,,248.45687620004173,248.46699600003194,249.4461112000281,249.4461112000281,249.4600144000142,249.67016000003787,l,0.22302470001159236,None,1,001,2025-10-23_00h19.02.472,untitled,,2025.1.1,59.739440461466,2025-10-23 00h19.09.182987 +0530,
15,35,13,141,1,20,t,0.20697639998979867,None,20,1,141,1,249.6752713000169,,249.67203110002447,249.6752713000169,250.66152580000926,250.66152580000926,250.66848250001203,250.87149930000305,t,0.20697639998979867,None,1,001,2025-10-23_00h19.02.472,untitled,,2025.1.1,59.739440461466,2025-10-23 00h19.09.182987 +0530,
49,60,89,142,2,20,l,0.24596169998403639,None,20,2,142,4,250.87659860000713,,250.87333800003398,250.87659860000713,251.86269700003322,251.86269700003322,251.87013280001702,252.1148344000103,l,0.24596169998403639,None,1,001,2025-10-23_00h19.02.472,untitled,,2025.1.1,59.739440461466,2025-10-23 00h19.09.182987 +0530,
40,55,62,143,3,20,t,0.2722821999923326,None,20,3,143,3,252.1264072000049,,252.11684230004903,252.1264072000049,253.10600040003192,253.10600040003192,253.11976760003017,253.37847450003028,t,0.2722821999923326,None,1,001,2025-10-23_00h19.02.472,untitled,,2025.1.1,59.739440461466,2025-10-23 00h19.09.182987 +0530,
11,30,7,144,4,20,l,0.34976409998489544,None,20,4,144,0,253.3834213000373,,253.38030140002957,253.3834213000373,254.3700185000198,254.3700185000198,254.3766732000513,254.72558930004016,l,0.34976409998489544,None,1,001,2025-10-23_00h19.02.472,untitled,,2025.1.1,59.739440461466,2025-10-23 00h19.09.182987 +0530,
27,50,21,145,5,20,t,0.28325380000751466,None,20,5,145,2,254.73069480003323,,254.7274016000447,254.73069480003323,255.7175622000359,255.7175622000359,255.72407810000004,256.00406649999786,t,0.28325380000751466,None,1,001,2025-10-23_00h19.02.472,untitled,,2025.1.1,59.739440461466,2025-10-23 00h19.09.182987 +0530,
67,75,119,146,6,20,l,0.36231779999798164,None,20,6,146,5,256.0160986999981,,256.00578580005094,256.0160986999981,256.99476920004236,256.99476920004236,257.00864750001347,257.3578806000296,l,0.36231779999798164,None,1,001,2025-10-23_00h19.02.472,untitled,,2025.1.1,59.739440461466,2025-10-23 00h19.09.182987 +0530,
27,50,21,147,0,21,t,1.2550016000168398,None,21,0,147,2,257.3707884000032,,257.3597069000243,257.3707884000032,258.3493564000237,258.3493564000237,258.36326710000867,259.607854700007,t,1.2550016000168398,None,1,001,2025-10-23_00h19.02.472,untitled,,2025.1.1,59.739440461466,2025-10-23 00h19.09.182987 +0530,
49,60,89,148,1,21,t,0.3616535000037402,None,21,1,148,4,259.62054100004025,,259.60967530001653,259.62054100004025,260.59910420002416,260.59910420002416,260.61281030002283,260.9626202000072,t,0.3616535000037402,None,1,001,2025-10-23_00h19.02.472,untitled,,2025.1.1,59.739440461466,2025-10-23 00h19.09.182987 +0530,
78,80,162,149,2,21,t,0.1813440999831073,None,21,2,149,6,260.9747473000316,,260.964374400035,260.9747473000316,261.9531887000194,261.9531887000194,261.96702209999785,262.1358466000529,t,0.1813440999831073,None,1,001,2025-10-23_00h19.02.472,untitled,,2025.1.1,59.739440461466,2025-10-23 00h19.09.182987 +0530,
15,35,13,150,3,21,t,0.34539829997811466,None,21,3,150,1,262.14801510004327,,262.1376626000274,262.14801510004327,263.1266380000161,263.1266380000161,263.1403580000042,263.47594790003495,t,0.34539829997811466,None,1,001,2025-10-23_00h19.02.472,untitled,,2025.1.1,59.739440461466,2025-10-23 00h19.09.182987 +0530,
67,75,119,151,4,21,l,0.2492871999857016,None,21,4,151,5,263.48718590004137,,263.4776665000245,263.48718590004137,264.46750460000476,264.46750460000476,264.48117810004624,264.719329500047,l,0.2492871999857016,None,1,001,2025-10-23_00h19.02.472,untitled,,2025.1.1,59.739440461466,2025-10-23 00h19.09.182987 +0530,
11,30,7,152,5,21,l,0.16021980001823977,None,21,5,152,0,264.7316136000445,,264.72114160005003,264.7316136000445,265.7100045999978,265.7100045999978,265.7238695000415,265.87198490003357,l,0.16021980001823977,None,1,001,2025-10-23_00h19.02.472,untitled,,2025.1.1,59.739440461466,2025-10-23 00h19.09.182987 +0530,
40,55,62,153,6,21,l,0.041038199968170375,None,21,6,153,3,265.8833571000141,,265.87382910004817,265.8833571000141,266.8629255000269,266.8629255000269,266.8770924000419,266.90688660001615,l,0.041038199968170375,None,1,001,2025-10-23_00h19.02.472,untitled,,2025.1.1,59.739440461466,2025-10-23 00h19.09.182987 +0530,
11,30,7,154,0,22,l,0.07900939998216927,None,22,0,154,0,266.91866850003134,,266.9089345000102,266.91866850003134,267.8975286000059,267.8975286000059,267.91221920005046,267.98283210000955,l,0.07900939998216927,None,1,001,2025-10-23_00h19.02.472,untitled,,2025.1.1,59.739440461466,2025-10-23 00h19.09.182987 +0530,
15,35,13,155,1,22,l,0.025395900011062622,None,22,1,155,1,267.99509860004764,,267.98462970001856,267.99509860004764,268.97391840000637,268.97391840000637,268.9879162000143,269.0034310000483,l,0.025395900011062622,None,1,001,2025-10-23_00h19.02.472,untitled,,2025.1.1,59.739440461466,2025-10-23 00h19.09.182987 +0530,
67,75,119,156,2,22,l,0.09209500002907589,None,22,2,156,5,269.00848790002055,,269.0053306000191,269.00848790002055,269.9949616000522,269.9949616000522,270.00196280004457,270.0939756000298,l,0.09209500002907589,None,1,001,2025-10-23_00h19.02.472,untitled,,2025.1.1,59.739440461466,2025-10-23 00h19.09.182987 +0530,
78,80,162,157,3,22,l,0.48631459998432547,None,22,3,157,6,270.09909410000546,,270.09568080003373,270.09909410000546,271.084979700041,271.084979700041,271.0920157000073,271.57305770000676,l,0.48631459998432547,None,1,001,2025-10-23_00h19.02.472,untitled,,2025.1.1,59.739440461466,2025-10-23 00h19.09.182987 +0530,
27,50,21,158,4,22,l,0.24253320001298562,None,22,4,158,2,271.5845960000297,,271.57493380003143,271.5845960000297,272.5641049000551,272.5641049000551,272.5782094000024,272.80940160003956,l,0.24253320001298562,None,1,001,2025-10-23_00h19.02.472,untitled,,2025.1.1,59.739440461466,2025-10-23 00h19.09.182987 +0530,
49,60,89,159,5,22,l,0.2503092999686487,None,22,5,159,4,272.82176640001126,,272.81123730004765,272.82176640001126,273.8006599000073,273.8006599000073,273.8145354000153,274.0522201000131,l,0.2503092999686487,None,1,001,2025-10-23_00h19.02.472,untitled,,2025.1.1,59.739440461466,2025-10-23 00h19.09.182987 +0530,
40,55,62,160,6,22,l,0.07631239999318495,None,22,6,160,3,274.0638560000225,,274.05407650000416,274.0638560000225,275.0433512000018,275.0433512000018,275.0572091000504,275.1214964000392,l,0.07631239999318495,None,1,001,2025-10-23_00h19.02.472,untitled,,2025.1.1,59.739440461466,2025-10-23 00h19.09.182987 +0530,
15,35,13,161,0,23,l,0.09802569996099919,None,23,0,161,1,275.13400590000674,,275.1236467999988,275.13400590000674,276.11254740000004,276.11254740000004,276.12667850003345,276.21278620004887,l,0.09802569996099919,None,1,001,2025-10-23_00h19.02.472,untitled,,2025.1.1,59.739440461466,2025-10-23 00h19.09.182987 +0530,
49,60,89,162,1,23,l,0.1779069000040181,None,23,1,162,4,276.22421190002933,,276.2146192000364,276.22421190002933,277.20303100004094,277.20303100004094,277.2168437000364,277.3853998000268,l,0.1779069000040181,None,1,001,2025-10-23_00h19.02.472,untitled,,2025.1.1,59.739440461466,2025-10-23 00h19.09.182987 +0530,
78,80,162,163,2,23,l,0.1844037999981083,None,23,2,163,6,277.39035860000877,,277.3871715000132,277.39035860000877,278.3765987000079,278.3765987000079,278.3839098000317,278.5657224000315,l,0.1844037999981083,None,1,001,2025-10-23_00h19.02.472,untitled,,2025.1.1,59.739440461466,2025-10-23 00h19.09.182987 +0530,
11,30,7,164,3,23,l,0.17769060004502535,None,23,3,164,0,278.57095330004813,,278.56774090003455,278.57095330004813,279.5571878000046,279.5571878000046,279.5644387000357,279.7394543000264,l,0.17769060004502535,None,1,001,2025-10-23_00h19.02.472,untitled,,2025.1.1,59.739440461466,2025-10-23 00h19.09.182987 +0530,
67,75,119,165,4,23,l,0.08280390000436455,None,23,4,165,5,279.74451460002456,,279.741279400012,279.74451460002456,280.7303901000414,280.7303901000414,280.7380393000203,280.81613630003994,l,0.08280390000436455,None,1,001,2025-10-23_00h19.02.472,untitled,,2025.1.1,59.739440461466,2025-10-23 00h19.09.182987 +0530,
27,50,21,166,5,23,l,0.18583099998068064,None,23,5,166,2,280.82816680002725,,280.8179892000044,280.82816680002725,281.8073227000423,281.8073227000423,281.82111800002167,281.99668400001246,l,0.18583099998068064,None,1,001,2025-10-23_00h19.02.472,untitled,,2025.1.1,59.739440461466,2025-10-23 00h19.09.182987 +0530,
40,55,62,167,6,23,l,0.05295360001036897,None,23,6,167,3,282.0091879000538,,281.9987040000269,282.0091879000538,282.98776320001343,282.98776320001343,283.00173750001704,283.0451767000486,l,0.05295360001036897,None,1,001,2025-10-23_00h19.02.472,untitled,,2025.1.1,59.739440461466,2025-10-23 00h19.09.182987 +0530,
40,55,62,168,0,24,l,0.3259789000148885,None,24,0,168,3,283.05000060005113,,283.04528040002333,283.05000060005113,284.03666969999904,284.03666969999904,284.0432436000556,284.36445320001803,l,0.3259789000148885,None,1,001,2025-10-23_00h19.02.472,untitled,,2025.1.1,59.739440461466,2025-10-23 00h19.09.182987 +0530,
67,75,119,169,1,24,t,0.41030779998982325,None,24,1,169,5,284.3695169000421,,284.3661863000016,284.3695169000421,285.35616720002145,285.35616720002145,285.3632210000069,285.767895099998,t,0.41030779998982325,None,1,001,2025-10-23_00h19.02.472,untitled,,2025.1.1,59.739440461466,2025-10-23 00h19.09.182987 +0530,
27,50,21,170,2,24,t,0.29569230001652613,None,24,2,170,2,285.7800695000333,,285.76993760000914,285.7800695000333,286.7585377000505,286.7585377000505,286.7724057000014,287.0590422000387,t,0.29569230001652613,None,1,001,2025-10-23_00h19.02.472,untitled,,2025.1.1,59.739440461466,2025-10-23 00h19.09.182987 +0530,
49,60,89,171,3,24,l,0.08799660002114251,None,24,3,171,4,287.07083940005396,,287.0609186000074,287.07083940005396,288.0505955000408,288.0505955000408,288.06391360005364,288.1422793000238,l,0.08799660002114251,None,1,001,2025-10-23_00h19.02.472,untitled,,2025.1.1,59.739440461466,2025-10-23 00h19.09.182987 +0530,
15,35,13,172,4,24,t,0.19585139997070655,None,24,4,172,1,288.1539390000398,,288.1443541000481,288.1539390000398,289.13370650005527,289.13370650005527,289.147700200032,289.32979909999995,t,0.19585139997070655,None,1,001,2025-10-23_00h19.02.472,untitled,,2025.1.1,59.739440461466,2025-10-23 00h19.09.182987 +0530,
11,30,7,173,5,24,l,0.16840480000246316,None,24,5,173,0,289.33470430003945,,289.3316044000094,289.33470430003945,290.3210383000551,290.3210383000551,290.32801150000887,290.4963204000378,l,0.16840480000246316,None,1,001,2025-10-23_00h19.02.472,untitled,,2025.1.1,59.739440461466,2025-10-23 00h19.09.182987 +0530,
78,80,162,174,6,24,t,0.2496660000178963,None,24,6,174,6,290.50145700003486,,290.4981198000023,290.50145700003486,291.48814920004224,291.48814920004224,291.4948252000031,291.73972790001426,t,0.2496660000178963,None,1,001,2025-10-23_00h19.02.472,untitled,,2025.1.1,59.739440461466,2025-10-23 00h19.09.182987 +0530,
78,80,162,175,0,25,l,0.18318940000608563,None,25,0,175,6,291.7446364000207,,291.7398331000004,291.7446364000207,292.73052920005284,292.73052920005284,292.7376663000323,292.9203221000498,l,0.18318940000608563,None,1,001,2025-10-23_00h19.02.472,untitled,,2025.1.1,59.739440461466,2025-10-23 00h19.09.182987 +0530,
15,35,13,176,1,25,t,0.6115939000155777,None,25,1,176,1,292.93195019999985,,292.92229820002103,292.93195019999985,293.91180960001657,293.91180960001657,293.9249945000047,294.52405050001107,t,0.6115939000155777,None,1,001,2025-10-23_00h19.02.472,untitled,,2025.1.1,59.739440461466,2025-10-23 00h19.09.182987 +0530,
11,30,7,177,2,25,l,0.09735590004129335,None,25,2,177,0,294.5292157000513,,294.5257971000392,294.5292157000513,295.51582640002016,295.51582640002016,295.52286020002794,295.61513080005534,l,0.09735590004129335,None,1,001,2025-10-23_00h19.02.472,untitled,,2025.1.1,59.739440461466,2025-10-23 00h19.09.182987 +0530,
40,55,62,178,3,25,t,0.5527880999725312,None,25,3,178,3,295.62762030004524,,295.61712220002664,295.62762030004524,296.6057127000531,296.6057127000531,296.61992420000024,297.1631065000547,t,0.5527880999725312,None,1,001,2025-10-23_00h19.02.472,untitled,,2025.1.1,59.739440461466,2025-10-23 00h19.09.182987 +0530,
49,60,89,179,4,25,l,0.10833740001544356,None,25,4,179,4,297.17500370001653,,297.16503860004013,297.17500370001653,298.15478080004686,298.15478080004686,298.1688373000361,298.2671696000034,l,0.10833740001544356,None,1,001,2025-10-23_00h19.02.472,untitled,,2025.1.1,59.739440461466,2025-10-23 00h19.09.182987 +0530,
67,75,119,180,5,25,t,0.19010820001130924,None,25,5,180,5,298.27233370003523,,298.2688831000123,298.27233370003523,299.25898210000014,299.25898210000014,299.2656838000403,299.45514760003425,t,0.19010820001130924,None,1,001,2025-10-23_00h19.02.472,untitled,,2025.1.1,59.739440461466,2025-10-23 00h19.09.182987 +0530,
27,50,21,181,6,25,l,0.10642370005371049,None,25,6,181,2,299.4672481000307,,299.45698670001,299.4672481000307,300.44605650001904,300.44605650001904,300.4601367000141,300.55911890004063,l,0.10642370005371049,None,1,001,2025-10-23_00h19.02.472,untitled,,2025.1.1,59.739440461466,2025-10-23 00h19.09.182987 +0530,
11,30,7,182,0,26,t,0.21645880001597106,None,26,0,182,0,300.570479200047,,300.5609094000538,300.570479200047,301.5504496000358,301.5504496000358,301.56438860000344,301.76763360004406,t,0.21645880001597106,None,1,001,2025-10-23_00h19.02.472,untitled,,2025.1.1,59.739440461466,2025-10-23 00h19.09.182987 +0530,
49,60,89,183,1,26,l,0.6742356999893673,None,26,1,183,4,301.78006570000434,,301.76947710005334,301.78006570000434,302.7587843000074,302.7587843000074,302.77263560000574,303.43489110004157,l,0.6742356999893673,None,1,001,2025-10-23_00h19.02.472,untitled,,2025.1.1,59.739440461466,2025-10-23 00h19.09.182987 +0530,
40,55,62,184,2,26,t,0.2484503000159748,None,26,2,184,3,303.4465340000461,,303.4368853000342,303.4465340000461,304.42511310003465,304.42511310003465,304.4394490000559,304.67726260004565,t,0.2484503000159748,None,1,001,2025-10-23_00h19.02.472,untitled,,2025.1.1,59.739440461466,2025-10-23 00h19.09.182987 +0530,
15,35,13,185,3,26,l,0.1089953999617137,None,26,3,185,1,304.68876090005506,,304.67908840003656,304.68876090005506,305.6683888999978,305.6683888999978,305.6823439000291,305.78165430005174,l,0.1089953999617137,None,1,001,2025-10-23_00h19.02.472,untitled,,2025.1.1,59.739440461466,2025-10-23 00h19.09.182987 +0530,
27,50,21,186,4,26,t,0.1234064000309445,None,26,4,186,2,305.79424540000036,,305.78377300000284,305.79424540000036,306.77237760002026,306.77237760002026,306.78658690000884,306.89926450001076,t,0.1234064000309445,None,1,001,2025-10-23_00h19.02.472,untitled,,2025.1.1,59.739440461466,2025-10-23 00h19.09.182987 +0530,
67,75,119,187,5,26,l,0.20596369996201247,None,26,5,187,5,306.9042079000501,,306.90094500000123,306.9042079000501,307.8904322000453,307.8904322000453,307.897391800012,308.1006728000357,l,0.20596369996201247,None,1,001,2025-10-23_00h19.02.472,untitled,,2025.1.1,59.739440461466,2025-10-23 00h19.09.182987 +0530,
78,80,162,188,6,26,t,0.19710180000402033,None,26,6,188,6,308.10548050003126,,308.1023684000247,308.10548050003126,309.0917894000304,309.0917894000304,309.0987153000315,309.29499370005215,t,0.19710180000402033,None,1,001,2025-10-23_00h19.02.472,untitled,,2025.1.1,59.739440461466,2025-10-23 00h19.09.182987 +0530,
40,55,62,189,0,27,l,0.1844334999914281,None,27,0,189,3,309.3000115000177,,309.29682230000617,309.3000115000177,310.2860665000044,310.2860665000044,310.2931739000487,310.47534900001483,l,0.1844334999914281,None,1,001,2025-10-23_00h19.02.472,untitled,,2025.1.1,59.739440461466,2025-10-23 00h19.09.182987 +0530,
11,30,7,190,1,27,t,0.19797610002569854,None,27,1,190,0,310.4804662000388,,310.4772002000245,310.4804662000388,311.46688960003667,311.46688960003667,311.4741307000513,311.6702557000099,t,0.19797610002569854,None,1,001,2025-10-23_00h19.02.472,untitled,,2025.1.1,59.739440461466,2025-10-23 00h19.09.182987 +0530,
78,80,162,191,2,27,l,0.22297470003832132,None,27,2,191,6,311.68261670001084,,311.67201229999773,311.68261670001084,312.66130070004147,312.66130070004147,312.6752796000219,312.8853755000164,l,0.22297470003832132,None,1,001,2025-10-23_00h19.02.472,untitled,,2025.1.1,59.739440461466,2025-10-23 00h19.09.182987 +0530,
15,35,13,192,3,27,t,0.22874950000550598,None,27,3,192,1,312.89712200005306,,312.88722590002,312.89712200005306,313.8770287000225,313.8770287000225,313.8908415000187,314.10787120001623,t,0.22874950000550598,None,1,001,2025-10-23_00h19.02.472,untitled,,2025.1.1,59.739440461466,2025-10-23 00h19.09.182987 +0530,
49,60,89,193,4,27,l,0.07454920001327991,None,27,4,193,4,314.11994770000456,,314.1096881000558,314.11994770000456,315.09864190005464,315.09864190005464,315.11262140003964,315.17733810003847,l,0.07454920001327991,None,1,001,2025-10-23_00h19.02.472,untitled,,2025.1.1,59.739440461466,2025-10-23 00h19.09.182987 +0530,
67,75,119,194,5,27,t,0.3521271999925375,None,27,5,194,5,315.1893649000558,,315.17908040003385,315.1893649000558,316.1683355999994,316.1683355999994,316.1823043000186,316.5244822000386,t,0.3521271999925375,None,1,001,2025-10-23_00h19.02.472,untitled,,2025.1.1,59.739440461466,2025-10-23 00h19.09.182987 +0530,
27,50,21,195,6,27,l,0.18943820003187284,None,27,6,195,2,316.5362933000433,,316.52632679999806,316.5362933000433,317.51580620004097,317.51580620004097,317.5297937000287,317.7122475000215,l,0.18943820003187284,None,1,001,2025-10-23_00h19.02.472,untitled,,2025.1.1,59.739440461466,2025-10-23 00h19.09.182987 +0530,
40,55,62,196,0,28,t,0.20195560000138357,None,28,0,196,3,317.7236783000408,,317.7140604000306,317.7236783000408,318.7028303000261,318.7028303000261,318.7170152000035,318.9063934000442,t,0.20195560000138357,None,1,001,2025-10-23_00h19.02.472,untitled,,2025.1.1,59.739440461466,2025-10-23 00h19.09.182987 +0530,
49,60,89,197,1,28,l,0.09616880002431571,None,28,1,197,4,318.9189573000185,,318.90821180003695,318.9189573000185,319.89707800000906,319.89707800000906,319.91129660001025,319.9963021000149,l,0.09616880002431571,None,1,001,2025-10-23_00h19.02.472,untitled,,2025.1.1,59.739440461466,2025-10-23 00h19.09.182987 +0530,
67,75,119,198,2,28,t,0.28151770000113174,None,28,2,198,5,320.0013047000393,,319.9981617000303,320.0013047000393,320.98776129999897,320.98776129999897,320.9946875000023,321.27393620001385,t,0.28151770000113174,None,1,001,2025-10-23_00h19.02.472,untitled,,2025.1.1,59.739440461466,2025-10-23 00h19.09.182987 +0530,
11,30,7,199,3,28,l,0.08341570000629872,None,28,3,199,0,321.2790457000374,,321.2758985000546,321.2790457000374,322.2657428000239,322.2657428000239,322.2726823000121,322.3512673000223,l,0.08341570000629872,None,1,001,2025-10-23_00h19.02.472,untitled,,2025.1.1,59.739440461466,2025-10-23 00h19.09.182987 +0530,
78,80,162,200,4,28,t,0.16057730000466108,None,28,4,200,6,322.36311010003556,,322.353012400039,322.36311010003556,323.3419032000238,323.3419032000238,323.3559097000398,323.5032416000031,t,0.16057730000466108,None,1,001,2025-10-23_00h19.02.472,untitled,,2025.1.1,59.739440461466,2025-10-23 00h19.09.182987 +0530,
27,50,21,201,5,28,l,0.1927012000232935,None,28,5,201,2,323.5082066000323,,323.5050542000099,323.5082066000323,324.49443990003783,324.49443990003783,324.50207460002275,324.6909696000512,l,0.1927012000232935,None,1,001,2025-10-23_00h19.02.472,untitled,,2025.1.1,59.739440461466,2025-10-23 00h19.09.182987 +0530,
15,35,13,202,6,28,t,0.02192039997316897,None,28,6,202,1,324.70292460004566,,324.6929366000113,324.70292460004566,325.6824336000136,325.6824336000136,325.69644850003533,325.70518050005194,t,0.02192039997316897,None,1,001,2025-10-23_00h19.02.472,untitled,,2025.1.1,59.739440461466,2025-10-23 00h19.09.182987 +0530,
27,50,21,203,0,29,l,0.15872850001323968,None,29,0,203,2,325.71758200001204,,325.7069810000248,325.71758200001204,326.6958602000377,326.6958602000377,326.70970120001584,326.85765050002374,l,0.15872850001323968,None,1,001,2025-10-23_00h19.02.472,untitled,,2025.1.1,59.739440461466,2025-10-23 00h19.09.182987 +0530,
78,80,162,204,1,29,t,0.08918740000808612,None,29,1,204,6,326.86968740000157,,326.8593675000011,326.86968740000157,327.8487261000555,327.8487261000555,327.8626210000366,327.9408231000416,t,0.08918740000808612,None,1,001,2025-10-23_00h19.02.472,untitled,,2025.1.1,59.739440461466,2025-10-23 00h19.09.182987 +0530,
67,75,119,205,2,29,l,0.1186506999656558,None,29,2,205,5,327.94558070000494,,327.94252410001354,327.94558070000494,328.932751400047,328.932751400047,328.9394542000373,329.05220330000157,l,0.1186506999656558,None,1,001,2025-10-23_00h19.02.472,untitled,,2025.1.1,59.739440461466,2025-10-23 00h19.09.182987 +0530,
40,55,62,206,3,29,t,0.20379500003764406,None,29,3,206,3,329.06464160000905,,329.05415520002134,329.06464160000905,330.04306440002983,330.04306440002983,330.05712410004344,330.2538025000249,t,0.20379500003764406,None,1,001,2025-10-23_00h19.02.472,untitled,,2025.1.1,59.739440461466,2025-10-23 00h19.09.182987 +0530,
49,60,89,207,4,29,l,0.09598159999586642,None,29,4,207,4,330.2650090000243,,330.2564382000128,330.2650090000243,331.24448800005484,331.24448800005484,331.2590251000365,331.3441793000093,l,0.09598159999586642,None,1,001,2025-10-23_00h19.02.472,untitled,,2025.1.1,59.739440461466,2025-10-23 00h19.09.182987 +0530,
11,30,7,208,5,29,t,0.13471820001723245,None,29,5,208,0,331.3558258000412,,331.34631130000344,331.3558258000412,332.3347412000294,332.3347412000294,332.3486824000138,332.47537820000434,t,0.13471820001723245,None,1,001,2025-10-23_00h19.02.472,untitled,,2025.1.1,59.739440461466,2025-10-23 00h19.09.182987 +0530,
15,35,13,209,6,29,l,0.09096300002420321,None,29,6,209,1,332.48042340000393,,332.47722270002123,332.48042340000393,333.4666067000362,333.4666067000362,333.47363770002266,333.55876540002646,l,0.09096300002420321,None,1,001,2025-10-23_00h19.02.472,untitled,,2025.1.1,59.739440461466,2025-10-23 00h19.09.182987 +0530,
11,30,7,210,0,30,t,0.02026540000224486,None,30,0,210,0,333.563862400013,,333.5605883000535,333.563862400013,334.55013020004844,334.55013020004844,334.5573971000267,334.57330970000476,t,0.02026540000224486,None,1,001,2025-10-23_00h19.02.472,untitled,,2025.1.1,59.739440461466,2025-10-23 00h19.09.182987 +0530,
27,50,21,211,1,30,l,0.15291809994960204,None,30,1,211,2,334.5855134000303,,334.5751479000319,334.5855134000303,335.5641564000398,335.5641564000398,335.5777776000323,335.71855869999854,l,0.15291809994960204,None,1,001,2025-10-23_00h19.02.472,untitled,,2025.1.1,59.739440461466,2025-10-23 00h19.09.182987 +0530,
40,55,62,212,2,30,t,0.05038979998789728,None,30,2,212,3,335.7236428000033,,335.72041660000104,335.7236428000033,336.7095898000407,336.7095898000407,336.7167420000187,336.7606388000422,t,0.05038979998789728,None,1,001,2025-10-23_00h19.02.472,untitled,,2025.1.1,59.739440461466,2025-10-23 00h19.09.182987 +0530,
49,60,89,213,3,30,l,0.09049660002347082,None,30,3,213,4,336.7723436000524,,336.7625229000114,336.7723436000524,337.7514016000205,337.7514016000205,337.76542310003424,337.8437503000023,l,0.09049660002347082,None,1,001,2025-10-23_00h19.02.472,untitled,,2025.1.1,59.739440461466,2025-10-23 00h19.09.182987 +0530,
78,80,162,214,4,30,t,0.10501040000235662,None,30,4,214,6,337.85673840000527,,337.8456917000003,337.85673840000527,338.8349538000184,338.8349538000184,338.8487415999989,338.94080590002704,t,0.10501040000235662,None,1,001,2025-10-23_00h19.02.472,untitled,,2025.1.1,59.739440461466,2025-10-23 00h19.09.182987 +0530,
67,75,119,215,5,30,l,0.10772269999142736,None,30,5,215,5,338.952794300043,,338.9426047000452,338.952794300043,339.9319558000425,339.9319558000425,339.94586240005447,340.0448409000528,l,0.10772269999142736,None,1,001,2025-10-23_00h19.02.472,untitled,,2025.1.1,59.739440461466,2025-10-23 00h19.09.182987 +0530,
15,35,13,216,6,30,t,0.051360599987674505,None,30,6,216,1,340.0570789000485,,340.0469312000205,340.0570789000485,341.0361867000465,341.0361867000465,341.04993400000967,341.0940380000393,t,0.051360599987674505,None,1,001,2025-10-23_00h19.02.472,untitled,,2025.1.1,59.739440461466,2025-10-23 00h19.09.182987 +0530,
49,60,89,217,0,31,l,0.14192570000886917,None,31,0,217,4,341.10632030002307,,341.0958785000257,341.10632030002307,342.084554400004,342.084554400004,342.0987928000395,342.23261140001705,l,0.14192570000886917,None,1,001,2025-10-23_00h19.02.472,untitled,,2025.1.1,59.739440461466,2025-10-23 00h19.09.182987 +0530,
78,80,162,218,1,31,t,0.04560959996888414,None,31,1,218,6,342.24415840004804,,342.23438440001337,342.24415840004804,343.2241745000356,343.2241745000356,343.2377623000066,343.27413780003553,t,0.04560959996888414,None,1,001,2025-10-23_00h19.02.472,untitled,,2025.1.1,59.739440461466,2025-10-23 00h19.09.182987 +0530,
27,50,21,219,2,31,l,0.1939051999943331,None,31,2,219,2,343.2866920000524,,343.2760204000515,343.2866920000524,344.2652625000337,344.2652625000337,344.27918110002065,344.46199500001967,l,0.1939051999943331,None,1,001,2025-10-23_00h19.02.472,untitled,,2025.1.1,59.739440461466,2025-10-23 00h19.09.182987 +0530,
11,30,7,220,3,31,t,0.27222749998327345,None,31,3,220,0,344.4735075000208,,344.46379160002107,344.4735075000208,345.4528575000004,345.4528575000004,345.46658200002275,345.7254756000475,t,0.27222749998327345,None,1,001,2025-10-23_00h19.02.472,untitled,,2025.1.1,59.739440461466,2025-10-23 00h19.09.182987 +0530,
40,55,62,221,4,31,t,0.3501832999754697,None,31,4,221,3,345.7309089000337,,345.72735980001744,345.7309089000337,346.71684280002955,346.71684280002955,346.72384140000213,347.072720199998,t,0.3501832999754697,None,1,001,2025-10-23_00h19.02.472,untitled,,2025.1.1,59.739440461466,2025-10-23 00h19.09.182987 +0530,
67,75,119,222,5,31,t,0.49116370000410825,None,31,5,222,5,347.0778112000553,,347.07452370005194,347.0778112000553,348.06431330001215,348.06431330001215,348.0708641000092,348.55920290003996,t,0.49116370000410825,None,1,001,2025-10-23_00h19.02.472,untitled,,2025.1.1,59.739440461466,2025-10-23 00h19.09.182987 +0530,
15,35,13,223,6,31,l,0.20987279998371378,None,31,6,223,1,348.5708757000393,,348.5611031000153,348.5708757000393,349.5501054000342,349.5501054000342,349.5641673000064,349.7604363000137,l,0.20987279998371378,None,1,001,2025-10-23_00h19.02.472,untitled,,2025.1.1,59.739440461466,2025-10-23 00h19.09.182987 +0530,
27,50,21,224,0,32,t,0.20911550003802404,None,32,0,224,2,349.77263020002283,,349.762344900053,349.77263020002283,350.7513948000269,350.7513948000269,350.76537550002104,350.96173140004976,t,0.20911550003802404,None,1,001,2025-10-23_00h19.02.472,untitled,,2025.1.1,59.739440461466,2025-10-23 00h19.09.182987 +0530,
11,30,7,225,1,32,l,0.128500199993141,None,32,1,225,0,350.9742619000026,,350.96367440000176,350.9742619000026,351.95293030003086,351.95293030003086,351.9668057000381,352.08645610004896,l,0.128500199993141,None,1,001,2025-10-23_00h19.02.472,untitled,,2025.1.1,59.739440461466,2025-10-23 00h19.09.182987 +0530,
78,80,162,226,2,32,t,0.14763069996843114,None,32,2,226,6,352.099473600043,,352.08845950005343,352.099473600043,353.07775070000207,353.07775070000207,353.0917247000034,353.2323795000557,t,0.14763069996843114,None,1,001,2025-10-23_00h19.02.472,untitled,,2025.1.1,59.739440461466,2025-10-23 00h19.09.182987 +0530,
49,60,89,227,3,32,l,0.19598610000684857,None,32,3,227,4,353.2372295000241,,353.23417800001334,353.2372295000241,354.2240143000381,354.2240143000381,354.23099619999994,354.42055280000204,l,0.19598610000684857,None,1,001,2025-10-23_00h19.02.472,untitled,,2025.1.1,59.739440461466,2025-10-23 00h19.09.182987 +0530,
67,75,119,228,4,32,l,0.088630500016734,None,32,4,228,5,354.43226380000124,,354.42240970005514,354.43226380000124,355.41113570000743,355.41113570000743,355.4253508000402,355.50335579999955,l,0.088630500016734,None,1,001,2025-10-23_00h19.02.472,untitled,,2025.1.1,59.739440461466,2025-10-23 00h19.09.182987 +0530,
15,35,13,229,5,32,l,0.33061479998286813,None,32,5,229,1,355.51510900002904,,355.5053554000333,355.51510900002904,356.4945667000138,356.4945667000138,356.5083882000181,356.82946170005016,l,0.33061479998286813,None,1,001,2025-10-23_00h19.02.472,untitled,,2025.1.1,59.739440461466,2025-10-23 00h19.09.182987 +0530,
40,55,62,230,6,32,l,0.21895900001982227,None,32,6,230,3,356.8347891000449,,356.8314742000075,356.8347891000449,357.82101950002834,357.82101950002834,357.82804960000794,358.0448895000154,l,0.21895900001982227,None,1,001,2025-10-23_00h19.02.472,untitled,,2025.1.1,59.739440461466,2025-10-23 00h19.09.182987 +0530,
27,50,21,231,0,33,l,0.4937216999824159,None,33,0,231,2,358.0500315000536,,358.0467081000097,358.0500315000536,359.0359058000031,359.0359058000031,359.0431731000426,359.53128270001616,l,0.4937216999824159,None,1,001,2025-10-23_00h19.02.472,untitled,,2025.1.1,59.739440461466,2025-10-23 00h19.09.182987 +0530,
40,55,62,232,1,33,l,0.5814092000364326,None,33,1,232,3,359.5438813000219,,359.533358100045,359.5438813000219,360.5221610000008,360.5221610000008,360.53606400004355,361.10731260001194,l,0.5814092000364326,None,1,001,2025-10-23_00h19.02.472,untitled,,2025.1.1,59.739440461466,2025-10-23 00h19.09.182987 +0530,
78,80,162,233,2,33,l,0.3717459000181407,None,33,2,233,6,361.1121587000089,,361.1090873000212,361.1121587000089,362.09901470004115,362.09901470004115,362.1053937000106,362.4752554000006,l,0.3717459000181407,None,1,001,2025-10-23_00h19.02.472,untitled,,2025.1.1,59.739440461466,2025-10-23 00h19.09.182987 +0530,
67,75,119,234,3,33,t,0.016927800024859607,None,33,3,234,5,362.48037470004056,,362.47708320000675,362.48037470004056,363.4667958000209,363.4667958000209,363.4736387000303,363.4894994000206,t,0.016927800024859607,None,1,001,2025-10-23_00h19.02.472,untitled,,2025.1.1,59.739440461466,2025-10-23 00h19.09.182987 +0530,
15,35,13,235,4,33,t,0.1738550000009127,None,33,4,235,1,363.50159420003183,,363.4914933000109,363.50159420003183,364.4804134000442,364.4804134000442,364.4945085000363,364.65638650004985,t,0.1738550000009127,None,1,001,2025-10-23_00h19.02.472,untitled,,2025.1.1,59.739440461466,2025-10-23 00h19.09.182987 +0530,
49,60,89,236,5,33,l,0.5556931999744847,None,33,5,236,4,364.6678109000204,,364.6583842000109,364.6678109000204,365.6472830999992,365.6472830999992,365.66119100002106,366.2043982000323,l,0.5556931999744847,None,1,001,2025-10-23_00h19.02.472,untitled,,2025.1.1,59.739440461466,2025-10-23 00h19.09.182987 +0530,
11,30,7,237,6,33,l,0.18644310004310682,None,33,6,237,0,366.21005440002773,,366.2064251000411,366.21005440002773,367.1959523000405,367.1959523000405,367.2027788000414,367.3853296000161,l,0.18644310004310682,None,1,001,2025-10-23_00h19.02.472,untitled,,2025.1.1,59.739440461466,2025-10-23 00h19.09.182987 +0530,
78,80,162,238,0,34,l,0.2629712999914773,None,34,0,238,6,367.39672200003406,,367.38716290000593,367.39672200003406,368.37675330002094,368.37675330002094,368.39037520001875,368.64250580000225,l,0.2629712999914773,None,1,001,2025-10-23_00h19.02.472,untitled,,2025.1.1,59.739440461466,2025-10-23 00h19.09.182987 +0530,
40,55,62,239,1,34,l,0.008290799974929541,None,34,1,239,3,368.6542827000376,,368.64431820000755,368.6542827000376,369.63378100004047,369.63378100004047,369.65494740003487,369.6424793000333,l,0.008290799974929541,None,1,001,2025-10-23_00h19.02.472,untitled,,2025.1.1,59.739440461466,2025-10-23 00h19.09.182987 +0530,
27,50,21,240,2,34,l,0.05201569997007027,None,34,2,240,2,369.65494740003487,,369.64471640001284,369.65494740003487,370.63333969999803,370.63333969999803,370.6473348000436,370.6905333000468,l,0.05201569997007027,None,1,001,2025-10-23_00h19.02.472,untitled,,2025.1.1,59.739440461466,2025-10-23 00h19.09.182987 +0530,
49,60,89,241,3,34,l,0.025847499957308173,None,34,3,241,4,370.69569380005123,,370.69238410005346,370.69569380005123,371.6822277000174,371.6822277000174,371.6895259000012,371.71164240001235,l,0.025847499957308173,None,1,001,2025-10-23_00h19.02.472,untitled,,2025.1.1,59.739440461466,2025-10-23 00h19.09.182987 +0530,
11,30,7,242,4,34,l,0.13413919997401536,None,34,4,242,0,371.72330170002533,,371.7135058999993,371.72330170002533,372.7027322000358,372.7027322000358,372.71659180003917,372.84349990001647,l,0.13413919997401536,None,1,001,2025-10-23_00h19.02.472,untitled,,2025.1.1,59.739440461466,2025-10-23 00h19.09.182987 +0530,
67,75,119,243,5,34,l,0.12522899999748915,None,34,5,243,5,372.848415400018,,372.84531080001034,372.848415400018,373.8347782000201,373.8347782000201,373.8417030000128,373.9621325000189,l,0.12522899999748915,None,1,001,2025-10-23_00h19.02.472,untitled,,2025.1.1,59.739440461466,2025-10-23 00h19.09.182987 +0530,
15,35,13,244,6,34,l,0.46610610000789165,None,34,6,244,1,373.9746880000457,,373.96397920005256,373.9746880000457,374.95272520004073,374.95272520004073,374.96662750001997,375.41978930000914,l,0.46610610000789165,None,1,001,2025-10-23_00h19.02.472,untitled,,2025.1.1,59.739440461466,2025-10-23 00h19.09.182987 +0530,
67,75,119,245,0,35,l,0.5484043000033125,None,35,0,245,5,375.43144960002974,,375.42169380001724,375.43144960002974,376.4109187000431,376.4109187000431,376.4248956000083,376.9628244000487,l,0.5484043000033125,None,1,001,2025-10-23_00h19.02.472,untitled,,2025.1.1,59.739440461466,2025-10-23 00h19.09.182987 +0530,
15,35,13,246,1,35,l,0.04922749998513609,None,35,1,246,1,376.97372100001667,,376.9651543000364,376.97372100001667,377.95284160005394,377.95284160005394,377.96676490001846,378.00370300002396,l,0.04922749998513609,None,1,001,2025-10-23_00h19.02.472,untitled,,2025.1.1,59.739440461466,2025-10-23 00h19.09.182987 +0530,
49,60,89,247,2,35,t,0.015246499970089644,None,35,2,247,4,378.01551210001344,,378.0055385000305,378.01551210001344,378.9943672000081,378.9943672000081,379.0082575000124,379.0101025000331,t,0.015246499970089644,None,1,001,2025-10-23_00h19.02.472,untitled,,2025.1.1,59.739440461466,2025-10-23 00h19.09.182987 +0530,
78,80,162,248,3,35,t,0.10223489999771118,None,35,3,248,6,379.0225735999993,,379.01205390004907,379.0225735999993,380.0015027000336,380.0015027000336,380.01547300000675,380.10765560000436,t,0.10223489999771118,None,1,001,2025-10-23_00h19.02.472,untitled,,2025.1.1,59.739440461466,2025-10-23 00h19.09.182987 +0530,
11,30,7,249,4,35,t,0.22090479999314994,None,35,4,249,0,380.12027060001856,,380.1095294000115,380.12027060001856,381.098492500023,381.098492500023,381.1127708000131,381.32260520005366,t,0.22090479999314994,None,1,001,2025-10-23_00h19.02.472,untitled,,2025.1.1,59.739440461466,2025-10-23 00h19.09.182987 +0530,
27,50,21,250,5,35,t,0.3727105000289157,None,35,5,250,2,381.3351642000489,,381.3245223000413,381.3351642000489,382.31395340000745,382.31395340000745,382.32814320002217,382.6904151000199,t,0.3727105000289157,None,1,001,2025-10-23_00h19.02.472,untitled,,2025.1.1,59.739440461466,2025-10-23 00h19.09.182987 +0530,
40,55,62,251,6,35,l,0.6202574000344612,None,35,6,251,3,382.69557270000223,,382.69226560002426,382.69557270000223,383.6818751000101,383.6818751000101,383.6892195000546,384.30869400000665,l,0.6202574000344612,None,1,001,2025-10-23_00h19.02.472,untitled,,2025.1.1,59.739440461466,2025-10-23 00h19.09.182987 +0530,
27,50,21,252,0,36,t,0.15753940003924072,None,36,0,252,2,384.3211715000216,,384.3107668000157,384.3211715000216,385.3002486000187,385.3002486000187,385.3138495000312,385.4619427000289,t,0.15753940003924072,None,1,001,2025-10-23_00h19.02.472,untitled,,2025.1.1,59.739440461466,2025-10-23 00h19.09.182987 +0530,
11,30,7,253,1,36,l,0.06832119997125119,None,36,1,253,0,385.4743020000169,,385.4638485000469,385.4743020000169,386.4526908000116,386.4526908000116,386.46701850002864,386.5238525000168,l,0.06832119997125119,None,1,001,2025-10-23_00h19.02.472,untitled,,2025.1.1,59.739440461466,2025-10-23 00h19.09.182987 +0530,
49,60,89,254,2,36,t,0.11947239999426529,None,36,2,254,4,386.52889340004185,,386.52574550005374,386.52889340004185,387.51512610004283,387.51512610004283,387.52211580000585,387.6352577000507,t,0.11947239999426529,None,1,001,2025-10-23_00h19.02.472,untitled,,2025.1.1,59.739440461466,2025-10-23 00h19.09.182987 +0530,
67,75,119,255,3,36,l,0.07185670000035316,None,36,3,255,5,387.6471764000016,,387.63722340000095,387.6471764000016,388.62616620003246,388.62616620003246,388.6401692000218,388.7042906000279,l,0.07185670000035316,None,1,001,2025-10-23_00h19.02.472,untitled,,2025.1.1,59.739440461466,2025-10-23 00h19.09.182987 +0530,
15,35,13,256,4,36,t,0.18163849995471537,None,36,4,256,1,388.70941480004694,,388.70613130001584,388.70941480004694,389.69594960001996,389.69594960001996,389.7029995000339,389.8783823000267,t,0.18163849995471537,None,1,001,2025-10-23_00h19.02.472,untitled,,2025.1.1,59.739440461466,2025-10-23 00h19.09.182987 +0530,
78,80,162,257,5,36,l,0.015875900047831237,None,36,5,257,6,389.8909073000541,,389.88068719999865,389.8909073000541,390.86946110002464,390.86946110002464,390.883127100009,390.8920242000022,l,0.015875900047831237,None,1,001,2025-10-23_00h19.02.472,untitled,,2025.1.1,59.739440461466,2025-10-23 00h19.09.182987 +0530,
40,55,62,258,6,36,t,0.29895299999043345,None,36,6,258,3,390.9047188000404,,390.89396240003407,390.9047188000404,391.8832076000399,391.8832076000399,391.89699960005237,392.1837880000239,t,0.29895299999043345,None,1,001,2025-10-23_00h19.02.472,untitled,,2025.1.1,59.739440461466,2025-10-23 00h19.09.182987 +0530,
27,50,21,259,0,37,l,0.13127849996089935,None,37,0,259,2,392.1960846000002,,392.1856261000503,392.1960846000002,393.17519980005454,393.17519980005454,393.1885670000338,393.3089325000183,l,0.13127849996089935,None,1,001,2025-10-23_00h19.02.472,untitled,,2025.1.1,59.739440461466,2025-10-23 00h19.09.182987 +0530,
49,60,89,260,1,37,t,0.23095240001566708,None,37,1,260,4,393.3213630000246,,393.3107676000218,393.3213630000246,394.29985410004156,394.29985410004156,394.31347810005536,394.5317405000096,t,0.23095240001566708,None,1,001,2025-10-23_00h19.02.472,untitled,,2025.1.1,59.739440461466,2025-10-23 00h19.09.182987 +0530,
15,35,13,261,2,37,l,0.1123723000055179,None,37,2,261,1,394.5424950000015,,394.53369900002144,394.5424950000015,395.5221871000249,395.5221871000249,395.53602930001216,395.6353058000095,l,0.1123723000055179,None,1,001,2025-10-23_00h19.02.472,untitled,,2025.1.1,59.739440461466,2025-10-23 00h19.09.182987 +0530,
40,55,62,262,3,37,t,0.12491660000523552,None,37,3,262,3,395.6476398000377,,395.63739730004454,395.6476398000377,396.6262385000009,396.6262385000009,396.64011030003894,396.75297500001034,t,0.12491660000523552,None,1,001,2025-10-23_00h19.02.472,untitled,,2025.1.1,59.739440461466,2025-10-23 00h19.09.182987 +0530,
11,30,7,263,4,37,t,0.6762542999931611,None,37,4,263,0,396.75814280001214,,396.7547911000438,396.75814280001214,397.74438910000026,397.74438910000026,397.751308100007,398.4274557000026,t,0.6762542999931611,None,1,001,2025-10-23_00h19.02.472,untitled,,2025.1.1,59.739440461466,2025-10-23 00h19.09.182987 +0530,
67,75,119,264,5,37,l,0.06760399998165667,None,37,5,264,5,398.43929830001434,,398.4292112000403,398.43929830001434,399.4179990000557,399.4179990000557,399.4324588000309,399.4894168000319,l,0.06760399998165667,None,1,001,2025-10-23_00h19.02.472,untitled,,2025.1.1,59.739440461466,2025-10-23 00h19.09.182987 +0530,
78,80,162,265,6,37,t,0.07783340004971251,None,37,6,265,6,399.5018284000107,,399.49118220002856,399.5018284000107,400.4805141000543,400.4805141000543,400.4946672000224,400.5587267000228,t,0.07783340004971251,None,1,001,2025-10-23_00h19.02.472,untitled,,2025.1.1,59.739440461466,2025-10-23 00h19.09.182987 +0530,
27,50,21,266,0,38,l,0.2085800000349991,None,38,0,266,2,400.570179500035,,400.56056330003776,400.570179500035,401.5500022000051,401.5500022000051,401.5645440000226,401.76025530003244,l,0.2085800000349991,None,1,001,2025-10-23_00h19.02.472,untitled,,2025.1.1,59.739440461466,2025-10-23 00h19.09.182987 +0530,
49,60,89,267,1,38,t,0.6278365000034682,None,38,1,267,4,401.7717736000195,,401.7621798000182,401.7717736000195,402.75114140001824,402.75114140001824,402.76554130000295,403.38501440000255,t,0.6278365000034682,None,1,001,2025-10-23_00h19.02.472,untitled,,2025.1.1,59.739440461466,2025-10-23 00h19.09.182987 +0530,
11,30,7,268,2,38,l,0.2376007999991998,None,38,2,268,0,403.39006990002235,,403.3868701000465,403.39006990002235,404.3762861000141,404.3762861000141,404.38326360000065,404.61447020003106,l,0.2376007999991998,None,1,001,2025-10-23_00h19.02.472,untitled,,2025.1.1,59.739440461466,2025-10-23 00h19.09.182987 +0530,
15,35,13,269,3,38,l,0.5288595999591053,None,38,3,269,1,404.6269384000334,,404.61637699999847,404.6269384000334,405.6051361000282,405.6051361000282,405.6192447000067,406.1355064000236,l,0.5288595999591053,None,1,001,2025-10-23_00h19.02.472,untitled,,2025.1.1,59.739440461466,2025-10-23 00h19.09.182987 +0530,
67,75,119,270,4,38,t,0.36439909995533526,None,38,4,270,5,406.1471478000167,,406.13729820004664,406.1471478000167,407.1266636000364,407.1266636000364,407.14019310002914,407.49608510005055,t,0.36439909995533526,None,1,001,2025-10-23_00h19.02.472,untitled,,2025.1.1,59.739440461466,2025-10-23 00h19.09.182987 +0530,
40,55,62,271,5,38,l,0.1936256000190042,None,38,5,271,3,407.5010830000392,,407.4979706000304,407.5010830000392,408.4872565000551,408.4872565000551,408.4941944000311,408.6838615000015,l,0.1936256000190042,None,1,001,2025-10-23_00h19.02.472,untitled,,2025.1.1,59.739440461466,2025-10-23 00h19.09.182987 +0530,
78,80,162,272,6,38,t,0.048868700047023594,None,38,6,272,6,408.6957159000449,,408.6856853000354,408.6957159000449,409.67515760002425,409.67515760002425,409.6891203999985,409.72542970004724,t,0.048868700047023594,None,1,001,2025-10-23_00h19.02.472,untitled,,2025.1.1,59.739440461466,2025-10-23 00h19.09.182987 +0530,
78,80,162,273,0,39,l,0.15653729997575283,None,39,0,273,6,409.73051540000597,,409.7255335000227,409.73051540000597,410.7165200000163,410.7165200000163,410.7234272000496,410.877816000022,l,0.15653729997575283,None,1,001,2025-10-23_00h19.02.472,untitled,,2025.1.1,59.739440461466,2025-10-23 00h19.09.182987 +0530,
11,30,7,274,1,39,t,0.18893250002292916,None,39,1,274,0,410.8830338999978,,410.87969780003186,410.8830338999978,411.8695717000519,411.8695717000519,411.87644280004315,412.0588188000256,t,0.18893250002292916,None,1,001,2025-10-23_00h19.02.472,untitled,,2025.1.1,59.739440461466,2025-10-23 00h19.09.182987 +0530,
27,50,21,275,2,39,l,0.006858700013253838,None,39,2,275,2,412.07155940000666,,412.0606457000249,412.07155940000666,413.04977750004036,413.04977750004036,413.0711685999995,413.05863169999793,l,0.006858700013253838,None,1,001,2025-10-23_00h19.02.472,untitled,,2025.1.1,59.739440461466,2025-10-23 00h19.09.182987 +0530,
67,75,119,276,3,39,t,0.3221210999763571,None,39,3,276,5,413.0711685999995,,413.0605865000398,413.0711685999995,414.049810000055,414.049810000055,414.0634612000431,414.3783580000163,t,0.3221210999763571,None,1,001,2025-10-23_00h19.02.472,untitled,,2025.1.1,59.739440461466,2025-10-23 00h19.09.182987 +0530,
49,60,89,277,4,39,l,0.2087519000051543,None,39,4,277,4,414.3909461000003,,414.3804482000414,414.3909461000003,415.3690865000244,415.3690865000244,415.38329750002595,415.57948190002935,l,0.2087519000051543,None,1,001,2025-10-23_00h19.02.472,untitled,,2025.1.1,59.739440461466,2025-10-23 00h19.09.182987 +0530,
40,55,62,278,5,39,t,0.2104852999909781,None,39,5,278,3,415.59160270000575,,415.58130230003735,415.59160270000575,416.57058150001103,416.57058150001103,416.5842379000387,416.7877495000139,t,0.2104852999909781,None,1,001,2025-10-23_00h19.02.472,untitled,,2025.1.1,59.739440461466,2025-10-23 00h19.09.182987 +0530,
15,35,13,279,6,39,l,0.18452349997824058,None,39,6,279,1,416.7927967000287,,416.7895701000234,416.7927967000287,417.778977900045,417.778977900045,417.7860279000015,417.9683578000404,l,0.18452349997824058,None,1,001,2025-10-23_00h19.02.472,untitled,,2025.1.1,59.739440461466,2025-10-23 00h19.09.182987 +0530,
49,60,89,280,0,40,l,0.17410179995931685,None,40,0,280,4,417.98037140001543,,417.9702162000467,417.98037140001543,418.9596697000088,418.9596697000088,418.97383980004815,419.13529870001366,l,0.17410179995931685,None,1,001,2025-10-23_00h19.02.472,untitled,,2025.1.1,59.739440461466,2025-10-23 00h19.09.182987 +0530,
67,75,119,281,1,40,l,0.23732939996989444,None,40,1,281,5,419.1477178000496,,419.1373084000079,419.1477178000496,420.1261379000498,420.1261379000498,420.1400904000038,420.36447670002235,l,0.23732939996989444,None,1,001,2025-10-23_00h19.02.472,untitled,,2025.1.1,59.739440461466,2025-10-23 00h19.09.182987 +0530,
11,30,7,282,2,40,l,0.2280641999677755,None,40,2,282,0,420.3766155000194,,420.36631620000117,420.3766155000194,421.3554072000552,421.3554072000552,421.3694583000033,421.5868915000465,l,0.2280641999677755,None,1,001,2025-10-23_00h19.02.472,untitled,,2025.1.1,59.739440461466,2025-10-23 00h19.09.182987 +0530,
27,50,21,283,3,40,l,0.13983950001420453,None,40,3,283,2,421.5988901000237,,421.58873110002605,421.5988901000237,422.57770940003684,422.57770940003684,422.5917835000437,422.71891420002794,l,0.13983950001420453,None,1,001,2025-10-23_00h19.02.472,untitled,,2025.1.1,59.739440461466,2025-10-23 00h19.09.182987 +0530,
40,55,62,284,4,40,t,0.15781230002176017,None,40,4,284,3,422.73015350004425,,422.7207880000351,422.73015350004425,423.70996380003635,423.70996380003635,423.72325020004064,423.871342700033,t,0.15781230002176017,None,1,001,2025-10-23_00h19.02.472,untitled,,2025.1.1,59.739440461466,2025-10-23 00h19.09.182987 +0530,
78,80,162,285,5,40,t,0.1948788000154309,None,40,5,285,6,423.8829466000316,,423.87311580003006,423.8829466000316,424.8623816000181,424.8623816000181,424.87616310000885,425.0584476000513,t,0.1948788000154309,None,1,001,2025-10-23_00h19.02.472,untitled,,2025.1.1,59.739440461466,2025-10-23 00h19.09.182987 +0530,
15,35,13,286,6,40,t,0.06991199997719377,None,40,6,286,1,425.0707717000041,,425.0605019000359,425.0707717000041,426.049757700006,426.049757700006,426.06342430005316,426.1215903000557,t,0.06991199997719377,None,1,001,2025-10-23_00h19.02.472,untitled,,2025.1.1,59.739440461466,2025-10-23 00h19.09.182987 +0530,
40,55,62,287,0,41,t,0.15860299998894334,None,41,0,287,3,426.1332844000426,,426.12341550004203,426.1332844000426,427.11260660004336,427.11260660004336,427.12669380003354,427.27417530003004,t,0.15860299998894334,None,1,001,2025-10-23_00h19.02.472,untitled,,2025.1.1,59.739440461466,2025-10-23 00h19.09.182987 +0530,
11,30,7,288,1,41,t,0.19568860001163557,None,41,1,288,0,427.28567720000865,,427.27605230000336,427.28567720000865,428.2647950000246,428.2647950000246,428.27870530000655,428.4614870000514,t,0.19568860001163557,None,1,001,2025-10-23_00h19.02.472,untitled,,2025.1.1,59.739440461466,2025-10-23 00h19.09.182987 +0530,
49,60,89,289,2,41,t,0.18188779999036342,None,41,2,289,4,428.47320050001144,,428.46354740002425,428.47320050001144,429.4529850000399,429.4529850000399,429.46625080000376,429.6352378000156,t,0.18188779999036342,None,1,001,2025-10-23_00h19.02.472,untitled,,2025.1.1,59.739440461466,2025-10-23 00h19.09.182987 +0530,
15,35,13,290,3,41,l,0.07692570000654086,None,41,3,290,1,429.6469581000274,,429.6371102000121,429.6469581000274,430.62645750003867,430.62645750003867,430.6401047000545,430.7046667000395,l,0.07692570000654086,None,1,001,2025-10-23_00h19.02.472,untitled,,2025.1.1,59.739440461466,2025-10-23 00h19.09.182987 +0530,
78,80,162,291,4,41,l,0.24398919998202473,None,41,4,291,6,430.7168334000162,,430.70641460001934,430.7168334000162,431.6955177000491,431.6955177000491,431.70963370002573,431.9405405000434,l,0.24398919998202473,None,1,001,2025-10-23_00h19.02.472,untitled,,2025.1.1,59.739440461466,2025-10-23 00h19.09.182987 +0530,
27,50,21,292,5,41,l,0.01093290001153946,None,41,5,292,2,431.95238490001066,,431.9424636000185,431.95238490001066,432.93164100003196,432.93164100003196,432.94538660004037,432.9472496000235,l,0.01093290001153946,None,1,001,2025-10-23_00h19.02.472,untitled,,2025.1.1,59.739440461466,2025-10-23 00h19.09.182987 +0530,
67,75,119,293,6,41,l,0.46255250001559034,None,41,6,293,5,432.95238030003384,,432.94901040004333,432.95238030003384,433.9384684000397,433.9384684000397,433.9455029000528,434.4057062000502,l,0.46255250001559034,None,1,001,2025-10-23_00h19.02.472,untitled,,2025.1.1,59.739440461466,2025-10-23 00h19.09.182987 +0530,
11,30,7,294,0,42,l,0.027339700027368963,None,42,0,294,0,434.41722630005097,,434.40779290004866,434.41722630005097,435.3968251000042,435.3968251000042,435.41086270002415,435.4268878000439,l,0.027339700027368963,None,1,001,2025-10-23_00h19.02.472,untitled,,2025.1.1,59.739440461466,2025-10-23 00h19.09.182987 +0530,
67,75,119,295,1,42,l,0.04409370000939816,None,42,1,295,5,435.43900330003817,,435.4287325000041,435.43900330003817,436.41775600000983,436.41775600000983,436.4317439000006,436.4679332000087,l,0.04409370000939816,None,1,001,2025-10-23_00h19.02.472,untitled,,2025.1.1,59.739440461466,2025-10-23 00h19.09.182987 +0530,
49,60,89,296,2,42,t,0.2739780999836512,None,42,2,296,4,436.47313990001567,,436.47005820000777,436.47313990001567,437.4593950000126,437.4593950000126,437.46625830000266,437.7390324000153,t,0.2739780999836512,None,1,001,2025-10-23_00h19.02.472,untitled,,2025.1.1,59.739440461466,2025-10-23 00h19.09.182987 +0530,
15,35,13,297,3,42,t,0.0460066000232473,None,42,3,297,1,437.7512036000262,,437.74116390000563,437.7512036000262,438.73083060001954,438.73083060001954,438.74461630004225,438.78079990000697,t,0.0460066000232473,None,1,001,2025-10-23_00h19.02.472,untitled,,2025.1.1,59.739440461466,2025-10-23 00h19.09.182987 +0530,
27,50,21,298,4,42,t,0.17421029997058213,None,42,4,298,2,438.793657000002,,438.7826280000154,438.793657000002,439.7719332000124,439.7719332000124,439.7858266000403,439.94740450003883,t,0.17421029997058213,None,1,001,2025-10-23_00h19.02.472,untitled,,2025.1.1,59.739440461466,2025-10-23 00h19.09.182987 +0530,
78,80,162,299,5,42,t,0.1876888000406325,None,42,5,299,6,439.95253960002447,,439.94920329999877,439.95253960002447,440.9386938000098,440.9386938000098,440.94550820003496,441.1284923000494,t,0.1876888000406325,None,1,001,2025-10-23_00h19.02.472,untitled,,2025.1.1,59.739440461466,2025-10-23 00h19.09.182987 +0530,
40,55,62,300,6,42,l,0.5002776000183076,None,42,6,300,3,441.14029599999776,,441.1305352000054,441.14029599999776,442.1192878000438,442.1192878000438,442.1333403000026,442.6212725000223,l,0.5002776000183076,None,1,001,2025-10-23_00h19.02.472,untitled,,2025.1.1,59.739440461466,2025-10-23 00h19.09.182987 +0530,
67,75,119,301,0,43,l,0.13830470002721995,None,43,0,301,5,442.63261110003805,,442.6230432000011,442.63261110003805,443.6123548000469,443.6123548000469,443.62626560003264,443.75347410002723,l,0.13830470002721995,None,1,001,2025-10-23_00h19.02.472,untitled,,2025.1.1,59.739440461466,2025-10-23 00h19.09.182987 +0530,
11,30,7,302,1,43,l,0.09969810000620782,None,43,1,302,0,443.76526530005503,,443.75559980003163,443.76526530005503,444.7444381000241,444.7444381000241,444.7582733000163,444.8503873000154,l,0.09969810000620782,None,1,001,2025-10-23_00h19.02.472,untitled,,2025.1.1,59.739440461466,2025-10-23 00h19.09.182987 +0530,
40,55,62,303,2,43,l,0.8610366000211798,None,43,2,303,3,444.86239780002506,,444.8525126000168,444.86239780002506,445.84160320000956,445.84160320000956,445.85541200003354,446.704395400011,l,0.8610366000211798,None,1,001,2025-10-23_00h19.02.472,untitled,,2025.1.1,59.739440461466,2025-10-23 00h19.09.182987 +0530,
78,80,162,304,3,43,l,0.4661267999908887,None,43,3,304,6,446.71695020003244,,446.7061884000432,446.71695020003244,447.6956791000557,447.6956791000557,447.70982460002415,448.1629014000064,l,0.4661267999908887,None,1,001,2025-10-23_00h19.02.472,untitled,,2025.1.1,59.739440461466,2025-10-23 00h19.09.182987 +0530,
49,60,89,305,4,43,t,0.2650016999687068,None,43,4,305,4,448.17447250004625,,448.1647471000324,448.17447250004625,449.15388310002163,449.15388310002163,449.16750470001716,449.4200187000097,t,0.2650016999687068,None,1,001,2025-10-23_00h19.02.472,untitled,,2025.1.1,59.739440461466,2025-10-23 00h19.09.182987 +0530,
27,50,21,306,5,43,l,0.17909700004383922,None,43,5,306,2,449.4321334999986,,449.4218804000411,449.4321334999986,450.41063550004037,450.41063550004037,450.42470900004264,450.59323970001424,l,0.17909700004383922,None,1,001,2025-10-23_00h19.02.472,untitled,,2025.1.1,59.739440461466,2025-10-23 00h19.09.182987 +0530,
15,35,13,307,6,43,t,0.38932369998656213,None,43,6,307,1,450.6057414000388,,450.59517390001565,450.6057414000388,451.58477730001323,451.58477730001323,451.59823280002456,451.9750285000191,t,0.38932369998656213,None,1,001,2025-10-23_00h19.02.472,untitled,,2025.1.1,59.739440461466,2025-10-23 00h19.09.182987 +0530,
15,35,13,308,0,44,l,0.21388290001777932,None,44,0,308,1,451.980643100047,,451.975133800006,451.980643100047,452.9662218000158,452.9662218000158,452.9737502000062,453.1836775999982,l,0.21388290001777932,None,1,001,2025-10-23_00h19.02.472,untitled,,2025.1.1,59.739440461466,2025-10-23 00h19.09.182987 +0530,
27,50,21,309,1,44,t,0.04277130000991747,None,44,1,309,2,453.19598790002055,,453.1857256000512,453.19598790002055,454.17533150000963,454.17533150000963,454.18934230000013,454.2185823000036,t,0.04277130000991747,None,1,001,2025-10-23_00h19.02.472,untitled,,2025.1.1,59.739440461466,2025-10-23 00h19.09.182987 +0530,
40,55,62,310,2,44,t,0.046787699975539,None,44,2,310,3,454.2309000000241,,454.22044640005333,454.2309000000241,455.2096675000503,455.2096675000503,455.2230545000057,455.2596399000031,t,0.046787699975539,None,1,001,2025-10-23_00h19.02.472,untitled,,2025.1.1,59.739440461466,2025-10-23 00h19.09.182987 +0530,
49,60,89,311,3,44,l,0.26183619996299967,None,44,3,311,4,455.27152200002456,,455.26178800000343,455.27152200002456,456.2511079000542,456.2511079000542,456.26527900004294,456.5171802000259,l,0.26183619996299967,None,1,001,2025-10-23_00h19.02.472,untitled,,2025.1.1,59.739440461466,2025-10-23 00h19.09.182987 +0530,
78,80,162,312,4,44,t,0.25723990000551566,None,44,4,312,6,456.5285575000453,,456.5189173000399,456.5285575000453,457.50789540004916,457.50789540004916,457.5218220000388,457.7672350000357,t,0.25723990000551566,None,1,001,2025-10-23_00h19.02.472,untitled,,2025.1.1,59.739440461466,2025-10-23 00h19.09.182987 +0530,
11,30,7,313,5,44,l,0.5752772000269033,None,44,5,313,0,457.7790544000454,,457.76906880002934,457.7790544000454,458.7581320000463,458.7581320000463,458.7721612000023,459.3362420000485,l,0.5752772000269033,None,1,001,2025-10-23_00h19.02.472,untitled,,2025.1.1,59.739440461466,2025-10-23 00h19.09.182987 +0530,
67,75,119,314,6,44,t,0.06908859999384731,None,44,6,314,5,459.34871670004213,,459.33823540003505,459.34871670004213,460.32779240002856,460.32779240002856,460.3412795000477,460.3985795000335,t,0.06908859999384731,None,1,001,2025-10-23_00h19.02.472,untitled,,2025.1.1,59.739440461466,2025-10-23 00h19.09.182987 +0530,
78,80,162,315,0,45,l,0.25046449998626485,None,45,0,315,6,460.40386489999946,,460.4003490000032,460.40386489999946,461.39001660002396,461.39001660002396,461.39718020003056,461.64157110004453,l,0.25046449998626485,None,1,001,2025-10-23_00h19.02.472,untitled,,2025.1.1,59.739440461466,2025-10-23 00h19.09.182987 +0530,
15,35,13,316,1,45,l,0.25519330002134666,None,45,1,316,1,461.64663460000884,,461.64347240002826,461.64663460000884,462.6332767000422,462.6332767000422,462.63977320003323,462.89177570003085,l,0.25519330002134666,None,1,001,2025-10-23_00h19.02.472,untitled,,2025.1.1,59.739440461466,2025-10-23 00h19.09.182987 +0530,
40,55,62,317,2,45,l,0.10539959999732673,None,45,2,317,3,462.9039404000505,,462.8936811000458,462.9039404000505,463.882791800017,463.882791800017,463.8970596000436,463.98897990002297,l,0.10539959999732673,None,1,001,2025-10-23_00h19.02.472,untitled,,2025.1.1,59.739440461466,2025-10-23 00h19.09.182987 +0530,
11,30,7,318,3,45,l,0.05652939999708906,None,45,3,318,0,464.00077220000094,,463.9910563000012,464.00077220000094,464.9800209000241,464.9800209000241,464.9940009000129,465.0379117000266,l,0.05652939999708906,None,1,001,2025-10-23_00h19.02.472,untitled,,2025.1.1,59.739440461466,2025-10-23 00h19.09.182987 +0530,
67,75,119,319,4,45,l,0.17139150004368275,None,45,4,319,5,465.0496265000547,,465.0396452000132,465.0496265000547,466.02879150002263,466.02879150002263,466.0431745000533,466.20408550003776,l,0.17139150004368275,None,1,001,2025-10-23_00h19.02.472,untitled,,2025.1.1,59.739440461466,2025-10-23 00h19.09.182987 +0530,
27,50,21,320,5,45,l,0.09478059998946264,None,45,5,320,2,466.2093212000327,,466.20593520003604,466.2093212000327,467.19531450001523,467.19531450001523,467.20230420003645,467.2944838000112,l,0.09478059998946264,None,1,001,2025-10-23_00h19.02.472,untitled,,2025.1.1,59.739440461466,2025-10-23 00h19.09.182987 +0530,
49,60,89,321,6,45,t,0.09762459999183193,None,45,6,321,4,467.3062067000428,,467.29649580002297,467.3062067000428,468.2860077000223,468.2860077000223,468.2993525000056,468.3848991000559,t,0.09762459999183193,None,1,001,2025-10-23_00h19.02.472,untitled,,2025.1.1,59.739440461466,2025-10-23 00h19.09.182987 +0530,
40,55,62,322,0,46,t,0.29338569997344166,None,46,0,322,3,468.3969887000276,,468.3867358000134,468.3969887000276,469.3757231000345,469.3757231000345,469.39010480005527,469.66985890001524,t,0.29338569997344166,None,1,001,2025-10-23_00h19.02.472,untitled,,2025.1.1,59.739440461466,2025-10-23 00h19.09.182987 +0530,
11,30,7,323,1,46,t,0.0921727999811992,None,46,1,323,0,469.68185059999814,,469.67173620004905,469.68185059999814,470.66074420005316,470.66074420005316,470.6745877000503,470.760035000043,t,0.0921727999811992,None,1,001,2025-10-23_00h19.02.472,untitled,,2025.1.1,59.739440461466,2025-10-23 00h19.09.182987 +0530,
78,80,162,324,2,46,l,0.208219799969811,None,46,2,324,6,470.7719530000468,,470.76201850001235,470.7719530000468,471.7509806000162,471.7509806000162,471.76509090000764,471.96136200003093,l,0.208219799969811,None,1,001,2025-10-23_00h19.02.472,untitled,,2025.1.1,59.739440461466,2025-10-23 00h19.09.182987 +0530,
67,75,119,325,3,46,l,0.4950129999779165,None,46,3,325,5,471.9731987999985,,471.96311950002564,471.9731987999985,472.95249390002573,472.95249390002573,472.96621700003743,473.45424849999836,l,0.4950129999779165,None,1,001,2025-10-23_00h19.02.472,untitled,,2025.1.1,59.739440461466,2025-10-23 00h19.09.182987 +0530,
49,60,89,326,4,46,l,0.22864809999009594,None,46,4,326,4,473.4659592000535,,473.4561125000473,473.4659592000535,474.44525390001945,474.44525390001945,474.4591510000173,474.67657360003795,l,0.22864809999009594,None,1,001,2025-10-23_00h19.02.472,untitled,,2025.1.1,59.739440461466,2025-10-23 00h19.09.182987 +0530,
27,50,21,327,5,46,t,0.3182122000143863,None,46,5,327,2,474.68888530001277,,474.67865630000597,474.68888530001277,475.66748460003873,475.66748460003873,475.6813972000382,475.9888081000536,t,0.3182122000143863,None,1,001,2025-10-23_00h19.02.472,untitled,,2025.1.1,59.739440461466,2025-10-23 00h19.09.182987 +0530,
15,35,13,328,6,46,t,0.29874100000597537,None,46,6,328,1,476.001339200011,,475.990863300045,476.001339200011,476.9799436000176,476.9799436000176,476.9939826000482,477.2804896000307,t,0.29874100000597537,None,1,001,2025-10-23_00h19.02.472,untitled,,2025.1.1,59.739440461466,2025-10-23 00h19.09.182987 +0530,
27,50,21,329,0,47,t,0.27212690003216267,None,47,0,329,2,477.2929819000419,,477.2825675000204,477.2929819000419,478.2715566000552,478.2715566000552,478.2856574000325,478.54457770002773,t,0.27212690003216267,None,1,001,2025-10-23_00h19.02.472,untitled,,2025.1.1,59.739440461466,2025-10-23 00h19.09.182987 +0530,
49,60,89,330,1,47,l,0.5472289999597706,None,47,1,330,4,478.55636700004106,,478.54639650002355,478.55636700004106,479.53562290000264,479.53562290000264,479.54971830005525,480.0858863000176,l,0.5472289999597706,None,1,001,2025-10-23_00h19.02.472,untitled,,2025.1.1,59.739440461466,2025-10-23 00h19.09.182987 +0530,
11,30,7,331,2,47,t,4.729353400005493,None,47,2,331,0,480.09105530002853,,480.0877466000384,480.09105530002853,481.07711579999886,481.07711579999886,481.08449700003257,485.80847850005375,t,4.729353400005493,None,1,001,2025-10-23_00h19.02.472,untitled,,2025.1.1,59.739440461466,2025-10-23 00h19.09.182987 +0530,
40,55,62,332,3,47,l,0.3385894999955781,None,47,3,332,3,485.8205192000023,,485.8104724000441,485.8205192000023,486.79964199999813,486.79964199999813,486.8134262000094,487.14191450004,l,0.3385894999955781,None,1,001,2025-10-23_00h19.02.472,untitled,,2025.1.1,59.739440461466,2025-10-23 00h19.09.182987 +0530,
15,35,13,333,4,47,t,0.1751075999927707,None,47,4,333,1,487.15380160004133,,487.14394740003627,487.15380160004133,488.1326479000272,488.1326479000272,488.1464722000528,488.3085231000441,t,0.1751075999927707,None,1,001,2025-10-23_00h19.02.472,untitled,,2025.1.1,59.739440461466,2025-10-23 00h19.09.182987 +0530,
78,80,162,334,5,47,l,0.2232048999867402,None,47,5,334,6,488.3202809000504,,488.3102881000377,488.3202809000504,489.29954259999795,489.29954259999795,489.31344710005214,489.5238320000353,l,0.2232048999867402,None,1,001,2025-10-23_00h19.02.472,untitled,,2025.1.1,59.739440461466,2025-10-23 00h19.09.182987 +0530,
67,75,119,335,6,47,l,0.23415779997594655,None,47,6,335,5,489.53563860000577,,489.5255689000478,489.53563860000577,490.5148201000411,490.5148201000411,490.5287797000492,490.7530108000501,l,0.23415779997594655,None,1,001,2025-10-23_00h19.02.472,untitled,,2025.1.1,59.739440461466,2025-10-23 00h19.09.182987 +0530,
49,60,89,336,0,48,l,0.29196539998520166,None,48,0,336,4,490.7643842000398,,490.7548944000155,490.7643842000398,491.7439689000021,491.7439689000021,491.7578720000456,492.0379621000029,l,0.29196539998520166,None,1,001,2025-10-23_00h19.02.472,untitled,,2025.1.1,59.739440461466,2025-10-23 00h19.09.182987 +0530,
15,35,13,337,1,48,l,0.2722510000457987,None,48,1,337,1,492.05022250005277,,492.0397991000209,492.05022250005277,493.0286252000369,493.0286252000369,493.04263150005136,493.30113660002826,l,0.2722510000457987,None,1,001,2025-10-23_00h19.02.472,untitled,,2025.1.1,59.739440461466,2025-10-23 00h19.09.182987 +0530,
11,30,7,338,2,48,l,0.2551617000135593,None,48,2,338,0,493.3136058000382,,493.3032285000081,493.3136058000382,494.29231150000123,494.29231150000123,494.3061733000213,494.55142410000553,l,0.2551617000135593,None,1,001,2025-10-23_00h19.02.472,untitled,,2025.1.1,59.739440461466,2025-10-23 00h19.09.182987 +0530,
67,75,119,339,3,48,l,0.24495420005405322,None,48,3,339,5,494.56330239999807,,494.5531559000374,494.56330239999807,495.5424850000418,495.5424850000418,495.5563904000446,495.79458260000683,l,0.24495420005405322,None,1,001,2025-10-23_00h19.02.472,untitled,,2025.1.1,59.739440461466,2025-10-23 00h19.09.182987 +0530,
40,55,62,340,4,48,l,0.12145489995600656,None,48,4,340,3,495.8066096000257,,495.79649710003287,495.8066096000257,496.7860931000323,496.7860931000323,496.79935240000486,496.9125495000044,l,0.12145489995600656,None,1,001,2025-10-23_00h19.02.472,untitled,,2025.1.1,59.739440461466,2025-10-23 00h19.09.182987 +0530,
78,80,162,341,5,48,l,0.29557840002235025,None,48,5,341,6,496.92553300003055,,496.91431750002084,496.92553300003055,497.9036690000212,497.9036690000212,497.91767420002725,498.20420350000495,l,0.29557840002235025,None,1,001,2025-10-23_00h19.02.472,untitled,,2025.1.1,59.739440461466,2025-10-23 00h19.09.182987 +0530,
27,50,21,342,6,48,l,0.2755425000214018,None,48,6,342,2,498.21648030000506,,498.2060721000307,498.21648030000506,499.1953695000266,499.1953695000266,499.20925150002586,499.47475570003735,l,0.2755425000214018,None,1,001,2025-10-23_00h19.02.472,untitled,,2025.1.1,59.739440461466,2025-10-23 00h19.09.182987 +0530,
78,80,162,343,0,49,l,0.1533667000476271,None,49,0,343,6,499.47990330000175,,499.4765788000077,499.47990330000175,500.46594730002107,500.46594730002107,500.4729540999979,500.6208518000203,l,0.1533667000476271,None,1,001,2025-10-23_00h19.02.472,untitled,,2025.1.1,59.739440461466,2025-10-23 00h19.09.182987 +0530,
15,35,13,344,1,49,l,0.2937536999816075,None,49,1,344,1,500.6334620999987,,500.6227065999992,500.6334620999987,501.6119895000011,501.6119895000011,501.6259157000459,501.91246270004194,l,0.2937536999816075,None,1,001,2025-10-23_00h19.02.472,untitled,,2025.1.1,59.739440461466,2025-10-23 00h19.09.182987 +0530,
27,50,21,345,2,49,l,0.28475389996310696,None,49,2,345,2,501.91749110003,,501.9142907000496,501.91749110003,502.9035548000247,502.9035548000247,502.91055460000644,503.1905157000292,l,0.28475389996310696,None,1,001,2025-10-23_00h19.02.472,untitled,,2025.1.1,59.739440461466,2025-10-23 00h19.09.182987 +0530,
40,55,62,346,3,49,l,0.17568069999106228,None,49,3,346,3,503.20255590003217,,503.19246020005085,503.20255590003217,504.18123480002396,504.18123480002396,504.1952651000465,504.3571083000279,l,0.17568069999106228,None,1,001,2025-10-23_00h19.02.472,untitled,,2025.1.1,59.739440461466,2025-10-23 00h19.09.182987 +0530,
67,75,119,347,4,49,l,0.15962719998788089,None,49,4,347,5,504.36900310002966,,504.3588449000381,504.36900310002966,505.3481202000403,505.3481202000403,505.361974200001,505.5095193000161,l,0.15962719998788089,None,1,001,2025-10-23_00h19.02.472,untitled,,2025.1.1,59.739440461466,2025-10-23 00h19.09.182987 +0530,
11,30,7,348,5,49,l,0.0854228000389412,None,49,5,348,0,505.51458350004395,,505.5113374000066,505.51458350004395,506.5005659000017,506.5005659000017,506.50757230003364,506.58656810002867,l,0.0854228000389412,None,1,001,2025-10-23_00h19.02.472,untitled,,2025.1.1,59.739440461466,2025-10-23 00h19.09.182987 +0530,
49,60,89,349,6,49,t,0.14293470000848174,None,49,6,349,4,506.5984387000208,,506.58840870001586,506.5984387000208,507.5773851000122,507.5773851000122,507.59130650002044,507.7247356000007,t,0.14293470000848174,None,1,001,2025-10-23_00h19.02.472,untitled,,2025.1.1,59.739440461466,2025-10-23 00h19.09.182987 +0530,
49,60,89,350,0,50,t,0.25915870000608265,None,50,0,350,4,507.7298131000134,,507.72484340000665,507.7298131000134,508.7165789999999,508.7165789999999,508.72280880005565,508.9820524000097,t,0.25915870000608265,None,1,001,2025-10-23_00h19.02.472,untitled,,2025.1.1,59.739440461466,2025-10-23 00h19.09.182987 +0530,
27,50,21,351,1,50,t,0.34511519997613505,None,50,1,351,2,508.99413840001216,,508.9839124000282,508.99413840001216,509.9730294000474,509.9730294000474,509.9870666000061,510.32239120005397,t,0.34511519997613505,None,1,001,2025-10-23_00h19.02.472,untitled,,2025.1.1,59.739440461466,2025-10-23 00h19.09.182987 +0530,
11,30,7,352,2,50,t,0.19167100003687665,None,50,2,352,0,510.3344319000025,,510.32421320001595,510.3344319000025,511.31331900000805,511.31331900000805,511.32736110000405,511.5097023000126,t,0.19167100003687665,None,1,001,2025-10-23_00h19.02.472,untitled,,2025.1.1,59.739440461466,2025-10-23 00h19.09.182987 +0530,
67,75,119,353,3,50,t,0.22509309998713434,None,50,3,353,5,511.52198100002715,,511.51167650002753,511.52198100002715,512.500799600035,512.500799600035,512.5148322000168,512.732442700013,t,0.22509309998713434,None,1,001,2025-10-23_00h19.02.472,untitled,,2025.1.1,59.739440461466,2025-10-23 00h19.09.182987 +0530,
78,80,162,354,4,50,l,0.38671410002280027,None,50,4,354,6,512.7442191000446,,512.7342174000223,512.7442191000446,513.7231337000267,513.7231337000267,513.7370128000039,514.1138088000007,l,0.38671410002280027,None,1,001,2025-10-23_00h19.02.472,untitled,,2025.1.1,59.739440461466,2025-10-23 00h19.09.182987 +0530,
40,55,62,355,5,50,t,0.48144260002300143,None,50,5,355,3,514.1257409000536,,514.1158075000276,514.1257409000536,515.1049102000543,515.1049102000543,515.1188547000056,515.59296920005,t,0.48144260002300143,None,1,001,2025-10-23_00h19.02.472,untitled,,2025.1.1,59.739440461466,2025-10-23 00h19.09.182987 +0530,
15,35,13,356,6,50,t,0.5025217999937013,None,50,6,356,1,515.6047530000214,,515.5948218000121,515.6047530000214,516.5839875000529,516.5839875000529,516.5977714000037,517.0929222000414,t,0.5025217999937013,None,1,001,2025-10-23_00h19.02.472,untitled,,2025.1.1,59.739440461466,2025-10-23 00h19.09.182987 +0530,
27,50,21,357,0,51,l,0.16246800002409145,None,51,0,357,2,517.1045948000392,,517.0947595000034,517.1045948000392,518.0842847000458,518.0842847000458,518.0978148000431,518.2527353000478,l,0.16246800002409145,None,1,001,2025-10-23_00h19.02.472,untitled,,2025.1.1,59.739440461466,2025-10-23 00h19.09.182987 +0530,
49,60,89,358,1,51,t,0.12103959999512881,None,51,1,358,4,518.2652070000186,,518.2546721000108,518.2652070000186,519.2437845000532,519.2437845000532,519.2577123000519,519.3708179000532,t,0.12103959999512881,None,1,001,2025-10-23_00h19.02.472,untitled,,2025.1.1,59.739440461466,2025-10-23 00h19.09.182987 +0530,
11,30,7,359,2,51,t,0.5282484000199474,None,51,2,359,0,519.3830141000217,,519.372710900032,519.3830141000217,520.3618280000519,520.3618280000519,520.3758996000397,520.8915935000405,t,0.5282484000199474,None,1,001,2025-10-23_00h19.02.472,untitled,,2025.1.1,59.739440461466,2025-10-23 00h19.09.182987 +0530,
78,80,162,360,3,51,t,0.40026709996163845,None,51,3,360,6,520.9044792000204,,520.8935082000098,520.9044792000204,521.8827646000427,521.8827646000427,521.8966909000301,522.2881773000117,t,0.40026709996163845,None,1,001,2025-10-23_00h19.02.472,untitled,,2025.1.1,59.739440461466,2025-10-23 00h19.09.182987 +0530,
15,35,13,361,4,51,t,0.3431442999863066,None,51,4,361,1,522.2995697000297,,522.2902324000024,522.2995697000297,523.278583700012,523.278583700012,523.2925013000495,523.6276073000045,t,0.3431442999863066,None,1,001,2025-10-23_00h19.02.472,untitled,,2025.1.1,59.739440461466,2025-10-23 00h19.09.182987 +0530,
67,75,119,362,5,51,l,0.799157900037244,None,51,5,362,5,523.6405641000019,,523.6295213000267,523.6405641000019,524.6188167000073,524.6188167000073,524.6329283000086,525.4191121000331,l,0.799157900037244,None,1,001,2025-10-23_00h19.02.472,untitled,,2025.1.1,59.739440461466,2025-10-23 00h19.09.182987 +0530,
40,55,62,363,6,51,l,0.45631879998836666,None,51,6,363,3,525.4243991000112,,525.420998400019,525.4243991000112,526.4104333000141,526.4104333000141,526.4174733000109,526.8708450000267,l,0.45631879998836666,None,1,001,2025-10-23_00h19.02.472,untitled,,2025.1.1,59.739440461466,2025-10-23 00h19.09.182987 +0530,
40,55,62,364,0,52,l,0.22810379997827113,None,52,0,364,3,526.8759467000491,,526.8709582000156,526.8759467000491,527.8634981000214,527.8634981000214,527.8689950000262,528.0927179999999,l,0.22810379997827113,None,1,001,2025-10-23_00h19.02.472,untitled,,2025.1.1,59.739440461466,2025-10-23 00h19.09.182987 +0530,
11,30,7,365,1,52,l,0.23428419994888827,None,52,1,365,0,528.0983656000462,,528.0945443000528,528.0983656000462,529.083896199998,529.083896199998,529.0913385000313,529.3223465000046,l,0.23428419994888827,None,1,001,2025-10-23_00h19.02.472,untitled,,2025.1.1,59.739440461466,2025-10-23 00h19.09.182987 +0530,
15,35,13,366,2,52,l,0.2211742999497801,None,52,2,366,1,529.3347085000132,,529.3242023000494,529.3347085000132,530.3129602000117,530.3129602000117,530.32727780001,530.5372179000406,l,0.2211742999497801,None,1,001,2025-10-23_00h19.02.472,untitled,,2025.1.1,59.739440461466,2025-10-23 00h19.09.182987 +0530,
67,75,119,367,3,52,t,0.2824955000542104,None,52,3,367,5,530.5423548000399,,530.5389843000448,530.5423548000399,531.5283105000271,531.5283105000271,531.5353555000038,531.8148668000358,t,0.2824955000542104,None,1,001,2025-10-23_00h19.02.472,untitled,,2025.1.1,59.739440461466,2025-10-23 00h19.09.182987 +0530,
49,60,89,368,4,52,l,0.32026990002486855,None,52,4,368,4,531.8283371000434,,531.8169581000111,531.8283371000434,532.8064484000206,532.8064484000206,532.8201415000367,533.1276455000043,l,0.32026990002486855,None,1,001,2025-10-23_00h19.02.472,untitled,,2025.1.1,59.739440461466,2025-10-23 00h19.09.182987 +0530,
78,80,162,369,5,52,l,0.4007133999839425,None,52,5,369,6,533.1400861000293,,533.1295854000491,533.1400861000293,534.1189878000296,534.1189878000296,534.1324426000356,534.5238692000275,l,0.4007133999839425,None,1,001,2025-10-23_00h19.02.472,untitled,,2025.1.1,59.739440461466,2025-10-23 00h19.09.182987 +0530,
27,50,21,370,6,52,l,0.30192719999467954,None,52,6,370,2,534.5356911999988,,534.5258610000019,534.5356911999988,535.5146938000107,535.5146938000107,535.5288259000517,535.8223548000096,l,0.30192719999467954,None,1,001,2025-10-23_00h19.02.472,untitled,,2025.1.1,59.739440461466,2025-10-23 00h19.09.182987 +0530,
15,35,13,371,0,53,t,0.22439630003646016,None,53,0,371,1,535.8339667000109,,535.8244195000152,535.8339667000109,536.8133252000553,536.8133252000553,536.8274163000169,537.0443335000309,t,0.22439630003646016,None,1,001,2025-10-23_00h19.02.472,untitled,,2025.1.1,59.739440461466,2025-10-23 00h19.09.182987 +0530,
67,75,119,372,1,53,t,0.35442049999255687,None,53,1,372,5,537.0490926000057,,537.0460387000348,537.0490926000057,538.0358051000512,538.0358051000512,538.0424284000183,538.3914252000395,t,0.35442049999255687,None,1,001,2025-10-23_00h19.02.472,untitled,,2025.1.1,59.739440461466,2025-10-23 00h19.09.182987 +0530,
78,80,162,373,2,53,t,0.294575999956578,None,53,2,373,6,538.3963836000185,,538.3931611000444,538.3963836000185,539.3823846000014,539.3823846000014,539.3894114000141,539.6829628000269,t,0.294575999956578,None,1,001,2025-10-23_00h19.02.472,untitled,,2025.1.1,59.739440461466,2025-10-23 00h19.09.182987 +0530,
27,50,21,374,3,53,l,0.24974950001342222,None,53,3,374,2,539.6880634000408,,539.6847712000017,539.6880634000408,540.6744547000271,540.6744547000271,540.6815201000427,540.9263249000069,l,0.24974950001342222,None,1,001,2025-10-23_00h19.02.472,untitled,,2025.1.1,59.739440461466,2025-10-23 00h19.09.182987 +0530,
49,60,89,375,4,53,l,0.26242179999826476,None,53,4,375,4,540.9381383000291,,540.9281306000194,540.9381383000291,541.9171680000145,541.9171680000145,541.9311780999997,542.1836078000488,l,0.26242179999826476,None,1,001,2025-10-23_00h19.02.472,untitled,,2025.1.1,59.739440461466,2025-10-23 00h19.09.182987 +0530,
11,30,7,376,5,53,l,0.1894311000360176,None,53,5,376,0,542.1950711000245,,542.1854030000395,542.1950711000245,543.1743191000423,543.1743191000423,543.1882343000034,543.3707266999991,l,0.1894311000360176,None,1,001,2025-10-23_00h19.02.472,untitled,,2025.1.1,59.739440461466,2025-10-23 00h19.09.182987 +0530,
40,55,62,377,6,53,t,0.11628380004549399,None,53,6,377,3,543.3825117000379,,543.3725999000017,543.3825117000379,544.3617494000355,544.3617494000355,544.3758545000455,544.4818383000093,t,0.11628380004549399,None,1,001,2025-10-23_00h19.02.472,untitled,,2025.1.1,59.739440461466,2025-10-23 00h19.09.182987 +0530,
49,60,89,378,0,54,l,0.302173700009007,None,54,0,378,4,544.4937437000335,,544.4839604000445,544.4937437000335,545.472911800025,545.472911800025,545.486909600033,545.780473700026,l,0.302173700009007,None,1,001,2025-10-23_00h19.02.472,untitled,,2025.1.1,59.739440461466,2025-10-23 00h19.09.182987 +0530,
78,80,162,379,1,54,l,0.09191830002237111,None,54,1,379,6,545.7922393000335,,545.7824593000114,545.7922393000335,546.7717246000539,546.7717246000539,546.7855169000104,546.8707183000515,l,0.09191830002237111,None,1,001,2025-10-23_00h19.02.472,untitled,,2025.1.1,59.739440461466,2025-10-23 00h19.09.182987 +0530,
27,50,21,380,2,54,l,0.13208240002859384,None,54,2,380,2,546.8756180000491,,546.872577800008,546.8756180000491,547.8614894000348,547.8614894000348,547.8685034000082,547.9956884999992,l,0.13208240002859384,None,1,001,2025-10-23_00h19.02.472,untitled,,2025.1.1,59.739440461466,2025-10-23 00h19.09.182987 +0530,
15,35,13,381,3,54,l,0.12124829995445907,None,54,3,381,1,548.0081660000142,,547.9975290000439,548.0081660000142,548.986728500051,548.986728500051,549.0006798000541,549.1136981000309,l,0.12124829995445907,None,1,001,2025-10-23_00h19.02.472,untitled,,2025.1.1,59.739440461466,2025-10-23 00h19.09.182987 +0530,
40,55,62,382,4,54,l,0.07168300001649186,None,54,4,382,3,549.1254880000488,,549.115726100048,549.1254880000488,550.1050099999993,550.1050099999993,550.1188168000081,550.183542600018,l,0.07168300001649186,None,1,001,2025-10-23_00h19.02.472,untitled,,2025.1.1,59.739440461466,2025-10-23 00h19.09.182987 +0530,
11,30,7,383,5,54,l,0.07131659996230155,None,54,5,383,0,550.1954715000466,,550.1854617000208,550.1954715000466,551.1740868000197,551.1740868000197,551.1882140000234,551.246086900006,l,0.07131659996230155,None,1,001,2025-10-23_00h19.02.472,untitled,,2025.1.1,59.739440461466,2025-10-23 00h19.09.182987 +0530,
67,75,119,384,6,54,l,0.17691780003951862,None,54,6,384,5,551.2575097000226,,551.2478537000134,551.2575097000226,552.2368389000185,552.2368389000185,552.2506791000487,552.4189744000323,l,0.17691780003951862,None,1,001,2025-10-23_00h19.02.472,untitled,,2025.1.1,59.739440461466,2025-10-23 00h19.09.182987 +0530,
78,80,162,385,0,55,t,0.03470089996699244,None,55,0,385,6,552.4242325000232,,552.4206971000531,552.4242325000232,553.4102524000336,553.4102524000336,553.4174444000237,553.4472247000085,t,0.03470089996699244,None,1,001,2025-10-23_00h19.02.472,untitled,,2025.1.1,59.739440461466,2025-10-23 00h19.09.182987 +0530,
15,35,13,386,1,55,t,0.07514910004101694,None,55,1,386,1,553.459517500014,,553.4490621000296,553.459517500014,554.4381044000038,554.4381044000038,554.452081800031,554.5162656000466,t,0.07514910004101694,None,1,001,2025-10-23_00h19.02.472,untitled,,2025.1.1,59.739440461466,2025-10-23 00h19.09.182987 +0530,
11,30,7,387,2,55,t,0.007985000032931566,None,55,2,387,0,554.5287964000017,,554.5182871000143,554.5287964000017,555.5080316000385,555.5080316000385,555.5213387000258,555.5162941000308,t,0.007985000032931566,None,1,001,2025-10-23_00h19.02.472,untitled,,2025.1.1,59.739440461466,2025-10-23 00h19.09.182987 +0530,
40,55,62,388,3,55,t,0.18819459999212995,None,55,3,388,3,555.5213387000258,,555.5181379000423,555.5213387000258,556.5077586999978,556.5077586999978,556.5144008000498,556.6971385000506,t,0.18819459999212995,None,1,001,2025-10-23_00h19.02.472,untitled,,2025.1.1,59.739440461466,2025-10-23 00h19.09.182987 +0530,
49,60,89,389,4,55,t,0.08154330000979826,None,55,4,389,4,556.7089797000517,,556.6989790000371,556.7089797000517,557.6882232000353,557.6882232000353,557.702146399999,557.7735017000232,t,0.08154330000979826,None,1,001,2025-10-23_00h19.02.472,untitled,,2025.1.1,59.739440461466,2025-10-23 00h19.09.182987 +0530,
67,75,119,390,5,55,l,0.11426729999948293,None,55,5,390,5,557.7859103000374,,557.7752648000023,557.7859103000374,558.7645808000234,558.7645808000234,558.7783364000497,558.8844453000347,l,0.11426729999948293,None,1,001,2025-10-23_00h19.02.472,untitled,,2025.1.1,59.739440461466,2025-10-23 00h19.09.182987 +0530,
27,50,21,391,6,55,t,0.011349800042808056,None,55,6,391,2,558.8961610000115,,558.8862728000386,558.8961610000115,559.8756640000502,559.8756640000502,559.8896155000548,559.8917027999996,t,0.011349800042808056,None,1,001,2025-10-23_00h19.02.472,untitled,,2025.1.1,59.739440461466,2025-10-23 00h19.09.182987 +0530,
27,50,21,392,0,56,t,0.05805399996461347,None,56,0,392,2,559.8966964000138,,559.8918052000226,559.8966964000138,560.8824007000076,560.8824007000076,560.889565200021,560.9467105000513,t,0.05805399996461347,None,1,001,2025-10-23_00h19.02.472,untitled,,2025.1.1,59.739440461466,2025-10-23 00h19.09.182987 +0530,
67,75,119,393,1,56,l,0.09679939999477938,None,56,1,393,5,560.95226250001,,560.9484611000516,560.95226250001,561.9383156000404,561.9383156000404,561.9451670999988,562.037223500025,l,0.09679939999477938,None,1,001,2025-10-23_00h19.02.472,untitled,,2025.1.1,59.739440461466,2025-10-23 00h19.09.182987 +0530,
15,35,13,394,2,56,t,0.07277049997355789,None,56,2,394,1,562.0495374000166,,562.0392457999988,562.0495374000166,563.0284478000249,563.0284478000249,563.0424190000049,563.1064357000287,t,0.07277049997355789,None,1,001,2025-10-23_00h19.02.472,untitled,,2025.1.1,59.739440461466,2025-10-23 00h19.09.182987 +0530,
49,60,89,395,3,56,t,0.0912804999970831,None,56,3,395,4,563.1116807000362,,563.1083354000002,563.1116807000362,564.0977032000083,564.0977032000083,564.1046448000125,564.1899018000113,t,0.0912804999970831,None,1,001,2025-10-23_00h19.02.472,untitled,,2025.1.1,59.739440461466,2025-10-23 00h19.09.182987 +0530,
11,30,7,396,4,56,t,0.08997520001139492,None,56,4,396,0,564.1949030000251,,564.1917388000293,564.1949030000251,565.1813758000499,565.1813758000499,565.1882615000359,565.2734915000037,t,0.08997520001139492,None,1,001,2025-10-23_00h19.02.472,untitled,,2025.1.1,59.739440461466,2025-10-23 00h19.09.182987 +0530,
40,55,62,397,5,56,t,0.09537789999740198,None,56,5,397,3,565.2853404000052,,565.275328800024,565.2853404000052,566.2645691000507,566.2645691000507,566.2787265000516,566.3636273000157,t,0.09537789999740198,None,1,001,2025-10-23_00h19.02.472,untitled,,2025.1.1,59.739440461466,2025-10-23 00h19.09.182987 +0530,
78,80,162,398,6,56,t,0.06357280001975596,None,56,6,398,6,566.3763911999995,,566.3653760000016,566.3763911999995,567.3547666000086,567.3547666000086,567.3688474000082,567.4188599000336,t,0.06357280001975596,None,1,001,2025-10-23_00h19.02.472,untitled,,2025.1.1,59.739440461466,2025-10-23 00h19.09.182987 +0530,
78,80,162,399,0,57,l,0.34057050000410527,None,57,0,399,6,567.4239845000557,,567.4189630000037,567.4239845000557,568.4104401000077,568.4104401000077,568.4172052000067,568.7525835999986,l,0.34057050000410527,None,1,001,2025-10-23_00h19.02.472,untitled,,2025.1.1,59.739440461466,2025-10-23 00h19.09.182987 +0530,
40,55,62,400,1,57,t,2.2948212000192143,None,57,1,400,3,568.7643261000048,,568.7547875000164,568.7643261000048,569.7436253000051,569.7436253000051,569.7573250000132,572.0439294000389,t,2.2948212000192143,None,1,001,2025-10-23_00h19.02.472,untitled,,2025.1.1,59.739440461466,2025-10-23 00h19.09.182987 +0530,
27,50,21,401,2,57,l,0.0489229999948293,None,57,2,401,2,572.0557541000308,,572.0459258000483,572.0557541000308,573.0382362000528,573.0382362000528,573.0491486000246,573.092800500046,l,0.0489229999948293,None,1,001,2025-10-23_00h19.02.472,untitled,,2025.1.1,59.739440461466,2025-10-23 00h19.09.182987 +0530,
11,30,7,402,3,57,t,0.1121858999831602,None,57,3,402,0,573.1047196,,573.0947582000517,573.1047196,574.0839099000441,574.0839099000441,574.0977818000247,574.1971645000158,t,0.1121858999831602,None,1,001,2025-10-23_00h19.02.472,untitled,,2025.1.1,59.739440461466,2025-10-23 00h19.09.182987 +0530,
15,35,13,403,4,57,l,0.44306319998577237,None,57,4,403,1,574.2092185000074,,574.1990696000285,574.2092185000074,575.1878819999984,575.1878819999984,575.2020671000355,575.6361192000331,l,0.44306319998577237,None,1,001,2025-10-23_00h19.02.472,untitled,,2025.1.1,59.739440461466,2025-10-23 00h19.09.182987 +0530,
49,60,89,404,5,57,t,0.2758491999702528,None,57,5,404,4,575.6462420000462,,575.6384694000008,575.6462420000462,576.6255153000238,576.6255153000238,576.6395361000323,576.905329900037,t,0.2758491999702528,None,1,001,2025-10-23_00h19.02.472,untitled,,2025.1.1,59.739440461466,2025-10-23 00h19.09.182987 +0530,
67,75,119,405,6,57,l,0.1092635000240989,None,57,6,405,5,576.9175203000195,,576.9071195000433,576.9175203000195,577.8961770000169,577.8961770000169,577.9101709000533,578.0092676000204,l,0.1092635000240989,None,1,001,2025-10-23_00h19.02.472,untitled,,2025.1.1,59.739440461466,2025-10-23 00h19.09.182987 +0530,
15,35,13,406,0,58,t,0.5971674000029452,None,58,0,406,1,578.0143096000538,,578.0111090000137,578.0143096000538,579.0007411999977,579.0007411999977,579.0071306000464,579.5997436000034,t,0.5971674000029452,None,1,001,2025-10-23_00h19.02.472,untitled,,2025.1.1,59.739440461466,2025-10-23 00h19.09.182987 +0530,
49,60,89,407,1,58,l,0.18666549999034032,None,58,1,407,4,579.6117941000266,,579.6015848000534,579.6117941000266,580.5908828000538,580.5908828000538,580.604911900009,580.7804621000541,l,0.18666549999034032,None,1,001,2025-10-23_00h19.02.472,untitled,,2025.1.1,59.739440461466,2025-10-23 00h19.09.182987 +0530,
78,80,162,408,2,58,l,0.25690219999523833,None,58,2,408,6,580.7924177000532,,580.782377000025,580.7924177000532,581.7714107000502,581.7714107000502,581.7853144000401,582.030388300016,l,0.25690219999523833,None,1,001,2025-10-23_00h19.02.472,untitled,,2025.1.1,59.739440461466,2025-10-23 00h19.09.182987 +0530,
11,30,7,409,3,58,l,0.369021899998188,None,58,3,409,0,582.041845300002,,582.0321767000132,582.041845300002,583.0215715000522,583.0215715000522,583.0350749000208,583.391377300024,l,0.369021899998188,None,1,001,2025-10-23_00h19.02.472,untitled,,2025.1.1,59.739440461466,2025-10-23 00h19.09.182987 +0530,
40,55,62,410,4,58,t,3.213369699951727,None,58,4,410,3,583.4039587000152,,583.3934622000088,583.4039587000152,584.3824081000057,584.3824081000057,584.3963662000024,587.5998817000072,t,3.213369699951727,None,1,001,2025-10-23_00h19.02.472,untitled,,2025.1.1,59.739440461466,2025-10-23 00h19.09.182987 +0530,
27,50,21,411,5,58,l,1.9444414000026882,None,58,5,411,2,587.6113696000539,,587.6017370000482,587.6113696000539,588.5906524000457,588.5906524000457,588.6045466000214,590.537278200034,l,1.9444414000026882,None,1,001,2025-10-23_00h19.02.472,untitled,,2025.1.1,59.739440461466,2025-10-23 00h19.09.182987 +0530,
67,75,119,412,6,58,t,0.7295075999572873,None,58,6,412,5,590.549663700047,,590.539235400036,590.549663700047,591.5281327000121,591.5281327000121,591.5421841000207,592.2597587000346,t,0.7295075999572873,None,1,001,2025-10-23_00h19.02.472,untitled,,2025.1.1,59.739440461466,2025-10-23 00h19.09.182987 +0530,
11,30,7,413,0,59,l,0.2930880999774672,None,59,0,413,0,592.2711515000556,,592.261615800031,592.2711515000556,593.2504354999983,593.2504354999983,593.2643913000356,593.543944300036,l,0.2930880999774672,None,1,001,2025-10-23_00h19.02.472,untitled,,2025.1.1,59.739440461466,2025-10-23 00h19.09.182987 +0530,
78,80,162,414,1,59,t,0.4776198999607004,None,59,1,414,6,593.5491215000511,,593.5456913000089,593.5491215000511,594.5350187000004,594.5350187000004,594.5426086000516,595.0166565000545,t,0.4776198999607004,None,1,001,2025-10-23_00h19.02.472,untitled,,2025.1.1,59.739440461466,2025-10-23 00h19.09.182987 +0530,
67,75,119,415,2,59,t,0.36798159999307245,None,59,2,415,5,595.0291719000088,,595.0185878000339,595.0291719000088,596.007495900034,596.007495900034,596.0214716000482,596.3774975000415,t,0.36798159999307245,None,1,001,2025-10-23_00h19.02.472,untitled,,2025.1.1,59.739440461466,2025-10-23 00h19.09.182987 +0530,
40,55,62,416,3,59,l,0.3838938000262715,None,59,3,416,3,596.3891432000091,,596.3794929000433,596.3891432000091,597.3688149000518,597.3688149000518,597.3822942000115,597.7589624000248,l,0.3838938000262715,None,1,001,2025-10-23_00h19.02.472,untitled,,2025.1.1,59.739440461466,2025-10-23 00h19.09.182987 +0530,
49,60,89,417,4,59,t,0.6636244999826886,None,59,4,417,4,597.7719199000276,,597.761240700027,597.7719199000276,598.750725400052,598.750725400052,598.7645427000243,599.4188619000488,t,0.6636244999826886,None,1,001,2025-10-23_00h19.02.472,untitled,,2025.1.1,59.739440461466,2025-10-23 00h19.09.182987 +0530,
15,35,13,418,5,59,t,3.0051881999825127,None,59,5,418,1,599.4240502000321,,599.4207515000016,599.4240502000321,600.4101385000395,600.4101385000395,600.417109400034,603.4190706000081,t,3.0051881999825127,None,1,001,2025-10-23_00h19.02.472,untitled,,2025.1.1,59.739440461466,2025-10-23 00h19.09.182987 +0530,
27,50,21,419,6,59,t,0.8585775999817997,None,59,6,419,2,603.4315806000377,,603.4210364000173,603.4315806000377,604.410678300017,604.410678300017,604.4246783000417,605.2732814000337,t,0.8585775999817997,None,1,001,2025-10-23_00h19.02.472,untitled,,2025.1.1,59.739440461466,2025-10-23 00h19.09.182987 +0530,
40,55,62,420,0,60,l,0.8440378999803215,None,60,0,420,3,605.2850746000186,,605.2751230000285,605.2850746000186,606.2644656000193,606.2644656000193,606.2784298000042,607.11333870003,l,0.8440378999803215,None,1,001,2025-10-23_00h19.02.472,untitled,,2025.1.1,59.739440461466,2025-10-23 00h19.09.182987 +0530,
15,35,13,421,1,60,t,0.8977962000062689,None,60,1,421,1,607.1187299000449,,607.1151935000089,607.1187299000449,608.104690600012,608.104690600012,608.1116892000427,609.0091513000079,t,0.8977962000062689,None,1,001,2025-10-23_00h19.02.472,untitled,,2025.1.1,59.739440461466,2025-10-23 00h19.09.182987 +0530,
27,50,21,422,2,60,t,2.9364854999585077,None,60,2,422,2,609.0144039000152,,609.0111413000268,609.0144039000152,610.0003907000064,610.0003907000064,610.0073818000383,612.9399263000232,t,2.9364854999585077,None,1,001,2025-10-23_00h19.02.472,untitled,,2025.1.1,59.739440461466,2025-10-23 00h19.09.182987 +0530,
78,80,162,423,3,60,l,1.3450518000172451,None,60,3,423,6,612.9526075000176,,612.9418362000142,612.9526075000176,613.9316734000458,613.9316734000458,613.9449758000555,615.2803081000457,l,1.3450518000172451,None,1,001,2025-10-23_00h19.02.472,untitled,,2025.1.1,59.739440461466,2025-10-23 00h19.09.182987 +0530,
67,75,119,424,4,60,t,1.2104420999530703,None,60,4,424,5,615.2924458000343,,615.2820792000275,615.2924458000343,616.2712753000087,616.2712753000087,616.2852906000335,617.4884221000248,t,1.2104420999530703,None,1,001,2025-10-23_00h19.02.472,untitled,,2025.1.1,59.739440461466,2025-10-23 00h19.09.182987 +0530,
49,60,89,425,5,60,l,7.847442099999171,None,60,5,425,4,617.5009878000128,,617.4904087000177,617.5009878000128,618.4795797000406,618.4795797000406,618.4934986000299,626.3290140000172,l,7.847442099999171,None,1,001,2025-10-23_00h19.02.472,untitled,,2025.1.1,59.739440461466,2025-10-23 00h19.09.182987 +0530,
11,30,7,426,6,60,t,3.7884396000299603,None,60,6,426,0,626.3404093999998,,626.3308470000047,626.3404093999998,627.3196862000041,627.3196862000041,627.333946800034,631.1133749000146,t,3.7884396000299603,None,1,001,2025-10-23_00h19.02.472,untitled,,2025.1.1,59.739440461466,2025-10-23 00h19.09.182987 +0530,
27,50,21,427,0,61,l,1.4857122999965213,None,61,0,427,2,631.1256401000428,,631.1154453000054,631.1256401000428,632.1045943000354,632.1045943000354,632.118766700034,633.5930034000194,l,1.4857122999965213,None,1,001,2025-10-23_00h19.02.472,untitled,,2025.1.1,59.739440461466,2025-10-23 00h19.09.182987 +0530,
40,55,62,428,1,61,l,0.5885176000301726,None,61,1,428,3,633.6042671000469,,633.5948336000438,633.6042671000469,634.5835908000008,634.5835908000008,634.5981570000295,635.1757559000398,l,0.5885176000301726,None,1,001,2025-10-23_00h19.02.472,untitled,,2025.1.1,59.739440461466,2025-10-23 00h19.09.182987 +0530,
15,35,13,429,2,61,l,0.5267856999998912,None,61,2,429,1,635.1880577999982,,635.1777633000165,635.1880577999982,636.1671352000558,636.1671352000558,636.1807783000404,636.6968301000306,l,0.5267856999998912,None,1,001,2025-10-23_00h19.02.472,untitled,,2025.1.1,59.739440461466,2025-10-23 00h19.09.182987 +0530,
78,80,162,430,3,61,l,1.0834531000000425,None,61,3,430,6,636.7088820000063,,636.6986112000304,636.7088820000063,637.6882431000122,637.6882431000122,637.7017242000438,638.7735824000556,l,1.0834531000000425,None,1,001,2025-10-23_00h19.02.472,untitled,,2025.1.1,59.739440461466,2025-10-23 00h19.09.182987 +0530,
67,75,119,431,4,61,l,0.6433266999665648,None,61,4,431,5,638.7855001999997,,638.7754292000318,638.7855001999997,639.7642993000336,639.7642993000336,639.7784202000475,640.4119565000292,l,0.6433266999665648,None,1,001,2025-10-23_00h19.02.472,untitled,,2025.1.1,59.739440461466,2025-10-23 00h19.09.182987 +0530,
11,30,7,432,5,61,l,0.8995953999692574,None,61,5,432,0,640.4241986999987,,640.4137721000006,640.4241986999987,641.403186600015,641.403186600015,641.4172690000269,642.3079649000429,l,0.8995953999692574,None,1,001,2025-10-23_00h19.02.472,untitled,,2025.1.1,59.739440461466,2025-10-23 00h19.09.182987 +0530,
49,60,89,433,6,61,l,0.5982128999894485,None,61,6,433,4,642.3196773000527,,642.3097942000022,642.3196773000527,643.2990312000038,643.2990312000038,643.3129169000313,643.8985204000492,l,0.5982128999894485,None,1,001,2025-10-23_00h19.02.472,untitled,,2025.1.1,59.739440461466,2025-10-23 00h19.09.182987 +0530,
11,30,7,434,0,62,l,0.5031109999981709,None,62,0,434,0,643.9098175000399,,643.9006955000223,643.9098175000399,644.8891785000451,644.8891785000451,644.903136900044,645.3982325000106,l,0.5031109999981709,None,1,001,2025-10-23_00h19.02.472,untitled,,2025.1.1,59.739440461466,2025-10-23 00h19.09.182987 +0530,
15,35,13,435,1,62,l,0.4610832000034861,None,62,1,435,1,645.410620300041,,645.4001822000137,645.410620300041,646.3896181000164,646.3896181000164,646.4031006000005,646.8565250000102,l,0.4610832000034861,None,1,001,2025-10-23_00h19.02.472,untitled,,2025.1.1,59.739440461466,2025-10-23 00h19.09.182987 +0530,
49,60,89,436,2,62,t,0.5660204999730922,None,62,2,436,4,646.8687578000245,,646.858348000038,646.8687578000245,647.8476748000248,647.8476748000248,647.8630181000335,648.4187485000002,t,0.5660204999730922,None,1,001,2025-10-23_00h19.02.472,untitled,,2025.1.1,59.739440461466,2025-10-23 00h19.09.182987 +0530,
40,55,62,437,3,62,t,0.5231069999863394,None,62,3,437,3,648.4238706000033,,648.4205847000121,648.4238706000033,649.4099126000074,649.4099126000074,649.416799300001,649.9395969000179,t,0.5231069999863394,None,1,001,2025-10-23_00h19.02.472,untitled,,2025.1.1,59.739440461466,2025-10-23 00h19.09.182987 +0530,
27,50,21,438,4,62,t,1.3092449000105262,None,62,4,438,2,649.9522760000546,,649.9416186000453,649.9522760000546,650.9310622000485,650.9310622000485,650.9448163000052,652.2450075000525,t,1.3092449000105262,None,1,001,2025-10-23_00h19.02.472,untitled,,2025.1.1,59.739440461466,2025-10-23 00h19.09.182987 +0530,
67,75,119,439,5,62,t,0.5494065000093542,None,62,5,439,5,652.2502634000266,,652.2468018000363,652.2502634000266,653.2362546000513,653.2362546000513,653.2434299000306,653.7871995000169,t,0.5494065000093542,None,1,001,2025-10-23_00h19.02.472,untitled,,2025.1.1,59.739440461466,2025-10-23 00h19.09.182987 +0530,
78,80,162,440,6,62,l,2.4418682000250556,None,62,6,440,6,653.7994983000099,,653.7889575000154,653.7994983000099,654.7780640000128,654.7780640000128,654.7919177000294,657.224527500046,l,2.4418682000250556,None,1,001,2025-10-23_00h19.02.472,untitled,,2025.1.1,59.739440461466,2025-10-23 00h19.09.182987 +0530,
67,75,119,441,0,63,l,0.737388200010173,None,63,0,441,5,657.2363571000169,,657.2264819000266,657.2363571000169,658.215636100038,658.215636100038,658.2294259000337,658.954033200047,l,0.737388200010173,None,1,001,2025-10-23_00h19.02.472,untitled,,2025.1.1,59.739440461466,2025-10-23 00h19.09.182987 +0530,
27,50,21,442,1,63,l,0.6234929999918677,None,63,1,442,2,658.9666451000376,,658.955931000004,658.9666451000376,659.9448817000375,659.9448817000375,659.9589318000362,660.571937700035,l,0.6234929999918677,None,1,001,2025-10-23_00h19.02.472,untitled,,2025.1.1,59.739440461466,2025-10-23 00h19.09.182987 +0530,
78,80,162,443,2,63,l,0.9406492999987677,None,63,2,443,6,660.5836688000127,,660.5738924000179,660.5836688000127,661.5628857000265,661.5628857000265,661.5767438000184,662.509376800037,l,0.9406492999987677,None,1,001,2025-10-23_00h19.02.472,untitled,,2025.1.1,59.739440461466,2025-10-23 00h19.09.182987 +0530,
49,60,89,444,3,63,l,0.7405852000229061,None,63,3,444,4,662.5212856000289,,662.5115910000168,662.5212856000289,663.5004995000199,663.5004995000199,663.5140383000253,664.2457853000378,l,0.7405852000229061,None,1,001,2025-10-23_00h19.02.472,untitled,,2025.1.1,59.739440461466,2025-10-23 00h19.09.182987 +0530,
40,55,62,445,4,63,t,0.8739837000030093,None,63,4,445,3,664.2570122000179,,664.2476516000461,664.2570122000179,665.2366474000155,665.2366474000155,665.2500738000381,666.1136502000154,t,0.8739837000030093,None,1,001,2025-10-23_00h19.02.472,untitled,,2025.1.1,59.739440461466,2025-10-23 00h19.09.182987 +0530,
11,30,7,446,5,63,l,0.5959675000049174,None,63,5,446,0,666.1256627000403,,666.1155225000111,666.1256627000403,667.1045433000545,667.1045433000545,667.1184938000515,667.7035805000341,l,0.5959675000049174,None,1,001,2025-10-23_00h19.02.472,untitled,,2025.1.1,59.739440461466,2025-10-23 00h19.09.182987 +0530,
15,35,13,447,6,63,t,0.8416957000154071,None,63,6,447,1,667.7162347999983,,667.7054069000296,667.7162347999983,668.6947447000421,668.6947447000421,668.7086485000327,669.536969800014,t,0.8416957000154071,None,1,001,2025-10-23_00h19.02.472,untitled,,2025.1.1,59.739440461466,2025-10-23 00h19.09.182987 +0530,
78,80,162,448,0,64,l,2.2463987999944948,None,64,0,448,6,669.5492397000198,,669.538739700045,669.5492397000198,670.5281475000083,670.5281475000083,670.5420369000058,672.7801223000279,l,2.2463987999944948,None,1,001,2025-10-23_00h19.02.472,untitled,,2025.1.1,59.739440461466,2025-10-23 00h19.09.182987 +0530,
67,75,119,449,1,64,l,0.8528783000074327,None,64,1,449,5,672.7929219000507,,672.7818725000252,672.7929219000507,673.7713147000177,673.7713147000177,673.7850727000041,674.6271156000439,l,0.8528783000074327,None,1,001,2025-10-23_00h19.02.472,untitled,,2025.1.1,59.739440461466,2025-10-23 00h19.09.182987 +0530,
49,60,89,450,2,64,l,0.48468439996941015,None,64,2,450,4,674.6395052000298,,674.6289704000228,674.6395052000298,675.6181977000087,675.6181977000087,675.632650500047,676.1065418000217,l,0.48468439996941015,None,1,001,2025-10-23_00h19.02.472,untitled,,2025.1.1,59.739440461466,2025-10-23 00h19.09.182987 +0530,
15,35,13,451,3,64,l,0.1341775999753736,None,64,3,451,1,676.1187128000311,,676.108439600037,676.1187128000311,677.0976028000005,677.0976028000005,677.111847800028,677.2380124000483,l,0.1341775999753736,None,1,001,2025-10-23_00h19.02.472,untitled,,2025.1.1,59.739440461466,2025-10-23 00h19.09.182987 +0530,
11,30,7,452,4,64,l,1.342858999967575,None,64,4,452,0,677.2507223000284,,677.24023580004,677.2507223000284,678.2295504000504,678.2295504000504,678.2436382000451,679.5790755000198,l,1.342858999967575,None,1,001,2025-10-23_00h19.02.472,untitled,,2025.1.1,59.739440461466,2025-10-23 00h19.09.182987 +0530,
27,50,21,453,5,64,l,1.536295700003393,None,64,5,453,2,679.5913173000445,,679.5810410000267,679.5913173000445,680.5696383000468,680.5696383000468,680.5837179000373,682.1062842000392,l,1.536295700003393,None,1,001,2025-10-23_00h19.02.472,untitled,,2025.1.1,59.739440461466,2025-10-23 00h19.09.182987 +0530,
40,55,62,454,6,64,l,0.6478231999790296,None,64,6,454,3,682.1182630000403,,682.1081410000334,682.1182630000403,683.0974312000326,683.0974312000326,683.1112464000471,683.7523841000511,l,0.6478231999790296,None,1,001,2025-10-23_00h19.02.472,untitled,,2025.1.1,59.739440461466,2025-10-23 00h19.09.182987 +0530,
78,80,162,455,0,65,t,0.4151338000083342,None,65,0,455,6,683.7646300000488,,683.7541561000398,683.7646300000488,684.7432865000446,684.7432865000446,684.7572933000047,685.1613587000174,t,0.4151338000083342,None,1,001,2025-10-23_00h19.02.472,untitled,,2025.1.1,59.739440461466,2025-10-23 00h19.09.182987 +0530,
40,55,62,456,1,65,t,0.6816646000370383,None,65,1,456,3,685.1746961000026,,685.1636252000462,685.1746961000026,686.1531916000531,686.1531916000531,686.1671988000162,686.8353083000402,t,0.6816646000370383,None,1,001,2025-10-23_00h19.02.472,untitled,,2025.1.1,59.739440461466,2025-10-23 00h19.09.182987 +0530,
27,50,21,457,2,65,l,0.38612070004455745,None,65,2,457,2,686.8472588000004,,686.8371515000472,686.8472588000004,687.82689820003,687.82689820003,687.8403798000072,688.2178127000225,l,0.38612070004455745,None,1,001,2025-10-23_00h19.02.472,untitled,,2025.1.1,59.739440461466,2025-10-23 00h19.09.182987 +0530,
67,75,119,458,3,65,t,0.7259354999987409,None,65,3,458,5,688.2289676000364,,688.2195727000362,688.2289676000364,689.2088556000381,689.2088556000381,689.2226426000125,689.939383000019,t,0.7259354999987409,None,1,001,2025-10-23_00h19.02.472,untitled,,2025.1.1,59.739440461466,2025-10-23 00h19.09.182987 +0530,
11,30,7,459,4,65,l,0.9328157000127248,None,65,4,459,0,689.9518786000554,,689.9414532000083,689.9518786000554,690.9309100000537,690.9309100000537,690.9444371000282,691.8724525000434,l,0.9328157000127248,None,1,001,2025-10-23_00h19.02.472,untitled,,2025.1.1,59.739440461466,2025-10-23 00h19.09.182987 +0530,
49,60,89,460,5,65,t,2.6016645000199787,None,65,5,460,4,691.882525300025,,691.874933300016,691.882525300025,692.875414500013,692.875414500013,692.881961200037,695.4817911999999,t,2.6016645000199787,None,1,001,2025-10-23_00h19.02.472,untitled,,2025.1.1,59.739440461466,2025-10-23 00h19.09.182987 +0530,
15,35,13,461,6,65,l,1.3179283000063151,None,65,6,461,1,695.4928327000234,,695.4836932000471,695.4928327000234,696.4727691000444,696.4727691000444,696.4865856000106,697.7944140000036,l,1.3179283000063151,None,1,001,2025-10-23_00h19.02.472,untitled,,2025.1.1,59.739440461466,2025-10-23 00h19.09.182987 +0530,
40,55,62,462,0,66,t,1.2849094000412151,None,66,0,462,3,697.8066645000363,,697.796508600004,697.8066645000363,698.7854254000122,698.7854254000122,698.7990261000232,700.0716990000219,t,1.2849094000412151,None,1,001,2025-10-23_00h19.02.472,untitled,,2025.1.1,59.739440461466,2025-10-23 00h19.09.182987 +0530,
78,80,162,463,1,66,l,1.2362821000278927,None,66,1,463,6,700.0844422000227,,700.073451000033,700.0844422000227,701.0625618000049,701.0625618000049,701.076494100038,702.3008993000258,l,1.2362821000278927,None,1,001,2025-10-23_00h19.02.472,untitled,,2025.1.1,59.739440461466,2025-10-23 00h19.09.182987 +0530,
49,60,89,464,2,66,t,1.2509678000351414,None,66,2,464,4,702.313660200045,,702.3027678000508,702.313660200045,703.2918209000491,703.2918209000491,703.3057997000287,704.5442248000181,t,1.2509678000351414,None,1,001,2025-10-23_00h19.02.472,untitled,,2025.1.1,59.739440461466,2025-10-23 00h19.09.182987 +0530,
15,35,13,465,3,66,l,0.9319616000284441,None,66,3,465,1,704.556589600048,,704.546321300033,704.556589600048,705.5349129000097,705.5349129000097,705.5489252000116,706.4673769000219,l,0.9319616000284441,None,1,001,2025-10-23_00h19.02.472,untitled,,2025.1.1,59.739440461466,2025-10-23 00h19.09.182987 +0530,
67,75,119,466,4,66,l,6.331730299978517,None,66,4,466,5,706.4792947000242,,706.4693483000156,706.4792947000242,707.4588323000353,707.4588323000353,707.4725226000301,713.7937857000506,l,6.331730299978517,None,1,001,2025-10-23_00h19.02.472,untitled,,2025.1.1,59.739440461466,2025-10-23 00h19.09.182987 +0530,
11,30,7,467,5,66,l,1.1780580999911763,None,66,5,467,0,713.8064663000405,,713.7956367000006,713.8064663000405,714.7850276000099,714.7850276000099,714.7987893000245,715.9671284000506,l,1.1780580999911763,None,1,001,2025-10-23_00h19.02.472,untitled,,2025.1.1,59.739440461466,2025-10-23 00h19.09.182987 +0530,
27,50,21,468,6,66,l,0.4698884999961592,None,66,6,468,2,715.9722440000041,,715.968990000023,715.9722440000041,716.9589525000192,716.9589525000192,716.9652472000453,717.4326233000029,l,0.4698884999961592,None,1,001,2025-10-23_00h19.02.472,untitled,,2025.1.1,59.739440461466,2025-10-23 00h19.09.182987 +0530,
40,55,62,469,0,67,t,1.1199310999945737,None,67,0,469,3,717.4443972000154,,717.4344684000243,717.4443972000154,718.4239043000271,718.4239043000271,718.4376796000288,719.5510579000111,t,1.1199310999945737,None,1,001,2025-10-23_00h19.02.472,untitled,,2025.1.1,59.739440461466,2025-10-23 00h19.09.182987 +0530,
78,80,162,470,1,67,t,3.1900910999975167,None,67,1,470,6,719.562873100047,,719.5529854000197,719.562873100047,720.5418124000425,720.5418124000425,720.555971200054,723.7379813000443,t,3.1900910999975167,None,1,001,2025-10-23_00h19.02.472,untitled,,2025.1.1,59.739440461466,2025-10-23 00h19.09.182987 +0530,
67,75,119,471,2,67,l,0.3854832999641076,None,67,2,471,5,723.7430298000108,,723.7397546000429,723.7430298000108,724.7291424000286,724.7291424000286,724.7369152000174,725.1203208000516,l,0.3854832999641076,None,1,001,2025-10-23_00h19.02.472,untitled,,2025.1.1,59.739440461466,2025-10-23 00h19.09.182987 +0530,
15,35,13,472,3,67,t,0.8541755999904126,None,67,3,472,1,725.1324056000449,,725.1221925000427,725.1324056000449,726.1112618000479,726.1112618000479,726.1254065000103,726.967616900045,t,0.8541755999904126,None,1,001,2025-10-23_00h19.02.472,untitled,,2025.1.1,59.739440461466,2025-10-23 00h19.09.182987 +0530,
27,50,21,473,4,67,l,0.4732533000060357,None,67,4,473,2,726.9799271000084,,726.969470400014,726.9799271000084,727.958347000007,727.958347000007,727.9723023000406,728.4327872000285,l,0.4732533000060357,None,1,001,2025-10-23_00h19.02.472,untitled,,2025.1.1,59.739440461466,2025-10-23 00h19.09.182987 +0530,
11,30,7,474,5,67,t,1.1303262999863364,None,67,5,474,0,728.4444764000364,,728.4346176000545,728.4444764000364,729.4237185000093,729.4237185000093,729.4378961000475,730.5577855000156,t,1.1303262999863364,None,1,001,2025-10-23_00h19.02.472,untitled,,2025.1.1,59.739440461466,2025-10-23 00h19.09.182987 +0530,
49,60,89,475,6,67,l,0.7888502000132576,None,67,6,475,4,730.5696986000403,,730.5596266000066,730.5696986000403,731.5488212000346,731.5488212000346,731.5628828000044,732.3424554000376,l,0.7888502000132576,None,1,001,2025-10-23_00h19.02.472,untitled,,2025.1.1,59.739440461466,2025-10-23 00h19.09.182987 +0530,
15,35,13,476,0,68,t,0.9686843000235967,None,68,0,476,1,732.3549228000338,,732.3443325000117,732.3549228000338,733.3333447000477,733.3333447000477,733.3474026000476,734.3081803000532,t,0.9686843000235967,None,1,001,2025-10-23_00h19.02.472,untitled,,2025.1.1,59.739440461466,2025-10-23 00h19.09.182987 +0530,
67,75,119,477,1,68,l,1.207035499974154,None,68,1,477,5,734.3196173000033,,734.3100872000214,734.3196173000033,735.298907700053,735.298907700053,735.3129132000031,736.5091928000329,l,1.207035499974154,None,1,001,2025-10-23_00h19.02.472,untitled,,2025.1.1,59.739440461466,2025-10-23 00h19.09.182987 +0530,
49,60,89,478,2,68,t,1.041156699997373,None,68,2,478,4,736.5211236000177,,736.5110364000429,736.5211236000177,737.5002328000264,737.5002328000264,737.5140013000346,738.54390530003,t,1.041156699997373,None,1,001,2025-10-23_00h19.02.472,untitled,,2025.1.1,59.739440461466,2025-10-23 00h19.09.182987 +0530,
40,55,62,479,3,68,l,1.0196420999709517,None,68,3,479,3,738.5559429000132,,738.545744300005,738.5559429000132,739.5349200000055,739.5349200000055,739.548947800009,740.5580228000181,l,1.0196420999709517,None,1,001,2025-10-23_00h19.02.472,untitled,,2025.1.1,59.739440461466,2025-10-23 00h19.09.182987 +0530,
78,80,162,480,4,68,t,0.6541461999877356,None,68,4,480,6,740.5690760000143,,740.5597842000425,740.5690760000143,741.5489989000489,741.5489989000489,741.5623573000194,742.2105897000292,t,0.6541461999877356,None,1,001,2025-10-23_00h19.02.472,untitled,,2025.1.1,59.739440461466,2025-10-23 00h19.09.182987 +0530,
11,30,7,481,5,68,l,0.739195899979677,None,68,5,481,0,742.2227641000063,,742.2126090000384,742.2227641000063,743.2012603000039,743.2012603000039,743.2152574000065,743.946562600031,l,0.739195899979677,None,1,001,2025-10-23_00h19.02.472,untitled,,2025.1.1,59.739440461466,2025-10-23 00h19.09.182987 +0530,
27,50,21,482,6,68,t,2.958368599996902,None,68,6,482,2,743.9589647000539,,743.9484809000278,743.9589647000539,744.9374576000264,744.9374576000264,744.9514183000429,747.898135400028,t,2.958368599996902,None,1,001,2025-10-23_00h19.02.472,untitled,,2025.1.1,59.739440461466,2025-10-23 00h19.09.182987 +0530,
49,60,89,483,0,69,l,1.0293821999803185,None,69,0,483,4,747.9098392000305,,747.9000526000164,747.9098392000305,748.8889744000044,748.8889744000044,748.9029065000359,749.9187379000359,l,1.0293821999803185,None,1,001,2025-10-23_00h19.02.472,untitled,,2025.1.1,59.739440461466,2025-10-23 00h19.09.182987 +0530,
78,80,162,484,1,69,t,0.6225098000140861,None,69,1,484,6,749.9313453000505,,749.9205310000107,749.9313453000505,750.9099767000298,750.9099767000298,750.9239272000268,751.5367743000388,t,0.6225098000140861,None,1,001,2025-10-23_00h19.02.472,untitled,,2025.1.1,59.739440461466,2025-10-23 00h19.09.182987 +0530,
27,50,21,485,2,69,l,0.5740699000307359,None,69,2,485,2,751.5490486000199,,751.5387623000424,751.5490486000199,752.527961600048,752.527961600048,752.5417491000262,753.1063014000538,l,0.5740699000307359,None,1,001,2025-10-23_00h19.02.472,untitled,,2025.1.1,59.739440461466,2025-10-23 00h19.09.182987 +0530,
11,30,7,486,3,69,t,0.2917579999775626,None,69,3,486,0,753.1185649000108,,753.1081212999998,753.1185649000108,754.0970840000082,754.0970840000082,754.1117161000147,754.3907665000297,t,0.2917579999775626,None,1,001,2025-10-23_00h19.02.472,untitled,,2025.1.1,59.739440461466,2025-10-23 00h19.09.182987 +0530,
67,75,119,487,4,69,l,0.448013799963519,None,69,4,487,5,754.3956563000102,,754.3925179000362,754.3956563000102,755.3823853000067,755.3823853000067,755.3887623000192,755.8351872000494,l,0.448013799963519,None,1,001,2025-10-23_00h19.02.472,untitled,,2025.1.1,59.739440461466,2025-10-23 00h19.09.182987 +0530,
40,55,62,488,5,69,t,0.27194770000642166,None,69,5,488,3,755.8478287000326,,755.8371317000128,755.8478287000326,756.8263011000236,756.8263011000236,756.8404088000534,757.0988857000484,t,0.27194770000642166,None,1,001,2025-10-23_00h19.02.472,untitled,,2025.1.1,59.739440461466,2025-10-23 00h19.09.182987 +0530,
15,35,13,489,6,69,l,0.4662154999678023,None,69,6,489,1,757.1116211000481,,757.1008179000346,757.1116211000481,758.0904010000522,758.0904010000522,758.1043591000489,758.5573691000463,l,0.4662154999678023,None,1,001,2025-10-23_00h19.02.472,untitled,,2025.1.1,59.739440461466,2025-10-23 00h19.09.182987 +0530,
40,55,62,490,0,70,t,0.489085300010629,None,70,0,490,3,758.5632737000124,,758.5592061000061,758.5632737000124,759.548474500014,759.548474500014,759.5554551000241,760.0434221000178,t,0.489085300010629,None,1,001,2025-10-23_00h19.02.472,untitled,,2025.1.1,59.739440461466,2025-10-23 00h19.09.182987 +0530,
67,75,119,491,1,70,l,0.8043093000305817,None,70,1,491,5,760.048485700041,,760.0451820000308,760.048485700041,761.0350564000546,761.0350564000546,761.0415026000119,761.8427973000216,l,0.8043093000305817,None,1,001,2025-10-23_00h19.02.472,untitled,,2025.1.1,59.739440461466,2025-10-23 00h19.09.182987 +0530,
78,80,162,492,2,70,t,2.7937293000286445,None,70,2,492,6,761.8543807000387,,761.8447625000263,761.8543807000387,762.8335351000424,762.8335351000424,762.84707660001,765.6340711000375,t,2.7937293000286445,None,1,001,2025-10-23_00h19.02.472,untitled,,2025.1.1,59.739440461466,2025-10-23 00h19.09.182987 +0530,
15,35,13,493,3,70,l,1.0312820000108331,None,70,3,493,1,765.6469105000142,,765.6359248000081,765.6469105000142,766.6251846000087,766.6251846000087,766.6389596000081,767.661620000028,l,1.0312820000108331,None,1,001,2025-10-23_00h19.02.472,untitled,,2025.1.1,59.739440461466,2025-10-23 00h19.09.182987 +0530,
49,60,89,494,4,70,t,0.5718238999834284,None,70,4,494,4,767.6734515000135,,767.6635085000307,767.6734515000135,768.6528175999993,768.6528175999993,768.6667406000197,769.2310338000534,t,0.5718238999834284,None,1,001,2025-10-23_00h19.02.472,untitled,,2025.1.1,59.739440461466,2025-10-23 00h19.09.182987 +0530,
11,30,7,495,5,70,l,0.4949902000371367,None,70,5,495,0,769.2426716000191,,769.2328598000458,769.2426716000191,770.2234480000334,770.2234480000334,770.2360241000424,770.7249579000054,l,0.4949902000371367,None,1,001,2025-10-23_00h19.02.472,untitled,,2025.1.1,59.739440461466,2025-10-23 00h19.09.182987 +0530,
27,50,21,496,6,70,t,0.4208904000115581,None,70,6,496,2,770.7357269000495,,770.7269529000041,770.7357269000495,771.715453700046,771.715453700046,771.7299014000455,772.1406429000199,t,0.4208904000115581,None,1,001,2025-10-23_00h19.02.472,untitled,,2025.1.1,59.739440461466,2025-10-23 00h19.09.182987 +0530,
67,75,119,497,0,71,l,0.26568930002395064,None,71,0,497,5,772.1454825000255,,772.1424517999985,772.1454825000255,773.131802500051,773.131802500051,773.1387639000313,773.397677800036,l,0.26568930002395064,None,1,001,2025-10-23_00h19.02.472,untitled,,2025.1.1,59.739440461466,2025-10-23 00h19.09.182987 +0530,
49,60,89,498,1,71,t,0.6034480999805965,None,71,1,498,4,773.4098896000069,,773.399518500024,773.4098896000069,774.389034300053,774.389034300053,774.4034687000094,774.9953090000199,t,0.6034480999805965,None,1,001,2025-10-23_00h19.02.472,untitled,,2025.1.1,59.739440461466,2025-10-23 00h19.09.182987 +0530,
11,30,7,499,2,71,l,0.15649459999985993,None,71,2,499,0,775.0067428000038,,774.9971133000217,775.0067428000038,775.9861737000174,775.9861737000174,775.9999136000406,776.1479577000136,l,0.15649459999985993,None,1,001,2025-10-23_00h19.02.472,untitled,,2025.1.1,59.739440461466,2025-10-23 00h19.09.182987 +0530,
78,80,162,500,3,71,t,0.6806990999612026,None,71,3,500,6,776.1600307000335,,776.1497170000221,776.1600307000335,777.1389038000489,777.1389038000489,777.1531296000467,777.8214899000013,t,0.6806990999612026,None,1,001,2025-10-23_00h19.02.472,untitled,,2025.1.1,59.739440461466,2025-10-23 00h19.09.182987 +0530,
27,50,21,501,4,71,l,1.0223640999756753,None,71,4,501,2,777.8338048000005,,777.8233157000504,777.8338048000005,778.8123625000007,778.8123625000007,778.826242900046,779.8350983000128,l,1.0223640999756753,None,1,001,2025-10-23_00h19.02.472,untitled,,2025.1.1,59.739440461466,2025-10-23 00h19.09.182987 +0530,
40,55,62,502,5,71,t,1.5043312999769114,None,71,5,502,3,779.8471489000367,,779.8369598000427,779.8471489000367,780.8262884000433,780.8262884000433,780.8404748000321,782.3350700000301,t,1.5043312999769114,None,1,001,2025-10-23_00h19.02.472,untitled,,2025.1.1,59.739440461466,2025-10-23 00h19.09.182987 +0530,
15,35,13,503,6,71,l,0.5088505999883637,None,71,6,503,1,782.3473755000159,,782.3369339000201,782.3473755000159,783.3260884000338,783.3260884000338,783.3403421000112,783.835177800036,l,0.5088505999883637,None,1,001,2025-10-23_00h19.02.472,untitled,,2025.1.1,59.739440461466,2025-10-23 00h19.09.182987 +0530,
78,80,162,504,0,72,t,0.30093600001418963,None,72,0,504,6,783.8476385000395,,783.836948000011,783.8476385000395,784.8264043000527,784.8264043000527,784.8400780000375,785.1335832000477,t,0.30093600001418963,None,1,001,2025-10-23_00h19.02.472,untitled,,2025.1.1,59.739440461466,2025-10-23 00h19.09.182987 +0530,
40,55,62,505,1,72,l,1.005248199973721,None,72,1,505,3,785.139044200012,,785.1354327000445,785.139044200012,786.1250235000043,786.1250235000043,786.1321628000005,787.1338991000084,l,1.005248199973721,None,1,001,2025-10-23_00h19.02.472,untitled,,2025.1.1,59.739440461466,2025-10-23 00h19.09.182987 +0530,
49,60,89,506,2,72,t,0.14669269998557866,None,72,2,506,4,787.1457680000458,,787.1357400999987,787.1457680000458,788.1250698000076,788.1250698000076,788.1392740000156,788.2729892000207,t,0.14669269998557866,None,1,001,2025-10-23_00h19.02.472,untitled,,2025.1.1,59.739440461466,2025-10-23 00h19.09.182987 +0530,
11,30,7,507,3,72,l,0.46610970003530383,None,72,3,507,0,788.2848730000551,,788.2749696000246,788.2848730000551,789.2639449000126,789.2639449000126,789.2775180000463,789.7310374000226,l,0.46610970003530383,None,1,001,2025-10-23_00h19.02.472,untitled,,2025.1.1,59.739440461466,2025-10-23 00h19.09.182987 +0530,
27,50,21,508,4,72,t,0.4107296000001952,None,72,4,508,2,789.7428393000155,,789.732883800054,789.7428393000155,790.722105599998,790.722105599998,790.736072700005,791.1338130000513,t,0.4107296000001952,None,1,001,2025-10-23_00h19.02.472,untitled,,2025.1.1,59.739440461466,2025-10-23 00h19.09.182987 +0530,
67,75,119,509,5,72,l,1.0733237999957055,None,72,5,509,5,791.1463769000256,,791.1355783000472,791.1463769000256,792.1249875000212,792.1249875000212,792.1387755000032,793.2031881000148,l,1.0733237999957055,None,1,001,2025-10-23_00h19.02.472,untitled,,2025.1.1,59.739440461466,2025-10-23 00h19.09.182987 +0530,
15,35,13,510,6,72,t,0.29686950001632795,None,72,6,510,1,793.2154208000284,,793.2050290000043,793.2154208000284,794.1944159000413,794.1944159000413,794.2085490000318,794.4952430000412,t,0.29686950001632795,None,1,001,2025-10-23_00h19.02.472,untitled,,2025.1.1,59.739440461466,2025-10-23 00h19.09.182987 +0530,
11,30,7,511,0,73,l,1.0415673999814317,None,73,0,511,0,794.5072614000528,,794.4971502000117,794.5072614000528,795.4860803000047,795.4860803000047,795.5001580000389,796.5298094000318,l,1.0415673999814317,None,1,001,2025-10-23_00h19.02.472,untitled,,2025.1.1,59.739440461466,2025-10-23 00h19.09.182987 +0530,
15,35,13,512,1,73,t,0.5670708999969065,None,73,1,512,1,796.541740900022,,796.5316552000004,796.541740900022,797.5208666000399,797.5208666000399,797.5344145999989,798.0919414000236,t,0.5670708999969065,None,1,001,2025-10-23_00h19.02.472,untitled,,2025.1.1,59.739440461466,2025-10-23 00h19.09.182987 +0530,
49,60,89,513,2,73,l,0.5890920999809168,None,73,2,513,4,798.0970608000061,,798.0937928000349,798.0970608000061,799.0832912000478,799.0832912000478,799.0900895000086,799.6754002000089,l,0.5890920999809168,None,1,001,2025-10-23_00h19.02.472,untitled,,2025.1.1,59.739440461466,2025-10-23 00h19.09.182987 +0530,
78,80,162,514,3,73,t,1.3815275000524707,None,73,3,514,6,799.6877498000395,,799.6773458000389,799.6877498000395,800.6663692000438,800.6663692000438,800.681133200007,802.0506201000535,t,1.3815275000524707,None,1,001,2025-10-23_00h19.02.472,untitled,,2025.1.1,59.739440461466,2025-10-23 00h19.09.182987 +0530,
27,50,21,515,4,73,l,0.43828950001625344,None,73,4,515,2,802.0622794000083,,802.0524413000094,802.0622794000083,803.0415897000348,803.0415897000348,803.055528900004,803.481191000028,l,0.43828950001625344,None,1,001,2025-10-23_00h19.02.472,untitled,,2025.1.1,59.739440461466,2025-10-23 00h19.09.182987 +0530,
67,75,119,516,5,73,t,1.7638760000118054,None,73,5,516,5,803.4933180000517,,803.4829927000101,803.4933180000517,804.4722857000306,804.4722857000306,804.4861023000558,806.237840900023,t,1.7638760000118054,None,1,001,2025-10-23_00h19.02.472,untitled,,2025.1.1,59.739440461466,2025-10-23 00h19.09.182987 +0530,
40,55,62,517,6,73,l,0.47463020001305267,None,73,6,517,3,806.2502333000302,,806.2398303000373,806.2502333000302,807.2288381000399,807.2288381000399,807.2430968000554,807.7100904000108,l,0.47463020001305267,None,1,001,2025-10-23_00h19.02.472,untitled,,2025.1.1,59.739440461466,2025-10-23 00h19.09.182987 +0530,
11,30,7,518,0,74,t,0.34551419998751953,None,74,0,518,0,807.7223542000283,,807.711981200031,807.7223542000283,808.7013848000206,808.7013848000206,808.7151813000091,809.050953500031,t,0.34551419998751953,None,1,001,2025-10-23_00h19.02.472,untitled,,2025.1.1,59.739440461466,2025-10-23 00h19.09.182987 +0530,
15,35,13,519,1,74,l,0.4775165999890305,None,74,1,519,1,809.0640710000298,,809.0529667000519,809.0640710000298,810.0420977000031,810.0420977000031,810.0558056000154,810.5237617000239,l,0.4775165999890305,None,1,001,2025-10-23_00h19.02.472,untitled,,2025.1.1,59.739440461466,2025-10-23 00h19.09.182987 +0530,
49,60,89,520,2,74,t,0.8740822999970987,None,74,2,520,4,810.5341304000467,,810.5259053000482,810.5341304000467,811.5145759000443,811.5145759000443,811.5281865000143,812.3914806000539,t,0.8740822999970987,None,1,001,2025-10-23_00h19.02.472,untitled,,2025.1.1,59.739440461466,2025-10-23 00h19.09.182987 +0530,
27,50,21,521,3,74,l,0.6366498999996111,None,74,3,521,2,812.4032036000281,,812.3935553000192,812.4032036000281,813.3822260000161,813.3822260000161,813.3962444000063,814.0248871000367,l,0.6366498999996111,None,1,001,2025-10-23_00h19.02.472,untitled,,2025.1.1,59.739440461466,2025-10-23 00h19.09.182987 +0530,
78,80,162,522,4,74,t,1.0435902999597602,None,74,4,522,6,814.0353033000138,,814.0272126000491,814.0353033000138,815.0212442000047,815.0212442000047,815.0282170000137,816.0652441999991,t,1.0435902999597602,None,1,001,2025-10-23_00h19.02.472,untitled,,2025.1.1,59.739440461466,2025-10-23 00h19.09.182987 +0530,
40,55,62,523,5,74,l,0.5034909000387415,None,74,5,523,3,816.0768849000451,,816.0671804000158,816.0768849000451,817.0561239000526,817.0561239000526,817.0701404000283,817.5643454000237,l,0.5034909000387415,None,1,001,2025-10-23_00h19.02.472,untitled,,2025.1.1,59.739440461466,2025-10-23 00h19.09.182987 +0530,
67,75,119,524,6,74,t,0.5989095999975689,None,74,6,524,5,817.5767591000185,,817.5660944000119,817.5767591000185,818.5553929000162,818.5553929000162,818.5693770000362,819.1549124000012,t,0.5989095999975689,None,1,001,2025-10-23_00h19.02.472,untitled,,2025.1.1,59.739440461466,2025-10-23 00h19.09.182987 +0530,
67,75,119,525,0,75,l,0.3313048999989405,None,75,0,525,5,819.1600936000468,,819.155018999998,819.1600936000468,820.1461016000248,820.1461016000248,820.1530006000539,820.4834691000287,l,0.3313048999989405,None,1,001,2025-10-23_00h19.02.472,untitled,,2025.1.1,59.739440461466,2025-10-23 00h19.09.182987 +0530,
78,80,162,526,1,75,t,0.47624689998338,None,75,1,526,6,820.4926844000001,,820.4855556000257,820.4926844000001,821.4797252000426,821.4797252000426,821.4859589000116,821.9670526000555,t,0.47624689998338,None,1,001,2025-10-23_00h19.02.472,untitled,,2025.1.1,59.739440461466,2025-10-23 00h19.09.182987 +0530,
15,35,13,527,2,75,l,0.9329629000276327,None,75,2,527,1,821.9787490000017,,821.9693036000244,821.9787490000017,822.9585352000431,822.9585352000431,822.9724848000333,823.8977388000349,l,0.9329629000276327,None,1,001,2025-10-23_00h19.02.472,untitled,,2025.1.1,59.739440461466,2025-10-23 00h19.09.182987 +0530,
40,55,62,528,3,75,t,0.47987819998525083,None,75,3,528,3,823.9099548000377,,823.8995509000379,823.9099548000377,824.8893282000208,824.8893282000208,824.9039633000502,825.3703244000208,t,0.47987819998525083,None,1,001,2025-10-23_00h19.02.472,untitled,,2025.1.1,59.739440461466,2025-10-23 00h19.09.182987 +0530,
11,30,7,529,4,75,l,5.7145058999885805,None,75,4,529,0,825.3822478000075,,825.3723223000416,825.3822478000075,826.3612922000466,826.3612922000466,826.3750972000416,832.0784037000267,l,5.7145058999885805,None,1,001,2025-10-23_00h19.02.472,untitled,,2025.1.1,59.739440461466,2025-10-23 00h19.09.182987 +0530,
49,60,89,530,5,75,t,1.663547100033611,None,75,5,530,4,832.0899891000008,,832.0805097000557,832.0899891000008,833.0692266000551,833.0692266000551,833.0830925000482,834.7377453000518,t,1.663547100033611,None,1,001,2025-10-23_00h19.02.472,untitled,,2025.1.1,59.739440461466,2025-10-23 00h19.09.182987 +0530,
27,50,21,531,6,75,l,0.38167029997566715,None,75,6,531,2,834.7499722000211,,834.7398052000208,834.7499722000211,835.729191200051,835.729191200051,835.742902100028,836.1128469000105,l,0.38167029997566715,None,1,001,2025-10-23_00h19.02.472,untitled,,2025.1.1,59.739440461466,2025-10-23 00h19.09.182987 +0530,
67,75,119,532,0,76,t,0.859971699945163,None,76,0,532,5,836.1254748000065,,836.1147485000547,836.1254748000065,837.1038164000493,837.1038164000493,837.1179086000193,837.9672021000297,t,0.859971699945163,None,1,001,2025-10-23_00h19.02.472,untitled,,2025.1.1,59.739440461466,2025-10-23 00h19.09.182987 +0530,
27,50,21,533,1,76,l,0.8240586000028998,None,76,1,533,2,837.9791149000521,,837.969035200018,837.9791149000521,838.958272000018,838.958272000018,838.9720677000005,839.7863484000554,l,0.8240586000028998,None,1,001,2025-10-23_00h19.02.472,untitled,,2025.1.1,59.739440461466,2025-10-23 00h19.09.182987 +0530,
78,80,162,534,2,76,t,0.8683461000327952,None,76,2,534,6,839.7986819000216,,839.7882024000282,839.7986819000216,840.7776347000035,840.7776347000035,840.791668400052,841.6474395000259,t,0.8683461000327952,None,1,001,2025-10-23_00h19.02.472,untitled,,2025.1.1,59.739440461466,2025-10-23 00h19.09.182987 +0530,
49,60,89,535,3,76,l,0.37987930001690984,None,76,3,535,4,841.6602156000445,,841.6492829000344,841.6602156000445,842.6384223000496,842.6384223000496,842.6522830000031,843.0230712000048,l,0.37987930001690984,None,1,001,2025-10-23_00h19.02.472,untitled,,2025.1.1,59.739440461466,2025-10-23 00h19.09.182987 +0530,
15,35,13,536,4,76,t,0.12298759998520836,None,76,4,536,1,843.0340846000472,,843.0249186000437,843.0340846000472,844.0139628000325,844.0139628000325,844.0278554000542,844.1405286000227,t,0.12298759998520836,None,1,001,2025-10-23_00h19.02.472,untitled,,2025.1.1,59.739440461466,2025-10-23 00h19.09.182987 +0530,
40,55,62,537,5,76,l,1.3099272000254132,None,76,5,537,3,844.1527569000027,,844.1425140000065,844.1527569000027,845.1315390000236,845.1315390000236,845.145915000001,846.4460919000558,l,1.3099272000254132,None,1,001,2025-10-23_00h19.02.472,untitled,,2025.1.1,59.739440461466,2025-10-23 00h19.09.182987 +0530,
11,30,7,538,6,76,l,2.35194030002458,None,76,6,538,0,846.4585328000248,,846.4482583000208,846.4585328000248,847.4375392000074,847.4375392000074,847.4513364000013,849.7942946000258,l,2.35194030002458,None,1,001,2025-10-23_00h19.02.472,untitled,,2025.1.1,59.739440461466,2025-10-23 00h19.09.182987 +0530,
49,60,89,539,0,77,t,1.3445181000279263,None,77,0,539,4,849.8058273000061,,849.7962325999979,849.8058273000061,850.7848548000329,850.7848548000329,850.798260200012,852.1336011000094,t,1.3445181000279263,None,1,001,2025-10-23_00h19.02.472,untitled,,2025.1.1,59.739440461466,2025-10-23 00h19.09.182987 +0530,
11,30,7,540,1,77,l,0.33559760003117844,None,77,1,540,0,852.1460429000435,,852.1356509000179,852.1460429000435,853.1246059000259,853.1246059000259,853.1384951000218,853.4669260000228,l,0.33559760003117844,None,1,001,2025-10-23_00h19.02.472,untitled,,2025.1.1,59.739440461466,2025-10-23 00h19.09.182987 +0530,
78,80,162,541,2,77,t,0.9220490999869071,None,77,2,541,6,853.4794083000161,,853.468840000045,853.4794083000161,854.45796780003,854.45796780003,854.4719254000229,855.3835723000229,t,0.9220490999869071,None,1,001,2025-10-23_00h19.02.472,untitled,,2025.1.1,59.739440461466,2025-10-23 00h19.09.182987 +0530,
15,35,13,542,3,77,l,0.6314320999663323,None,77,3,542,1,855.3953487000545,,855.3855638000532,855.3953487000545,856.3749551000074,856.3749551000074,856.3886747000506,857.008591800055,l,0.6314320999663323,None,1,001,2025-10-23_00h19.02.472,untitled,,2025.1.1,59.739440461466,2025-10-23 00h19.09.182987 +0530,
67,75,119,543,4,77,t,0.27283480000915006,None,77,4,543,5,857.0213387000258,,857.0103542000288,857.0213387000258,857.9997663000249,857.9997663000249,858.0137277000467,858.2790914000361,t,0.27283480000915006,None,1,001,2025-10-23_00h19.02.472,untitled,,2025.1.1,59.739440461466,2025-10-23 00h19.09.182987 +0530,
40,55,62,544,5,77,l,1.2005299999727868,None,77,5,544,3,858.2842429000302,,858.2809036000399,858.2842429000302,859.2703259000555,859.2703259000555,859.2775493000518,860.4741483000107,l,1.2005299999727868,None,1,001,2025-10-23_00h19.02.472,untitled,,2025.1.1,59.739440461466,2025-10-23 00h19.09.182987 +0530,
27,50,21,545,6,77,t,0.8698715000064112,None,77,6,545,2,860.4862548000528,,860.4760310000274,860.4862548000528,861.4650525000179,861.4650525000179,861.4786689000321,862.3416584000224,t,0.8698715000064112,None,1,001,2025-10-23_00h19.02.472,untitled,,2025.1.1,59.739440461466,2025-10-23 00h19.09.182987 +0530,
15,35,13,546,0,78,l,0.26846559997648,None,78,0,546,1,862.3470810000435,,862.3435049000545,862.3470810000435,863.3329643000034,863.3329643000034,863.3400245000375,863.605536600051,l,0.26846559997648,None,1,001,2025-10-23_00h19.02.472,untitled,,2025.1.1,59.739440461466,2025-10-23 00h19.09.182987 +0530,
27,50,21,547,1,78,t,0.17766950000077486,None,78,1,547,2,863.6104653000366,,863.6073755000252,863.6104653000366,864.5970934000215,864.5970934000215,864.6041197000304,864.7793755000457,t,0.17766950000077486,None,1,001,2025-10-23_00h19.02.472,untitled,,2025.1.1,59.739440461466,2025-10-23 00h19.09.182987 +0530,
40,55,62,548,2,78,l,0.4118517000460997,None,78,2,548,3,864.7915861000074,,864.7814219000284,864.7915861000074,865.7706200000248,865.7706200000248,865.7845975000528,866.1893093000399,l,0.4118517000460997,None,1,001,2025-10-23_00h19.02.472,untitled,,2025.1.1,59.739440461466,2025-10-23 00h19.09.182987 +0530,
67,75,119,549,3,78,t,1.1656027000281028,None,78,3,549,5,866.2012789000291,,866.1912358000409,866.2012789000291,867.180276500003,867.180276500003,867.1944256999996,868.348879600002,t,1.1656027000281028,None,1,001,2025-10-23_00h19.02.472,untitled,,2025.1.1,59.739440461466,2025-10-23 00h19.09.182987 +0530,
49,60,89,550,4,78,l,0.5625561999622732,None,78,4,550,4,868.3609467000351,,868.3510277000023,868.3609467000351,869.339744900004,869.339744900004,869.3536856000428,869.9044310000027,l,0.5625561999622732,None,1,001,2025-10-23_00h19.02.472,untitled,,2025.1.1,59.739440461466,2025-10-23 00h19.09.182987 +0530,
78,80,162,551,5,78,t,1.4080477000097744,None,78,5,551,6,869.9169728000415,,869.9061865000403,869.9169728000415,870.9023705000291,870.9023705000291,870.9093933000113,872.3140231000143,t,1.4080477000097744,None,1,001,2025-10-23_00h19.02.472,untitled,,2025.1.1,59.739440461466,2025-10-23 00h19.09.182987 +0530,
11,30,7,552,6,78,l,0.7694402000051923,None,78,6,552,0,872.3270672000363,,872.3160304000485,872.3270672000363,873.3052897000453,873.3052897000453,873.3204668000108,874.0784041000297,l,0.7694402000051923,None,1,001,2025-10-23_00h19.02.472,untitled,,2025.1.1,59.739440461466,2025-10-23 00h19.09.182987 +0530,
40,55,62,553,0,79,t,0.5690633000340313,None,79,0,553,3,874.0900213000132,,874.08044780005,874.0900213000132,875.0691166000324,875.0691166000324,875.0827017000411,875.6415568000521,t,0.5690633000340313,None,1,001,2025-10-23_00h19.02.472,untitled,,2025.1.1,59.739440461466,2025-10-23 00h19.09.182987 +0530,
49,60,89,554,1,79,l,0.43437400000402704,None,79,1,554,4,875.6522975999978,,875.6438940000371,875.6522975999978,876.6315279999981,876.6315279999981,876.6454137000255,877.0717005000333,l,0.43437400000402704,None,1,001,2025-10-23_00h19.02.472,untitled,,2025.1.1,59.739440461466,2025-10-23 00h19.09.182987 +0530,
67,75,119,555,2,79,t,0.3008119000005536,None,79,2,555,5,877.0828273000079,,877.0738626000239,877.0828273000079,878.0689237000188,878.0689237000188,878.0760179000208,878.3765292000026,t,0.3008119000005536,None,1,001,2025-10-23_00h19.02.472,untitled,,2025.1.1,59.739440461466,2025-10-23 00h19.09.182987 +0530,
15,35,13,556,3,79,l,0.3714280999847688,None,79,3,556,1,878.3887634000275,,878.3784215000342,878.3887634000275,879.3676334000193,879.3676334000193,879.381667300011,879.7444907000172,l,0.3714280999847688,None,1,001,2025-10-23_00h19.02.472,untitled,,2025.1.1,59.739440461466,2025-10-23 00h19.09.182987 +0530,
27,50,21,557,4,79,t,0.2157223999965936,None,79,4,557,2,879.7567608000245,,879.7463134000427,879.7567608000245,880.7354805000359,880.7354805000359,880.7497090000543,880.9528293000185,t,0.2157223999965936,None,1,001,2025-10-23_00h19.02.472,untitled,,2025.1.1,59.739440461466,2025-10-23 00h19.09.182987 +0530,
78,80,162,558,5,79,l,1.4120273999869823,None,79,5,558,6,880.9581026000087,,880.9545817000326,880.9581026000087,881.9444507000153,881.9444507000153,881.9513098000316,883.3625208000303,l,1.4120273999869823,None,1,001,2025-10-23_00h19.02.472,untitled,,2025.1.1,59.739440461466,2025-10-23 00h19.09.182987 +0530,
11,30,7,559,6,79,t,1.0484778999816626,None,79,6,559,0,883.3677870000247,,883.3643449000083,883.3677870000247,884.3541628000094,884.3541628000094,884.3609105000505,885.4042120000231,t,1.0484778999816626,None,1,001,2025-10-23_00h19.02.472,untitled,,2025.1.1,59.739440461466,2025-10-23 00h19.09.182987 +0530,
49,60,89,560,0,80,l,0.5788736999966204,None,80,0,560,4,885.4167142000515,,885.4060725000454,885.4167142000515,886.402965700021,886.402965700021,886.4091367000365,886.989698600024,l,0.5788736999966204,None,1,001,2025-10-23_00h19.02.472,untitled,,2025.1.1,59.739440461466,2025-10-23 00h19.09.182987 +0530,
27,50,21,561,1,80,t,1.2199692000285722,None,80,1,561,2,886.9998269000207,,886.9920000000275,886.9998269000207,887.9858670000103,887.9858670000103,887.9927393000107,889.2100107000442,t,1.2199692000285722,None,1,001,2025-10-23_00h19.02.472,untitled,,2025.1.1,59.739440461466,2025-10-23 00h19.09.182987 +0530,
67,75,119,562,2,80,l,0.6960325999534689,None,80,2,562,5,889.2218149000546,,889.2117614000454,889.2218149000546,890.2011791000259,890.2011791000259,890.2151609000284,890.8977095000446,l,0.6960325999534689,None,1,001,2025-10-23_00h19.02.472,untitled,,2025.1.1,59.739440461466,2025-10-23 00h19.09.182987 +0530,
78,80,162,563,3,80,t,0.577903299999889,None,80,3,563,6,890.9095789000276,,890.8995314000058,890.9095789000276,891.8885807000333,891.8885807000333,891.9024004000239,892.4668454000494,t,0.577903299999889,None,1,001,2025-10-23_00h19.02.472,untitled,,2025.1.1,59.739440461466,2025-10-23 00h19.09.182987 +0530,
40,55,62,564,4,80,l,0.512554100016132,None,80,4,564,3,892.4802285000333,,892.4693331000162,892.4802285000333,893.4576699000318,893.4576699000318,893.4716273000231,893.97386800003,l,0.512554100016132,None,1,001,2025-10-23_00h19.02.472,untitled,,2025.1.1,59.739440461466,2025-10-23 00h19.09.182987 +0530,
15,35,13,565,5,80,t,0.31474669999442995,None,80,5,565,1,893.9861462000408,,893.97571530001,893.9861462000408,894.9721521000029,894.9721521000029,894.9786433000118,895.2949801000068,t,0.31474669999442995,None,1,001,2025-10-23_00h19.02.472,untitled,,2025.1.1,59.739440461466,2025-10-23 00h19.09.182987 +0530,
11,30,7,566,6,80,l,0.8204398000380024,None,80,6,566,0,895.3049504000228,,895.297148200043,895.3049504000228,896.284122800047,896.284122800047,896.2982381000184,897.1053963000304,l,0.8204398000380024,None,1,001,2025-10-23_00h19.02.472,untitled,,2025.1.1,59.739440461466,2025-10-23 00h19.09.182987 +0530,
11,30,7,567,0,81,t,1.0359862000332214,None,81,0,567,0,897.1107278999989,,897.1055000000051,897.1107278999989,898.0967348000268,898.0967348000268,898.1037485999987,899.1336255000206,t,1.0359862000332214,None,1,001,2025-10-23_00h19.02.472,untitled,,2025.1.1,59.739440461466,2025-10-23 00h19.09.182987 +0530,
67,75,119,568,1,81,l,0.6534297000034712,None,81,1,568,5,899.1452100000461,,899.135388900002,899.1452100000461,900.1243428000016,900.1243428000016,900.1386200000416,900.7795527999988,l,0.6534297000034712,None,1,001,2025-10-23_00h19.02.472,untitled,,2025.1.1,59.739440461466,2025-10-23 00h19.09.182987 +0530,
78,80,162,569,2,81,t,0.925754500029143,None,81,2,569,6,900.7913543000468,,900.7813237000373,900.7913543000468,901.7703771000379,901.7703771000379,901.7843194000307,902.703123400046,t,0.925754500029143,None,1,001,2025-10-23_00h19.02.472,untitled,,2025.1.1,59.739440461466,2025-10-23 00h19.09.182987 +0530,
27,50,21,570,3,81,l,0.5218851999961771,None,81,3,570,2,902.7148335000384,,902.7051081000245,902.7148335000384,903.6940869000391,903.6940869000391,903.7080108000082,904.2167136000353,l,0.5218851999961771,None,1,001,2025-10-23_00h19.02.472,untitled,,2025.1.1,59.739440461466,2025-10-23 00h19.09.182987 +0530,
15,35,13,571,4,81,t,0.567359300039243,None,81,4,571,1,904.2286906000227,,904.2185596000054,904.2286906000227,905.2080389000475,905.2080389000475,905.2219729000353,905.7790066000307,t,0.567359300039243,None,1,001,2025-10-23_00h19.02.472,untitled,,2025.1.1,59.739440461466,2025-10-23 00h19.09.182987 +0530,
49,60,89,572,5,81,l,0.42853410000680014,None,81,5,572,4,905.7841368000372,,905.780821100052,905.7841368000372,906.7707508000312,906.7707508000312,906.7771836000029,907.2029893000145,l,0.42853410000680014,None,1,001,2025-10-23_00h19.02.472,untitled,,2025.1.1,59.739440461466,2025-10-23 00h19.09.182987 +0530,
40,55,62,573,6,81,t,0.3285421999753453,None,81,6,573,3,907.2146116000367,,907.2048218999989,907.2146116000367,908.1940501000499,908.1940501000499,908.2077721000533,908.5291518000304,t,0.3285421999753453,None,1,001,2025-10-23_00h19.02.472,untitled,,2025.1.1,59.739440461466,2025-10-23 00h19.09.182987 +0530,
67,75,119,574,0,82,l,0.35202679998474196,None,82,0,574,5,908.5342833000468,,908.5309372000047,908.5342833000468,909.5203138000215,909.5203138000215,909.5274929000298,909.8768737000064,l,0.35202679998474196,None,1,001,2025-10-23_00h19.02.472,untitled,,2025.1.1,59.739440461466,2025-10-23 00h19.09.182987 +0530,
78,80,162,575,1,82,t,0.49979490000987425,None,82,1,575,6,909.8883119000238,,909.8787160000065,909.8883119000238,910.8675392000005,910.8675392000005,910.8818539000349,911.3697430000175,t,0.49979490000987425,None,1,001,2025-10-23_00h19.02.472,untitled,,2025.1.1,59.739440461466,2025-10-23 00h19.09.182987 +0530,
40,55,62,576,2,82,l,0.31395829998655245,None,82,2,576,3,911.3817252000445,,911.3716101000318,911.3817252000445,912.360800000024,912.360800000024,912.3744205000112,912.6751783000072,l,0.31395829998655245,None,1,001,2025-10-23_00h19.02.472,untitled,,2025.1.1,59.739440461466,2025-10-23 00h19.09.182987 +0530,
15,35,13,577,3,82,l,0.18135400000028312,None,82,3,577,1,912.6873744000331,,912.6770951000508,912.6873744000331,913.6670597000048,913.6670597000048,913.6805651000468,913.8557818000554,l,0.18135400000028312,None,1,001,2025-10-23_00h19.02.472,untitled,,2025.1.1,59.739440461466,2025-10-23 00h19.09.182987 +0530,
27,50,21,578,4,82,l,0.963373499980662,None,82,4,578,2,913.8683085000375,,913.8578834000509,913.8683085000375,914.8465327000013,914.8465327000013,914.8605171000236,915.8144620000385,l,0.963373499980662,None,1,001,2025-10-23_00h19.02.472,untitled,,2025.1.1,59.739440461466,2025-10-23 00h19.09.182987 +0530,
49,60,89,579,5,82,l,0.32944720005616546,None,82,5,579,4,915.826280200039,,915.816392800014,915.826280200039,916.8051556000137,916.8051556000137,916.8189820000553,917.1401367000071,l,0.32944720005616546,None,1,001,2025-10-23_00h19.02.472,untitled,,2025.1.1,59.739440461466,2025-10-23 00h19.09.182987 +0530,
11,30,7,580,6,82,l,0.3297714000218548,None,82,6,580,0,917.1456263000146,,917.1419762000442,917.1456263000146,918.1317830000189,918.1317830000189,918.1384340000222,918.4664734000107,l,0.3297714000218548,None,1,001,2025-10-23_00h19.02.472,untitled,,2025.1.1,59.739440461466,2025-10-23 00h19.09.182987 +0530,
78,80,162,581,0,83,l,0.871714000008069,None,83,0,581,6,918.4714791000006,,918.4683042000397,918.4714791000006,919.4582480000099,919.4582480000099,919.4645559000201,920.3347769000102,l,0.871714000008069,None,1,001,2025-10-23_00h19.02.472,untitled,,2025.1.1,59.739440461466,2025-10-23 00h19.09.182987 +0530,
15,35,13,582,1,83,l,1.6534946999745443,None,83,1,582,1,920.3469012000132,,920.3370163000072,920.3469012000132,921.3258038000204,921.3258038000204,921.3399173000362,922.9809079000261,l,1.6534946999745443,None,1,001,2025-10-23_00h19.02.472,untitled,,2025.1.1,59.739440461466,2025-10-23 00h19.09.182987 +0530,
11,30,7,583,2,83,t,0.937288599961903,None,83,2,583,0,922.9929888000479,,922.9828959000297,922.9929888000479,923.9718278000364,923.9718278000364,923.9857864000369,924.9111715000472,t,0.937288599961903,None,1,001,2025-10-23_00h19.02.472,untitled,,2025.1.1,59.739440461466,2025-10-23 00h19.09.182987 +0530,
27,50,21,584,3,83,l,1.9390029999776743,None,83,3,584,2,924.9234527000226,,924.9131396000157,924.9234527000226,925.9023976000026,925.9023976000026,925.9159612000221,927.8425016000401,l,1.9390029999776743,None,1,001,2025-10-23_00h19.02.472,untitled,,2025.1.1,59.739440461466,2025-10-23 00h19.09.182987 +0530,
40,55,62,585,4,83,t,0.4215187000227161,None,83,4,585,3,927.8533259000396,,927.8444101000205,927.8533259000396,928.8329518000246,928.8329518000246,928.8465133000282,929.2590384000214,t,0.4215187000227161,None,1,001,2025-10-23_00h19.02.472,untitled,,2025.1.1,59.739440461466,2025-10-23 00h19.09.182987 +0530,
67,75,119,586,5,83,l,0.45314980001421645,None,83,5,586,5,929.2705790000036,,929.2609766000533,929.2705790000036,930.2493474000366,930.2493474000366,930.2637224000064,930.7029929000419,l,0.45314980001421645,None,1,001,2025-10-23_00h19.02.472,untitled,,2025.1.1,59.739440461466,2025-10-23 00h19.09.182987 +0530,
49,60,89,587,6,83,t,0.21388320002006367,None,83,6,587,4,930.7144650000264,,930.7048261000309,930.7144650000264,931.6937399000162,931.6937399000162,931.707688800001,931.9112092000432,t,0.21388320002006367,None,1,001,2025-10-23_00h19.02.472,untitled,,2025.1.1,59.739440461466,2025-10-23 00h19.09.182987 +0530,
40,55,62,588,0,84,l,0.4441131000057794,None,84,0,588,3,931.9235264000017,,931.9131108000292,931.9235264000017,932.9028093000525,932.9028093000525,932.916122900031,933.3486081000301,l,0.4441131000057794,None,1,001,2025-10-23_00h19.02.472,untitled,,2025.1.1,59.739440461466,2025-10-23 00h19.09.182987 +0530,
49,60,89,589,1,84,t,0.4459040999645367,None,84,1,589,4,933.3616057000472,,933.3504548000055,933.3616057000472,934.3396991000045,934.3396991000045,934.3538349000155,934.7858484000317,t,0.4459040999645367,None,1,001,2025-10-23_00h19.02.472,untitled,,2025.1.1,59.739440461466,2025-10-23 00h19.09.182987 +0530,
78,80,162,590,2,84,t,0.2536022999556735,None,84,2,590,6,934.7912581000128,,934.7876121000154,934.7912581000128,935.7773515000008,935.7773515000008,935.7844286000472,936.0358579000458,t,0.2536022999556735,None,1,001,2025-10-23_00h19.02.472,untitled,,2025.1.1,59.739440461466,2025-10-23 00h19.09.182987 +0530,
11,30,7,591,3,84,l,0.42062990000704303,None,84,3,591,0,936.0479656000389,,936.0376697000465,936.0479656000389,937.0347471000277,937.0347471000277,937.0409774000291,937.461722600041,l,0.42062990000704303,None,1,001,2025-10-23_00h19.02.472,untitled,,2025.1.1,59.739440461466,2025-10-23 00h19.09.182987 +0530,
67,75,119,592,4,84,l,0.2932643000385724,None,84,4,592,5,937.4717972000362,,937.4637634000392,937.4717972000362,938.4593471000553,938.4593471000553,938.4646318000159,938.7581952000037,l,0.2932643000385724,None,1,001,2025-10-23_00h19.02.472,untitled,,2025.1.1,59.739440461466,2025-10-23 00h19.09.182987 +0530,
15,35,13,593,5,84,l,0.713302299962379,None,84,5,593,1,938.7708987000515,,938.7600604000036,938.7708987000515,939.7492493000464,939.7492493000464,939.7631878000102,940.4671673000557,l,0.713302299962379,None,1,001,2025-10-23_00h19.02.472,untitled,,2025.1.1,59.739440461466,2025-10-23 00h19.09.182987 +0530,
27,50,21,594,6,84,t,0.5900475999806076,None,84,6,594,2,940.4789858000004,,940.4693966000341,940.4789858000004,941.458167600038,941.458167600038,941.471658000024,942.0496714000474,t,0.5900475999806076,None,1,001,2025-10-23_00h19.02.472,untitled,,2025.1.1,59.739440461466,2025-10-23 00h19.09.182987 +0530,
27,50,21,595,0,85,l,0.5509700000402518,None,85,0,595,2,942.0551929000067,,942.0497731000069,942.0551929000067,943.0412483000546,943.0412483000546,943.0481681000092,943.5985913000186,l,0.5509700000402518,None,1,001,2025-10-23_00h19.02.472,untitled,,2025.1.1,59.739440461466,2025-10-23 00h19.09.182987 +0530,
40,55,62,596,1,85,t,0.3636263000080362,None,85,1,596,3,943.6109029000509,,943.6004231999977,943.6109029000509,944.5911035000463,944.5911035000463,944.6035308000282,944.9599827000056,t,0.3636263000080362,None,1,001,2025-10-23_00h19.02.472,untitled,,2025.1.1,59.739440461466,2025-10-23 00h19.09.182987 +0530,
67,75,119,597,2,85,l,0.35101270000450313,None,85,2,597,5,944.9720484000281,,944.9618033000152,944.9720484000281,945.9509457000531,945.9509457000531,945.9648879000451,946.3066042000428,l,0.35101270000450313,None,1,001,2025-10-23_00h19.02.472,untitled,,2025.1.1,59.739440461466,2025-10-23 00h19.09.182987 +0530,
15,35,13,598,3,85,t,0.33616179996170104,None,85,3,598,1,946.3117452000151,,946.308430700039,946.3117452000151,947.297868900001,947.297868900001,947.3056582999998,947.6400686000125,t,0.33616179996170104,None,1,001,2025-10-23_00h19.02.472,untitled,,2025.1.1,59.739440461466,2025-10-23 00h19.09.182987 +0530,
49,60,89,599,4,85,l,0.32989210000960156,None,85,4,599,4,947.6451396000339,,947.6418885000166,947.6451396000339,948.6311869000201,948.6311869000201,948.6381685000379,948.9666684000404,l,0.32989210000960156,None,1,001,2025-10-23_00h19.02.472,untitled,,2025.1.1,59.739440461466,2025-10-23 00h19.09.182987 +0530,
11,30,7,600,5,85,t,0.3037579000229016,None,85,5,600,0,948.9790580000263,,948.9685274000512,948.9790580000263,949.9584177000215,949.9584177000215,949.9716847000527,950.2651483000373,t,0.3037579000229016,None,1,001,2025-10-23_00h19.02.472,untitled,,2025.1.1,59.739440461466,2025-10-23 00h19.09.182987 +0530,
78,80,162,601,6,85,l,0.23693590000038967,None,85,6,601,6,950.2701028000447,,950.266908700054,950.2701028000447,951.2561618000036,951.2561618000036,951.263379800017,951.4947351000155,l,0.23693590000038967,None,1,001,2025-10-23_00h19.02.472,untitled,,2025.1.1,59.739440461466,2025-10-23 00h19.09.182987 +0530,
67,75,119,602,0,86,t,0.32165419997181743,None,86,0,602,5,951.5069676000276,,951.4965914000059,951.5069676000276,952.4872979000211,952.4872979000211,952.506611400051,952.8142867000424,t,0.32165419997181743,None,1,001,2025-10-23_00h19.02.472,untitled,,2025.1.1,59.739440461466,2025-10-23 00h19.09.182987 +0530,
15,35,13,603,1,86,l,0.35744470002828166,None,86,1,603,1,952.8256246000528,,952.8161324000102,952.8256246000528,953.8049339000136,953.8049339000136,953.8190787000349,954.1677240999998,l,0.35744470002828166,None,1,001,2025-10-23_00h19.02.472,untitled,,2025.1.1,59.739440461466,2025-10-23 00h19.09.182987 +0530,
78,80,162,604,2,86,t,0.3948435999918729,None,86,2,604,6,954.1727595000411,,954.1695186000434,954.1727595000411,955.159501200018,955.159501200018,955.1659294000128,955.5591564000351,t,0.3948435999918729,None,1,001,2025-10-23_00h19.02.472,untitled,,2025.1.1,59.739440461466,2025-10-23 00h19.09.182987 +0530,
11,30,7,605,3,86,l,0.46331399999326095,None,86,3,605,0,955.5690128999995,,955.5612782000098,955.5690128999995,956.5550779000041,956.5550779000041,956.5620004000375,957.0223643000354,l,0.46331399999326095,None,1,001,2025-10-23_00h19.02.472,untitled,,2025.1.1,59.739440461466,2025-10-23 00h19.09.182987 +0530,
27,50,21,606,4,86,l,1.0052348999888636,None,86,4,606,2,957.0339014000492,,957.0242589000263,957.0339014000492,958.0130849000416,958.0130849000416,958.0274315000279,959.0221558000194,l,1.0052348999888636,None,1,001,2025-10-23_00h19.02.472,untitled,,2025.1.1,59.739440461466,2025-10-23 00h19.09.182987 +0530,
40,55,62,607,5,86,t,0.6486978000029922,None,86,5,607,3,959.0338340000017,,959.0240892000147,959.0338340000017,960.0135932000121,960.0135932000121,960.0271984999999,960.6680352000403,t,0.6486978000029922,None,1,001,2025-10-23_00h19.02.472,untitled,,2025.1.1,59.739440461466,2025-10-23 00h19.09.182987 +0530,
49,60,89,608,6,86,l,0.662573599955067,None,86,6,608,4,960.6801305999979,,960.6700722000096,960.6801305999979,961.659020400024,961.659020400024,961.6729712000233,962.3276096000336,l,0.662573599955067,None,1,001,2025-10-23_00h19.02.472,untitled,,2025.1.1,59.739440461466,2025-10-23 00h19.09.182987 +0530,
11,30,7,609,0,87,t,0.15300439996644855,None,87,0,609,0,962.339203600015,,962.3294576000189,962.339203600015,963.3190369000076,963.3190369000076,963.3325144000119,963.4737704000436,t,0.15300439996644855,None,1,001,2025-10-23_00h19.02.472,untitled,,2025.1.1,59.739440461466,2025-10-23 00h19.09.182987 +0530,
27,50,21,610,1,87,l,1.2257798000355251,None,87,1,610,2,963.485933100048,,963.4756067999988,963.485933100048,964.4642989000422,964.4642989000422,964.4788478999981,965.6965824000072,l,1.2257798000355251,None,1,001,2025-10-23_00h19.02.472,untitled,,2025.1.1,59.739440461466,2025-10-23 00h19.09.182987 +0530,
49,60,89,611,2,87,l,1.584761499951128,None,87,2,611,4,965.7082952000201,,965.6991636000457,965.7082952000201,966.6874891000334,966.6874891000334,966.7007227000431,968.2735898000537,l,1.584761499951128,None,1,001,2025-10-23_00h19.02.472,untitled,,2025.1.1,59.739440461466,2025-10-23 00h19.09.182987 +0530,
67,75,119,612,3,87,l,4.067346900003031,None,87,3,612,5,968.2846950000385,,968.276316100033,968.2846950000385,969.2699971000548,969.2699971000548,969.2772704000236,973.3414488999988,l,4.067346900003031,None,1,001,2025-10-23_00h19.02.472,untitled,,2025.1.1,59.739440461466,2025-10-23 00h19.09.182987 +0530,
78,80,162,613,4,87,t,0.8223025999614038,None,87,4,613,6,973.3536848000367,,973.3434333000332,973.3536848000367,974.3325662999996,974.3325662999996,974.3468050000374,975.1609204999986,t,0.8223025999614038,None,1,001,2025-10-23_00h19.02.472,untitled,,2025.1.1,59.739440461466,2025-10-23 00h19.09.182987 +0530,
40,55,62,614,5,87,t,0.5823863000259735,None,87,5,614,3,975.1658948000404,,975.1627501000185,975.1658948000404,976.1520823000465,976.1520823000465,976.1598250000388,976.7379233000102,t,0.5823863000259735,None,1,001,2025-10-23_00h19.02.472,untitled,,2025.1.1,59.739440461466,2025-10-23 00h19.09.182987 +0530,
15,35,13,615,6,87,l,0.1559537000139244,None,87,6,615,1,976.7494559000479,,976.7399166000541,976.7494559000479,977.7286854000413,977.7286854000413,977.7422611000366,977.8899969000486,l,0.1559537000139244,None,1,001,2025-10-23_00h19.02.472,untitled,,2025.1.1,59.739440461466,2025-10-23 00h19.09.182987 +0530,
49,60,89,616,0,88,l,0.29983619996346533,None,88,0,616,4,977.8949566000374,,977.8918275000178,977.8949566000374,978.8814769000164,978.8814769000164,978.8882925000507,979.1818005000241,l,0.29983619996346533,None,1,001,2025-10-23_00h19.02.472,untitled,,2025.1.1,59.739440461466,2025-10-23 00h19.09.182987 +0530,
40,55,62,617,1,88,t,0.3545091000269167,None,88,1,617,3,979.186785900034,,979.1836047000252,979.186785900034,980.1729992000037,980.1729992000037,980.179927500023,980.528931900044,t,0.3545091000269167,None,1,001,2025-10-23_00h19.02.472,untitled,,2025.1.1,59.739440461466,2025-10-23 00h19.09.182987 +0530,
67,75,119,618,2,88,l,0.5645346000092104,None,88,2,618,5,980.5339065000298,,980.5307199000381,980.5339065000298,981.5200995000196,981.5200995000196,981.5271974000498,982.0920520000509,l,0.5645346000092104,None,1,001,2025-10-23_00h19.02.472,untitled,,2025.1.1,59.739440461466,2025-10-23 00h19.09.182987 +0530,
15,35,13,619,3,88,t,0.5328946000081487,None,88,3,619,1,982.1031173000229,,982.0938944000518,982.1031173000229,983.0828916000319,983.0828916000319,983.0967113000224,983.6194185000495,t,0.5328946000081487,None,1,001,2025-10-23_00h19.02.472,untitled,,2025.1.1,59.739440461466,2025-10-23 00h19.09.182987 +0530,
11,30,7,620,4,88,l,0.5735376999946311,None,88,4,620,0,983.6316708000377,,983.6212257000152,983.6316708000377,984.6106712000328,984.6106712000328,984.6247993000434,985.189050200046,l,0.5735376999946311,None,1,001,2025-10-23_00h19.02.472,untitled,,2025.1.1,59.739440461466,2025-10-23 00h19.09.182987 +0530,
78,80,162,621,5,88,t,0.7062304000137374,None,88,5,621,6,985.2017386000371,,985.191021900042,985.2017386000371,986.1799215000356,986.1799215000356,986.1939395000227,986.8901874000439,t,0.7062304000137374,None,1,001,2025-10-23_00h19.02.472,untitled,,2025.1.1,59.739440461466,2025-10-23 00h19.09.182987 +0530,
27,50,21,622,6,88,l,0.7769031999632716,None,88,6,622,2,986.9028182000038,,986.8920523000415,986.9028182000038,987.8815304000163,987.8815304000163,987.8952604000224,988.6616599000408,l,0.7769031999632716,None,1,001,2025-10-23_00h19.02.472,untitled,,2025.1.1,59.739440461466,2025-10-23 00h19.09.182987 +0530,
15,35,13,623,0,89,t,0.549415199959185,None,89,0,623,1,988.6727701000054,,988.6637458000332,988.6727701000054,989.6529071000405,989.6529071000405,989.6663108000066,990.2025987000088,t,0.549415199959185,None,1,001,2025-10-23_00h19.02.472,untitled,,2025.1.1,59.739440461466,2025-10-23 00h19.09.182987 +0530,
78,80,162,624,1,89,l,0.8618466000189073,None,89,1,624,6,990.2077082000324,,990.2043819000246,990.2077082000324,991.1937714000233,991.1937714000233,991.2006187000079,992.0570743000135,l,0.8618466000189073,None,1,001,2025-10-23_00h19.02.472,untitled,,2025.1.1,59.739440461466,2025-10-23 00h19.09.182987 +0530,
27,50,21,625,2,89,t,0.5930235999985598,None,89,2,625,2,992.0700286000501,,992.059063600027,992.0700286000501,993.0480330000282,993.0480330000282,993.0619033000548,993.6469283000333,t,0.5930235999985598,None,1,001,2025-10-23_00h19.02.472,untitled,,2025.1.1,59.739440461466,2025-10-23 00h19.09.182987 +0530,
49,60,89,626,3,89,t,0.48671560001093894,None,89,3,626,4,993.6518994000508,,993.6487794000423,993.6518994000508,994.6381060000276,994.6381060000276,994.6453585000127,995.1266278000548,t,0.48671560001093894,None,1,001,2025-10-23_00h19.02.472,untitled,,2025.1.1,59.739440461466,2025-10-23 00h19.09.182987 +0530,
67,75,119,627,4,89,t,0.3801938999677077,None,89,4,627,5,995.1385252000182,,995.1283715000027,995.1385252000182,996.1174025000073,996.1174025000073,996.1312034000293,996.5016325000324,t,0.3801938999677077,None,1,001,2025-10-23_00h19.02.472,untitled,,2025.1.1,59.739440461466,2025-10-23 00h19.09.182987 +0530,
40,55,62,628,5,89,l,0.4839530999888666,None,89,5,628,3,996.5137184000341,,996.5034729000181,996.5137184000341,997.4927137000486,997.4927137000486,997.5064154000138,997.980507500004,l,0.4839530999888666,None,1,001,2025-10-23_00h19.02.472,untitled,,2025.1.1,59.739440461466,2025-10-23 00h19.09.182987 +0530,
11,30,7,629,6,89,l,0.401756800012663,None,89,6,629,0,997.9931084000273,,997.9823841000325,997.9931084000273,998.97159500001,998.97159500001,998.985150100023,999.3763924000086,l,0.401756800012663,None,1,001,2025-10-23_00h19.02.472,untitled,,2025.1.1,59.739440461466,2025-10-23 00h19.09.182987 +0530,
78,80,162,630,0,90,t,0.8748379000462592,None,90,0,630,6,999.3883374000434,,999.3781301000272,999.3883374000434,1000.3680014000274,1000.3680014000274,1000.3813498000382,1001.2449242000002,t,0.8748379000462592,None,1,001,2025-10-23_00h19.02.472,untitled,,2025.1.1,59.739440461466,2025-10-23 00h19.09.182987 +0530,
49,60,89,631,1,90,l,0.5157247000024654,None,90,1,631,4,1001.2566708000377,,1001.2467635000357,1001.2566708000377,1002.2358071000199,1002.2358071000199,1002.2496826000279,1002.7583796000108,l,0.5157247000024654,None,1,001,2025-10-23_00h19.02.472,untitled,,2025.1.1,59.739440461466,2025-10-23 00h19.09.182987 +0530,
40,55,62,632,2,90,t,0.5418513000477105,None,90,2,632,3,1002.7706790000084,,1002.7603965000017,1002.7706790000084,1003.7495674000238,1003.7495674000238,1003.7634934000089,1004.2928232000559,t,0.5418513000477105,None,1,001,2025-10-23_00h19.02.472,untitled,,2025.1.1,59.739440461466,2025-10-23 00h19.09.182987 +0530,
67,75,119,633,3,90,l,0.6171902000205591,None,90,3,633,5,1004.297764900024,,1004.2945709000342,1004.297764900024,1005.2841032000142,1005.2841032000142,1005.2909821000067,1005.9041160000488,l,0.6171902000205591,None,1,001,2025-10-23_00h19.02.472,untitled,,2025.1.1,59.739440461466,2025-10-23 00h19.09.182987 +0530,
11,30,7,634,4,90,l,1.2862658000085503,None,90,4,634,0,1005.9170106000383,,1005.9059152000118,1005.9170106000383,1006.8949836000102,1006.8949836000102,1006.9092531000497,1008.1823708000011,l,1.2862658000085503,None,1,001,2025-10-23_00h19.02.472,untitled,,2025.1.1,59.739440461466,2025-10-23 00h19.09.182987 +0530,
27,50,21,635,5,90,t,0.6595110999769531,None,90,5,635,2,1008.1948452000506,,1008.1847831000341,1008.1948452000506,1009.1733333000448,1009.1733333000448,1009.1868044000003,1009.8350791000412,t,0.6595110999769531,None,1,001,2025-10-23_00h19.02.472,untitled,,2025.1.1,59.739440461466,2025-10-23 00h19.09.182987 +0530,
15,35,13,636,6,90,t,0.9315274000400677,None,90,6,636,1,1009.8471213000012,,1009.8370663000387,1009.8471213000012,1010.8258960000239,1010.8258960000239,1010.8395641000243,1011.7580698000384,t,0.9315274000400677,None,1,001,2025-10-23_00h19.02.472,untitled,,2025.1.1,59.739440461466,2025-10-23 00h19.09.182987 +0530,
78,80,162,637,0,91,t,0.9270161000313237,None,91,0,637,6,1011.7635934000136,,1011.7598392000073,1011.7635934000136,1012.7493022000417,1012.7493022000417,1012.7562212000485,1013.6814411000232,t,0.9270161000313237,None,1,001,2025-10-23_00h19.02.472,untitled,,2025.1.1,59.739440461466,2025-10-23 00h19.09.182987 +0530,
15,35,13,638,1,91,t,1.5603691000142135,None,91,1,638,1,1013.6865445000003,,1013.6832638000487,1013.6865445000003,1014.6731709000305,1014.6731709000305,1014.6804618000169,1016.2373722000048,t,1.5603691000142135,None,1,001,2025-10-23_00h19.02.472,untitled,,2025.1.1,59.739440461466,2025-10-23 00h19.09.182987 +0530,
40,55,62,639,2,91,t,1.9618639000109397,None,91,2,639,3,1016.2492273000535,,1016.239202900033,1016.2492273000535,1017.2284850000287,1017.2284850000287,1017.2425989000476,1019.1953767000232,t,1.9618639000109397,None,1,001,2025-10-23_00h19.02.472,untitled,,2025.1.1,59.739440461466,2025-10-23 00h19.09.182987 +0530,
11,30,7,640,3,91,l,1.0392575999721885,None,91,3,640,0,1019.2004526000237,,1019.1972880000249,1019.2004526000237,1020.187110400002,1020.187110400002,1020.194217100041,1021.230807600019,l,1.0392575999721885,None,1,001,2025-10-23_00h19.02.472,untitled,,2025.1.1,59.739440461466,2025-10-23 00h19.09.182987 +0530,
67,75,119,641,4,91,l,1.9933181999949738,None,91,4,641,5,1021.2419445000123,,1021.2325674000313,1021.2419445000123,1022.2216012999997,1022.2216012999997,1022.2358156000264,1024.2166001000442,l,1.9933181999949738,None,1,001,2025-10-23_00h19.02.472,untitled,,2025.1.1,59.739440461466,2025-10-23 00h19.09.182987 +0530,
27,50,21,642,5,91,l,0.4905049999943003,None,91,5,642,2,1024.228263100027,,1024.218433000031,1024.228263100027,1025.2077206000104,1025.2077206000104,1025.2216997000505,1025.702763200039,l,0.4905049999943003,None,1,001,2025-10-23_00h19.02.472,untitled,,2025.1.1,59.739440461466,2025-10-23 00h19.09.182987 +0530,
49,60,89,643,6,91,t,1.2327071000472642,None,91,6,643,4,1025.7145810000366,,1025.7045932000037,1025.7145810000366,1026.6940922000213,1026.6940922000213,1026.7077336000511,1027.9315931000165,t,1.2327071000472642,None,1,001,2025-10-23_00h19.02.472,untitled,,2025.1.1,59.739440461466,2025-10-23 00h19.09.182987 +0530,
40,55,62,644,0,92,l,0.7235305000212975,None,92,0,644,3,1027.9365508000483,,1027.9334319000482,1027.9365508000483,1028.9229591000476,1028.9229591000476,1028.9301213000435,1029.6468695000513,l,0.7235305000212975,None,1,001,2025-10-23_00h19.02.472,untitled,,2025.1.1,59.739440461466,2025-10-23 00h19.09.182987 +0530,
15,35,13,645,1,92,l,1.2997231999761425,None,92,1,645,1,1029.6594762000022,,1029.6487941000378,1029.6594762000022,1030.6380108000012,1030.6380108000012,1030.652026100026,1031.9385352000245,l,1.2997231999761425,None,1,001,2025-10-23_00h19.02.472,untitled,,2025.1.1,59.739440461466,2025-10-23 00h19.09.182987 +0530,
49,60,89,646,2,92,l,0.7878735999693163,None,92,2,646,4,1031.9500738000497,,1031.9405279000057,1031.9500738000497,1032.9297318000463,1032.9297318000463,1032.9435244000051,1033.7234893999994,l,0.7878735999693163,None,1,001,2025-10-23_00h19.02.472,untitled,,2025.1.1,59.739440461466,2025-10-23 00h19.09.182987 +0530,
67,75,119,647,3,92,l,0.6971120999660343,None,92,3,647,5,1033.7351274000248,,1033.7252438000287,1033.7351274000248,1034.7146468000137,1034.7146468000137,1034.7287945999997,1035.4181419000379,l,0.6971120999660343,None,1,001,2025-10-23_00h19.02.472,untitled,,2025.1.1,59.739440461466,2025-10-23 00h19.09.182987 +0530,
27,50,21,648,4,92,t,0.8965515000163577,None,92,4,648,2,1035.4292591000558,,1035.4200759000378,1035.4292591000558,1036.4086997000268,1036.4086997000268,1036.4231968000531,1037.3068017000332,t,0.8965515000163577,None,1,001,2025-10-23_00h19.02.472,untitled,,2025.1.1,59.739440461466,2025-10-23 00h19.09.182987 +0530,
78,80,162,649,5,92,l,0.6201592000434175,None,92,5,649,6,1037.319450800016,,1037.3087184000178,1037.319450800016,1038.297542300017,1038.297542300017,1038.3116949000396,1038.925029200036,l,0.6201592000434175,None,1,001,2025-10-23_00h19.02.472,untitled,,2025.1.1,59.739440461466,2025-10-23 00h19.09.182987 +0530,
11,30,7,650,6,92,t,0.7883404999738559,None,92,6,650,0,1038.9371661000187,,1038.9268241000245,1038.9371661000187,1039.9159742000047,1039.9159742000047,1039.929772100004,1040.7092411000049,t,0.7883404999738559,None,1,001,2025-10-23_00h19.02.472,untitled,,2025.1.1,59.739440461466,2025-10-23 00h19.09.182987 +0530,
40,55,62,651,0,93,l,0.9274804000160657,None,93,0,651,3,1040.72178610001,,1040.7112127,1040.72178610001,1041.7004171000444,1041.7004171000444,1041.7143349000253,1042.6327183000394,l,0.9274804000160657,None,1,001,2025-10-23_00h19.02.472,untitled,,2025.1.1,59.739440461466,2025-10-23 00h19.09.182987 +0530,
11,30,7,652,1,93,t,0.40647680003894493,None,93,1,652,0,1042.6454698000452,,1042.6348495000275,1042.6454698000452,1043.624085700023,1043.624085700023,1043.6386214000522,1044.0356135000475,t,0.40647680003894493,None,1,001,2025-10-23_00h19.02.472,untitled,,2025.1.1,59.739440461466,2025-10-23 00h19.09.182987 +0530,
49,60,89,653,2,93,l,0.6648198000038974,None,93,2,653,4,1044.0485526000266,,1044.0376215000288,1044.0485526000266,1045.0269434000365,1045.0269434000365,1045.0407016000245,1045.6956489000004,l,0.6648198000038974,None,1,001,2025-10-23_00h19.02.472,untitled,,2025.1.1,59.739440461466,2025-10-23 00h19.09.182987 +0530,
27,50,21,654,3,93,t,1.0248708000290208,None,93,3,654,2,1045.7074661000515,,1045.6975085000158,1045.7074661000515,1046.686688100046,1046.686688100046,1046.7006521000294,1047.7164474000456,t,1.0248708000290208,None,1,001,2025-10-23_00h19.02.472,untitled,,2025.1.1,59.739440461466,2025-10-23 00h19.09.182987 +0530,
78,80,162,655,4,93,l,0.5088510999921709,None,93,4,655,6,1047.7295899000019,,1047.7182201000396,1047.7295899000019,1048.7072594000492,1048.7072594000492,1048.7215162000502,1049.216682200029,l,0.5088510999921709,None,1,001,2025-10-23_00h19.02.472,untitled,,2025.1.1,59.739440461466,2025-10-23 00h19.09.182987 +0530,
15,35,13,656,5,93,t,1.5655975000117905,None,93,5,656,1,1049.2290244000033,,1049.2186018000357,1049.2290244000033,1050.2076778000337,1050.2076778000337,1050.221614500042,1051.7787115000538,t,1.5655975000117905,None,1,001,2025-10-23_00h19.02.472,untitled,,2025.1.1,59.739440461466,2025-10-23 00h19.09.182987 +0530,
67,75,119,657,6,93,l,0.7754594999714755,None,93,6,657,5,1051.7838173000491,,1051.7804655000218,1051.7838173000491,1052.7703689000336,1052.7703689000336,1052.7770627000136,1053.5497340000002,l,0.7754594999714755,None,1,001,2025-10-23_00h19.02.472,untitled,,2025.1.1,59.739440461466,2025-10-23 00h19.09.182987 +0530,
15,35,13,658,0,94,t,0.6761300999787636,None,94,0,658,1,1053.5612538999994,,1053.5516098000226,1053.5612538999994,1054.540967900015,1054.540967900015,1054.554809400055,1055.2232960000401,t,0.6761300999787636,None,1,001,2025-10-23_00h19.02.472,untitled,,2025.1.1,59.739440461466,2025-10-23 00h19.09.182987 +0530,
78,80,162,659,1,94,l,0.9214247000054456,None,94,1,659,6,1055.2281465000124,,1055.225053000031,1055.2281465000124,1056.2145030000247,1056.2145030000247,1056.2214807000128,1057.139912200044,l,0.9214247000054456,None,1,001,2025-10-23_00h19.02.472,untitled,,2025.1.1,59.739440461466,2025-10-23 00h19.09.182987 +0530,
27,50,21,660,2,94,t,1.0708536999882199,None,94,2,660,2,1057.1527225000318,,1057.1417754000286,1057.1527225000318,1058.1311114000273,1058.1311114000273,1058.1450938000344,1059.2030880000093,t,1.0708536999882199,None,1,001,2025-10-23_00h19.02.472,untitled,,2025.1.1,59.739440461466,2025-10-23 00h19.09.182987 +0530,
40,55,62,661,3,94,l,20.073419700027443,None,94,3,661,3,1059.2146175000235,,1059.204930500011,1059.2146175000235,1060.1937046000385,1060.1937046000385,1060.2078698000405,1080.2717287000269,l,20.073419700027443,None,1,001,2025-10-23_00h19.02.472,untitled,,2025.1.1,59.739440461466,2025-10-23 00h19.09.182987 +0530,
49,60,89,662,4,94,l,1.2788231000304222,None,94,4,662,4,1080.276806400041,,1080.2735753000015,1080.276806400041,1081.262620900001,1081.262620900001,1081.2700245000306,1082.542757600022,l,1.2788231000304222,None,1,001,2025-10-23_00h19.02.472,untitled,,2025.1.1,59.739440461466,2025-10-23 00h19.09.182987 +0530,
67,75,119,663,5,94,l,0.6532936999574304,None,94,5,663,5,1082.5549207000295,,1082.5445138000068,1082.5549207000295,1083.5336381000234,1083.5336381000234,1083.5477925000014,1084.1885075000464,l,0.6532936999574304,None,1,001,2025-10-23_00h19.02.472,untitled,,2025.1.1,59.739440461466,2025-10-23 00h19.09.182987 +0530,
11,30,7,664,6,94,t,0.7794536000001244,None,94,6,664,0,1084.200814300042,,1084.19032470003,1084.200814300042,1085.179670200043,1085.179670200043,1085.1935019000084,1085.9597956000362,t,0.7794536000001244,None,1,001,2025-10-23_00h19.02.472,untitled,,2025.1.1,59.739440461466,2025-10-23 00h19.09.182987 +0530,
40,55,62,665,0,95,t,0.8679196999873966,None,95,0,665,3,1085.9711216000142,,1085.9617465000483,1085.9711216000142,1086.9506522000302,1086.9506522000302,1086.9645582000376,1087.8203004000243,t,0.8679196999873966,None,1,001,2025-10-23_00h19.02.472,untitled,,2025.1.1,59.739440461466,2025-10-23 00h19.09.182987 +0530,
11,30,7,666,1,95,t,0.5368079000036232,None,95,1,666,0,1087.8254631000455,,1087.8221613000496,1087.8254631000455,1088.8115962000447,1088.8115962000447,1088.8183805000153,1089.3553403000114,t,0.5368079000036232,None,1,001,2025-10-23_00h19.02.472,untitled,,2025.1.1,59.739440461466,2025-10-23 00h19.09.182987 +0530,
27,50,21,667,2,95,l,0.492373300017789,None,95,2,667,2,1089.3680239000241,,1089.3573776000412,1089.3680239000241,1090.3460035000462,1090.3460035000462,1090.36004900001,1090.8411282000015,l,0.492373300017789,None,1,001,2025-10-23_00h19.02.472,untitled,,2025.1.1,59.739440461466,2025-10-23 00h19.09.182987 +0530,
49,60,89,668,3,95,t,0.3269972000271082,None,95,3,668,4,1090.846176400024,,1090.8429434000282,1090.846176400024,1091.8322463000077,1091.8322463000077,1091.8392386000487,1092.1606375000556,t,0.3269972000271082,None,1,001,2025-10-23_00h19.02.472,untitled,,2025.1.1,59.739440461466,2025-10-23 00h19.09.182987 +0530,
67,75,119,669,4,95,l,0.33965229999739677,None,95,4,669,5,1092.165483800054,,1092.1624336000532,1092.165483800054,1093.1517453000415,1093.1517453000415,1093.1588759000297,1093.4943157000234,l,0.33965229999739677,None,1,001,2025-10-23_00h19.02.472,untitled,,2025.1.1,59.739440461466,2025-10-23 00h19.09.182987 +0530,
78,80,162,670,5,95,t,0.5421053000027314,None,95,5,670,6,1093.50589510001,,1093.4960726000136,1093.50589510001,1094.4851210000343,1094.4851210000343,1094.498792600003,1095.0283772000112,t,0.5421053000027314,None,1,001,2025-10-23_00h19.02.472,untitled,,2025.1.1,59.739440461466,2025-10-23 00h19.09.182987 +0530,
15,35,13,671,6,95,l,0.8657725999946706,None,95,6,671,1,1095.033596000052,,1095.030237900035,1095.033596000052,1096.0197737000417,1096.0197737000417,1096.0270181000233,1096.8898695000098,l,0.8657725999946706,None,1,001,2025-10-23_00h19.02.472,untitled,,2025.1.1,59.739440461466,2025-10-23 00h19.09.182987 +0530,
78,80,162,672,0,96,t,0.3825343000353314,None,96,0,672,6,1096.9025706000393,,1096.8916084000375,1096.9025706000393,1097.8809073000448,1097.8809073000448,1097.89484730002,1098.26522880001,t,0.3825343000353314,None,1,001,2025-10-23_00h19.02.472,untitled,,2025.1.1,59.739440461466,2025-10-23 00h19.09.182987 +0530,
27,50,21,673,1,96,l,0.4400620999513194,None,96,1,673,2,1098.276350900007,,1098.2670602000435,1098.276350900007,1099.2560778000043,1099.2560778000043,1099.270370000042,1099.7023655000376,l,0.4400620999513194,None,1,001,2025-10-23_00h19.02.472,untitled,,2025.1.1,59.739440461466,2025-10-23 00h19.09.182987 +0530,
11,30,7,674,2,96,t,0.6688485000049695,None,96,2,674,0,1099.7142319999984,,1099.7042008000426,1099.7142319999984,1100.6935645000194,1100.6935645000194,1100.7072635000222,1101.3689451000537,t,0.6688485000049695,None,1,001,2025-10-23_00h19.02.472,untitled,,2025.1.1,59.739440461466,2025-10-23 00h19.09.182987 +0530,
40,55,62,675,3,96,l,0.6273854000028223,None,96,3,675,3,1101.3804706000374,,1101.3707800999982,1101.3804706000374,1102.3600905000349,1102.3600905000349,1102.3742992000189,1102.9941332000308,l,0.6273854000028223,None,1,001,2025-10-23_00h19.02.472,untitled,,2025.1.1,59.739440461466,2025-10-23 00h19.09.182987 +0530,
49,60,89,676,4,96,t,0.42131169995991513,None,96,4,676,4,1103.0061540000024,,1102.9959598000278,1103.0061540000024,1103.9853227999993,1103.9853227999993,1103.9994643000537,1104.4106230000034,t,0.42131169995991513,None,1,001,2025-10-23_00h19.02.472,untitled,,2025.1.1,59.739440461466,2025-10-23 00h19.09.182987 +0530,
67,75,119,677,5,96,l,0.45468219998292625,None,96,5,677,5,1104.4231792000355,,1104.4124978000182,1104.4231792000355,1105.4018423000234,1105.4018423000234,1105.4157165000215,1105.8617651000386,l,0.45468219998292625,None,1,001,2025-10-23_00h19.02.472,untitled,,2025.1.1,59.739440461466,2025-10-23 00h19.09.182987 +0530,
15,35,13,678,6,96,t,0.262104699970223,None,96,6,678,1,1105.8669888000004,,1105.863587300002,1105.8669888000004,1106.8532198000466,1106.8532198000466,1106.8601227000472,1107.1190389000112,t,0.262104699970223,None,1,001,2025-10-23_00h19.02.472,untitled,,2025.1.1,59.739440461466,2025-10-23 00h19.09.182987 +0530,
40,55,62,679,0,97,t,0.3732612999738194,None,97,0,679,3,1107.131308800017,,1107.1209318000474,1107.131308800017,1108.1101481000078,1108.1101481000078,1108.1242292000097,1108.4870038000518,t,0.3732612999738194,None,1,001,2025-10-23_00h19.02.472,untitled,,2025.1.1,59.739440461466,2025-10-23 00h19.09.182987 +0530,
49,60,89,680,1,97,t,0.37353059998713434,None,97,1,680,4,1108.4988725000294,,1108.4888209000346,1108.4988725000294,1109.4783387000207,1109.4783387000207,1109.4919943000423,1109.8555920000072,t,0.37353059998713434,None,1,001,2025-10-23_00h19.02.472,untitled,,2025.1.1,59.739440461466,2025-10-23 00h19.09.182987 +0530,
11,30,7,681,2,97,l,1.0659514000290073,None,97,2,681,0,1109.8672732000123,,1109.8575176000013,1109.8672732000123,1110.8463967000134,1110.8463967000134,1110.860489200044,1111.9172005000291,l,1.0659514000290073,None,1,001,2025-10-23_00h19.02.472,untitled,,2025.1.1,59.739440461466,2025-10-23 00h19.09.182987 +0530,
78,80,162,682,3,97,l,0.23352609999710694,None,97,3,682,6,1111.9222744000144,,1111.9189312000526,1111.9222744000144,1112.9087698000367,1112.9087698000367,1112.9155676000519,1113.1464138000156,l,0.23352609999710694,None,1,001,2025-10-23_00h19.02.472,untitled,,2025.1.1,59.739440461466,2025-10-23 00h19.09.182987 +0530,
27,50,21,683,4,97,l,0.13948970002820715,None,97,4,683,2,1113.15146860003,,1113.148224500008,1113.15146860003,1114.137686400034,1114.137686400034,1114.144878800027,1114.2791525000357,l,0.13948970002820715,None,1,001,2025-10-23_00h19.02.472,untitled,,2025.1.1,59.739440461466,2025-10-23 00h19.09.182987 +0530,
67,75,119,684,5,97,t,0.25726230000145733,None,97,5,684,5,1114.290895000042,,1114.281070600031,1114.290895000042,1115.269785100012,1115.269785100012,1115.283643200004,1115.529029300029,t,0.25726230000145733,None,1,001,2025-10-23_00h19.02.472,untitled,,2025.1.1,59.739440461466,2025-10-23 00h19.09.182987 +0530,
15,35,13,685,6,97,t,0.24354009999660775,None,97,6,685,1,1115.540964600048,,1115.5308831000002,1115.540964600048,1116.5198065000004,1116.5198065000004,1116.5338254000526,1116.7649085000157,t,0.24354009999660775,None,1,001,2025-10-23_00h19.02.472,untitled,,2025.1.1,59.739440461466,2025-10-23 00h19.09.182987 +0530,
67,75,119,686,0,98,l,0.3133654000121169,None,98,0,686,5,1116.7766903000302,,1116.7666558000492,1116.7766903000302,1117.756414500007,1117.756414500007,1117.769892900018,1118.0703543000272,l,0.3133654000121169,None,1,001,2025-10-23_00h19.02.472,untitled,,2025.1.1,59.739440461466,2025-10-23 00h19.09.182987 +0530,
78,80,162,687,1,98,t,3.4551219000131823,None,98,1,687,6,1118.0828183999984,,1118.0720768000465,1118.0828183999984,1119.0612161000026,1119.0612161000026,1119.0750473000226,1122.521388400055,t,3.4551219000131823,None,1,001,2025-10-23_00h19.02.472,untitled,,2025.1.1,59.739440461466,2025-10-23 00h19.09.182987 +0530,
27,50,21,688,2,98,t,0.4315159000107087,None,98,2,688,2,1122.5264731000061,,1122.5232853000052,1122.5264731000061,1123.5127630000352,1123.5127630000352,1123.5199532000115,1123.945546700037,t,0.4315159000107087,None,1,001,2025-10-23_00h19.02.472,untitled,,2025.1.1,59.739440461466,2025-10-23 00h19.09.182987 +0530,
15,35,13,689,3,98,l,1.01770949998172,None,98,3,689,1,1123.9572481000214,,1123.947439600015,1123.9572481000214,1124.9363791000214,1124.9363791000214,1124.9504353000084,1125.9592234000447,l,1.01770949998172,None,1,001,2025-10-23_00h19.02.472,untitled,,2025.1.1,59.739440461466,2025-10-23 00h19.09.182987 +0530,
11,30,7,690,4,98,t,0.3018607000121847,None,98,4,690,0,1125.9718576000305,,1125.9610977000557,1125.9718576000305,1126.9501869000378,1126.9501869000378,1126.9642912000418,1127.2574783000164,t,0.3018607000121847,None,1,001,2025-10-23_00h19.02.472,untitled,,2025.1.1,59.739440461466,2025-10-23 00h19.09.182987 +0530,
40,55,62,691,5,98,t,0.2990639000199735,None,98,5,691,3,1127.2627043000539,,1127.2592961000046,1127.2627043000539,1128.2487634000136,1128.2487634000136,1128.2561838000547,1128.54959400004,t,0.2990639000199735,None,1,001,2025-10-23_00h19.02.472,untitled,,2025.1.1,59.739440461466,2025-10-23 00h19.09.182987 +0530,
49,60,89,692,6,98,t,0.28375850000884384,None,98,6,692,4,1128.5618874000502,,1128.5514562000171,1128.5618874000502,1129.540506600053,1129.540506600053,1129.5542260000366,1129.827302700025,t,0.28375850000884384,None,1,001,2025-10-23_00h19.02.472,untitled,,2025.1.1,59.739440461466,2025-10-23 00h19.09.182987 +0530,
27,50,21,693,0,99,l,0.28607909998390824,None,99,0,693,2,1129.8387472000322,,1129.8292007000418,1129.8387472000322,1130.8184529000428,1130.8184529000428,1130.8322613000055,1131.1049960000091,l,0.28607909998390824,None,1,001,2025-10-23_00h19.02.472,untitled,,2025.1.1,59.739440461466,2025-10-23 00h19.09.182987 +0530,
40,55,62,694,1,99,t,0.9794011000194587,None,99,1,694,3,1131.1170502000023,,1131.106851700053,1131.1170502000023,1132.0958932000212,1132.0958932000212,1132.1099233000423,1133.0771412000176,t,0.9794011000194587,None,1,001,2025-10-23_00h19.02.472,untitled,,2025.1.1,59.739440461466,2025-10-23 00h19.09.182987 +0530,
15,35,13,695,2,99,t,0.2635351000353694,None,99,2,695,1,1133.0886750000063,,1133.0790388000314,1133.0886750000063,1134.0831064000377,1134.0831064000377,1134.0970499000396,1134.3481582000386,t,0.2635351000353694,None,1,001,2025-10-23_00h19.02.472,untitled,,2025.1.1,59.739440461466,2025-10-23 00h19.09.182987 +0530,
11,30,7,696,3,99,t,1.2485518999747,None,99,3,696,0,1134.3597656000056,,1134.3500295000267,1134.3597656000056,1135.3389324000455,1135.3389324000455,1135.352907600056,1136.5909164000186,t,1.2485518999747,None,1,001,2025-10-23_00h19.02.472,untitled,,2025.1.1,59.739440461466,2025-10-23 00h19.09.182987 +0530,
78,80,162,697,4,99,t,0.1773531999788247,None,99,4,697,6,1136.6025095000514,,1136.5930167000042,1136.6025095000514,1137.5822679000557,1137.5822679000557,1137.5959831000073,1137.7643840000383,t,0.1773531999788247,None,1,001,2025-10-23_00h19.02.472,untitled,,2025.1.1,59.739440461466,2025-10-23 00h19.09.182987 +0530,
49,60,89,698,5,99,l,0.37104110000655055,None,99,5,698,4,1137.7694450000417,,1137.7663721000426,1137.7694450000417,1138.7557259000023,1138.7557259000023,1138.7624520000536,1139.132372400025,l,0.37104110000655055,None,1,001,2025-10-23_00h19.02.472,untitled,,2025.1.1,59.739440461466,2025-10-23 00h19.09.182987 +0530,
67,75,119,699,6,99,l,0.2245524000027217,None,99,6,699,5,1139.1374462000094,,1139.1341805000557,1139.1374462000094,1140.1242450000136,1140.1242450000136,1140.131259500049,1140.3549299000297,l,0.2245524000027217,None,1,001,2025-10-23_00h19.02.472,untitled,,2025.1.1,59.739440461466,2025-10-23 00h19.09.182987 +0530,
