reward_today,future_reward,delay,thisN,thisTrialN,thisRepN,key_resp.keys,key_resp.rt,key_resp.duration,trials.thisRepN,trials.thisTrialN,trials.thisN,trials.thisIndex,thisRow.t,notes,trial.started,fixation.started,text.started,key_resp.started,fixation.stopped,trial.stopped,trials.key_resp.keys,trials.key_resp.rt,trials.key_resp.duration,participant,session,date,expName,expVersion,psychopyVersion,frameRate,expStart,
49,60,89,0,0,0,t,2.788450499996543,None,0,0,0,4,0.06308979995083064,,0.06022369995480403,0.06308979995083064,0.9941974999965169,0.9941974999965169,1.0566556999692693,3.791693299950566,t,2.788450499996543,None,2,001,2025-10-23_00h39.35.224,untitled,,2025.1.1,144.04717839596768,2025-10-23 00h39.41.136821 +0530,
78,80,162,1,1,0,l,2.2648215999943204,None,0,1,1,6,3.7993514999980107,,3.794986199995037,3.7993514999980107,4.785976599960122,4.785976599960122,4.792658299964387,7.051788099983241,l,2.2648215999943204,None,2,001,2025-10-23_00h39.35.224,untitled,,2025.1.1,144.04717839596768,2025-10-23 00h39.41.136821 +0530,
40,55,62,2,2,0,t,1.225549399969168,None,0,2,2,3,7.063484799989965,,7.054673399950843,7.063484799989965,8.043120999995153,8.043120999995153,8.056956099986564,9.274728899996262,t,1.225549399969168,None,2,001,2025-10-23_00h39.35.224,untitled,,2025.1.1,144.04717839596768,2025-10-23 00h39.41.136821 +0530,
11,30,7,3,3,0,t,0.6595765000092797,None,0,3,3,0,9.28583789995173,,9.277561399969272,9.28583789995173,10.265155399974901,10.265155399974901,10.279092299984768,10.927127599949017,t,0.6595765000092797,None,2,001,2025-10-23_00h39.35.224,untitled,,2025.1.1,144.04717839596768,2025-10-23 00h39.41.136821 +0530,
27,50,21,4,4,0,l,0.3696424000081606,None,0,4,4,2,10.938324699993245,,10.929321999952663,10.938324699993245,11.918296199990436,11.918296199990436,11.931664999981876,12.288165999983903,l,0.3696424000081606,None,2,001,2025-10-23_00h39.35.224,untitled,,2025.1.1,144.04717839596768,2025-10-23 00h39.41.136821 +0530,
67,75,119,5,5,0,t,0.3991540999850258,None,0,5,5,5,12.300366199982818,,12.290020699962042,12.300366199982818,13.278917999996338,13.278917999996338,13.292951899988111,13.68374369997764,t,0.3991540999850258,None,2,001,2025-10-23_00h39.35.224,untitled,,2025.1.1,144.04717839596768,2025-10-23 00h39.41.136821 +0530,
15,35,13,6,6,0,t,2.217076500004623,None,0,6,6,1,13.688614099984989,,13.685683399962727,13.688614099984989,14.674592899973504,14.674592899973504,14.681784499960486,16.892231999954674,t,2.217076500004623,None,2,001,2025-10-23_00h39.35.224,untitled,,2025.1.1,144.04717839596768,2025-10-23 00h39.41.136821 +0530,
27,50,21,7,0,1,l,0.48242800001753494,None,1,0,7,2,16.904376399994362,,16.894160599971656,16.904376399994362,17.882915599970147,17.882915599970147,17.896736899972893,18.371211499965284,l,0.48242800001753494,None,2,001,2025-10-23_00h39.35.224,untitled,,2025.1.1,144.04717839596768,2025-10-23 00h39.41.136821 +0530,
15,35,13,8,1,1,t,0.542428300017491,None,1,1,8,1,18.37623589998111,,18.373104899947066,18.37623589998111,19.36231419997057,19.36231419997057,19.36927469994407,19.905941399978474,t,0.542428300017491,None,2,001,2025-10-23_00h39.35.224,untitled,,2025.1.1,144.04717839596768,2025-10-23 00h39.41.136821 +0530,
40,55,62,9,2,1,t,0.3855643999995664,None,1,2,9,3,19.918326299986802,,19.9078527999809,19.918326299986802,20.897102599963546,20.897102599963546,20.910773399984464,21.28783189994283,t,0.3855643999995664,None,2,001,2025-10-23_00h39.35.224,untitled,,2025.1.1,144.04717839596768,2025-10-23 00h39.41.136821 +0530,
49,60,89,10,3,1,t,0.5040870999800973,None,1,3,10,4,21.292896899976768,,21.289698499953374,21.292896899976768,22.27894379995996,22.27894379995996,22.285903899988625,22.788506099954247,t,0.5040870999800973,None,2,001,2025-10-23_00h39.35.224,untitled,,2025.1.1,144.04717839596768,2025-10-23 00h39.41.136821 +0530,
11,30,7,11,4,1,t,0.4580775999929756,None,1,4,11,0,22.799815199978184,,22.79051049996633,22.799815199978184,23.7789004999795,23.7789004999795,23.792866199975833,24.239200599957258,t,0.4580775999929756,None,2,001,2025-10-23_00h39.35.224,untitled,,2025.1.1,144.04717839596768,2025-10-23 00h39.41.136821 +0530,
67,75,119,12,5,1,t,0.266799200035166,None,1,5,12,5,24.243858899979386,,24.240995599946473,24.243858899979386,25.230393899953924,25.230393899953924,25.236956399981864,25.503563899954315,t,0.266799200035166,None,2,001,2025-10-23_00h39.35.224,untitled,,2025.1.1,144.04717839596768,2025-10-23 00h39.41.136821 +0530,
78,80,162,13,6,1,l,0.862618500017561,None,1,6,13,6,25.514993499964476,,25.505485699977726,25.514993499964476,26.494138399953954,26.494138399953954,26.50805509998463,27.357390499964822,l,0.862618500017561,None,2,001,2025-10-23_00h39.35.224,untitled,,2025.1.1,144.04717839596768,2025-10-23 00h39.41.136821 +0530,
78,80,162,14,0,2,l,0.4316302000079304,None,2,0,14,6,27.361853199952748,,27.35749709996162,27.361853199952748,28.348390299943276,28.348390299943276,28.355358899978455,28.78104379994329,l,0.4316302000079304,None,2,001,2025-10-23_00h39.35.224,untitled,,2025.1.1,144.04717839596768,2025-10-23 00h39.41.136821 +0530,
11,30,7,15,1,2,l,0.33551710000028834,None,2,1,15,0,28.792968399997335,,28.78291289997287,28.792968399997335,29.77176359994337,29.77176359994337,29.7855952999671,30.113991599995643,l,0.33551710000028834,None,2,001,2025-10-23_00h39.35.224,untitled,,2025.1.1,144.04717839596768,2025-10-23 00h39.41.136821 +0530,
15,35,13,16,2,2,t,0.5821584000368603,None,2,2,16,1,30.118999399943277,,30.11589009995805,30.118999399943277,31.105070299992803,31.105070299992803,31.112012599944137,31.690639399981592,t,0.5821584000368603,None,2,001,2025-10-23_00h39.35.224,untitled,,2025.1.1,144.04717839596768,2025-10-23 00h39.41.136821 +0530,
27,50,21,17,3,2,t,0.6267609999631532,None,2,3,17,2,31.695247199968435,,31.692512499983422,31.695247199968435,32.68171699997038,32.68171699997038,32.68864739994751,33.30868419999024,t,0.6267609999631532,None,2,001,2025-10-23_00h39.35.224,untitled,,2025.1.1,144.04717839596768,2025-10-23 00h39.41.136821 +0530,
49,60,89,18,4,2,t,0.3464984999736771,None,2,4,18,4,33.32067439996172,,33.310629799962044,33.32067439996172,34.2997897999594,34.2997897999594,34.31383499997901,34.64886519999709,t,0.3464984999736771,None,2,001,2025-10-23_00h39.35.224,untitled,,2025.1.1,144.04717839596768,2025-10-23 00h39.41.136821 +0530,
40,55,62,19,5,2,t,0.5104620999773033,None,2,5,19,3,34.65366549999453,,34.650741999968886,34.65366549999453,35.63979139999719,35.63979139999719,35.646676999982446,36.15606549999211,t,0.5104620999773033,None,2,001,2025-10-23_00h39.35.224,untitled,,2025.1.1,144.04717839596768,2025-10-23 00h39.41.136821 +0530,
67,75,119,20,6,2,t,0.34628060000250116,None,2,6,20,5,36.167630499985535,,36.15791679994436,36.167630499985535,37.146653199975844,37.146653199975844,37.16055969998706,37.49606659996789,t,0.34628060000250116,None,2,001,2025-10-23_00h39.35.224,untitled,,2025.1.1,144.04717839596768,2025-10-23 00h39.41.136821 +0530,
49,60,89,21,0,3,l,0.570699300034903,None,3,0,21,4,37.501069899997674,,37.49791279999772,37.501069899997674,38.487113899958786,38.487113899958786,38.494103999983054,39.05938429996604,l,0.570699300034903,None,2,001,2025-10-23_00h39.35.224,untitled,,2025.1.1,144.04717839596768,2025-10-23 00h39.41.136821 +0530,
15,35,13,22,1,3,l,0.3211212999885902,None,3,1,22,1,39.07079689996317,,39.06126329995459,39.07079689996317,40.04979669995373,40.04979669995373,40.06326939997962,40.37128879997181,l,0.3211212999885902,None,2,001,2025-10-23_00h39.35.224,untitled,,2025.1.1,144.04717839596768,2025-10-23 00h39.41.136821 +0530,
27,50,21,23,2,3,t,0.7553672000067309,None,3,2,23,2,40.38321799994446,,40.37318159994902,40.38321799994446,41.36226699996041,41.36226699996041,41.375808399985544,42.12084589997539,t,0.7553672000067309,None,2,001,2025-10-23_00h39.35.224,untitled,,2025.1.1,144.04717839596768,2025-10-23 00h39.41.136821 +0530,
78,80,162,24,3,3,t,0.28262110002106056,None,3,3,24,6,42.12591349997092,,42.12262009998085,42.12591349997092,43.11217989999568,43.11217989999568,43.11912279995158,43.39925109996693,t,0.28262110002106056,None,2,001,2025-10-23_00h39.35.224,untitled,,2025.1.1,144.04717839596768,2025-10-23 00h39.41.136821 +0530,
40,55,62,25,4,3,l,0.29177419998450205,None,3,4,25,3,43.41156659997068,,43.4010989999515,43.41156659997068,44.390241599990986,44.390241599990986,44.40378099994268,44.68401949998224,l,0.29177419998450205,None,2,001,2025-10-23_00h39.35.224,untitled,,2025.1.1,144.04717839596768,2025-10-23 00h39.41.136821 +0530,
11,30,7,26,5,3,t,0.35188380000181496,None,3,5,26,0,44.69597839994822,,44.685865699953865,44.69597839994822,45.674822799977846,45.674822799977846,45.688773999980185,46.031733299954794,t,0.35188380000181496,None,2,001,2025-10-23_00h39.35.224,untitled,,2025.1.1,144.04717839596768,2025-10-23 00h39.41.136821 +0530,
67,75,119,27,6,3,l,0.24329010001383722,None,3,6,27,5,46.04321469995193,,46.03356909996364,46.04321469995193,47.02196799998637,47.02196799998637,47.0363574999501,47.267401699966285,l,0.24329010001383722,None,2,001,2025-10-23_00h39.35.224,untitled,,2025.1.1,144.04717839596768,2025-10-23 00h39.41.136821 +0530,
49,60,89,28,0,4,t,0.1263341999729164,None,4,0,28,4,47.27931719995104,,47.26926249999087,47.27931719995104,48.25801319995662,48.25801319995662,48.271833599952515,48.38552559999516,t,0.1263341999729164,None,2,001,2025-10-23_00h39.35.224,untitled,,2025.1.1,144.04717839596768,2025-10-23 00h39.41.136821 +0530,
27,50,21,29,1,4,l,0.3150893999845721,None,4,1,29,2,48.39711399999214,,48.38755099999253,48.39711399999214,49.376485499960836,49.376485499960836,49.39026209997246,49.697813399950974,l,0.3150893999845721,None,2,001,2025-10-23_00h39.35.224,untitled,,2025.1.1,144.04717839596768,2025-10-23 00h39.41.136821 +0530,
40,55,62,30,2,4,t,0.64962459995877,None,4,2,30,3,49.71002229995793,,49.69982289994368,49.71002229995793,50.6886445999844,50.6886445999844,50.702512399991974,51.34395039995434,t,0.64962459995877,None,2,001,2025-10-23_00h39.35.224,untitled,,2025.1.1,144.04717839596768,2025-10-23 00h39.41.136821 +0530,
15,35,13,31,3,4,l,1.2676982000120915,None,4,3,31,1,51.35606259998167,,51.34581529995194,51.35606259998167,52.334532299952116,52.334532299952116,52.34854939999059,53.6075889999629,l,1.2676982000120915,None,2,001,2025-10-23_00h39.35.224,untitled,,2025.1.1,144.04717839596768,2025-10-23 00h39.41.136821 +0530,
11,30,7,32,4,4,t,0.3831993999774568,None,4,4,32,0,53.61884809995536,,53.609454199962784,53.61884809995536,54.598012599977665,54.598012599977665,54.611959699948784,54.98245339997811,t,0.3831993999774568,None,2,001,2025-10-23_00h39.35.224,untitled,,2025.1.1,144.04717839596768,2025-10-23 00h39.41.136821 +0530,
78,80,162,33,5,4,t,0.6995072000427172,None,4,5,33,6,54.994262099964544,,54.98431759997038,54.994262099964544,55.97327619994758,55.97327619994758,55.98722309997538,56.676690399996005,t,0.6995072000427172,None,2,001,2025-10-23_00h39.35.224,untitled,,2025.1.1,144.04717839596768,2025-10-23 00h39.41.136821 +0530,
67,75,119,34,6,4,t,1.071852199966088,None,4,6,34,5,56.681626999983564,,56.67854879994411,56.681626999983564,57.66772929998115,57.66772929998115,57.67467509995913,58.74624769994989,t,1.071852199966088,None,2,001,2025-10-23_00h39.35.224,untitled,,2025.1.1,144.04717839596768,2025-10-23 00h39.41.136821 +0530,
67,75,119,35,0,5,l,1.010060100001283,None,5,0,35,5,58.75101399997948,,58.7463565999642,58.75101399997948,59.73688729997957,59.73688729997957,59.74385659996187,60.7530733999447,l,1.010060100001283,None,2,001,2025-10-23_00h39.35.224,untitled,,2025.1.1,144.04717839596768,2025-10-23 00h39.41.136821 +0530,
40,55,62,36,1,5,t,1.303963600017596,None,5,1,36,3,60.75767059996724,,60.75496659998316,60.75767059996724,61.7442898999434,61.7442898999434,61.75125069997739,63.05228069995064,t,1.303963600017596,None,2,001,2025-10-23_00h39.35.224,untitled,,2025.1.1,144.04717839596768,2025-10-23 00h39.41.136821 +0530,
78,80,162,37,2,5,t,1.9931837999611162,None,5,2,37,6,63.06370109994896,,63.05421629996272,63.06370109994896,64.04275929997675,64.04275929997675,64.05667879997054,66.03774129995145,t,1.9931837999611162,None,2,001,2025-10-23_00h39.35.224,untitled,,2025.1.1,144.04717839596768,2025-10-23 00h39.41.136821 +0530,
11,30,7,38,3,5,t,1.3601735000265762,None,5,3,38,0,66.04957259999355,,66.03963669994846,66.04957259999355,67.02871229994344,67.02871229994344,67.04266309994273,68.39237349998439,t,1.3601735000265762,None,2,001,2025-10-23_00h39.35.224,untitled,,2025.1.1,144.04717839596768,2025-10-23 00h39.41.136821 +0530,
27,50,21,39,4,5,t,0.9730506999767385,None,5,4,39,2,68.4039229999762,,68.39506039995467,68.4039229999762,69.38295359996846,69.38295359996846,69.39712019998115,70.35759099997813,t,0.9730506999767385,None,2,001,2025-10-23_00h39.35.224,untitled,,2025.1.1,144.04717839596768,2025-10-23 00h39.41.136821 +0530,
49,60,89,40,5,5,t,1.7663718999829143,None,5,5,40,4,70.36895169998752,,70.35961569997016,70.36895169998752,71.34819939994486,71.34819939994486,71.36200989998179,73.12122079997789,t,1.7663718999829143,None,2,001,2025-10-23_00h39.35.224,untitled,,2025.1.1,144.04717839596768,2025-10-23 00h39.41.136821 +0530,
15,35,13,41,6,5,l,1.659689599997364,None,5,6,41,1,73.13302079995628,,73.12352129997453,73.13302079995628,74.11226009996608,74.11226009996608,74.12598489999073,75.77394879999338,l,1.659689599997364,None,2,001,2025-10-23_00h39.35.224,untitled,,2025.1.1,144.04717839596768,2025-10-23 00h39.41.136821 +0530,
78,80,162,42,0,6,l,2.390447599987965,None,6,0,42,6,75.78595819999464,,75.77577329997439,75.78595819999464,76.76495329994941,76.76495329994941,76.77847779996227,79.15610169997672,l,2.390447599987965,None,2,001,2025-10-23_00h39.35.224,untitled,,2025.1.1,144.04717839596768,2025-10-23 00h39.41.136821 +0530,
15,35,13,43,1,6,l,1.8669988000183366,None,6,1,43,1,79.16725989995757,,79.15823599998839,79.16725989995757,80.14682349999202,80.14682349999202,80.16089899995131,82.01708299998427,l,1.8669988000183366,None,2,001,2025-10-23_00h39.35.224,untitled,,2025.1.1,144.04717839596768,2025-10-23 00h39.41.136821 +0530,
67,75,119,44,2,6,t,0.8094590999535285,None,6,2,44,5,82.02890519995708,,82.01888319995487,82.02890519995708,83.0080499999458,83.0080499999458,83.02151289995527,83.82261969998945,t,0.8094590999535285,None,2,001,2025-10-23_00h39.35.224,untitled,,2025.1.1,144.04717839596768,2025-10-23 00h39.41.136821 +0530,
40,55,62,45,3,6,t,1.1923579999711365,None,6,3,45,3,83.83469889999833,,83.8246243999456,83.83469889999833,84.8136269999668,84.8136269999668,84.82741679996252,86.01032349996967,t,1.1923579999711365,None,2,001,2025-10-23_00h39.35.224,untitled,,2025.1.1,144.04717839596768,2025-10-23 00h39.41.136821 +0530,
27,50,21,46,4,6,l,0.6976170999696478,None,6,4,46,2,86.02184029994532,,86.01219289994333,86.02184029994532,87.00093429995468,87.00093429995468,87.01483129995177,87.70441619999474,l,0.6976170999696478,None,2,001,2025-10-23_00h39.35.224,untitled,,2025.1.1,144.04717839596768,2025-10-23 00h39.41.136821 +0530,
49,60,89,47,5,6,t,0.40190930000972,None,6,5,47,4,87.71615889994428,,87.706457399996,87.71615889994428,88.69517259998247,88.69517259998247,88.70918549998896,89.10005109995836,t,0.40190930000972,None,2,001,2025-10-23_00h39.35.224,untitled,,2025.1.1,144.04717839596768,2025-10-23 00h39.41.136821 +0530,
11,30,7,48,6,6,t,0.6269412999972701,None,6,6,48,0,89.10498999996344,,89.10192349995486,89.10498999996344,90.0919520999887,90.0919520999887,90.09807429998182,90.72541639994597,t,0.6269412999972701,None,2,001,2025-10-23_00h39.35.224,untitled,,2025.1.1,144.04717839596768,2025-10-23 00h39.41.136821 +0530,
11,30,7,49,0,7,t,4.53914230002556,None,7,0,49,0,90.73003729997436,,90.72552219999488,90.73003729997436,91.71677499997895,91.71677499997895,91.72303199995076,96.25972139998339,t,4.53914230002556,None,2,001,2025-10-23_00h39.35.224,untitled,,2025.1.1,144.04717839596768,2025-10-23 00h39.41.136821 +0530,
27,50,21,50,1,7,l,1.3502349000191316,None,7,1,50,2,96.27203989995178,,96.26178439997602,96.27203989995178,97.25062539998908,97.25062539998908,97.26451989996713,98.6070109999855,l,1.3502349000191316,None,2,001,2025-10-23_00h39.35.224,untitled,,2025.1.1,144.04717839596768,2025-10-23 00h39.41.136821 +0530,
78,80,162,51,2,7,t,0.40279299998655915,None,7,2,51,6,98.61200369999278,,98.60882479994325,98.61200369999278,99.59802949998993,99.59802949998993,99.604992699984,100.00273909996031,t,0.40279299998655915,None,2,001,2025-10-23_00h39.35.224,untitled,,2025.1.1,144.04717839596768,2025-10-23 00h39.41.136821 +0530,
15,35,13,52,3,7,l,1.205152000009548,None,7,3,52,1,100.00768239999888,,100.00458859995706,100.00768239999888,100.99372999998741,100.99372999998741,101.0007251999923,102.20452039997326,l,1.205152000009548,None,2,001,2025-10-23_00h39.35.224,untitled,,2025.1.1,144.04717839596768,2025-10-23 00h39.41.136821 +0530,
40,55,62,53,4,7,l,0.8385302000096999,None,7,4,53,3,102.21657119999873,,102.20658049994381,102.21657119999873,103.19531579996692,103.19531579996692,103.20923179999227,104.03772619995289,l,0.8385302000096999,None,2,001,2025-10-23_00h39.35.224,untitled,,2025.1.1,144.04717839596768,2025-10-23 00h39.41.136821 +0530,
67,75,119,54,5,7,t,0.3342580000171438,None,7,5,54,5,104.04933189996518,,104.0395131999976,104.04933189996518,105.02843129995745,105.02843129995745,105.04239869996672,105.3644850999699,t,0.3342580000171438,None,2,001,2025-10-23_00h39.35.224,untitled,,2025.1.1,144.04717839596768,2025-10-23 00h39.41.136821 +0530,
49,60,89,55,6,7,t,9.055915599979926,None,7,6,55,4,105.37646589998621,,105.36631889996352,105.37646589998621,106.35494009999093,106.35494009999093,106.37604939995799,115.41275149997091,t,9.055915599979926,None,2,001,2025-10-23_00h39.35.224,untitled,,2025.1.1,144.04717839596768,2025-10-23 00h39.41.136821 +0530,
27,50,21,56,0,8,l,0.5173345999792218,None,8,0,56,2,115.42480009997962,,115.41474999999627,115.42480009997962,116.4036898999475,116.4036898999475,116.41746669996064,116.92638809996424,l,0.5173345999792218,None,2,001,2025-10-23_00h39.35.224,untitled,,2025.1.1,144.04717839596768,2025-10-23 00h39.41.136821 +0530,
78,80,162,57,1,8,l,0.2552008999628015,None,8,1,57,6,116.93119639996439,,116.92820969998138,116.93119639996439,117.91759739996633,117.91759739996633,117.92438429995673,118.17669839999871,l,0.2552008999628015,None,2,001,2025-10-23_00h39.35.224,untitled,,2025.1.1,144.04717839596768,2025-10-23 00h39.41.136821 +0530,
49,60,89,58,2,8,l,0.276016499963589,None,8,2,58,4,118.18831639998825,,118.17882959998678,118.18831639998825,119.16772899997886,119.16772899997886,119.18145539995749,119.44712209998397,l,0.276016499963589,None,2,001,2025-10-23_00h39.35.224,untitled,,2025.1.1,144.04717839596768,2025-10-23 00h39.41.136821 +0530,
11,30,7,59,3,8,t,0.29411200003232807,None,8,3,59,0,119.4519870999502,,119.44921609997982,119.4519870999502,120.43842279998353,120.43842279998353,120.44513329997426,120.7387466999935,t,0.29411200003232807,None,2,001,2025-10-23_00h39.35.224,untitled,,2025.1.1,144.04717839596768,2025-10-23 00h39.41.136821 +0530,
40,55,62,60,4,8,t,0.45960719999857247,None,8,4,60,3,120.75121129996842,,120.74109119997593,120.75121129996842,121.7302099999506,121.7302099999506,121.74366919999011,122.19065349997254,t,0.45960719999857247,None,2,001,2025-10-23_00h39.35.224,untitled,,2025.1.1,144.04717839596768,2025-10-23 00h39.41.136821 +0530,
15,35,13,61,5,8,l,0.09626459999708459,None,8,5,61,1,122.20269589999225,,122.1927329999744,122.20269589999225,123.18117879994679,123.18117879994679,123.19533589994535,123.28048799996031,l,0.09626459999708459,None,2,001,2025-10-23_00h39.35.224,untitled,,2025.1.1,144.04717839596768,2025-10-23 00h39.41.136821 +0530,
67,75,119,62,6,8,t,0.4520473000011407,None,8,6,62,5,123.28524999995716,,123.28227440000046,123.28524999995716,124.27174999995623,124.27174999995623,124.27832319994923,124.72551219997695,t,0.4520473000011407,None,2,001,2025-10-23_00h39.35.224,untitled,,2025.1.1,144.04717839596768,2025-10-23 00h39.41.136821 +0530,
11,30,7,63,0,9,l,0.45682349998969585,None,9,0,63,0,124.73752019996755,,124.72756359999767,124.73752019996755,125.71609499998158,125.71609499998158,125.73001369996928,126.17614879994653,l,0.45682349998969585,None,2,001,2025-10-23_00h39.35.224,untitled,,2025.1.1,144.04717839596768,2025-10-23 00h39.41.136821 +0530,
67,75,119,64,1,9,t,0.16183850000379607,None,9,1,64,5,126.1814136999892,,126.17794809996849,126.1814136999892,127.16779789997963,127.16779789997963,127.17493869998725,127.33634499995969,t,0.16183850000379607,None,2,001,2025-10-23_00h39.35.224,untitled,,2025.1.1,144.04717839596768,2025-10-23 00h39.41.136821 +0530,
49,60,89,65,2,9,l,0.44960659998469055,None,9,2,65,4,127.34764549997635,,127.33823689998826,127.34764549997635,128.32702139997855,128.32702139997855,128.34099589998368,128.78102579998085,l,0.44960659998469055,None,2,001,2025-10-23_00h39.35.224,untitled,,2025.1.1,144.04717839596768,2025-10-23 00h39.41.136821 +0530,
27,50,21,66,3,9,t,0.424568000016734,None,9,3,66,2,128.7922921999707,,128.7831911999965,128.7922921999707,129.77165289997356,129.77165289997356,129.78551759995753,130.19759119994706,t,0.424568000016734,None,2,001,2025-10-23_00h39.35.224,untitled,,2025.1.1,144.04717839596768,2025-10-23 00h39.41.136821 +0530,
15,35,13,67,4,9,l,0.4052528999745846,None,9,4,67,1,130.20907009998336,,130.19954329996835,130.20907009998336,131.18835679994663,131.18835679994663,131.20246249996126,131.6004157999996,l,0.4052528999745846,None,2,001,2025-10-23_00h39.35.224,untitled,,2025.1.1,144.04717839596768,2025-10-23 00h39.41.136821 +0530,
40,55,62,68,5,9,t,0.311921100015752,None,9,5,68,3,131.61214119999204,,131.60229499998968,131.61214119999204,132.59101029997692,132.59101029997692,132.60499209997943,132.90600719995564,t,0.311921100015752,None,2,001,2025-10-23_00h39.35.224,untitled,,2025.1.1,144.04717839596768,2025-10-23 00h39.41.136821 +0530,
78,80,162,69,6,9,l,0.3597040000022389,None,9,6,69,6,132.91724889999023,,132.90779349999502,132.91724889999023,133.89658569998574,133.89658569998574,133.91063689999282,134.2606206999626,l,0.3597040000022389,None,2,001,2025-10-23_00h39.35.224,untitled,,2025.1.1,144.04717839596768,2025-10-23 00h39.41.136821 +0530,
49,60,89,70,0,10,t,0.3833919999888167,None,10,0,70,4,134.2717347999569,,134.26275419996819,134.2717347999569,135.25090459996136,135.25090459996136,135.2645217999816,135.63516259996686,t,0.3833919999888167,None,2,001,2025-10-23_00h39.35.224,untitled,,2025.1.1,144.04717839596768,2025-10-23 00h39.41.136821 +0530,
78,80,162,71,1,10,l,0.31380770000396296,None,10,1,71,6,135.64644539996516,,135.63717429997632,135.64644539996516,136.6258801999502,136.6258801999502,136.63969959999667,136.9407381999772,l,0.31380770000396296,None,2,001,2025-10-23_00h39.35.224,untitled,,2025.1.1,144.04717839596768,2025-10-23 00h39.41.136821 +0530,
27,50,21,72,2,10,t,0.2908414999837987,None,10,2,72,2,136.952002099948,,136.94278929999564,136.952002099948,137.93126449995907,137.93126449995907,137.94564619997982,138.22491289995378,t,0.2908414999837987,None,2,001,2025-10-23_00h39.35.224,untitled,,2025.1.1,144.04717839596768,2025-10-23 00h39.41.136821 +0530,
11,30,7,73,3,10,l,0.2334195000003092,None,10,3,73,0,138.22973129997263,,138.2268863999634,138.22973129997263,139.2166260999511,139.2166260999511,139.22275699995225,139.45445629995083,l,0.2334195000003092,None,2,001,2025-10-23_00h39.35.224,untitled,,2025.1.1,144.04717839596768,2025-10-23 00h39.41.136821 +0530,
40,55,62,74,4,10,t,0.41266229999018833,None,10,4,74,3,139.46581869997317,,139.45628719998058,139.46581869997317,140.44512659998145,140.44512659998145,140.45942719996674,140.86397529998794,t,0.41266229999018833,None,2,001,2025-10-23_00h39.35.224,untitled,,2025.1.1,144.04717839596768,2025-10-23 00h39.41.136821 +0530,
15,35,13,75,5,10,l,0.2785934999701567,None,10,5,75,1,140.87549299997045,,140.86603429995012,140.87549299997045,141.8549116999493,141.8549116999493,141.8689405999612,142.13585619995138,l,0.2785934999701567,None,2,001,2025-10-23_00h39.35.224,untitled,,2025.1.1,144.04717839596768,2025-10-23 00h39.41.136821 +0530,
67,75,119,76,6,10,t,0.044146600004751235,None,10,6,76,5,142.14687879994744,,142.13778989994898,142.14687879994744,143.12546889996156,143.12546889996156,143.13940729998285,143.17649679997703,t,0.044146600004751235,None,2,001,2025-10-23_00h39.35.224,untitled,,2025.1.1,144.04717839596768,2025-10-23 00h39.41.136821 +0530,
27,50,21,77,0,11,l,0.10599409998394549,None,11,0,77,2,143.18120009999257,,143.17834149999544,143.18120009999257,144.16740659996867,144.16740659996867,144.1742940999684,144.27368649997516,l,0.10599409998394549,None,2,001,2025-10-23_00h39.35.224,untitled,,2025.1.1,144.04717839596768,2025-10-23 00h39.41.136821 +0530,
40,55,62,78,1,11,t,0.5455127999885008,None,11,1,78,3,144.28542509995168,,144.2756976999808,144.28542509995168,145.26470019994304,145.26470019994304,145.27934660000028,145.8157301999745,t,0.5455127999885008,None,2,001,2025-10-23_00h39.35.224,untitled,,2025.1.1,144.04717839596768,2025-10-23 00h39.41.136821 +0530,
67,75,119,79,2,11,t,0.2672319000121206,None,11,2,79,5,145.82725339999888,,145.81767079996644,145.82725339999888,146.806228499976,146.806228499976,146.8203284999472,147.0792731999536,t,0.2672319000121206,None,2,001,2025-10-23_00h39.35.224,untitled,,2025.1.1,144.04717839596768,2025-10-23 00h39.41.136821 +0530,
11,30,7,80,3,11,t,0.17974220000905916,None,11,3,80,0,147.0914749999647,,147.08127969998168,147.0914749999647,148.0706045999541,148.0706045999541,148.0838378999615,148.25325179996435,t,0.17974220000905916,None,2,001,2025-10-23_00h39.35.224,untitled,,2025.1.1,144.04717839596768,2025-10-23 00h39.41.136821 +0530,
15,35,13,81,4,11,t,0.2989806000259705,None,11,4,81,1,148.26558039995143,,148.25514019996626,148.26558039995143,149.24398499995004,149.24398499995004,149.25808979995782,149.54518219997408,t,0.2989806000259705,None,2,001,2025-10-23_00h39.35.224,untitled,,2025.1.1,144.04717839596768,2025-10-23 00h39.41.136821 +0530,
78,80,162,82,5,11,t,0.2991116999764927,None,11,5,82,6,149.55617969995365,,149.54695269995136,149.55617969995365,150.53548089996912,150.53548089996912,150.5494743999443,150.83626199996797,t,0.2991116999764927,None,2,001,2025-10-23_00h39.35.224,untitled,,2025.1.1,144.04717839596768,2025-10-23 00h39.41.136821 +0530,
49,60,89,83,6,11,t,0.3195399999967776,None,11,6,83,4,150.84851689997595,,150.83812829997623,150.84851689997595,151.82771709997905,151.82771709997905,151.8410576999886,152.14887649996672,t,0.3195399999967776,None,2,001,2025-10-23_00h39.35.224,untitled,,2025.1.1,144.04717839596768,2025-10-23 00h39.41.136821 +0530,
49,60,89,84,0,12,t,0.22862310003256425,None,12,0,84,4,152.15349199995399,,152.14897999999812,152.15349199995399,153.1396236999426,153.1396236999426,153.14653159998124,153.37117219995707,t,0.22862310003256425,None,2,001,2025-10-23_00h39.35.224,untitled,,2025.1.1,144.04717839596768,2025-10-23 00h39.41.136821 +0530,
11,30,7,85,1,12,t,0.5971136000007391,None,12,1,85,0,153.38346379995346,,153.37311709998176,153.38346379995346,154.3618250999716,154.3618250999716,154.37577649997547,154.96115239994833,t,0.5971136000007391,None,2,001,2025-10-23_00h39.35.224,untitled,,2025.1.1,144.04717839596768,2025-10-23 00h39.41.136821 +0530,
67,75,119,86,2,12,t,0.3261015000171028,None,12,2,86,5,154.96590589999687,,154.96292899997206,154.96590589999687,155.95216359995538,155.95216359995538,155.95891429996118,156.2806142999907,t,0.3261015000171028,None,2,001,2025-10-23_00h39.35.224,untitled,,2025.1.1,144.04717839596768,2025-10-23 00h39.41.136821 +0530,
78,80,162,87,3,12,l,0.37338020000606775,None,12,3,87,6,156.28535939997528,,156.28238679998321,156.28535939997528,157.27161509997677,157.27161509997677,157.27850959997158,157.64887799997814,l,0.37338020000606775,None,2,001,2025-10-23_00h39.35.224,untitled,,2025.1.1,144.04717839596768,2025-10-23 00h39.41.136821 +0530,
40,55,62,88,4,12,l,0.6728595999884419,None,12,4,88,3,157.66053639998427,,157.65089399996214,157.66053639998427,158.63997439999366,158.63997439999366,158.6537058999529,159.31558819999918,l,0.6728595999884419,None,2,001,2025-10-23_00h39.35.224,untitled,,2025.1.1,144.04717839596768,2025-10-23 00h39.41.136821 +0530,
15,35,13,89,5,12,l,0.4803711000131443,None,12,5,89,1,159.32710849994328,,159.31759079999756,159.32710849994328,160.30620249995263,160.30620249995263,160.3201979000005,160.78784169995924,l,0.4803711000131443,None,2,001,2025-10-23_00h39.35.224,untitled,,2025.1.1,144.04717839596768,2025-10-23 00h39.41.136821 +0530,
27,50,21,90,6,12,t,0.9099754999624565,None,12,6,90,2,160.79957029997604,,160.78994539997075,160.79957029997604,161.77877199999057,161.77877199999057,161.79224989999784,162.69087569997646,t,0.9099754999624565,None,2,001,2025-10-23_00h39.35.224,untitled,,2025.1.1,144.04717839596768,2025-10-23 00h39.41.136821 +0530,
78,80,162,91,0,13,l,0.4258710999856703,None,13,0,91,6,162.70277019997593,,162.69280009996146,162.70277019997593,163.68139659997541,163.68139659997541,163.69534649996785,164.10790459997952,l,0.4258710999856703,None,2,001,2025-10-23_00h39.35.224,untitled,,2025.1.1,144.04717839596768,2025-10-23 00h39.41.136821 +0530,
27,50,21,92,1,13,t,0.36769709998043254,None,13,1,92,2,164.11937509995187,,164.10982089996105,164.11937509995187,165.09818759997142,165.09818759997142,165.1117730999831,165.46827559999656,t,0.36769709998043254,None,2,001,2025-10-23_00h39.35.224,untitled,,2025.1.1,144.04717839596768,2025-10-23 00h39.41.136821 +0530,
40,55,62,93,2,13,l,1.3678450000006706,None,13,2,93,3,165.4800022999989,,165.47013629996218,165.4800022999989,166.45937729999423,166.45937729999423,166.47299499996006,167.82924349996028,l,1.3678450000006706,None,2,001,2025-10-23_00h39.35.224,untitled,,2025.1.1,144.04717839596768,2025-10-23 00h39.41.136821 +0530,
49,60,89,94,3,13,t,0.36907049996079877,None,13,3,94,4,167.84150199999567,,167.83121279999614,167.84150199999567,168.82015539996792,168.82015539996792,168.83429049997358,169.19055129995104,t,0.36907049996079877,None,2,001,2025-10-23_00h39.35.224,untitled,,2025.1.1,144.04717839596768,2025-10-23 00h39.41.136821 +0530,
67,75,119,95,4,13,l,1.2180725999642164,None,13,4,95,5,169.2020354999695,,169.19233459996758,169.2020354999695,170.18120859999908,170.18120859999908,170.1954368999577,171.4056406999589,l,1.2180725999642164,None,2,001,2025-10-23_00h39.35.224,untitled,,2025.1.1,144.04717839596768,2025-10-23 00h39.41.136821 +0530,
11,30,7,96,5,13,t,0.5340789000038058,None,13,5,96,0,171.4178082999424,,171.40776219998952,171.4178082999424,172.39651389996288,172.39651389996288,172.41039829998044,172.9334224999766,t,0.5340789000038058,None,2,001,2025-10-23_00h39.35.224,untitled,,2025.1.1,144.04717839596768,2025-10-23 00h39.41.136821 +0530,
15,35,13,97,6,13,l,0.41648700000951067,None,13,6,97,1,172.94520449999254,,172.93528179998975,172.94520449999254,173.92431339999894,173.92431339999894,173.93818969995482,174.34280549996765,l,0.41648700000951067,None,2,001,2025-10-23_00h39.35.224,untitled,,2025.1.1,144.04717839596768,2025-10-23 00h39.41.136821 +0530,
11,30,7,98,0,14,t,3.1354770999751054,None,14,0,98,0,174.34798549994593,,174.3446500999853,174.34798549994593,175.3340130999568,175.3340130999568,175.34084149997216,178.4753073999891,t,3.1354770999751054,None,2,001,2025-10-23_00h39.35.224,untitled,,2025.1.1,144.04717839596768,2025-10-23 00h39.41.136821 +0530,
49,60,89,99,1,14,l,1.2580972000141628,None,14,1,99,4,178.48691479995614,,178.4771699999692,178.48691479995614,179.4658074999461,179.4658074999461,179.47983039997052,180.7254465999431,l,1.2580972000141628,None,2,001,2025-10-23_00h39.35.224,untitled,,2025.1.1,144.04717839596768,2025-10-23 00h39.41.136821 +0530,
67,75,119,100,2,14,t,0.660275999980513,None,14,2,100,5,180.73758049996104,,180.72746379999444,180.73758049996104,181.71605549997184,181.71605549997184,181.72997059999034,182.3777597999433,t,0.660275999980513,None,2,001,2025-10-23_00h39.35.224,untitled,,2025.1.1,144.04717839596768,2025-10-23 00h39.41.136821 +0530,
27,50,21,101,3,14,l,0.9679738999693654,None,14,3,101,2,182.38981199997943,,182.37966519995825,182.38981199997943,183.36878599994816,183.36878599994816,183.38257739995606,184.34329479996813,l,0.9679738999693654,None,2,001,2025-10-23_00h39.35.224,untitled,,2025.1.1,144.04717839596768,2025-10-23 00h39.41.136821 +0530,
40,55,62,102,4,14,t,1.009728199976962,None,14,4,102,3,184.35507789999247,,184.34526829997776,184.35507789999247,185.33404479996534,185.33404479996534,185.34799249999924,186.35032279998995,t,1.009728199976962,None,2,001,2025-10-23_00h39.35.224,untitled,,2025.1.1,144.04717839596768,2025-10-23 00h39.41.136821 +0530,
78,80,162,103,5,14,l,1.2225170999881811,None,14,5,103,6,186.36187229998177,,186.35209579998627,186.36187229998177,187.34098879998783,187.34098879998783,187.35487719997764,188.56542289996287,l,1.2225170999881811,None,2,001,2025-10-23_00h39.35.224,untitled,,2025.1.1,144.04717839596768,2025-10-23 00h39.41.136821 +0530,
15,35,13,104,6,14,t,2.2006006999872625,None,14,6,104,1,188.57758389995433,,188.56745789997512,188.57758389995433,189.55616099998588,189.55616099998588,189.57015719998162,191.7600778999622,t,2.2006006999872625,None,2,001,2025-10-23_00h39.35.224,untitled,,2025.1.1,144.04717839596768,2025-10-23 00h39.41.136821 +0530,
11,30,7,105,0,15,l,2.7240033999551088,None,15,0,105,0,191.77204279997386,,191.76198179996572,191.77204279997386,192.75058569997782,192.75058569997782,192.76524979999522,195.47499569994397,l,2.7240033999551088,None,2,001,2025-10-23_00h39.35.224,untitled,,2025.1.1,144.04717839596768,2025-10-23 00h39.41.136821 +0530,
78,80,162,106,1,15,l,2.7030783999944106,None,15,1,106,6,195.48731319996295,,195.47680239996407,195.48731319996295,196.4661259999848,196.4661259999848,196.48012839996954,199.16955889994279,l,2.7030783999944106,None,2,001,2025-10-23_00h39.35.224,untitled,,2025.1.1,144.04717839596768,2025-10-23 00h39.41.136821 +0530,
27,50,21,107,2,15,t,3.30693090002751,None,15,2,107,2,199.1809782999917,,199.1714827999822,199.1809782999917,200.16030909999972,200.16030909999972,200.1741768999491,203.46777089999523,t,3.30693090002751,None,2,001,2025-10-23_00h39.35.224,untitled,,2025.1.1,144.04717839596768,2025-10-23 00h39.41.136821 +0530,
67,75,119,108,3,15,l,1.1064355000271462,None,15,3,108,5,203.47259639995173,,203.46961589995772,203.47259639995173,204.45867249998264,204.45867249998264,204.46568699995987,205.56534629996167,l,1.1064355000271462,None,2,001,2025-10-23_00h39.35.224,untitled,,2025.1.1,144.04717839596768,2025-10-23 00h39.41.136821 +0530,
15,35,13,109,4,15,t,0.6758354000048712,None,15,4,109,1,205.5764615999651,,205.5672328999499,205.5764615999651,206.5566679999465,206.5566679999465,206.5697204999742,207.23867289995542,t,0.6758354000048712,None,2,001,2025-10-23_00h39.35.224,untitled,,2025.1.1,144.04717839596768,2025-10-23 00h39.41.136821 +0530,
49,60,89,110,5,15,l,1.0956166999530979,None,15,5,110,4,207.25079979997827,,207.24053409998305,207.25079979997827,208.22971699998016,208.22971699998016,208.24372889997903,209.32896629994502,l,1.0956166999530979,None,2,001,2025-10-23_00h39.35.224,untitled,,2025.1.1,144.04717839596768,2025-10-23 00h39.41.136821 +0530,
40,55,62,111,6,15,l,0.6262986999936402,None,15,6,111,3,209.34072439995361,,209.3309582999791,209.34072439995361,210.31983219995163,210.31983219995163,210.33382089994848,210.94737079995684,l,0.6262986999936402,None,2,001,2025-10-23_00h39.35.224,untitled,,2025.1.1,144.04717839596768,2025-10-23 00h39.41.136821 +0530,
40,55,62,112,0,16,l,1.2437570999609306,None,16,0,112,3,210.95191539998632,,210.9474720999715,210.95191539998632,211.93781359994318,211.93781359994318,211.94491449999623,213.1832746999571,l,1.2437570999609306,None,2,001,2025-10-23_00h39.35.224,untitled,,2025.1.1,144.04717839596768,2025-10-23 00h39.41.136821 +0530,
67,75,119,113,1,16,t,0.5333078000112437,None,16,1,113,5,213.19500579999294,,213.1850847999449,213.19500579999294,214.17411469999934,214.17411469999934,214.1880277999444,214.71079349995125,t,0.5333078000112437,None,2,001,2025-10-23_00h39.35.224,untitled,,2025.1.1,144.04717839596768,2025-10-23 00h39.41.136821 +0530,
78,80,162,114,2,16,t,0.571920600021258,None,16,2,114,6,214.71586189995287,,214.71256079996238,214.71586189995287,215.70191199996043,215.70191199996043,215.70887249999214,216.28038809995633,t,0.571920600021258,None,2,001,2025-10-23_00h39.35.224,untitled,,2025.1.1,144.04717839596768,2025-10-23 00h39.41.136821 +0530,
27,50,21,115,3,16,l,1.718961099977605,None,16,3,115,2,216.29205609997734,,216.28225739998743,216.29205609997734,217.27112569997553,217.27112569997553,217.28528779995395,218.99579399998765,l,1.718961099977605,None,2,001,2025-10-23_00h39.35.224,untitled,,2025.1.1,144.04717839596768,2025-10-23 00h39.41.136821 +0530,
15,35,13,116,4,16,t,1.557244300027378,None,16,4,116,1,219.00703669997165,,218.99765449995175,219.00703669997165,219.98636129999068,219.98636129999068,220.00095579994377,221.54456399998162,t,1.557244300027378,None,2,001,2025-10-23_00h39.35.224,untitled,,2025.1.1,144.04717839596768,2025-10-23 00h39.41.136821 +0530,
11,30,7,117,5,16,l,1.182275999977719,None,16,5,117,0,221.556053599983,,221.54647879995173,221.556053599983,222.53517139999894,222.53517139999894,222.5493563999771,223.7178808999597,l,1.182275999977719,None,2,001,2025-10-23_00h39.35.224,untitled,,2025.1.1,144.04717839596768,2025-10-23 00h39.41.136821 +0530,
49,60,89,118,6,16,t,2.6175590999773704,None,16,6,118,4,223.7298917999724,,223.71992799994769,223.7298917999724,224.70860109996283,224.70860109996283,224.72246149997227,227.3293593999697,t,2.6175590999773704,None,2,001,2025-10-23_00h39.35.224,untitled,,2025.1.1,144.04717839596768,2025-10-23 00h39.41.136821 +0530,
67,75,119,119,0,17,l,1.0485658999532461,None,17,0,119,5,227.3409272999852,,227.3312524999492,227.3409272999852,228.31994259997737,228.31994259997737,228.33390659996076,229.3705118999933,l,1.0485658999532461,None,2,001,2025-10-23_00h39.35.224,untitled,,2025.1.1,144.04717839596768,2025-10-23 00h39.41.136821 +0530,
15,35,13,120,1,17,t,2.3202529000118375,None,17,1,120,1,229.37522719998378,,229.37238109996542,229.37522719998378,230.36127959995065,230.36127959995065,230.36843409994617,232.68309789994964,t,2.3202529000118375,None,2,001,2025-10-23_00h39.35.224,untitled,,2025.1.1,144.04717839596768,2025-10-23 00h39.41.136821 +0530,
78,80,162,121,2,17,l,2.3511736000073142,None,17,2,121,6,232.6875806999742,,232.68488859996432,232.6875806999742,233.67415249999613,233.67415249999613,233.68071059999056,236.0302784999949,l,2.3511736000073142,None,2,001,2025-10-23_00h39.35.224,untitled,,2025.1.1,144.04717839596768,2025-10-23 00h39.41.136821 +0530,
40,55,62,122,3,17,t,1.0920740000437945,None,17,3,122,3,236.04243879998103,,236.03215249994537,236.04243879998103,237.0210584999877,237.0210584999877,237.0349784999853,238.1135712999967,t,1.0920740000437945,None,2,001,2025-10-23_00h39.35.224,untitled,,2025.1.1,144.04717839596768,2025-10-23 00h39.41.136821 +0530,
27,50,21,123,4,17,t,0.595289499964565,None,17,4,123,2,238.12557889998425,,238.1155846999609,238.12557889998425,239.10456209996482,239.10456209996482,239.1186109999544,239.70434909994947,t,0.595289499964565,None,2,001,2025-10-23_00h39.35.224,untitled,,2025.1.1,144.04717839596768,2025-10-23 00h39.41.136821 +0530,
11,30,7,124,5,17,l,1.2804026000085287,None,17,5,124,0,239.71575269999448,,239.7061904000002,239.71575269999448,240.69486789999064,240.69486789999064,240.70879139995668,241.98171749996254,l,1.2804026000085287,None,2,001,2025-10-23_00h39.35.224,untitled,,2025.1.1,144.04717839596768,2025-10-23 00h39.41.136821 +0530,
49,60,89,125,6,17,t,0.39100559998769313,None,17,6,125,4,241.99327949999133,,241.98360929999035,241.99327949999133,242.97251669998514,242.97251669998514,242.986320099968,243.36383379995823,t,0.39100559998769313,None,2,001,2025-10-23_00h39.35.224,untitled,,2025.1.1,144.04717839596768,2025-10-23 00h39.41.136821 +0530,
11,30,7,126,0,18,l,1.1824016000027768,None,18,0,126,0,243.37546269997256,,243.36567219998688,243.37546269997256,244.35480959998677,244.35480959998677,244.36896599998,245.5376743999659,l,1.1824016000027768,None,2,001,2025-10-23_00h39.35.224,untitled,,2025.1.1,144.04717839596768,2025-10-23 00h39.41.136821 +0530,
67,75,119,127,1,18,t,1.4409931000554934,None,18,1,127,5,245.54956129996572,,245.53961879998678,245.54956129996572,246.52828739996767,246.52828739996767,246.54289019998396,247.97534579999046,t,1.4409931000554934,None,2,001,2025-10-23_00h39.35.224,untitled,,2025.1.1,144.04717839596768,2025-10-23 00h39.41.136821 +0530,
40,55,62,128,2,18,l,1.902290300000459,None,18,2,128,3,247.986780599982,,247.97719929995947,247.986780599982,248.96577809995506,248.96577809995506,248.97972639999352,250.87079819996143,l,1.902290300000459,None,2,001,2025-10-23_00h39.35.224,untitled,,2025.1.1,144.04717839596768,2025-10-23 00h39.41.136821 +0530,
15,35,13,129,3,18,t,2.4012014999752864,None,18,3,129,1,250.8828088999726,,250.87280679994728,250.8828088999726,251.86164289998123,251.86164289998123,251.87537759996485,254.26606099994387,t,2.4012014999752864,None,2,001,2025-10-23_00h39.35.224,untitled,,2025.1.1,144.04717839596768,2025-10-23 00h39.41.136821 +0530,
78,80,162,130,4,18,l,1.6961619000067003,None,18,4,130,6,254.27100299997255,,254.26784239994595,254.27100299997255,255.25730959995417,255.25730959995417,255.26398579997476,256.9541883999482,l,1.6961619000067003,None,2,001,2025-10-23_00h39.35.224,untitled,,2025.1.1,144.04717839596768,2025-10-23 00h39.41.136821 +0530,
27,50,21,131,5,18,t,0.1689642999554053,None,18,5,131,2,256.9659370999434,,256.95608179998817,256.9659370999434,257.9446664999705,257.9446664999705,257.9586575999856,258.11388499999885,t,0.1689642999554053,None,2,001,2025-10-23_00h39.35.224,untitled,,2025.1.1,144.04717839596768,2025-10-23 00h39.41.136821 +0530,
49,60,89,132,6,18,t,1.0667586000054143,None,18,6,132,4,258.1256813999498,,258.1159778999863,258.1256813999498,259.1042824999895,259.1042824999895,259.11820859997533,260.1767245999654,t,1.0667586000054143,None,2,001,2025-10-23_00h39.35.224,untitled,,2025.1.1,144.04717839596768,2025-10-23 00h39.41.136821 +0530,
67,75,119,133,0,19,l,0.5603298000060022,None,19,0,133,5,260.1881164999795,,260.17910579999443,260.1881164999795,261.16702399996575,261.16702399996575,261.1809226999758,261.73136769997654,l,0.5603298000060022,None,2,001,2025-10-23_00h39.35.224,untitled,,2025.1.1,144.04717839596768,2025-10-23 00h39.41.136821 +0530,
40,55,62,134,1,19,t,0.39193809998687357,None,19,1,134,3,261.7361275999574,,261.73326549999183,261.7361275999574,262.7226725999499,262.7226725999499,262.7296717999852,263.1205860999762,t,0.39193809998687357,None,2,001,2025-10-23_00h39.35.224,untitled,,2025.1.1,144.04717839596768,2025-10-23 00h39.41.136821 +0530,
27,50,21,135,2,19,l,0.8539846999919973,None,19,2,135,2,263.1324173999601,,263.12243719998514,263.1324173999601,264.11149949999526,264.11149949999526,264.1253153999569,264.9676744999597,l,0.8539846999919973,None,2,001,2025-10-23_00h39.35.224,untitled,,2025.1.1,144.04717839596768,2025-10-23 00h39.41.136821 +0530,
78,80,162,136,3,19,t,0.5567729999893345,None,19,3,136,6,264.9722929999698,,264.9694410999655,264.9722929999698,265.9583643999649,265.9583643999649,265.96532359998673,266.5166828999645,t,0.5567729999893345,None,2,001,2025-10-23_00h39.35.224,untitled,,2025.1.1,144.04717839596768,2025-10-23 00h39.41.136821 +0530,
15,35,13,137,4,19,t,0.5541004000115208,None,19,4,137,1,266.5282717999653,,266.51855079998495,266.5282717999653,267.50713599997107,267.50713599997107,267.5211658999906,268.0648051999742,t,0.5541004000115208,None,2,001,2025-10-23_00h39.35.224,untitled,,2025.1.1,144.04717839596768,2025-10-23 00h39.41.136821 +0530,
49,60,89,138,5,19,l,0.5252704999875277,None,19,5,138,4,268.0698462999426,,268.06666589999804,268.0698462999426,269.05593519995455,269.05593519995455,269.0628688999568,269.5857544999453,l,0.5252704999875277,None,2,001,2025-10-23_00h39.35.224,untitled,,2025.1.1,144.04717839596768,2025-10-23 00h39.41.136821 +0530,
11,30,7,139,6,19,t,0.412890600040555,None,19,6,139,0,269.59781319997273,,269.58775699994294,269.59781319997273,270.5767638999969,270.5767638999969,270.59069119999185,270.9954523999477,t,0.412890600040555,None,2,001,2025-10-23_00h39.35.224,untitled,,2025.1.1,144.04717839596768,2025-10-23 00h39.41.136821 +0530,
49,60,89,140,0,20,l,0.29069460002938285,None,20,0,140,4,271.00001819996396,,270.9973120999639,271.00001819996396,271.9864840999944,271.9864840999944,271.9934779999894,272.28014099999564,l,0.29069460002938285,None,2,001,2025-10-23_00h39.35.224,untitled,,2025.1.1,144.04717839596768,2025-10-23 00h39.41.136821 +0530,
27,50,21,141,1,20,t,0.4449474000139162,None,20,1,141,2,272.29204079997726,,272.2822273999918,272.29204079997726,273.2711471999646,273.2711471999646,273.2850558999926,273.7179491999559,t,0.4449474000139162,None,2,001,2025-10-23_00h39.35.224,untitled,,2025.1.1,144.04717839596768,2025-10-23 00h39.41.136821 +0530,
11,30,7,142,2,20,l,0.7165131000219844,None,20,2,142,0,273.72965669998666,,273.71979639999336,273.72965669998666,274.70867499994347,274.70867499994347,274.72262069996214,275.42620749998605,l,0.7165131000219844,None,2,001,2025-10-23_00h39.35.224,untitled,,2025.1.1,144.04717839596768,2025-10-23 00h39.41.136821 +0530,
15,35,13,143,3,20,t,0.2632757999817841,None,20,3,143,1,275.43794509995496,,275.4281161999679,275.43794509995496,276.41702759999316,276.41702759999316,276.43095169996377,276.6829879999859,t,0.2632757999817841,None,2,001,2025-10-23_00h39.35.224,untitled,,2025.1.1,144.04717839596768,2025-10-23 00h39.41.136821 +0530,
67,75,119,144,4,20,l,0.30334500002209097,None,20,4,144,5,276.69480349996593,,276.6848474999424,276.69480349996593,277.6739341999637,277.6739341999637,277.68778449995443,277.98139979998814,l,0.30334500002209097,None,2,001,2025-10-23_00h39.35.224,untitled,,2025.1.1,144.04717839596768,2025-10-23 00h39.41.136821 +0530,
78,80,162,145,5,20,t,0.3832688999827951,None,20,5,145,6,277.986196999962,,277.98320899996907,277.986196999962,278.97222449997207,278.97222449997207,278.97933819994796,279.3567411999684,t,0.3832688999827951,None,2,001,2025-10-23_00h39.35.224,untitled,,2025.1.1,144.04717839596768,2025-10-23 00h39.41.136821 +0530,
40,55,62,146,6,20,l,0.25967060000402853,None,20,6,146,3,279.3688257999602,,279.35860489995684,279.3688257999602,280.34770499996375,280.34770499996375,280.3624400999979,280.6136266999529,l,0.25967060000402853,None,2,001,2025-10-23_00h39.35.224,untitled,,2025.1.1,144.04717839596768,2025-10-23 00h39.41.136821 +0530,
78,80,162,147,0,21,t,0.27905870001995936,None,21,0,147,6,280.6257135999622,,280.61543269996764,280.6257135999622,281.6044769999571,281.6044769999571,281.61819379997905,281.88401619996876,t,0.27905870001995936,None,2,001,2025-10-23_00h39.35.224,untitled,,2025.1.1,144.04717839596768,2025-10-23 00h39.41.136821 +0530,
27,50,21,148,1,21,t,0.5076464000158012,None,21,1,148,2,281.8893051999621,,281.8858708999469,281.8893051999621,282.875505999953,282.875505999953,282.882455999963,283.38485759997275,t,0.5076464000158012,None,2,001,2025-10-23_00h39.35.224,untitled,,2025.1.1,144.04717839596768,2025-10-23 00h39.41.136821 +0530,
67,75,119,149,2,21,l,0.2759402999654412,None,21,2,149,5,283.3965769999777,,283.3866244999808,283.3965769999777,284.3754353999975,284.3754353999975,284.38937289995374,284.65553959994577,l,0.2759402999654412,None,2,001,2025-10-23_00h39.35.224,untitled,,2025.1.1,144.04717839596768,2025-10-23 00h39.41.136821 +0530,
40,55,62,150,3,21,t,0.19067450001602992,None,21,3,150,3,284.66691579995677,,284.6573818999459,284.66691579995677,285.6459184999694,285.6459184999694,285.6600343999453,285.84235639998224,t,0.19067450001602992,None,2,001,2025-10-23_00h39.35.224,untitled,,2025.1.1,144.04717839596768,2025-10-23 00h39.41.136821 +0530,
15,35,13,151,4,21,l,0.04671769996639341,None,21,4,151,1,285.8472600999521,,285.8442211999791,285.8472600999521,286.83370199997444,286.83370199997444,286.84053829999175,286.88413649995346,l,0.04671769996639341,None,2,001,2025-10-23_00h39.35.224,untitled,,2025.1.1,144.04717839596768,2025-10-23 00h39.41.136821 +0530,
49,60,89,152,5,21,t,0.3751058999914676,None,21,5,152,4,286.8965652999468,,286.8862004999537,286.8965652999468,287.87512399995467,287.87512399995467,287.88918999995803,288.2526244999608,t,0.3751058999914676,None,2,001,2025-10-23_00h39.35.224,untitled,,2025.1.1,144.04717839596768,2025-10-23 00h39.41.136821 +0530,
11,30,7,153,6,21,t,0.4505398999899626,None,21,6,153,0,288.26471049996326,,288.2547307999921,288.26471049996326,289.2437423999654,289.2437423999654,289.25727079994977,289.69696769997245,t,0.4505398999899626,None,2,001,2025-10-23_00h39.35.224,untitled,,2025.1.1,144.04717839596768,2025-10-23 00h39.41.136821 +0530,
67,75,119,154,0,22,l,0.626540599972941,None,22,0,154,5,289.70855349994963,,289.6987312999554,289.70855349994963,290.6878018999705,290.6878018999705,290.7016894999542,291.3152941999724,l,0.626540599972941,None,2,001,2025-10-23_00h39.35.224,untitled,,2025.1.1,144.04717839596768,2025-10-23 00h39.41.136821 +0530,
15,35,13,155,1,22,t,0.20510219997959211,None,22,1,155,1,291.32663719996344,,291.31722679996165,291.32663719996344,292.30572459998075,292.30572459998075,292.3196840999881,292.51620649994584,t,0.20510219997959211,None,2,001,2025-10-23_00h39.35.224,untitled,,2025.1.1,144.04717839596768,2025-10-23 00h39.41.136821 +0530,
78,80,162,156,2,22,l,0.9332134000142105,None,22,2,156,6,292.5210080999532,,292.5180010999902,292.5210080999532,293.5071881999611,293.5071881999611,293.5147331999615,294.4468249999918,l,0.9332134000142105,None,2,001,2025-10-23_00h39.35.224,untitled,,2025.1.1,144.04717839596768,2025-10-23 00h39.41.136821 +0530,
49,60,89,157,3,22,t,0.5185285999905318,None,22,3,157,4,294.45865049998974,,294.44869359995937,294.45865049998974,295.43776189995697,295.43776189995697,295.4516616999754,295.96100719994865,t,0.5185285999905318,None,2,001,2025-10-23_00h39.35.224,untitled,,2025.1.1,144.04717839596768,2025-10-23 00h39.41.136821 +0530,
11,30,7,158,4,22,l,0.5142465999815613,None,22,4,158,0,295.97249209997244,,295.9628564999439,295.97249209997244,296.952601899975,296.952601899975,296.96550879999995,297.46793999994406,l,0.5142465999815613,None,2,001,2025-10-23_00h39.35.224,untitled,,2025.1.1,144.04717839596768,2025-10-23 00h39.41.136821 +0530,
27,50,21,159,5,22,t,0.0058806000160984695,None,22,5,159,2,297.4793853999581,,297.46993429999566,297.4793853999581,298.45838549995096,298.45838549995096,298.47235369996633,298.4674883999978,t,0.0058806000160984695,None,2,001,2025-10-23_00h39.35.224,untitled,,2025.1.1,144.04717839596768,2025-10-23 00h39.41.136821 +0530,
40,55,62,160,6,22,l,0.14761770004406571,None,22,6,160,3,298.47235369996633,,298.4693711999571,298.47235369996633,299.4584172999603,299.4584172999603,299.4654763999861,299.60675289999926,l,0.14761770004406571,None,2,001,2025-10-23_00h39.35.224,untitled,,2025.1.1,144.04717839596768,2025-10-23 00h39.41.136821 +0530,
11,30,7,161,0,23,t,0.3341902000247501,None,23,0,161,0,299.61865169997327,,299.60879329999443,299.61865169997327,300.59749749995535,300.59749749995535,300.61143769999035,300.93340549996356,t,0.3341902000247501,None,2,001,2025-10-23_00h39.35.224,untitled,,2025.1.1,144.04717839596768,2025-10-23 00h39.41.136821 +0530,
78,80,162,162,1,23,l,0.3357106000185013,None,23,1,162,6,300.9451215999434,,300.9353411999764,300.9451215999434,301.92399799998384,301.92399799998384,301.93767299997853,302.26604249997763,l,0.3357106000185013,None,2,001,2025-10-23_00h39.35.224,untitled,,2025.1.1,144.04717839596768,2025-10-23 00h39.41.136821 +0530,
15,35,13,163,2,23,t,0.20863250002730638,None,23,2,163,1,302.2782769999467,,302.2683077999973,302.2782769999467,303.2575632999651,303.2575632999651,303.270729699987,303.4676756999688,t,0.20863250002730638,None,2,001,2025-10-23_00h39.35.224,untitled,,2025.1.1,144.04717839596768,2025-10-23 00h39.41.136821 +0530,
49,60,89,164,3,23,l,1.605808199965395,None,23,3,164,4,303.47255569999106,,303.4694676999934,303.47255569999106,304.4587675999501,304.4587675999501,304.4656454999931,306.06508969998686,l,1.605808199965395,None,2,001,2025-10-23_00h39.35.224,untitled,,2025.1.1,144.04717839596768,2025-10-23 00h39.41.136821 +0530,
27,50,21,165,4,23,t,0.2949885000125505,None,23,4,165,2,306.07699109998066,,306.0669564999989,306.07699109998066,307.05593089998,307.05593089998,307.06981199997244,307.35676719999174,t,0.2949885000125505,None,2,001,2025-10-23_00h39.35.224,untitled,,2025.1.1,144.04717839596768,2025-10-23 00h39.41.136821 +0530,
40,55,62,166,5,23,l,0.4332050000084564,None,23,5,166,3,307.3684347999515,,307.35862279997673,307.3684347999515,308.3474538999726,308.3474538999726,308.36134249996394,308.7875714999973,l,0.4332050000084564,None,2,001,2025-10-23_00h39.35.224,untitled,,2025.1.1,144.04717839596768,2025-10-23 00h39.41.136821 +0530,
67,75,119,167,6,23,t,0.24033800000324845,None,23,6,167,5,308.7991005999502,,308.78937359998235,308.7991005999502,309.7780813999707,309.7780813999707,309.7921187999891,310.0232255999581,t,0.24033800000324845,None,2,001,2025-10-23_00h39.35.224,untitled,,2025.1.1,144.04717839596768,2025-10-23 00h39.41.136821 +0530,
15,35,13,168,0,24,l,0.29472889995668083,None,24,0,168,1,310.035113299964,,310.02507659996627,310.035113299964,311.01430869998876,311.01430869998876,311.0287284999504,311.3149669999839,l,0.29472889995668083,None,2,001,2025-10-23_00h39.35.224,untitled,,2025.1.1,144.04717839596768,2025-10-23 00h39.41.136821 +0530,
49,60,89,169,1,24,t,0.25894139998126775,None,24,1,169,4,311.32665969996015,,311.31687049998436,311.32665969996015,312.30589659995167,312.30589659995167,312.3200051999884,312.5658486999455,t,0.25894139998126775,None,2,001,2025-10-23_00h39.35.224,untitled,,2025.1.1,144.04717839596768,2025-10-23 00h39.41.136821 +0530,
67,75,119,170,2,24,l,0.32768859999487177,None,24,2,170,5,312.57644439995056,,312.567610899976,312.57644439995056,313.55574479995994,313.55574479995994,313.56938019994413,313.88428939995356,l,0.32768859999487177,None,2,001,2025-10-23_00h39.35.224,untitled,,2025.1.1,144.04717839596768,2025-10-23 00h39.41.136821 +0530,
78,80,162,171,3,24,t,0.12425599998096004,None,24,3,171,6,313.8963870999869,,313.8861047999817,313.8963870999869,314.8749213999836,314.8749213999836,314.88957929995377,315.0020252999966,t,0.12425599998096004,None,2,001,2025-10-23_00h39.35.224,untitled,,2025.1.1,144.04717839596768,2025-10-23 00h39.41.136821 +0530,
11,30,7,172,4,24,l,0.1960026000160724,None,24,4,172,0,315.0069692999823,,315.00387869996484,315.0069692999823,315.993307799974,315.993307799974,316.000745599973,316.1897104999516,l,0.1960026000160724,None,2,001,2025-10-23_00h39.35.224,untitled,,2025.1.1,144.04717839596768,2025-10-23 00h39.41.136821 +0530,
40,55,62,173,5,24,t,0.23419059999287128,None,24,5,173,3,316.2016784999869,,316.19172299996717,316.2016784999869,317.18086659995606,317.18086659995606,317.19440369994845,317.41962829994736,t,0.23419059999287128,None,2,001,2025-10-23_00h39.35.224,untitled,,2025.1.1,144.04717839596768,2025-10-23 00h39.41.136821 +0530,
27,50,21,174,6,24,l,0.5664624000201002,None,24,6,174,2,317.4306429999997,,317.42150129994843,317.4306429999997,318.40964099997655,318.40964099997655,318.42431929998565,318.9817817999865,l,0.5664624000201002,None,2,001,2025-10-23_00h39.35.224,untitled,,2025.1.1,144.04717839596768,2025-10-23 00h39.41.136821 +0530,
78,80,162,175,0,25,t,0.10311570001067594,None,25,0,175,6,318.99350869999034,,318.98360959999263,318.99350869999034,319.9725066999672,319.9725066999672,319.9863094999455,320.07863249996444,t,0.10311570001067594,None,2,001,2025-10-23_00h39.35.224,untitled,,2025.1.1,144.04717839596768,2025-10-23 00h39.41.136821 +0530,
15,35,13,176,1,25,l,0.45746710000094026,None,25,1,176,1,320.0904393999954,,320.08051709999563,320.0904393999954,321.0697302999906,321.0697302999906,321.08351769996807,321.52999529999215,l,0.45746710000094026,None,2,001,2025-10-23_00h39.35.224,untitled,,2025.1.1,144.04717839596768,2025-10-23 00h39.41.136821 +0530,
49,60,89,177,2,25,t,0.6809333999990486,None,25,2,177,4,321.54202429996803,,321.53205109998817,321.54202429996803,322.5210967999883,322.5210967999883,322.53468549996614,323.20393829996465,t,0.6809333999990486,None,2,001,2025-10-23_00h39.35.224,untitled,,2025.1.1,144.04717839596768,2025-10-23 00h39.41.136821 +0530,
67,75,119,178,3,25,l,0.48128549999091774,None,25,3,178,5,323.21525709994603,,323.2056945999502,323.21525709994603,324.1946001999895,324.1946001999895,324.2084037999739,324.6832214999595,l,0.48128549999091774,None,2,001,2025-10-23_00h39.35.224,untitled,,2025.1.1,144.04717839596768,2025-10-23 00h39.41.136821 +0530,
11,30,7,179,4,25,t,0.30491070001153275,None,25,4,179,0,324.69460339995567,,324.68506649998017,324.69460339995567,325.67355349997524,325.67355349997524,325.6874365999829,325.98113169998396,t,0.30491070001153275,None,2,001,2025-10-23_00h39.35.224,untitled,,2025.1.1,144.04717839596768,2025-10-23 00h39.41.136821 +0530,
27,50,21,180,5,25,l,0.4026802000007592,None,25,5,180,2,325.9860636999947,,325.98293889994966,325.9860636999947,326.9795186999836,326.9795186999836,326.98595879995264,327.3843158999807,l,0.4026802000007592,None,2,001,2025-10-23_00h39.35.224,untitled,,2025.1.1,144.04717839596768,2025-10-23 00h39.41.136821 +0530,
40,55,62,181,6,25,t,0.25827650004066527,None,25,6,181,3,327.39618899999186,,327.38619439996546,327.39618899999186,328.37549009994837,328.37549009994837,328.3889579999959,328.6346132999752,t,0.25827650004066527,None,2,001,2025-10-23_00h39.35.224,untitled,,2025.1.1,144.04717839596768,2025-10-23 00h39.41.136821 +0530,
40,55,62,182,0,26,l,1.070934000017587,None,26,0,182,3,328.6392250999925,,328.6347158999997,328.6392250999925,329.62519959994825,329.62519959994825,329.6324908999959,330.69691849994706,l,1.070934000017587,None,2,001,2025-10-23_00h39.35.224,untitled,,2025.1.1,144.04717839596768,2025-10-23 00h39.41.136821 +0530,
78,80,162,183,1,26,t,0.6136882999562658,None,26,1,183,6,330.70917389995884,,330.69877540000016,330.70917389995884,331.6879511999432,331.6879511999432,331.7015563999885,332.3083034999436,t,0.6136882999562658,None,2,001,2025-10-23_00h39.35.224,untitled,,2025.1.1,144.04717839596768,2025-10-23 00h39.41.136821 +0530,
15,35,13,184,2,26,l,0.48323179996805266,None,26,2,184,1,332.32025409996277,,332.31035739998333,332.32025409996277,333.2989517999813,333.2989517999813,333.3128730999888,333.7872692999663,l,0.48323179996805266,None,2,001,2025-10-23_00h39.35.224,untitled,,2025.1.1,144.04717839596768,2025-10-23 00h39.41.136821 +0530,
11,30,7,185,3,26,t,0.47846180002670735,None,26,3,185,0,333.7990234999452,,333.78907249995973,333.7990234999452,334.7780463999952,334.7780463999952,334.79188899998553,335.2592736999504,t,0.47846180002670735,None,2,001,2025-10-23_00h39.35.224,untitled,,2025.1.1,144.04717839596768,2025-10-23 00h39.41.136821 +0530,
67,75,119,186,4,26,l,0.28203210001811385,None,26,4,186,5,335.271643999964,,335.26127469999483,335.271643999964,336.2502309999545,336.2502309999545,336.2639615999651,336.5370319999638,l,0.28203210001811385,None,2,001,2025-10-23_00h39.35.224,untitled,,2025.1.1,144.04717839596768,2025-10-23 00h39.41.136821 +0530,
27,50,21,187,5,26,t,0.15498719998868182,None,26,5,187,2,336.5491046999814,,336.53884939994896,336.5491046999814,337.5281397999497,337.5281397999497,337.5420401999727,337.68972019996727,t,0.15498719998868182,None,2,001,2025-10-23_00h39.35.224,untitled,,2025.1.1,144.04717839596768,2025-10-23 00h39.41.136821 +0530,
49,60,89,188,6,26,l,0.2839412000030279,None,26,6,188,4,337.70158079999965,,337.6917642999906,337.70158079999965,338.68176239996683,338.68176239996683,338.69465029996354,338.9673957999912,l,0.2839412000030279,None,2,001,2025-10-23_00h39.35.224,untitled,,2025.1.1,144.04717839596768,2025-10-23 00h39.41.136821 +0530,
15,35,13,189,0,27,t,0.6829526000074111,None,27,0,189,1,338.9726830999716,,338.96937179996166,338.9726830999716,339.95866389997536,339.95866389997536,339.96579289995134,340.6485005999566,t,0.6829526000074111,None,2,001,2025-10-23_00h39.35.224,untitled,,2025.1.1,144.04717839596768,2025-10-23 00h39.41.136821 +0530,
78,80,162,190,1,27,l,0.8266089999815449,None,27,1,190,6,340.66007569996873,,340.6502616999787,340.66007569996873,341.6390166999772,341.6390166999772,341.6530459999922,342.4679300999851,l,0.8266089999815449,None,2,001,2025-10-23_00h39.35.224,untitled,,2025.1.1,144.04717839596768,2025-10-23 00h39.41.136821 +0530,
11,30,7,191,2,27,t,0.49310279998462647,None,27,2,191,0,342.479990599968,,342.46972109994385,342.479990599968,343.4584282999858,343.4584282999858,343.4724210999557,343.95383639994543,t,0.49310279998462647,None,2,001,2025-10-23_00h39.35.224,untitled,,2025.1.1,144.04717839596768,2025-10-23 00h39.41.136821 +0530,
49,60,89,192,3,27,l,0.45466839999426156,None,27,3,192,4,343.965367399971,,343.955719999969,343.965367399971,344.9451038999832,344.9451038999832,344.958436099987,345.4050393999787,l,0.45466839999426156,None,2,001,2025-10-23_00h39.35.224,untitled,,2025.1.1,144.04717839596768,2025-10-23 00h39.41.136821 +0530,
27,50,21,193,4,27,t,0.31129750004038215,None,27,4,193,2,345.41707319999114,,345.40688839997165,345.41707319999114,346.39596189995063,346.39596189995063,346.4098394999746,346.71084859996336,t,0.31129750004038215,None,2,001,2025-10-23_00h39.35.224,untitled,,2025.1.1,144.04717839596768,2025-10-23 00h39.41.136821 +0530,
40,55,62,194,5,27,l,0.4241541000083089,None,27,5,194,3,346.7220830999431,,346.7127153999754,346.7220830999431,347.7014861999778,347.7014861999778,347.71536289999494,348.12726839998504,l,0.4241541000083089,None,2,001,2025-10-23_00h39.35.224,untitled,,2025.1.1,144.04717839596768,2025-10-23 00h39.41.136821 +0530,
67,75,119,195,6,27,t,0.2851230999804102,None,27,6,195,5,348.139006399957,,348.1290516999434,348.139006399957,349.11814179999055,349.11814179999055,349.1320243999944,349.4049705999787,t,0.2851230999804102,None,2,001,2025-10-23_00h39.35.224,untitled,,2025.1.1,144.04717839596768,2025-10-23 00h39.41.136821 +0530,
67,75,119,196,0,28,t,0.35612719994969666,None,28,0,196,5,349.4097869999823,,349.4050778999808,349.4097869999823,350.39577009994537,350.39577009994537,350.402756699943,350.7523046999704,t,0.35612719994969666,None,2,001,2025-10-23_00h39.35.224,untitled,,2025.1.1,144.04717839596768,2025-10-23 00h39.41.136821 +0530,
49,60,89,197,1,28,t,0.32915479998337105,None,28,1,197,4,350.7640118999989,,350.75417729996843,350.7640118999989,351.74313509999774,351.74313509999774,351.75704549998045,352.07842269999674,t,0.32915479998337105,None,2,001,2025-10-23_00h39.35.224,untitled,,2025.1.1,144.04717839596768,2025-10-23 00h39.41.136821 +0530,
78,80,162,198,2,28,l,0.5789638999849558,None,28,2,198,6,352.0830738999648,,352.08020059997216,352.0830738999648,353.06955759995617,353.06955759995617,353.07652079995023,353.65515309997136,l,0.5789638999849558,None,2,001,2025-10-23_00h39.35.224,untitled,,2025.1.1,144.04717839596768,2025-10-23 00h39.41.136821 +0530,
15,35,13,199,3,28,l,0.13733589998446405,None,28,3,199,1,353.6668644999736,,353.6570123999845,353.6668644999736,354.6458592999843,354.6458592999843,354.65977659996133,354.78714779997244,l,0.13733589998446405,None,2,001,2025-10-23_00h39.35.224,untitled,,2025.1.1,144.04717839596768,2025-10-23 00h39.41.136821 +0530,
27,50,21,200,4,28,t,0.39861949998885393,None,28,4,200,2,354.7987362999702,,354.78904609999154,354.7987362999702,355.77786049997667,355.77786049997667,355.79176889994415,356.18297269998584,t,0.39861949998885393,None,2,001,2025-10-23_00h39.35.224,untitled,,2025.1.1,144.04717839596768,2025-10-23 00h39.41.136821 +0530,
40,55,62,201,5,28,t,0.3407566000241786,None,28,5,201,3,356.19460659998003,,356.18485229997896,356.19460659998003,357.1736523999716,357.1736523999716,357.1875446999911,357.51594049995765,t,0.3407566000241786,None,2,001,2025-10-23_00h39.35.224,untitled,,2025.1.1,144.04717839596768,2025-10-23 00h39.41.136821 +0530,
11,30,7,202,6,28,t,0.3500814000144601,None,28,6,202,0,357.52095719997305,,357.5178018999868,357.52095719997305,358.50704289996065,358.50704289996065,358.5139550999738,358.8629877999774,t,0.3500814000144601,None,2,001,2025-10-23_00h39.35.224,untitled,,2025.1.1,144.04717839596768,2025-10-23 00h39.41.136821 +0530,
40,55,62,203,0,29,t,0.4570819999789819,None,29,0,203,3,358.8679472999647,,358.8648532999796,358.8679472999647,359.85394549998455,359.85394549998455,359.86094149999553,360.3147404999472,t,0.4570819999789819,None,2,001,2025-10-23_00h39.35.224,untitled,,2025.1.1,144.04717839596768,2025-10-23 00h39.41.136821 +0530,
11,30,7,204,1,29,l,0.4138427000143565,None,29,1,204,0,360.32646359998034,,360.3165974999429,360.32646359998034,361.30557739996584,361.30557739996584,361.3195378999808,361.7245705999667,l,0.4138427000143565,None,2,001,2025-10-23_00h39.35.224,untitled,,2025.1.1,144.04717839596768,2025-10-23 00h39.41.136821 +0530,
49,60,89,205,2,29,l,0.31164450000505894,None,29,2,205,4,361.7362788999453,,361.7264375999803,361.7362788999453,362.7152874999447,362.7152874999447,362.7292664999841,363.02978629997233,l,0.31164450000505894,None,2,001,2025-10-23_00h39.35.224,untitled,,2025.1.1,144.04717839596768,2025-10-23 00h39.41.136821 +0530,
27,50,21,206,3,29,l,0.27904059999855235,None,29,3,206,2,363.03476339997724,,363.0316111999564,363.03476339997724,364.02080069994554,364.02080069994554,364.0277705999906,364.30116969998926,l,0.27904059999855235,None,2,001,2025-10-23_00h39.35.224,untitled,,2025.1.1,144.04717839596768,2025-10-23 00h39.41.136821 +0530,
78,80,162,207,4,29,t,1.3575888000195846,None,29,4,207,6,364.3127966999891,,364.3030316999648,364.3127966999891,365.2914768999908,365.2914768999908,365.3061500999611,366.6552326999954,t,1.3575888000195846,None,2,001,2025-10-23_00h39.35.224,untitled,,2025.1.1,144.04717839596768,2025-10-23 00h39.41.136821 +0530,
15,35,13,208,5,29,t,0.3614614000543952,None,29,5,208,1,366.66660069994396,,366.65723479998996,366.66660069994396,367.64595409994945,367.64595409994945,367.65971159999026,368.0095448999782,t,0.3614614000543952,None,2,001,2025-10-23_00h39.35.224,untitled,,2025.1.1,144.04717839596768,2025-10-23 00h39.41.136821 +0530,
67,75,119,209,6,29,t,0.39549170003738254,None,29,6,209,5,368.0210282999906,,368.0115104999859,368.0210282999906,369.00005239999155,369.00005239999155,369.013985699974,369.39801849995274,t,0.39549170003738254,None,2,001,2025-10-23_00h39.35.224,untitled,,2025.1.1,144.04717839596768,2025-10-23 00h39.41.136821 +0530,
15,35,13,210,0,30,l,0.36439320002682507,None,30,0,210,1,369.40973389998544,,369.4000474999775,369.40973389998544,370.3889173999778,370.3889173999778,370.40278889995534,370.7590804999927,l,0.36439320002682507,None,2,001,2025-10-23_00h39.35.224,untitled,,2025.1.1,144.04717839596768,2025-10-23 00h39.41.136821 +0530,
40,55,62,211,1,30,t,0.5382151000085287,None,30,1,211,3,370.7711045999895,,370.7610811999766,370.7711045999895,371.7496860999963,371.7496860999963,371.7641202999512,372.2940747999819,t,0.5382151000085287,None,2,001,2025-10-23_00h39.35.224,untitled,,2025.1.1,144.04717839596768,2025-10-23 00h39.41.136821 +0530,
49,60,89,212,2,30,l,0.477448399993591,None,30,2,212,4,372.30606479995186,,372.2959660999477,372.30606479995186,373.28464819997316,373.28464819997316,373.29849269997794,373.7663685999578,l,0.477448399993591,None,2,001,2025-10-23_00h39.35.224,untitled,,2025.1.1,144.04717839596768,2025-10-23 00h39.41.136821 +0530,
67,75,119,213,3,30,t,0.352810500015039,None,30,3,213,5,373.77824449999025,,373.7682254999527,373.77824449999025,374.7571860999451,374.7571860999451,374.77087129995925,375.11328449996654,t,0.352810500015039,None,2,001,2025-10-23_00h39.35.224,untitled,,2025.1.1,144.04717839596768,2025-10-23 00h39.41.136821 +0530,
27,50,21,214,4,30,l,0.49074670003028587,None,30,4,214,2,375.1255420999951,,375.1151432999759,375.1255420999951,376.10418949997984,376.10418949997984,376.1180639999802,376.5990012999973,l,0.49074670003028587,None,2,001,2025-10-23_00h39.35.224,untitled,,2025.1.1,144.04717839596768,2025-10-23 00h39.41.136821 +0530,
78,80,162,215,5,30,t,0.12935940001625568,None,30,5,215,6,376.6039088999969,,376.6008393999655,376.6039088999969,377.59004099998856,377.59004099998856,377.59720819996437,377.724498399999,t,0.12935940001625568,None,2,001,2025-10-23_00h39.35.224,untitled,,2025.1.1,144.04717839596768,2025-10-23 00h39.41.136821 +0530,
11,30,7,216,6,30,l,0.7464319000137039,None,30,6,216,0,377.73639499995625,,377.7263256999431,377.73639499995625,378.7156147999922,378.7156147999922,378.7289481999469,379.4673346999916,l,0.7464319000137039,None,2,001,2025-10-23_00h39.35.224,untitled,,2025.1.1,144.04717839596768,2025-10-23 00h39.41.136821 +0530,
49,60,89,217,0,31,t,0.6758787999860942,None,31,0,217,4,379.4790925999987,,379.4694096999592,379.4790925999987,380.4582896999782,380.4582896999782,380.4722083999659,381.14102199999616,t,0.6758787999860942,None,2,001,2025-10-23_00h39.35.224,untitled,,2025.1.1,144.04717839596768,2025-10-23 00h39.41.136821 +0530,
67,75,119,218,1,31,t,0.3695651000016369,None,31,1,218,5,381.14563849999104,,381.1427829999593,381.14563849999104,382.13164089998463,382.13164089998463,382.1385683999979,382.5023313999991,t,0.3695651000016369,None,2,001,2025-10-23_00h39.35.224,untitled,,2025.1.1,144.04717839596768,2025-10-23 00h39.41.136821 +0530,
40,55,62,219,2,31,l,0.19959519995609298,None,31,2,219,3,382.51395269995555,,382.50419489998603,382.51395269995555,383.4930078999605,383.4930078999605,383.50691349996487,383.69655499997316,l,0.19959519995609298,None,2,001,2025-10-23_00h39.35.224,untitled,,2025.1.1,144.04717839596768,2025-10-23 00h39.41.136821 +0530,
15,35,13,220,3,31,t,0.7177831000299193,None,31,3,220,1,383.7084601999959,,383.69841349998023,383.7084601999959,384.68732059997274,384.68732059997274,384.70136349997483,385.4120554999681,t,0.7177831000299193,None,2,001,2025-10-23_00h39.35.224,untitled,,2025.1.1,144.04717839596768,2025-10-23 00h39.41.136821 +0530,
11,30,7,221,4,31,t,0.06633000000147149,None,31,4,221,0,385.4235212999629,,385.41386679996504,385.4235212999629,386.4026270999457,386.4026270999457,386.41659609996714,386.47369669994805,t,0.06633000000147149,None,2,001,2025-10-23_00h39.35.224,untitled,,2025.1.1,144.04717839596768,2025-10-23 00h39.41.136821 +0530,
27,50,21,222,5,31,t,0.35649140004534274,None,31,5,222,2,386.4788439999684,,386.4755397999543,386.4788439999684,387.4653045999585,387.4653045999585,387.4722877999884,387.8284268999705,t,0.35649140004534274,None,2,001,2025-10-23_00h39.35.224,untitled,,2025.1.1,144.04717839596768,2025-10-23 00h39.41.136821 +0530,
78,80,162,223,6,31,t,0.4464295999496244,None,31,6,223,6,387.83328469999833,,387.8302301999647,387.83328469999833,388.8192270999425,388.8192270999425,388.82623559999047,389.2662202999927,t,0.4464295999496244,None,2,001,2025-10-23_00h39.35.224,untitled,,2025.1.1,144.04717839596768,2025-10-23 00h39.41.136821 +0530,
78,80,162,224,0,32,t,0.38212169997859746,None,32,0,224,6,389.2706410999526,,389.26635319995694,389.2706410999526,390.256947899994,390.256947899994,390.2638338999823,390.641080899979,t,0.38212169997859746,None,2,001,2025-10-23_00h39.35.224,untitled,,2025.1.1,144.04717839596768,2025-10-23 00h39.41.136821 +0530,
27,50,21,225,1,32,t,1.2459393999888562,None,32,1,225,2,390.65259979997063,,390.64294509997126,390.65259979997063,391.6317033999949,391.6317033999949,391.6458608999965,392.8843345999485,t,1.2459393999888562,None,2,001,2025-10-23_00h39.35.224,untitled,,2025.1.1,144.04717839596768,2025-10-23 00h39.41.136821 +0530,
11,30,7,226,2,32,t,0.1738416999578476,None,32,2,226,0,392.89587779995054,,392.88633489998756,392.89587779995054,393.8748773999978,393.8748773999978,393.88881199999014,394.05081159999827,t,0.1738416999578476,None,2,001,2025-10-23_00h39.35.224,untitled,,2025.1.1,144.04717839596768,2025-10-23 00h39.41.136821 +0530,
49,60,89,227,3,32,l,0.48144900001352653,None,32,3,227,4,394.06275109999115,,394.05261679994874,394.06275109999115,395.04130009998335,395.04130009998335,395.05522529996233,395.5233003999456,l,0.48144900001352653,None,2,001,2025-10-23_00h39.35.224,untitled,,2025.1.1,144.04717839596768,2025-10-23 00h39.41.136821 +0530,
67,75,119,228,4,32,l,0.14052740001352504,None,32,4,228,5,395.53473259997554,,395.52521169994725,395.53473259997554,396.5137219999451,396.5137219999451,396.52790189994266,396.6557069999981,l,0.14052740001352504,None,2,001,2025-10-23_00h39.35.224,untitled,,2025.1.1,144.04717839596768,2025-10-23 00h39.41.136821 +0530,
15,35,13,229,5,32,l,0.11071310000261292,None,32,5,229,1,396.6672357999487,,396.6575200999505,396.6672357999487,397.64601129997754,397.64601129997754,397.6600205999566,397.75930619996507,l,0.11071310000261292,None,2,001,2025-10-23_00h39.35.224,untitled,,2025.1.1,144.04717839596768,2025-10-23 00h39.41.136821 +0530,
40,55,62,230,6,32,l,0.22299680003197864,None,32,6,230,3,397.77167929999996,,397.7611267999746,397.77167929999996,398.75006479996955,398.75006479996955,398.76419979997445,398.9744196999818,l,0.22299680003197864,None,2,001,2025-10-23_00h39.35.224,untitled,,2025.1.1,144.04717839596768,2025-10-23 00h39.41.136821 +0530,
15,35,13,231,0,33,t,1.2109110000310466,None,33,0,231,1,398.98651529999916,,398.97625859995605,398.98651529999916,399.965573799971,399.965573799971,399.97893329994986,401.18313439999474,t,1.2109110000310466,None,2,001,2025-10-23_00h39.35.224,untitled,,2025.1.1,144.04717839596768,2025-10-23 00h39.41.136821 +0530,
67,75,119,232,1,33,t,0.32005280000157654,None,33,1,232,5,401.1952400999726,,401.1849349999684,401.1952400999726,402.1736744999653,402.1736744999653,402.18777589994716,402.4955527999555,t,0.32005280000157654,None,2,001,2025-10-23_00h39.35.224,untitled,,2025.1.1,144.04717839596768,2025-10-23 00h39.41.136821 +0530,
11,30,7,233,2,33,l,0.390738699992653,None,33,2,233,0,402.507387199963,,402.49743899999885,402.507387199963,403.48622629995225,403.48622629995225,403.5003502999898,403.8779250999796,l,0.390738699992653,None,2,001,2025-10-23_00h39.35.224,untitled,,2025.1.1,144.04717839596768,2025-10-23 00h39.41.136821 +0530,
78,80,162,234,3,33,l,0.2395989999640733,None,33,3,234,6,403.88910119998036,,403.87976789998356,403.88910119998036,404.8678494999767,404.8678494999767,404.88200619997224,405.11380479997024,l,0.2395989999640733,None,2,001,2025-10-23_00h39.35.224,untitled,,2025.1.1,144.04717839596768,2025-10-23 00h39.41.136821 +0530,
49,60,89,235,4,33,l,0.6201704000122845,None,33,4,235,4,405.1253297999501,,405.1156860999763,405.1253297999501,406.1042431999813,406.1042431999813,406.1181382999639,406.72479159996146,l,0.6201704000122845,None,2,001,2025-10-23_00h39.35.224,untitled,,2025.1.1,144.04717839596768,2025-10-23 00h39.41.136821 +0530,
27,50,21,236,5,33,t,0.3777649999829009,None,33,5,236,2,406.73689559998456,,406.7266362999799,406.73689559998456,407.7153367999708,407.7153367999708,407.7300210999674,408.09928819997003,t,0.3777649999829009,None,2,001,2025-10-23_00h39.35.224,untitled,,2025.1.1,144.04717839596768,2025-10-23 00h39.41.136821 +0530,
40,55,62,237,6,33,t,0.21039989998098463,None,33,6,237,3,408.11113449995173,,408.10116179997567,408.11113449995173,409.0901670999592,409.0901670999592,409.10406629997306,409.3009592999588,t,0.21039989998098463,None,2,001,2025-10-23_00h39.35.224,untitled,,2025.1.1,144.04717839596768,2025-10-23 00h39.41.136821 +0530,
67,75,119,238,0,34,t,0.6595287999953143,None,34,0,238,5,409.3120425999514,,409.30272049998166,409.3120425999514,410.2913570999517,410.2913570999517,410.30548549996456,410.95377809996717,t,0.6595287999953143,None,2,001,2025-10-23_00h39.35.224,untitled,,2025.1.1,144.04717839596768,2025-10-23 00h39.41.136821 +0530,
15,35,13,239,1,34,t,0.6719221000093967,None,34,1,239,1,410.9654514999711,,410.9558027999592,410.9654514999711,411.9444539999822,411.9444539999822,411.9585258999723,412.6198199999635,t,0.6719221000093967,None,2,001,2025-10-23_00h39.35.224,untitled,,2025.1.1,144.04717839596768,2025-10-23 00h39.41.136821 +0530,
78,80,162,240,2,34,l,0.20547320001060143,None,34,2,240,6,412.62474549998296,,412.62160789995687,412.62474549998296,413.6113379999879,413.6113379999879,413.6179266999825,413.821595299989,l,0.20547320001060143,None,2,001,2025-10-23_00h39.35.224,untitled,,2025.1.1,144.04717839596768,2025-10-23 00h39.41.136821 +0530,
11,30,7,241,3,34,l,0.10466740000993013,None,34,3,241,0,413.83431769994786,,413.8234467000002,413.83431769994786,414.8122745999717,414.8122745999717,414.82602399995085,414.9186343999463,l,0.10466740000993013,None,2,001,2025-10-23_00h39.35.224,untitled,,2025.1.1,144.04717839596768,2025-10-23 00h39.41.136821 +0530,
49,60,89,242,4,34,l,0.17681810003705323,None,34,4,242,4,414.93120969994925,,414.9208231999655,414.93120969994925,415.90992899995763,415.90992899995763,415.9236084999866,416.0927915999782,l,0.17681810003705323,None,2,001,2025-10-23_00h39.35.224,untitled,,2025.1.1,144.04717839596768,2025-10-23 00h39.41.136821 +0530,
27,50,21,243,5,34,l,0.09077429998433217,None,34,5,243,2,416.10476199997356,,416.0946355999913,416.10476199997356,417.083275699988,417.083275699988,417.0973436999484,417.17588849994354,l,0.09077429998433217,None,2,001,2025-10-23_00h39.35.224,untitled,,2025.1.1,144.04717839596768,2025-10-23 00h39.41.136821 +0530,
40,55,62,244,6,34,l,0.16487789998063818,None,34,6,244,3,417.18779559998075,,417.17768459999934,417.18779559998075,418.1665668999776,418.1665668999776,418.18053939996753,418.3353288999642,l,0.16487789998063818,None,2,001,2025-10-23_00h39.35.224,untitled,,2025.1.1,144.04717839596768,2025-10-23 00h39.41.136821 +0530,
27,50,21,245,0,35,l,0.19040830002631992,None,35,0,245,2,418.34713859995827,,418.3372955999803,418.34713859995827,419.3265423999983,419.3265423999983,419.34044719999656,419.52332869998645,l,0.19040830002631992,None,2,001,2025-10-23_00h39.35.224,untitled,,2025.1.1,144.04717839596768,2025-10-23 00h39.41.136821 +0530,
49,60,89,246,1,35,l,0.3053504000417888,None,35,1,246,4,419.5352058999706,,419.5251528999652,419.5352058999706,420.51392139995005,420.51392139995005,420.52760729996953,420.8216575999977,l,0.3053504000417888,None,2,001,2025-10-23_00h39.35.224,untitled,,2025.1.1,144.04717839596768,2025-10-23 00h39.41.136821 +0530,
78,80,162,247,2,35,l,0.27226850000442937,None,35,2,247,6,420.83343569998397,,420.82339769997634,420.83343569998397,421.81231359997764,421.81231359997764,421.82643769995775,422.0852119999472,l,0.27226850000442937,None,2,001,2025-10-23_00h39.35.224,untitled,,2025.1.1,144.04717839596768,2025-10-23 00h39.41.136821 +0530,
67,75,119,248,3,35,t,0.14357170002767816,None,35,3,248,5,422.0977394999936,,422.0871863999637,422.0977394999936,423.0760846999474,423.0760846999474,423.0899204999441,423.2243392999517,t,0.14357170002767816,None,2,001,2025-10-23_00h39.35.224,untitled,,2025.1.1,144.04717839596768,2025-10-23 00h39.41.136821 +0530,
11,30,7,249,4,35,t,0.1045589999994263,None,35,4,249,0,423.2364527999889,,423.226243699959,423.2364527999889,424.21514039998874,424.21514039998874,424.22932399995625,424.32147839997197,t,0.1045589999994263,None,2,001,2025-10-23_00h39.35.224,untitled,,2025.1.1,144.04717839596768,2025-10-23 00h39.41.136821 +0530,
40,55,62,250,5,35,t,0.23374100000364706,None,35,5,250,3,424.3336538999574,,424.3234911999898,424.3336538999574,425.31229419994634,425.31229419994634,425.3260874999687,425.5508101999876,t,0.23374100000364706,None,2,001,2025-10-23_00h39.35.224,untitled,,2025.1.1,144.04717839596768,2025-10-23 00h39.41.136821 +0530,
15,35,13,251,6,35,t,0.38348950003273785,None,35,6,251,1,425.5622314999928,,425.5526159000001,425.5622314999928,426.5413935999968,426.5413935999968,426.55542729998706,426.92555319995154,t,0.38348950003273785,None,2,001,2025-10-23_00h39.35.224,untitled,,2025.1.1,144.04717839596768,2025-10-23 00h39.41.136821 +0530,
67,75,119,252,0,36,l,0.14046780002536252,None,36,0,252,5,426.93782149994513,,426.9274887999636,426.93782149994513,427.9169860999682,427.9169860999682,427.93040139996447,428.06479789997684,l,0.14046780002536252,None,2,001,2025-10-23_00h39.35.224,untitled,,2025.1.1,144.04717839596768,2025-10-23 00h39.41.136821 +0530,
78,80,162,253,1,36,t,0.3245921000489034,None,36,1,253,6,428.0763270999887,,428.0665691999602,428.0763270999887,429.05547439999646,429.05547439999646,429.0693135999609,429.3838773999596,t,0.3245921000489034,None,2,001,2025-10-23_00h39.35.224,untitled,,2025.1.1,144.04717839596768,2025-10-23 00h39.41.136821 +0530,
27,50,21,254,2,36,l,0.15524330001790076,None,36,2,254,2,429.39646169997286,,429.38577679998707,429.39646169997286,430.37485159997595,430.37485159997595,430.38876689999597,430.53676309995353,l,0.15524330001790076,None,2,001,2025-10-23_00h39.35.224,untitled,,2025.1.1,144.04717839596768,2025-10-23 00h39.41.136821 +0530,
15,35,13,255,3,36,t,0.3203003000235185,None,36,3,255,1,430.5412266999483,,430.5386202999507,430.5412266999483,431.52782019996084,431.52782019996084,431.5349414999946,431.84977249999065,t,0.3203003000235185,None,2,001,2025-10-23_00h39.35.224,untitled,,2025.1.1,144.04717839596768,2025-10-23 00h39.41.136821 +0530,
11,30,7,256,4,36,l,0.2999614999862388,None,36,4,256,0,431.8614983999869,,431.8516111999634,431.8614983999869,432.84033829998225,432.84033829998225,432.85378949996084,433.14162299997406,l,0.2999614999862388,None,2,001,2025-10-23_00h39.35.224,untitled,,2025.1.1,144.04717839596768,2025-10-23 00h39.41.136821 +0530,
49,60,89,257,5,36,t,0.6443178000045009,None,36,5,257,4,433.15306939999573,,433.1436113999807,433.15306939999573,434.13189279998187,434.13189279998187,434.14593049994437,434.78070599999046,t,0.6443178000045009,None,2,001,2025-10-23_00h39.35.224,untitled,,2025.1.1,144.04717839596768,2025-10-23 00h39.41.136821 +0530,
40,55,62,258,6,36,l,0.2620277999667451,None,36,6,258,3,434.79130319994874,,434.7825865999912,434.79130319994874,435.770723499998,435.770723499998,435.7851062999689,436.03660289995605,l,0.2620277999667451,None,2,001,2025-10-23_00h39.35.224,untitled,,2025.1.1,144.04717839596768,2025-10-23 00h39.41.136821 +0530,
11,30,7,259,0,37,l,0.9197741999523714,None,37,0,259,0,436.04145759996027,,436.03844939998817,436.04145759996027,437.0274008999695,437.0274008999695,437.0344677999965,437.9534336999641,l,0.9197741999523714,None,2,001,2025-10-23_00h39.35.224,untitled,,2025.1.1,144.04717839596768,2025-10-23 00h39.41.136821 +0530,
15,35,13,260,1,37,t,0.30029769998509437,None,37,1,260,1,437.96473629999673,,437.9552884000004,437.96473629999673,438.94408519996796,438.94408519996796,438.95800629997393,439.24482329998864,t,0.30029769998509437,None,2,001,2025-10-23_00h39.35.224,untitled,,2025.1.1,144.04717839596768,2025-10-23 00h39.41.136821 +0530,
27,50,21,261,2,37,l,0.21004069998161867,None,37,2,261,2,439.24963499995647,,439.2466869999771,439.24963499995647,440.23561959998915,440.23561959998915,440.24258089996874,440.4469656999572,l,0.21004069998161867,None,2,001,2025-10-23_00h39.35.224,untitled,,2025.1.1,144.04717839596768,2025-10-23 00h39.41.136821 +0530,
49,60,89,262,3,37,t,0.04381649999413639,None,37,3,262,4,440.45798729994567,,440.44907169998623,440.45798729994567,441.43698759999825,441.43698759999825,441.45090989995515,441.48135449999245,t,0.04381649999413639,None,2,001,2025-10-23_00h39.35.224,untitled,,2025.1.1,144.04717839596768,2025-10-23 00h39.41.136821 +0530,
78,80,162,263,4,37,l,0.43606489995727316,None,37,4,263,6,441.49272889998974,,441.4830890999874,441.49272889998974,442.47184549999656,442.47184549999656,442.48584699997446,442.9117809999734,l,0.43606489995727316,None,2,001,2025-10-23_00h39.35.224,untitled,,2025.1.1,144.04717839596768,2025-10-23 00h39.41.136821 +0530,
40,55,62,264,5,37,t,0.07891370001016185,None,37,5,264,3,442.9234203999513,,442.91363469994394,442.9234203999513,443.90261479996843,443.90261479996843,443.91646639996907,443.98814449994825,t,0.07891370001016185,None,2,001,2025-10-23_00h39.35.224,untitled,,2025.1.1,144.04717839596768,2025-10-23 00h39.41.136821 +0530,
67,75,119,265,6,37,t,0.10703849996207282,None,37,6,265,5,443.99272419995395,,443.9898726999527,443.99272419995395,444.9786615999765,444.9786615999765,444.98569879995193,445.09225749998586,t,0.10703849996207282,None,2,001,2025-10-23_00h39.35.224,untitled,,2025.1.1,144.04717839596768,2025-10-23 00h39.41.136821 +0530,
27,50,21,266,0,38,t,0.2040862999856472,None,38,0,266,2,445.1042803999735,,445.0940601999755,445.1042803999735,446.0828802999458,446.0828802999458,446.09680699999444,446.2932923999615,t,0.2040862999856472,None,2,001,2025-10-23_00h39.35.224,untitled,,2025.1.1,144.04717839596768,2025-10-23 00h39.41.136821 +0530,
67,75,119,267,1,38,l,0.11211849999381229,None,38,1,267,5,446.29820109996945,,446.295056199946,446.29820109996945,447.2841825999785,447.2841825999785,447.2911703999853,447.39787849999266,l,0.11211849999381229,None,2,001,2025-10-23_00h39.35.224,untitled,,2025.1.1,144.04717839596768,2025-10-23 00h39.41.136821 +0530,
40,55,62,268,2,38,l,0.9023464000201784,None,38,2,268,3,447.40947099996265,,447.3997545999591,447.40947099996265,448.3883711999515,448.3883711999515,448.4029076999868,449.2935906999628,l,0.9023464000201784,None,2,001,2025-10-23_00h39.35.224,untitled,,2025.1.1,144.04717839596768,2025-10-23 00h39.41.136821 +0530,
49,60,89,269,3,38,t,0.5011147999903187,None,38,3,269,4,449.3053008999559,,449.295425099961,449.3053008999559,450.2845295999432,450.2845295999432,450.2985020999913,450.78655579994665,t,0.5011147999903187,None,2,001,2025-10-23_00h39.35.224,untitled,,2025.1.1,144.04717839596768,2025-10-23 00h39.41.136821 +0530,
11,30,7,270,4,38,l,0.273931999981869,None,38,4,270,0,450.79822199995397,,450.7884893999435,450.79822199995397,451.77752959995996,451.77752959995996,451.7913591999677,452.05752089997986,l,0.273931999981869,None,2,001,2025-10-23_00h39.35.224,untitled,,2025.1.1,144.04717839596768,2025-10-23 00h39.41.136821 +0530,
78,80,162,271,5,38,t,0.2905097999610007,None,38,5,271,6,452.06907509994926,,452.05928599997424,452.06907509994926,453.0480878999806,453.0480878999806,453.06203979998827,453.3418107999605,t,0.2905097999610007,None,2,001,2025-10-23_00h39.35.224,untitled,,2025.1.1,144.04717839596768,2025-10-23 00h39.41.136821 +0530,
15,35,13,272,6,38,l,0.251964199997019,None,38,6,272,1,453.3466812999686,,453.3436580999987,453.3466812999686,454.3331799999578,454.3331799999578,454.3397339999792,454.59235889994306,l,0.251964199997019,None,2,001,2025-10-23_00h39.35.224,untitled,,2025.1.1,144.04717839596768,2025-10-23 00h39.41.136821 +0530,
15,35,13,273,0,39,t,0.05101749999448657,None,39,0,273,1,454.59695209999336,,454.5924619999714,454.59695209999336,455.58286549994955,455.58286549994955,455.58996109996224,455.64085899997735,t,0.05101749999448657,None,2,001,2025-10-23_00h39.35.224,untitled,,2025.1.1,144.04717839596768,2025-10-23 00h39.41.136821 +0530,
40,55,62,274,1,39,l,0.14675289997830987,None,39,1,274,3,455.64528379996773,,455.6426937999786,455.64528379996773,456.63170469994657,456.63170469994657,456.63865259999875,456.7797687999555,l,0.14675289997830987,None,2,001,2025-10-23_00h39.35.224,untitled,,2025.1.1,144.04717839596768,2025-10-23 00h39.41.136821 +0530,
78,80,162,275,2,39,l,1.1259294000337832,None,39,2,275,6,456.7909816999454,,456.7815192999551,456.7909816999454,457.7702662999509,457.7702662999509,457.784834399994,458.89756179996766,l,1.1259294000337832,None,2,001,2025-10-23_00h39.35.224,untitled,,2025.1.1,144.04717839596768,2025-10-23 00h39.41.136821 +0530,
11,30,7,276,3,39,t,0.3353114000055939,None,39,3,276,0,458.90229759999784,,458.8993981999811,458.90229759999784,459.8882844999898,459.8882844999898,459.8953053999576,460.2239484999445,t,0.3353114000055939,None,2,001,2025-10-23_00h39.35.224,untitled,,2025.1.1,144.04717839596768,2025-10-23 00h39.41.136821 +0530,
27,50,21,277,4,39,l,0.18371319997822866,None,39,4,277,2,460.2287385999807,,460.2258592999424,460.2287385999807,461.2147181999753,461.2147181999753,461.22174179996364,461.4054527999833,l,0.18371319997822866,None,2,001,2025-10-23_00h39.35.224,untitled,,2025.1.1,144.04717839596768,2025-10-23 00h39.41.136821 +0530,
49,60,89,278,5,39,t,0.29998610005714,None,39,5,278,4,461.41654919995926,,461.4075805999455,461.41654919995926,462.3956520999782,462.3956520999782,462.4091274999664,462.69641829998,t,0.29998610005714,None,2,001,2025-10-23_00h39.35.224,untitled,,2025.1.1,144.04717839596768,2025-10-23 00h39.41.136821 +0530,
67,75,119,279,6,39,l,0.4584600000525825,None,39,6,279,5,462.70816379995085,,462.6983749999781,462.70816379995085,463.68724499997916,463.68724499997916,463.7011795999715,464.147612599947,l,0.4584600000525825,None,2,001,2025-10-23_00h39.35.224,untitled,,2025.1.1,144.04717839596768,2025-10-23 00h39.41.136821 +0530,
40,55,62,280,0,40,t,0.8288198999944143,None,40,0,280,3,464.15227189997677,,464.1494477999513,464.15227189997677,465.13913849997334,465.13913849997334,465.1453104999964,465.97400949994335,t,0.8288198999944143,None,2,001,2025-10-23_00h39.35.224,untitled,,2025.1.1,144.04717839596768,2025-10-23 00h39.41.136821 +0530,
49,60,89,281,1,40,t,0.6520273000351153,None,40,1,281,4,465.98582449997775,,465.9760656999424,465.98582449997775,466.9647355999914,466.9647355999914,466.9786602999666,467.62015649996465,t,0.6520273000351153,None,2,001,2025-10-23_00h39.35.224,untitled,,2025.1.1,144.04717839596768,2025-10-23 00h39.41.136821 +0530,
78,80,162,282,2,40,t,0.6554971999721602,None,40,2,282,6,467.6316919999663,,467.6219151999685,467.6316919999663,468.6108556999825,468.6108556999825,468.624695699953,469.2726935999817,t,0.6554971999721602,None,2,001,2025-10-23_00h39.35.224,untitled,,2025.1.1,144.04717839596768,2025-10-23 00h39.41.136821 +0530,
67,75,119,283,3,40,l,0.2998310999828391,None,40,3,283,5,469.28464019997045,,469.2746107999701,469.28464019997045,470.26367429998936,470.26367429998936,470.2772057999973,470.56447209999897,l,0.2998310999828391,None,2,001,2025-10-23_00h39.35.224,untitled,,2025.1.1,144.04717839596768,2025-10-23 00h39.41.136821 +0530,
27,50,21,284,4,40,t,0.4626610000268556,None,40,4,284,2,470.5761976999929,,470.5665115999873,470.5761976999929,471.5553104999708,471.5553104999708,471.56920989998616,472.0225847999682,t,0.4626610000268556,None,2,001,2025-10-23_00h39.35.224,untitled,,2025.1.1,144.04717839596768,2025-10-23 00h39.41.136821 +0530,
15,35,13,285,5,40,l,0.26406689995201305,None,40,5,285,1,472.02743489999557,,472.02444379997905,472.02743489999557,473.0139703999739,473.0139703999739,473.02035129995784,473.2797095999704,l,0.26406689995201305,None,2,001,2025-10-23_00h39.35.224,untitled,,2025.1.1,144.04717839596768,2025-10-23 00h39.41.136821 +0530,
11,30,7,286,6,40,t,0.41696740000043064,None,40,6,286,0,473.2914611999877,,473.2817402999499,473.2914611999877,474.27065399999265,474.27065399999265,474.2844102999661,474.6895350999548,t,0.41696740000043064,None,2,001,2025-10-23_00h39.35.224,untitled,,2025.1.1,144.04717839596768,2025-10-23 00h39.41.136821 +0530,
11,30,7,287,0,41,l,0.04075290000764653,None,41,0,287,0,474.6941784999799,,474.6896388999885,474.6941784999799,475.68023639998864,475.68023639998864,475.68716839997796,475.723869199981,l,0.04075290000764653,None,2,001,2025-10-23_00h39.35.224,untitled,,2025.1.1,144.04717839596768,2025-10-23 00h39.41.136821 +0530,
78,80,162,288,1,41,t,0.22132189996773377,None,41,1,288,6,475.72853209997993,,475.7256090999581,475.72853209997993,476.71504639997147,476.71504639997147,476.72158779995516,476.9391512000002,t,0.22132189996773377,None,2,001,2025-10-23_00h39.35.224,untitled,,2025.1.1,144.04717839596768,2025-10-23 00h39.41.136821 +0530,
67,75,119,289,2,41,l,0.24133079999592155,None,41,2,289,5,476.9438651999808,,476.94091759994626,476.9438651999808,477.9303350999835,477.9303350999835,477.9368275999441,478.17518779996317,l,0.24133079999592155,None,2,001,2025-10-23_00h39.35.224,untitled,,2025.1.1,144.04717839596768,2025-10-23 00h39.41.136821 +0530,
49,60,89,290,3,41,t,0.14641759998630732,None,41,3,290,4,478.1875752999913,,478.17728249996435,478.1875752999913,479.16612539999187,479.16612539999187,479.1800861999509,479.3147456999868,t,0.14641759998630732,None,2,001,2025-10-23_00h39.35.224,untitled,,2025.1.1,144.04717839596768,2025-10-23 00h39.41.136821 +0530,
27,50,21,291,4,41,l,0.3597883000038564,None,41,4,291,2,479.3260804999736,,479.316575899953,479.3260804999736,480.3051940999576,480.3051940999576,480.31913459999487,480.6682002999587,l,0.3597883000038564,None,2,001,2025-10-23_00h39.35.224,untitled,,2025.1.1,144.04717839596768,2025-10-23 00h39.41.136821 +0530,
15,35,13,292,5,41,t,0.5414723000139929,None,41,5,292,1,480.67300189996604,,480.6700599999749,480.67300189996604,481.6594625999569,481.6594625999569,481.6660015999805,482.20320919994265,t,0.5414723000139929,None,2,001,2025-10-23_00h39.35.224,untitled,,2025.1.1,144.04717839596768,2025-10-23 00h39.41.136821 +0530,
40,55,62,293,6,41,l,0.10993349994532764,None,41,6,293,3,482.2147997999564,,482.20505129999947,482.2147997999564,483.1938570999773,483.1938570999773,483.207844199962,483.3068266999908,l,0.10993349994532764,None,2,001,2025-10-23_00h39.35.224,untitled,,2025.1.1,144.04717839596768,2025-10-23 00h39.41.136821 +0530,
78,80,162,294,0,42,t,0.17148079996695742,None,42,0,294,6,483.3119592999574,,483.30857829999877,483.3119592999574,484.29797239997424,484.29797239997424,484.3049683999852,484.4739060999709,t,0.17148079996695742,None,2,001,2025-10-23_00h39.35.224,untitled,,2025.1.1,144.04717839596768,2025-10-23 00h39.41.136821 +0530,
27,50,21,295,1,42,l,0.12407530000200495,None,42,1,295,2,484.4788614999852,,484.47573179996107,484.4788614999852,485.46500819997163,485.46500819997163,485.4718668999849,485.59233229997335,l,0.12407530000200495,None,2,001,2025-10-23_00h39.35.224,untitled,,2025.1.1,144.04717839596768,2025-10-23 00h39.41.136821 +0530,
15,35,13,296,2,42,t,0.39910440001403913,None,42,2,296,1,485.60375969996676,,485.5942407999537,485.60375969996676,486.58300759998383,486.58300759998383,486.5969407999655,486.9830213999958,t,0.39910440001403913,None,2,001,2025-10-23_00h39.35.224,untitled,,2025.1.1,144.04717839596768,2025-10-23 00h39.41.136821 +0530,
40,55,62,297,3,42,l,0.32576089998474345,None,42,3,297,3,486.993147399975,,486.985751399945,486.993147399975,487.9788048999617,487.9788048999617,487.98573909996776,488.3072405999992,l,0.32576089998474345,None,2,001,2025-10-23_00h39.35.224,untitled,,2025.1.1,144.04717839596768,2025-10-23 00h39.41.136821 +0530,
49,60,89,298,4,42,t,0.17113759997300804,None,42,4,298,4,488.31218779995106,,488.3090927999583,488.31218779995106,489.29825079999864,489.29825079999864,489.30521019996377,489.47394459997304,t,0.17113759997300804,None,2,001,2025-10-23_00h39.35.224,untitled,,2025.1.1,144.04717839596768,2025-10-23 00h39.41.136821 +0530,
11,30,7,299,5,42,l,0.49357220000820234,None,42,5,299,0,489.4856072999537,,489.4760043999995,489.4856072999537,490.46465709997574,490.46465709997574,490.4787210999639,490.96010379999643,l,0.49357220000820234,None,2,001,2025-10-23_00h39.35.224,untitled,,2025.1.1,144.04717839596768,2025-10-23 00h39.41.136821 +0530,
67,75,119,300,6,42,t,0.21882389998063445,None,42,6,300,5,490.97209029999794,,490.9618960999651,490.97209029999794,491.95073679997586,491.95073679997586,491.96465499995975,492.17526059999363,t,0.21882389998063445,None,2,001,2025-10-23_00h39.35.224,untitled,,2025.1.1,144.04717839596768,2025-10-23 00h39.41.136821 +0530,
11,30,7,301,0,43,l,0.22495119995437562,None,43,0,301,0,492.1874023999553,,492.1772786999936,492.1874023999553,493.1663824999705,493.1663824999705,493.1813050999772,493.39750769996317,l,0.22495119995437562,None,2,001,2025-10-23_00h39.35.224,untitled,,2025.1.1,144.04717839596768,2025-10-23 00h39.41.136821 +0530,
67,75,119,302,1,43,t,0.12420510000083596,None,43,1,302,5,493.40220489999047,,493.3992664999678,493.40220489999047,494.38843679998536,494.38843679998536,494.3954982999712,494.51540309999837,t,0.12420510000083596,None,2,001,2025-10-23_00h39.35.224,untitled,,2025.1.1,144.04717839596768,2025-10-23 00h39.41.136821 +0530,
78,80,162,303,2,43,l,0.2935863000457175,None,43,2,303,6,494.5203381999745,,494.51711899996735,494.5203381999745,495.5066634999821,495.5066634999821,495.51387169997906,495.80735019996064,l,0.2935863000457175,None,2,001,2025-10-23_00h39.35.224,untitled,,2025.1.1,144.04717839596768,2025-10-23 00h39.41.136821 +0530,
27,50,21,304,3,43,t,0.2065613999729976,None,43,3,304,2,495.81214519997593,,495.8092004999635,495.81214519997593,496.79820399999153,496.79820399999153,496.8051414999645,497.00901279994287,t,0.2065613999729976,None,2,001,2025-10-23_00h39.35.224,untitled,,2025.1.1,144.04717839596768,2025-10-23 00h39.41.136821 +0530,
40,55,62,305,4,43,l,0.5445320999715477,None,43,4,305,3,497.0221632999601,,497.01096059998963,497.0221632999601,497.99956929998007,497.99956929998007,498.0131245999946,498.5502000999986,l,0.5445320999715477,None,2,001,2025-10-23_00h39.35.224,untitled,,2025.1.1,144.04717839596768,2025-10-23 00h39.41.136821 +0530,
15,35,13,306,5,43,t,0.8871605999884196,None,43,5,306,1,498.56262739998056,,498.5523017999949,498.56262739998056,499.54124009999214,499.54124009999214,499.5555425999919,500.4320718999952,t,0.8871605999884196,None,2,001,2025-10-23_00h39.35.224,untitled,,2025.1.1,144.04717839596768,2025-10-23 00h39.41.136821 +0530,
49,60,89,307,6,43,l,0.1410403999616392,None,43,6,307,4,500.4368551999796,,500.4339077999466,500.4368551999796,501.42365199996857,501.42365199996857,501.4304874999798,501.57132920000004,l,0.1410403999616392,None,2,001,2025-10-23_00h39.35.224,untitled,,2025.1.1,144.04717839596768,2025-10-23 00h39.41.136821 +0530,
49,60,89,308,0,44,t,0.15755629999330267,None,44,0,308,4,501.5759808999719,,501.5714324999717,501.5759808999719,502.5621237999876,502.5621237999876,502.5690400999738,502.72440249996725,t,0.15755629999330267,None,2,001,2025-10-23_00h39.35.224,untitled,,2025.1.1,144.04717839596768,2025-10-23 00h39.41.136821 +0530,
78,80,162,309,1,44,t,0.11963779997313395,None,44,1,309,6,502.73585089994594,,502.72616439999547,502.73585089994594,503.71497969998745,503.71497969998745,503.72895839996636,503.8355658999644,t,0.11963779997313395,None,2,001,2025-10-23_00h39.35.224,untitled,,2025.1.1,144.04717839596768,2025-10-23 00h39.41.136821 +0530,
67,75,119,310,2,44,t,0.27935249998699874,None,44,2,310,5,503.8471125999931,,503.8373231999576,503.8471125999931,504.82612929999596,504.82612929999596,504.8408493999741,505.10616559995105,t,0.27935249998699874,None,2,001,2025-10-23_00h39.35.224,untitled,,2025.1.1,144.04717839596768,2025-10-23 00h39.41.136821 +0530,
11,30,7,311,3,44,t,0.13510180002776906,None,44,3,311,0,505.1181025999831,,505.10815419995924,505.1181025999831,506.09675729996525,506.09675729996525,506.1106072999537,506.23815979994833,t,0.13510180002776906,None,2,001,2025-10-23_00h39.35.224,untitled,,2025.1.1,144.04717839596768,2025-10-23 00h39.41.136821 +0530,
15,35,13,312,4,44,t,0.17414269997971132,None,44,4,312,1,506.25027979997685,,506.24006579996785,506.25027979997685,507.2287522999686,507.2287522999686,507.2427597999922,507.404645899951,t,0.17414269997971132,None,2,001,2025-10-23_00h39.35.224,untitled,,2025.1.1,144.04717839596768,2025-10-23 00h39.41.136821 +0530,
40,55,62,313,5,44,t,0.2612844000104815,None,44,5,313,3,507.4157923999592,,507.40649639995536,507.4157923999592,508.3953811999527,508.3953811999527,508.4090793999494,508.6613499999512,t,0.2612844000104815,None,2,001,2025-10-23_00h39.35.224,untitled,,2025.1.1,144.04717839596768,2025-10-23 00h39.41.136821 +0530,
27,50,21,314,6,44,t,0.24646920000668615,None,44,6,314,2,508.67373199999565,,508.6633269999875,508.67373199999565,509.65246519999346,509.65246519999346,509.6664375999826,509.9042124999687,t,0.24646920000668615,None,2,001,2025-10-23_00h39.35.224,untitled,,2025.1.1,144.04717839596768,2025-10-23 00h39.41.136821 +0530,
49,60,89,315,0,45,l,0.5118594999657944,None,45,0,315,4,509.9095805999823,,509.9060587999993,509.9095805999823,510.89578719995916,510.89578719995916,510.90270889998646,511.4117703999509,l,0.5118594999657944,None,2,001,2025-10-23_00h39.35.224,untitled,,2025.1.1,144.04717839596768,2025-10-23 00h39.41.136821 +0530,
40,55,62,316,1,45,l,0.20679159997962415,None,45,1,316,3,511.42400049994467,,511.41365999996196,511.42400049994467,512.4025328999851,512.4025328999851,512.4165274999687,512.6128077999456,l,0.20679159997962415,None,2,001,2025-10-23_00h39.35.224,untitled,,2025.1.1,144.04717839596768,2025-10-23 00h39.41.136821 +0530,
67,75,119,317,2,45,l,0.20686590002151206,None,45,2,317,5,512.6246599999722,,512.614691899973,512.6246599999722,513.6036785999895,513.6036785999895,513.6179512999952,513.8135061999783,l,0.20686590002151206,None,2,001,2025-10-23_00h39.35.224,untitled,,2025.1.1,144.04717839596768,2025-10-23 00h39.41.136821 +0530,
27,50,21,318,3,45,l,0.09921580000082031,None,45,3,318,2,513.8191339999903,,513.8155356999487,513.8191339999903,514.8052584999823,514.8052584999823,514.8121962999576,514.9048160999664,l,0.09921580000082031,None,2,001,2025-10-23_00h39.35.224,untitled,,2025.1.1,144.04717839596768,2025-10-23 00h39.41.136821 +0530,
11,30,7,319,4,45,l,0.09773579996544868,None,45,4,319,0,514.9167687999434,,514.9066166999983,514.9167687999434,515.8957647999632,515.8957647999632,515.909402899968,515.9947092999937,l,0.09773579996544868,None,2,001,2025-10-23_00h39.35.224,untitled,,2025.1.1,144.04717839596768,2025-10-23 00h39.41.136821 +0530,
15,35,13,320,5,45,t,0.3356080000521615,None,45,5,320,1,515.9994935999857,,515.9965514999931,515.9994935999857,516.9854052999872,516.9854052999872,516.9931910999585,517.3214439999429,t,0.3356080000521615,None,2,001,2025-10-23_00h39.35.224,untitled,,2025.1.1,144.04717839596768,2025-10-23 00h39.41.136821 +0530,
78,80,162,321,6,45,t,0.34138230001553893,None,45,6,321,6,517.3333579999744,,517.3232027999475,517.3333579999744,518.3119838999701,518.3119838999701,518.325821299979,518.6549619999714,t,0.34138230001553893,None,2,001,2025-10-23_00h39.35.224,untitled,,2025.1.1,144.04717839596768,2025-10-23 00h39.41.136821 +0530,
11,30,7,322,0,46,l,0.22302769997622818,None,46,0,322,0,518.6669983999454,,518.6568120999727,518.6669983999454,519.6455668999697,519.6455668999697,519.6594267999753,519.8701549999532,l,0.22302769997622818,None,2,001,2025-10-23_00h39.35.224,untitled,,2025.1.1,144.04717839596768,2025-10-23 00h39.41.136821 +0530,
49,60,89,323,1,46,t,0.11045019997982308,None,46,1,323,4,519.8819103999995,,519.8723042999627,519.8819103999995,520.8607777999714,520.8607777999714,520.8747233999893,520.9739382999833,t,0.11045019997982308,None,2,001,2025-10-23_00h39.35.224,untitled,,2025.1.1,144.04717839596768,2025-10-23 00h39.41.136821 +0530,
67,75,119,324,2,46,l,0.660507399996277,None,46,2,324,5,520.9862438999698,,520.9757174999686,520.9862438999698,521.9649112999905,521.9649112999905,521.9788811999606,522.6263997999486,l,0.660507399996277,None,2,001,2025-10-23_00h39.35.224,untitled,,2025.1.1,144.04717839596768,2025-10-23 00h39.41.136821 +0530,
15,35,13,325,3,46,t,0.19753170001786202,None,46,3,325,1,522.6311939999578,,522.6282520999666,522.6311939999578,523.6180077999597,523.6180077999597,523.6244335999945,523.8220307999873,t,0.19753170001786202,None,2,001,2025-10-23_00h39.35.224,untitled,,2025.1.1,144.04717839596768,2025-10-23 00h39.41.136821 +0530,
78,80,162,326,4,46,l,0.4771237999666482,None,46,4,326,6,523.8334002999472,,523.8239933999721,523.8334002999472,524.8121626999928,524.8121626999928,524.825919099967,525.2936341999448,l,0.4771237999666482,None,2,001,2025-10-23_00h39.35.224,untitled,,2025.1.1,144.04717839596768,2025-10-23 00h39.41.136821 +0530,
27,50,21,327,5,46,t,0.40332719997968525,None,46,5,327,2,525.305283099995,,525.2955334999715,525.305283099995,526.2842579999706,526.2842579999706,526.2982144999551,526.6889425999834,t,0.40332719997968525,None,2,001,2025-10-23_00h39.35.224,untitled,,2025.1.1,144.04717839596768,2025-10-23 00h39.41.136821 +0530,
40,55,62,328,6,46,t,0.4007418999681249,None,46,6,328,3,526.6939204999944,,526.6908165999921,526.6939204999944,527.6801052999799,527.6801052999799,527.687114099972,528.0848288999987,t,0.4007418999681249,None,2,001,2025-10-23_00h39.35.224,untitled,,2025.1.1,144.04717839596768,2025-10-23 00h39.41.136821 +0530,
40,55,62,329,0,47,t,0.4032543000066653,None,47,0,329,3,528.0898979999474,,528.0849407999776,528.0898979999474,529.075869399996,529.075869399996,529.0826094999793,529.4809565999894,t,0.4032543000066653,None,2,001,2025-10-23_00h39.35.224,untitled,,2025.1.1,144.04717839596768,2025-10-23 00h39.41.136821 +0530,
49,60,89,330,1,47,l,0.2124822000041604,None,47,1,330,4,529.4931512999465,,529.4829588999855,529.4931512999465,530.4716955999611,530.4716955999611,530.4853552999557,530.6887398999534,l,0.2124822000041604,None,2,001,2025-10-23_00h39.35.224,untitled,,2025.1.1,144.04717839596768,2025-10-23 00h39.41.136821 +0530,
67,75,119,331,2,47,t,0.5696496999589726,None,47,2,331,5,530.6935644999612,,530.6907682999736,530.6935644999612,531.6803890999872,531.6803890999872,531.6873290999793,532.2517633999814,t,0.5696496999589726,None,2,001,2025-10-23_00h39.35.224,untitled,,2025.1.1,144.04717839596768,2025-10-23 00h39.41.136821 +0530,
11,30,7,332,3,47,l,0.45102350000524893,None,47,3,332,0,532.2636474999599,,532.2535953999613,532.2636474999599,533.2425297999871,533.2425297999871,533.2564684999525,533.6965609999606,l,0.45102350000524893,None,2,001,2025-10-23_00h39.35.224,untitled,,2025.1.1,144.04717839596768,2025-10-23 00h39.41.136821 +0530,
27,50,21,333,4,47,t,0.4610206999932416,None,47,4,333,2,533.7078886999516,,533.698398699984,533.7078886999516,534.686954499979,534.686954499979,534.7011431999854,535.1544185999664,t,0.4610206999932416,None,2,001,2025-10-23_00h39.35.224,untitled,,2025.1.1,144.04717839596768,2025-10-23 00h39.41.136821 +0530,
78,80,162,334,5,47,l,0.053789000026881695,None,47,5,334,6,535.159188599966,,535.1562157999724,535.159188599966,536.145477699989,536.145477699989,536.1521787999664,536.2032917999895,l,0.053789000026881695,None,2,001,2025-10-23_00h39.35.224,untitled,,2025.1.1,144.04717839596768,2025-10-23 00h39.41.136821 +0530,
15,35,13,335,6,47,t,0.6432256000116467,None,47,6,335,1,536.2147925999598,,536.2051341999904,536.2147925999598,537.1941286999499,537.1941286999499,537.2077959999442,537.8423782999744,t,0.6432256000116467,None,2,001,2025-10-23_00h39.35.224,untitled,,2025.1.1,144.04717839596768,2025-10-23 00h39.41.136821 +0530,
40,55,62,336,0,48,l,0.341383200022392,None,48,0,336,3,537.8540966999717,,537.8442534999922,537.8540966999717,538.833212699974,538.833212699974,538.8467346999678,539.1751936999499,l,0.341383200022392,None,2,001,2025-10-23_00h39.35.224,untitled,,2025.1.1,144.04717839596768,2025-10-23 00h39.41.136821 +0530,
15,35,13,337,1,48,t,0.2502743999939412,None,48,1,337,1,539.1798257999471,,539.1770271999994,539.1798257999471,540.1662697999855,540.1662697999855,540.1730436999933,540.4181729999837,t,0.2502743999939412,None,2,001,2025-10-23_00h39.35.224,untitled,,2025.1.1,144.04717839596768,2025-10-23 00h39.41.136821 +0530,
27,50,21,338,2,48,t,1.884571300004609,None,48,2,338,2,540.4231272999896,,540.4199822999653,540.4231272999896,541.4095690999529,541.4095690999529,541.4163121999591,543.2996912999661,t,1.884571300004609,None,2,001,2025-10-23_00h39.35.224,untitled,,2025.1.1,144.04717839596768,2025-10-23 00h39.41.136821 +0530,
11,30,7,339,3,48,t,0.8365010999841616,None,48,3,339,0,543.3047368999687,,543.3019793999847,543.3047368999687,544.2909250999801,544.2909250999801,544.2992679999443,545.1337497999775,t,0.8365010999841616,None,2,001,2025-10-23_00h39.35.224,untitled,,2025.1.1,144.04717839596768,2025-10-23 00h39.41.136821 +0530,
49,60,89,340,4,48,l,0.574066600005608,None,48,4,340,4,545.1457145999884,,545.135976599995,545.1457145999884,546.1243912999635,546.1243912999635,546.1381702999934,546.703291599988,l,0.574066600005608,None,2,001,2025-10-23_00h39.35.224,untitled,,2025.1.1,144.04717839596768,2025-10-23 00h39.41.136821 +0530,
67,75,119,341,5,48,t,1.051809900032822,None,48,5,341,5,546.7148810999934,,546.7051192999934,546.7148810999934,547.6940463999636,547.6940463999636,547.7081097999471,548.7513378999429,t,1.051809900032822,None,2,001,2025-10-23_00h39.35.224,untitled,,2025.1.1,144.04717839596768,2025-10-23 00h39.41.136821 +0530,
78,80,162,342,6,48,l,0.7054410999990068,None,48,6,342,6,548.7562268999754,,548.7531160999788,548.7562268999754,549.7425640999572,549.7425640999572,549.7493901999551,550.4528978999588,l,0.7054410999990068,None,2,001,2025-10-23_00h39.35.224,untitled,,2025.1.1,144.04717839596768,2025-10-23 00h39.41.136821 +0530,
15,35,13,343,0,49,t,0.9342428999952972,None,49,0,343,1,550.4658638999681,,550.4549326999695,550.4658638999681,551.444239799981,551.444239799981,551.4577806999441,552.383566799981,t,0.9342428999952972,None,2,001,2025-10-23_00h39.35.224,untitled,,2025.1.1,144.04717839596768,2025-10-23 00h39.41.136821 +0530,
11,30,7,344,1,49,l,0.18879350001225248,None,49,1,344,0,552.3950643999851,,552.3856112999492,552.3950643999851,553.3745958999498,553.3745958999498,553.3883531999891,553.5646907999762,l,0.18879350001225248,None,2,001,2025-10-23_00h39.35.224,untitled,,2025.1.1,144.04717839596768,2025-10-23 00h39.41.136821 +0530,
78,80,162,345,2,49,t,0.3056573999929242,None,49,2,345,6,553.5764290999505,,553.5664720999775,553.5764290999505,554.5551630999544,554.5551630999544,554.5691181999864,554.8631159999641,t,0.3056573999929242,None,2,001,2025-10-23_00h39.35.224,untitled,,2025.1.1,144.04717839596768,2025-10-23 00h39.41.136821 +0530,
67,75,119,346,3,49,l,0.7189276000135578,None,49,3,346,5,554.8743364999536,,554.8650601999834,554.8743364999536,555.8537985999719,555.8537985999719,555.8678234999534,556.5785491999704,l,0.7189276000135578,None,2,001,2025-10-23_00h39.35.224,untitled,,2025.1.1,144.04717839596768,2025-10-23 00h39.41.136821 +0530,
27,50,21,347,4,49,t,0.20372419996419922,None,49,4,347,2,556.5901071999688,,556.580376399972,556.5901071999688,557.5690201999969,557.5690201999969,557.583071299945,557.7798742999439,t,0.20372419996419922,None,2,001,2025-10-23_00h39.35.224,untitled,,2025.1.1,144.04717839596768,2025-10-23 00h39.41.136821 +0530,
40,55,62,348,5,49,l,0.8218643000000156,None,49,5,348,3,557.7914573999587,,557.7818940999568,557.7914573999587,558.7703243999858,558.7703243999858,558.7843085999484,559.5991080999956,l,0.8218643000000156,None,2,001,2025-10-23_00h39.35.224,untitled,,2025.1.1,144.04717839596768,2025-10-23 00h39.41.136821 +0530,
49,60,89,349,6,49,t,0.6437159000197425,None,49,6,349,4,559.6108871999895,,559.601043899951,559.6108871999895,560.5902190999477,560.5902190999477,560.6036597999628,561.2385769999819,t,0.6437159000197425,None,2,001,2025-10-23_00h39.35.224,untitled,,2025.1.1,144.04717839596768,2025-10-23 00h39.41.136821 +0530,
40,55,62,350,0,50,t,1.025407399982214,None,50,0,350,3,561.2492295999546,,561.2404349999852,561.2492295999546,562.22877409996,562.22877409996,562.2428803999792,563.2584307999932,t,1.025407399982214,None,2,001,2025-10-23_00h39.35.224,untitled,,2025.1.1,144.04717839596768,2025-10-23 00h39.41.136821 +0530,
11,30,7,351,1,50,l,0.6560582999954931,None,50,1,351,0,563.2709408999654,,563.26050569996,563.2709408999654,564.2496194999549,564.2496194999549,564.2633595999796,564.9115572999581,l,0.6560582999954931,None,2,001,2025-10-23_00h39.35.224,untitled,,2025.1.1,144.04717839596768,2025-10-23 00h39.41.136821 +0530,
27,50,21,352,2,50,t,1.6924190999707207,None,50,2,352,2,564.9229693999514,,564.9134227999602,564.9229693999514,565.9034181999741,565.9034181999741,565.9162551999907,567.5989527999773,t,1.6924190999707207,None,2,001,2025-10-23_00h39.35.224,untitled,,2025.1.1,144.04717839596768,2025-10-23 00h39.41.136821 +0530,
67,75,119,353,3,50,l,1.3755610999651253,None,50,3,353,5,567.6108332999866,,567.6007227999507,567.6108332999866,568.5899573999923,568.5899573999923,568.603473999945,569.9671158999554,l,1.3755610999651253,None,2,001,2025-10-23_00h39.35.224,untitled,,2025.1.1,144.04717839596768,2025-10-23 00h39.41.136821 +0530,
78,80,162,354,4,50,t,0.3099542999989353,None,50,4,354,6,569.9786822999595,,569.9688653999474,569.9786822999595,570.9576848999714,570.9576848999714,570.9716814999701,571.272485399968,t,0.3099542999989353,None,2,001,2025-10-23_00h39.35.224,untitled,,2025.1.1,144.04717839596768,2025-10-23 00h39.41.136821 +0530,
49,60,89,355,5,50,t,0.5905576000222936,None,50,5,355,4,571.283861999982,,571.2744211999816,571.283861999982,572.2633542999974,572.2633542999974,572.2772388999583,572.8556971999933,t,0.5905576000222936,None,2,001,2025-10-23_00h39.35.224,untitled,,2025.1.1,144.04717839596768,2025-10-23 00h39.41.136821 +0530,
15,35,13,356,6,50,t,0.35974240000359714,None,50,6,356,1,572.868110099982,,572.8577593999798,572.868110099982,573.8464354999596,573.8464354999596,573.8604781999602,574.2099168999703,t,0.35974240000359714,None,2,001,2025-10-23_00h39.35.224,untitled,,2025.1.1,144.04717839596768,2025-10-23 00h39.41.136821 +0530,
78,80,162,357,0,51,l,0.2712871999829076,None,51,0,357,6,574.2216090000002,,574.2117031999514,574.2216090000002,575.2007838999853,575.2007838999853,575.2147708999692,575.4736727999989,l,0.2712871999829076,None,2,001,2025-10-23_00h39.35.224,untitled,,2025.1.1,144.04717839596768,2025-10-23 00h39.41.136821 +0530,
27,50,21,358,1,51,t,0.061072199954651296,None,51,1,358,2,575.4858183999895,,575.4757190999808,575.4858183999895,576.4644893999794,576.4644893999794,576.4782124999911,576.5293106999598,t,0.061072199954651296,None,2,001,2025-10-23_00h39.35.224,untitled,,2025.1.1,144.04717839596768,2025-10-23 00h39.41.136821 +0530,
15,35,13,359,2,51,t,0.28209490003064275,None,51,2,359,1,576.5411948999972,,576.53147669998,576.5411948999972,577.5202824999578,577.5202824999578,577.5342002999969,577.8070158999762,t,0.28209490003064275,None,2,001,2025-10-23_00h39.35.224,untitled,,2025.1.1,144.04717839596768,2025-10-23 00h39.41.136821 +0530,
11,30,7,360,3,51,t,0.44927380001172423,None,51,3,360,0,577.8192101999884,,577.8090521999984,577.8192101999884,578.7980120999855,578.7980120999855,578.8118315999745,579.2515442999429,t,0.44927380001172423,None,2,001,2025-10-23_00h39.35.224,untitled,,2025.1.1,144.04717839596768,2025-10-23 00h39.41.136821 +0530,
49,60,89,361,4,51,t,0.22001260000979528,None,51,4,361,4,579.2635147999972,,579.2534108999535,579.2635147999972,580.2424258999527,580.2424258999527,580.256421099999,580.4672733999905,t,0.22001260000979528,None,2,001,2025-10-23_00h39.35.224,untitled,,2025.1.1,144.04717839596768,2025-10-23 00h39.41.136821 +0530,
67,75,119,362,5,51,l,0.48347879998618737,None,51,5,362,5,580.4784799999907,,580.4692042999668,580.4784799999907,581.4577970999526,581.4577970999526,581.4717295999872,581.9456730999518,l,0.48347879998618737,None,2,001,2025-10-23_00h39.35.224,untitled,,2025.1.1,144.04717839596768,2025-10-23 00h39.41.136821 +0530,
40,55,62,363,6,51,t,0.32687869999790564,None,51,6,363,3,581.950583399972,,581.94750749995,581.950583399972,582.9367821999476,582.9367821999476,582.9437714999658,583.2656961999601,t,0.32687869999790564,None,2,001,2025-10-23_00h39.35.224,untitled,,2025.1.1,144.04717839596768,2025-10-23 00h39.41.136821 +0530,
11,30,7,364,0,52,t,1.2104304000386037,None,52,0,364,0,583.2778688999824,,583.2675072999555,583.2778688999824,584.2560771999997,584.2560771999997,584.2702155999723,585.4735966999433,t,1.2104304000386037,None,2,001,2025-10-23_00h39.35.224,untitled,,2025.1.1,144.04717839596768,2025-10-23 00h39.41.136821 +0530,
27,50,21,365,1,52,t,0.48637540003983304,None,52,1,365,2,585.4783997999621,,585.4754532999941,585.4783997999621,586.4645315999514,586.4645315999514,586.4714918999816,586.9533284999779,t,0.48637540003983304,None,2,001,2025-10-23_00h39.35.224,untitled,,2025.1.1,144.04717839596768,2025-10-23 00h39.41.136821 +0530,
40,55,62,366,2,52,t,0.055402400030288845,None,52,2,366,3,586.9651010999805,,586.9551495999913,586.9651010999805,587.9439613999566,587.9439613999566,587.9580570999533,588.0013113999739,t,0.055402400030288845,None,2,001,2025-10-23_00h39.35.224,untitled,,2025.1.1,144.04717839596768,2025-10-23 00h39.41.136821 +0530,
67,75,119,367,3,52,l,0.8092261999845505,None,52,3,367,5,588.0061372999917,,588.0030592999537,588.0061372999917,588.9930908999522,588.9930908999522,588.9993929999764,589.8067887999932,l,0.8092261999845505,None,2,001,2025-10-23_00h39.35.224,untitled,,2025.1.1,144.04717839596768,2025-10-23 00h39.41.136821 +0530,
49,60,89,368,4,52,t,0.8633501000003889,None,52,4,368,4,589.8117917999625,,589.8087850999436,589.8117917999625,590.7985881999484,590.7985881999484,590.8048833999783,591.6683689999627,t,0.8633501000003889,None,2,001,2025-10-23_00h39.35.224,untitled,,2025.1.1,144.04717839596768,2025-10-23 00h39.41.136821 +0530,
15,35,13,369,5,52,l,0.9584517999901436,None,52,5,369,1,591.6801262999652,,591.6703038999694,591.6801262999652,592.6591466999962,592.6591466999962,592.6730796999764,593.619420199946,l,0.9584517999901436,None,2,001,2025-10-23_00h39.35.224,untitled,,2025.1.1,144.04717839596768,2025-10-23 00h39.41.136821 +0530,
78,80,162,370,6,52,t,0.6271618999890052,None,52,6,370,6,593.6240513999946,,593.6212025999557,593.6240513999946,594.6107211999479,594.6107211999479,594.6172615999822,595.2447771999869,t,0.6271618999890052,None,2,001,2025-10-23_00h39.35.224,untitled,,2025.1.1,144.04717839596768,2025-10-23 00h39.41.136821 +0530,
11,30,7,371,0,53,t,0.43952519999584183,None,53,0,371,0,595.2566694999696,,595.2465913999476,595.2566694999696,596.2352963999729,596.2352963999729,596.249276699964,596.6820684999693,t,0.43952519999584183,None,2,001,2025-10-23_00h39.35.224,untitled,,2025.1.1,144.04717839596768,2025-10-23 00h39.41.136821 +0530,
27,50,21,372,1,53,l,0.5544577999971807,None,53,1,372,2,596.686737699958,,596.6838865999598,596.686737699958,597.6729286999907,597.6729286999907,597.6802779999562,598.2304539999459,l,0.5544577999971807,None,2,001,2025-10-23_00h39.35.224,untitled,,2025.1.1,144.04717839596768,2025-10-23 00h39.41.136821 +0530,
78,80,162,373,2,53,t,0.42885670001851395,None,53,2,373,6,598.2355392999598,,598.2322137999581,598.2355392999598,599.221654999943,599.221654999943,599.228572699998,599.6546225999482,t,0.42885670001851395,None,2,001,2025-10-23_00h39.35.224,untitled,,2025.1.1,144.04717839596768,2025-10-23 00h39.41.136821 +0530,
15,35,13,374,3,53,t,0.6505736999679357,None,53,3,374,1,599.6665847999975,,599.65649329999,599.6665847999975,600.6454234999837,600.6454234999837,600.6594642999698,601.3001743999775,t,0.6505736999679357,None,2,001,2025-10-23_00h39.35.224,untitled,,2025.1.1,144.04717839596768,2025-10-23 00h39.41.136821 +0530,
40,55,62,375,4,53,t,0.6678124999743886,None,53,4,375,3,601.3126049999846,,601.3019925999688,601.3126049999846,602.2909534999635,602.2909534999635,602.3048115999554,602.9601741999504,t,0.6678124999743886,None,2,001,2025-10-23_00h39.35.224,untitled,,2025.1.1,144.04717839596768,2025-10-23 00h39.41.136821 +0530,
67,75,119,376,5,53,l,0.7444712000433356,None,53,5,376,5,602.9720940999687,,602.9619204999763,602.9720940999687,603.9507572999573,603.9507572999573,603.9654405999463,604.6959682999877,l,0.7444712000433356,None,2,001,2025-10-23_00h39.35.224,untitled,,2025.1.1,144.04717839596768,2025-10-23 00h39.41.136821 +0530,
49,60,89,377,6,53,t,0.46793300000717863,None,53,6,377,4,604.7076563999872,,604.6978094999795,604.7076563999872,605.6869963999488,605.6869963999488,605.7012522000005,606.1613659999566,t,0.46793300000717863,None,2,001,2025-10-23_00h39.35.224,untitled,,2025.1.1,144.04717839596768,2025-10-23 00h39.41.136821 +0530,
11,30,7,378,0,54,t,0.5789447999559343,None,54,0,378,0,606.1733971999492,,606.1631823999924,606.1733971999492,607.1521019999636,607.1521019999636,607.1660243999795,607.7373546999879,t,0.5789447999559343,None,2,001,2025-10-23_00h39.35.224,untitled,,2025.1.1,144.04717839596768,2025-10-23 00h39.41.136821 +0530,
15,35,13,379,1,54,l,0.3043375000124797,None,54,1,379,1,607.7420620999765,,607.739275299944,607.7420620999765,608.7290267999633,608.7290267999633,608.7358435999486,609.0360551999765,l,0.3043375000124797,None,2,001,2025-10-23_00h39.35.224,untitled,,2025.1.1,144.04717839596768,2025-10-23 00h39.41.136821 +0530,
27,50,21,380,2,54,t,0.17036320001352578,None,54,2,380,2,609.0474225999787,,609.0380438999855,609.0474225999787,610.0272597999428,610.0272597999428,610.0412063999684,610.2030279999599,t,0.17036320001352578,None,2,001,2025-10-23_00h39.35.224,untitled,,2025.1.1,144.04717839596768,2025-10-23 00h39.41.136821 +0530,
49,60,89,381,3,54,l,0.40813019999768585,None,54,3,381,4,610.2146529999445,,610.2049144999473,610.2146529999445,611.193688099971,611.193688099971,611.2076375999604,611.6055478999624,l,0.40813019999768585,None,2,001,2025-10-23_00h39.35.224,untitled,,2025.1.1,144.04717839596768,2025-10-23 00h39.41.136821 +0530,
40,55,62,382,4,54,t,0.30700400000205263,None,54,4,382,3,611.6103433999815,,611.607372999948,611.6103433999815,612.5963876999449,612.5963876999449,612.6033079999615,612.9043491999619,t,0.30700400000205263,None,2,001,2025-10-23_00h39.35.224,untitled,,2025.1.1,144.04717839596768,2025-10-23 00h39.41.136821 +0530,
78,80,162,383,5,54,l,0.3651735999737866,None,54,5,383,6,612.9162763999775,,612.9060947999824,612.9162763999775,613.8952458999702,613.8952458999702,613.9089686999796,614.2657712999498,l,0.3651735999737866,None,2,001,2025-10-23_00h39.35.224,untitled,,2025.1.1,144.04717839596768,2025-10-23 00h39.41.136821 +0530,
67,75,119,384,6,54,t,0.2302429000264965,None,54,6,384,5,614.277898899978,,614.2675038999878,614.277898899978,615.25638539996,615.25638539996,615.270409299992,615.4882722999901,t,0.2302429000264965,None,2,001,2025-10-23_00h39.35.224,untitled,,2025.1.1,144.04717839596768,2025-10-23 00h39.41.136821 +0530,
27,50,21,385,0,55,l,0.2639058000058867,None,55,0,385,2,615.499839199998,,615.4901601999882,615.499839199998,616.4787514999625,616.4787514999625,616.4925906999852,616.7448380999849,l,0.2639058000058867,None,2,001,2025-10-23_00h39.35.224,untitled,,2025.1.1,144.04717839596768,2025-10-23 00h39.41.136821 +0530,
15,35,13,386,1,55,t,0.06059000000823289,None,55,1,386,1,616.7561285999836,,616.7466982999467,616.7561285999836,617.7353260999662,617.7353260999662,617.7492203000002,617.7999691999867,t,0.06059000000823289,None,2,001,2025-10-23_00h39.35.224,untitled,,2025.1.1,144.04717839596768,2025-10-23 00h39.41.136821 +0530,
49,60,89,387,2,55,l,0.47896229999605566,None,55,2,387,4,617.8051460999995,,617.8017925999593,617.8051460999995,618.7910952999955,618.7910952999955,618.7980360999936,619.2722618999542,l,0.47896229999605566,None,2,001,2025-10-23_00h39.35.224,untitled,,2025.1.1,144.04717839596768,2025-10-23 00h39.41.136821 +0530,
40,55,62,388,3,55,t,0.16123730002436787,None,55,3,388,3,619.2840150999837,,619.2742552999989,619.2840150999837,620.2630009999848,620.2630009999848,620.2774411999853,620.4254914999474,t,0.16123730002436787,None,2,001,2025-10-23_00h39.35.224,untitled,,2025.1.1,144.04717839596768,2025-10-23 00h39.41.136821 +0530,
78,80,162,389,4,55,l,0.2647127999807708,None,55,4,389,6,620.4374881999684,,620.4272420999478,620.4374881999684,621.4161199999508,621.4161199999508,621.4300024999538,621.6818328999798,l,0.2647127999807708,None,2,001,2025-10-23_00h39.35.224,untitled,,2025.1.1,144.04717839596768,2025-10-23 00h39.41.136821 +0530,
11,30,7,390,5,55,t,0.21465860004536808,None,55,5,390,0,621.6865994999534,,621.6836355999694,621.6865994999534,622.6730140999425,622.6730140999425,622.679907999991,622.8905635999981,t,0.21465860004536808,None,2,001,2025-10-23_00h39.35.224,untitled,,2025.1.1,144.04717839596768,2025-10-23 00h39.41.136821 +0530,
67,75,119,391,6,55,l,0.2992480999673717,None,55,6,391,5,622.9024850999704,,622.8923444999964,622.9024850999704,623.8811598999891,623.8811598999891,623.8950615999638,624.1817873999826,l,0.2992480999673717,None,2,001,2025-10-23_00h39.35.224,untitled,,2025.1.1,144.04717839596768,2025-10-23 00h39.41.136821 +0530,
27,50,21,392,0,56,t,0.18669850000878796,None,56,0,392,2,624.1943818999571,,624.1838610999985,624.1943818999571,625.1731841999572,625.1731841999572,625.1869445999619,625.3625927999965,t,0.18669850000878796,None,2,001,2025-10-23_00h39.35.224,untitled,,2025.1.1,144.04717839596768,2025-10-23 00h39.41.136821 +0530,
40,55,62,393,1,56,t,0.6533027000259608,None,56,1,393,3,625.3745708999922,,625.3645663999487,625.3745708999922,626.3534821999492,626.3534821999492,626.3674827999785,627.0090295999544,t,0.6533027000259608,None,2,001,2025-10-23_00h39.35.224,untitled,,2025.1.1,144.04717839596768,2025-10-23 00h39.41.136821 +0530,
15,35,13,394,2,56,t,0.24402429995825514,None,56,2,394,1,627.0204217999708,,627.010924299946,627.0204217999708,627.9989725999767,627.9989725999767,628.0129728999455,628.2443905999535,t,0.24402429995825514,None,2,001,2025-10-23_00h39.35.224,untitled,,2025.1.1,144.04717839596768,2025-10-23 00h39.41.136821 +0530,
67,75,119,395,3,56,t,0.3401321999845095,None,56,3,395,5,628.2491969999974,,628.2461561999517,628.2491969999974,629.2354024999659,629.2354024999659,629.2422805999522,629.5778570999973,t,0.3401321999845095,None,2,001,2025-10-23_00h39.35.224,untitled,,2025.1.1,144.04717839596768,2025-10-23 00h39.41.136821 +0530,
78,80,162,396,4,56,l,0.2220316999591887,None,56,4,396,6,629.5897394999629,,629.5796190999681,629.5897394999629,630.5686970999814,630.5686970999814,630.5827194999438,630.7932794999797,l,0.2220316999591887,None,2,001,2025-10-23_00h39.35.224,untitled,,2025.1.1,144.04717839596768,2025-10-23 00h39.41.136821 +0530,
11,30,7,397,5,56,l,0.3958644999656826,None,56,5,397,0,630.8050461999956,,630.7952801999636,630.8050461999956,631.7840155999875,631.7840155999875,631.7980604999466,632.1819174999837,l,0.3958644999656826,None,2,001,2025-10-23_00h39.35.224,untitled,,2025.1.1,144.04717839596768,2025-10-23 00h39.41.136821 +0530,
49,60,89,398,6,56,l,0.48938210000051185,None,56,6,398,4,632.1938164999592,,632.1838976999861,632.1938164999592,633.172814199992,633.172814199992,633.1867189999903,633.667883999995,l,0.48938210000051185,None,2,001,2025-10-23_00h39.35.224,untitled,,2025.1.1,144.04717839596768,2025-10-23 00h39.41.136821 +0530,
15,35,13,399,0,57,t,0.36182809999445453,None,57,0,399,1,633.6726503999671,,633.6697301999666,633.6726503999671,634.6589905999717,634.6589905999717,634.6658255999791,635.0225859999773,t,0.36182809999445453,None,2,001,2025-10-23_00h39.35.224,untitled,,2025.1.1,144.04717839596768,2025-10-23 00h39.41.136821 +0530,
49,60,89,400,1,57,l,0.3365093999891542,None,57,1,400,4,635.0340601999778,,635.0244477999513,635.0340601999778,636.0131727999542,636.0131727999542,636.0271159999538,636.3560158999753,l,0.3365093999891542,None,2,001,2025-10-23_00h39.35.224,untitled,,2025.1.1,144.04717839596768,2025-10-23 00h39.41.136821 +0530,
40,55,62,401,2,57,t,0.2531895999563858,None,57,2,401,3,636.3674379999866,,636.3578589999815,636.3674379999866,637.3465476999991,637.3465476999991,637.3606146999518,637.6053581999731,t,0.2531895999563858,None,2,001,2025-10-23_00h39.35.224,untitled,,2025.1.1,144.04717839596768,2025-10-23 00h39.41.136821 +0530,
67,75,119,402,3,57,l,0.2385517000220716,None,57,3,402,5,637.6171308999765,,637.6073017999879,637.6171308999765,638.596511599957,638.596511599957,638.6103180999635,638.8419683999964,l,0.2385517000220716,None,2,001,2025-10-23_00h39.35.224,untitled,,2025.1.1,144.04717839596768,2025-10-23 00h39.41.136821 +0530,
78,80,162,403,4,57,t,0.015723299991805106,None,57,4,403,6,638.8538136999705,,638.8437054999522,638.8538136999705,639.8324850999634,639.8324850999634,639.8463140999665,639.8484258999815,t,0.015723299991805106,None,2,001,2025-10-23_00h39.35.224,untitled,,2025.1.1,144.04717839596768,2025-10-23 00h39.41.136821 +0530,
27,50,21,404,5,57,l,0.17461260000709444,None,57,5,404,2,639.8609157999745,,639.8503629999468,639.8609157999745,640.8392894999706,640.8392894999706,640.85349889996,641.0149361999938,l,0.17461260000709444,None,2,001,2025-10-23_00h39.35.224,untitled,,2025.1.1,144.04717839596768,2025-10-23 00h39.41.136821 +0530,
11,30,7,405,6,57,t,0.1420277000288479,None,57,6,405,0,641.0271335999714,,641.0171273999731,641.0271335999714,642.0063867999706,642.0063867999706,642.0201085999724,642.1539903999656,t,0.1420277000288479,None,2,001,2025-10-23_00h39.35.224,untitled,,2025.1.1,144.04717839596768,2025-10-23 00h39.41.136821 +0530,
15,35,13,406,0,58,l,0.13800450001144782,None,58,0,406,1,642.1588058999623,,642.1558024999686,642.1588058999623,643.145042499993,643.145042499993,643.1519796999637,643.2858632999705,l,0.13800450001144782,None,2,001,2025-10-23_00h39.35.224,untitled,,2025.1.1,144.04717839596768,2025-10-23 00h39.41.136821 +0530,
78,80,162,407,1,58,t,0.20066000003134832,None,58,1,407,6,643.2908833999536,,643.2875846999814,643.2908833999536,644.27735509997,644.27735509997,644.2839141999721,644.4806812999886,t,0.20066000003134832,None,2,001,2025-10-23_00h39.35.224,untitled,,2025.1.1,144.04717839596768,2025-10-23 00h39.41.136821 +0530,
27,50,21,408,2,58,l,0.044936600024811924,None,58,2,408,2,644.4922524999711,,644.4826342999586,644.4922524999711,645.4714406999992,645.4714406999992,645.4852852999466,645.5224894999992,l,0.044936600024811924,None,2,001,2025-10-23_00h39.35.224,untitled,,2025.1.1,144.04717839596768,2025-10-23 00h39.41.136821 +0530,
49,60,89,409,3,58,t,0.5698529999936,None,58,3,409,4,645.5341104999534,,645.5243854999426,645.5341104999534,646.5131884999573,646.5131884999573,646.5271861999645,647.085745999997,t,0.5698529999936,None,2,001,2025-10-23_00h39.35.224,untitled,,2025.1.1,144.04717839596768,2025-10-23 00h39.41.136821 +0530,
40,55,62,410,4,58,l,0.19116440002107993,None,58,4,410,3,647.09695929999,,647.0875632999814,647.09695929999,648.0756638999446,648.0756638999446,648.0894744999823,648.2725992999622,l,0.19116440002107993,None,2,001,2025-10-23_00h39.35.224,untitled,,2025.1.1,144.04717839596768,2025-10-23 00h39.41.136821 +0530,
67,75,119,411,5,58,t,0.21982739999657497,None,58,5,411,5,648.2845098999678,,648.2745347999735,648.2845098999678,649.2631273999577,649.2631273999577,649.2772581999889,649.4872096999898,t,0.21982739999657497,None,2,001,2025-10-23_00h39.35.224,untitled,,2025.1.1,144.04717839596768,2025-10-23 00h39.41.136821 +0530,
11,30,7,412,6,58,l,0.20927059999667108,None,58,6,412,0,649.4919330999837,,649.4890054999851,649.4919330999837,650.4787710999954,650.4787710999954,650.4856122999918,650.6893832999631,l,0.20927059999667108,None,2,001,2025-10-23_00h39.35.224,untitled,,2025.1.1,144.04717839596768,2025-10-23 00h39.41.136821 +0530,
78,80,162,413,0,59,t,0.046558599977288395,None,59,0,413,6,650.700771499949,,650.6911244999501,650.700771499949,651.6800283999764,651.6800283999764,651.6936580999754,651.7302081999951,t,0.046558599977288395,None,2,001,2025-10-23_00h39.35.224,untitled,,2025.1.1,144.04717839596768,2025-10-23 00h39.41.136821 +0530,
11,30,7,414,1,59,l,0.16071899997768924,None,59,1,414,0,651.7350840999861,,651.7320504999952,651.7350840999861,652.7213156999787,652.7213156999787,652.7283302999567,652.8836643999675,l,0.16071899997768924,None,2,001,2025-10-23_00h39.35.224,untitled,,2025.1.1,144.04717839596768,2025-10-23 00h39.41.136821 +0530,
67,75,119,415,2,59,t,0.16722040000604466,None,59,2,415,5,652.8953081999789,,652.8854365999578,652.8953081999789,653.87424189999,653.87424189999,653.8881847999874,654.0426342999563,t,0.16722040000604466,None,2,001,2025-10-23_00h39.35.224,untitled,,2025.1.1,144.04717839596768,2025-10-23 00h39.41.136821 +0530,
27,50,21,416,3,59,t,0.12297600001329556,None,59,3,416,2,654.0477279999759,,654.0447236999753,654.0477279999759,655.0338132999605,655.0338132999605,655.0408091999707,655.1607597999973,t,0.12297600001329556,None,2,001,2025-10-23_00h39.35.224,untitled,,2025.1.1,144.04717839596768,2025-10-23 00h39.41.136821 +0530,
40,55,62,417,4,59,t,0.20992430002661422,None,59,4,417,3,655.1656725999783,,655.162631299987,655.1656725999783,656.1518084999989,656.1518084999989,656.158880599949,656.3622863999917,t,0.20992430002661422,None,2,001,2025-10-23_00h39.35.224,untitled,,2025.1.1,144.04717839596768,2025-10-23 00h39.41.136821 +0530,
49,60,89,418,5,59,t,0.3663043999695219,None,59,5,418,4,656.3745665999595,,656.3643089999678,656.3745665999595,657.3532192999846,657.3532192999846,657.3672950999462,657.7233608999522,t,0.3663043999695219,None,2,001,2025-10-23_00h39.35.224,untitled,,2025.1.1,144.04717839596768,2025-10-23 00h39.41.136821 +0530,
15,35,13,419,6,59,t,0.28566789999604225,None,59,6,419,1,657.7356853999663,,657.7254483999568,657.7356853999663,658.7144947999623,658.7144947999623,658.7284673999529,659.001349899976,t,0.28566789999604225,None,2,001,2025-10-23_00h39.35.224,untitled,,2025.1.1,144.04717839596768,2025-10-23 00h39.41.136821 +0530,
27,50,21,420,0,60,l,0.7664254000410438,None,60,0,420,2,659.0135441999882,,659.0033731999574,659.0135441999882,659.9922645999468,659.9922645999468,660.0060605999897,660.765264799993,l,0.7664254000410438,None,2,001,2025-10-23_00h39.35.224,untitled,,2025.1.1,144.04717839596768,2025-10-23 00h39.41.136821 +0530,
49,60,89,421,1,60,l,0.4059135999996215,None,60,1,421,4,660.7700625999714,,660.7670708999503,660.7700625999714,661.7562669999897,661.7562669999897,661.7632097999449,662.1683438999462,l,0.4059135999996215,None,2,001,2025-10-23_00h39.35.224,untitled,,2025.1.1,144.04717839596768,2025-10-23 00h39.41.136821 +0530,
15,35,13,422,2,60,t,0.4470127000240609,None,60,2,422,1,662.1805982999504,,662.1702260999591,662.1805982999504,663.1590531999827,663.1590531999827,663.1729376000003,663.6133484999882,t,0.4470127000240609,None,2,001,2025-10-23_00h39.35.224,untitled,,2025.1.1,144.04717839596768,2025-10-23 00h39.41.136821 +0530,
78,80,162,423,3,60,l,0.2553938999772072,None,60,3,423,6,663.6239982999978,,663.615077399998,663.6239982999978,664.6032019999693,664.6032019999693,664.6169528999599,664.862617399951,l,0.2553938999772072,None,2,001,2025-10-23_00h39.35.224,untitled,,2025.1.1,144.04717839596768,2025-10-23 00h39.41.136821 +0530,
11,30,7,424,4,60,t,0.2707788000116125,None,60,4,424,0,664.8741648999858,,664.8644081999664,664.8741648999858,665.8533693999634,665.8533693999634,665.8672351999558,666.1261444999836,t,0.2707788000116125,None,2,001,2025-10-23_00h39.35.224,untitled,,2025.1.1,144.04717839596768,2025-10-23 00h39.41.136821 +0530,
40,55,62,425,5,60,l,0.19038019998697564,None,60,5,425,3,666.1309513999731,,666.1279508999432,666.1309513999731,667.1175610999926,667.1175610999926,667.1244904999621,667.314094899979,l,0.19038019998697564,None,2,001,2025-10-23_00h39.35.224,untitled,,2025.1.1,144.04717839596768,2025-10-23 00h39.41.136821 +0530,
67,75,119,426,6,60,t,0.22170290001668036,None,60,6,426,5,667.3258290999802,,667.3158855999936,667.3258290999802,668.3048804999562,668.3048804999562,668.3186725999694,668.5295017999597,t,0.22170290001668036,None,2,001,2025-10-23_00h39.35.224,untitled,,2025.1.1,144.04717839596768,2025-10-23 00h39.41.136821 +0530,
11,30,7,427,0,61,l,0.409207199991215,None,61,0,427,0,668.5403376999893,,668.5313108999981,668.5403376999893,669.5201492999913,669.5201492999913,669.534256999963,669.93203299999,l,0.409207199991215,None,2,001,2025-10-23_00h39.35.224,untitled,,2025.1.1,144.04717839596768,2025-10-23 00h39.41.136821 +0530,
78,80,162,428,1,61,t,0.33842589997220784,None,61,1,428,6,669.9435047999723,,669.9338944999618,669.9435047999723,670.9228379999986,670.9228379999986,670.9367690999643,671.2649247999652,t,0.33842589997220784,None,2,001,2025-10-23_00h39.35.224,untitled,,2025.1.1,144.04717839596768,2025-10-23 00h39.41.136821 +0530,
15,35,13,429,2,61,t,1.253510800015647,None,61,2,429,1,671.2695511999773,,671.2667623999878,671.2695511999773,672.2562546999543,672.2562546999543,672.263423599943,673.5150036999839,t,1.253510800015647,None,2,001,2025-10-23_00h39.35.224,untitled,,2025.1.1,144.04717839596768,2025-10-23 00h39.41.136821 +0530,
40,55,62,430,3,61,t,0.02273969998350367,None,61,3,430,3,673.5198171999655,,673.5168349999585,673.5198171999655,674.5058435999672,674.5058435999672,674.5129649999435,674.5292112999596,t,0.02273969998350367,None,2,001,2025-10-23_00h39.35.224,untitled,,2025.1.1,144.04717839596768,2025-10-23 00h39.41.136821 +0530,
67,75,119,431,4,61,t,0.2390556000173092,None,61,4,431,5,674.5412188999471,,674.5309925999609,674.5412188999471,675.5199468999635,675.5199468999635,675.5337991999695,675.765708299994,t,0.2390556000173092,None,2,001,2025-10-23_00h39.35.224,untitled,,2025.1.1,144.04717839596768,2025-10-23 00h39.41.136821 +0530,
49,60,89,432,5,61,l,0.38670339999953285,None,61,5,432,4,675.7775538999704,,675.7675276999944,675.7775538999704,676.7560233999975,676.7560233999975,676.7700364999473,677.1468189999578,l,0.38670339999953285,None,2,001,2025-10-23_00h39.35.224,untitled,,2025.1.1,144.04717839596768,2025-10-23 00h39.41.136821 +0530,
27,50,21,433,6,61,t,0.220058600010816,None,61,6,433,2,677.1516988999792,,677.148702299979,677.1516988999792,678.1378890999476,678.1378890999476,678.1448672999977,678.3625119999633,t,0.220058600010816,None,2,001,2025-10-23_00h39.35.224,untitled,,2025.1.1,144.04717839596768,2025-10-23 00h39.41.136821 +0530,
49,60,89,434,0,62,l,0.3678665999905206,None,62,0,434,4,678.3745396999875,,678.3646298999665,678.3745396999875,679.3532390999608,679.3532390999608,679.3671591999591,679.7234763999586,l,0.3678665999905206,None,2,001,2025-10-23_00h39.35.224,untitled,,2025.1.1,144.04717839596768,2025-10-23 00h39.41.136821 +0530,
40,55,62,435,1,62,t,0.01881050004158169,None,62,1,435,3,679.7352749999845,,679.7255574999726,679.7352749999845,680.7146358999889,680.7146358999889,680.7283748999471,680.7377679999918,t,0.01881050004158169,None,2,001,2025-10-23_00h39.35.224,untitled,,2025.1.1,144.04717839596768,2025-10-23 00h39.41.136821 +0530,
11,30,7,436,2,62,l,0.37276150000980124,None,62,2,436,0,680.7491323999711,,680.7396331999917,680.7491323999711,681.7284354999429,681.7284354999429,681.7423928999924,682.1053188999649,l,0.37276150000980124,None,2,001,2025-10-23_00h39.35.224,untitled,,2025.1.1,144.04717839596768,2025-10-23 00h39.41.136821 +0530,
27,50,21,437,3,62,t,0.16951649996917695,None,62,3,437,2,682.1172691999818,,682.1071844999678,682.1172691999818,683.0962985999649,683.0962985999649,683.1101805999642,683.2718753999798,t,0.16951649996917695,None,2,001,2025-10-23_00h39.35.224,untitled,,2025.1.1,144.04717839596768,2025-10-23 00h39.41.136821 +0530,
15,35,13,438,4,62,t,0.08723639999516308,None,62,4,438,1,683.2843294999911,,683.2739266999997,683.2843294999911,684.2631320999935,684.2631320999935,684.2772470999626,684.3554409999633,t,0.08723639999516308,None,2,001,2025-10-23_00h39.35.224,untitled,,2025.1.1,144.04717839596768,2025-10-23 00h39.41.136821 +0530,
67,75,119,439,5,62,t,0.24420570000074804,None,62,5,439,5,684.3670821999549,,684.3574483999982,684.3670821999549,685.3464826999698,685.3464826999698,685.3604954999755,685.5916683999822,t,0.24420570000074804,None,2,001,2025-10-23_00h39.35.224,untitled,,2025.1.1,144.04717839596768,2025-10-23 00h39.41.136821 +0530,
78,80,162,440,6,62,l,0.18515810003736988,None,62,6,440,6,685.6035024999874,,685.5934114999836,685.6035024999874,686.5825664000004,686.5825664000004,686.5964015999925,686.7724357999978,l,0.18515810003736988,None,2,001,2025-10-23_00h39.35.224,untitled,,2025.1.1,144.04717839596768,2025-10-23 00h39.41.136821 +0530,
27,50,21,441,0,63,l,0.284584500011988,None,63,0,441,2,686.7840732999612,,686.7743050999707,686.7840732999612,687.7630592999631,687.7630592999631,687.7770194999757,688.0495688999654,l,0.284584500011988,None,2,001,2025-10-23_00h39.35.224,untitled,,2025.1.1,144.04717839596768,2025-10-23 00h39.41.136821 +0530,
78,80,162,442,1,63,l,0.37922369997249916,None,63,1,442,6,688.0544597999542,,688.0513312999974,688.0544597999542,689.0406905999989,689.0406905999989,689.047628499975,689.4243532999535,l,0.37922369997249916,None,2,001,2025-10-23_00h39.35.224,untitled,,2025.1.1,144.04717839596768,2025-10-23 00h39.41.136821 +0530,
49,60,89,443,2,63,t,0.2755856000003405,None,63,2,443,4,689.4292838999536,,689.4262386999908,689.4292838999536,690.4159999999683,690.4159999999683,690.4226217999822,690.6958792999503,t,0.2755856000003405,None,2,001,2025-10-23_00h39.35.224,untitled,,2025.1.1,144.04717839596768,2025-10-23 00h39.41.136821 +0530,
15,35,13,444,3,63,t,0.6198020000010729,None,63,3,444,1,690.707918799948,,690.6977078999626,690.707918799948,691.6865344999824,691.6865344999824,691.7005480999942,692.307197099959,t,0.6198020000010729,None,2,001,2025-10-23_00h39.35.224,untitled,,2025.1.1,144.04717839596768,2025-10-23 00h39.41.136821 +0530,
67,75,119,445,4,63,l,0.6252709000254981,None,63,4,445,5,692.3190675999504,,692.3089401999605,692.3190675999504,693.2977923999424,693.2977923999424,693.3117663999437,693.9249855999951,l,0.6252709000254981,None,2,001,2025-10-23_00h39.35.224,untitled,,2025.1.1,144.04717839596768,2025-10-23 00h39.41.136821 +0530,
11,30,7,446,5,63,t,0.41980360000161454,None,63,5,446,0,693.9372388999909,,693.926800999965,693.9372388999909,694.9157561999746,694.9157561999746,694.929729299969,695.3417020999477,t,0.41980360000161454,None,2,001,2025-10-23_00h39.35.224,untitled,,2025.1.1,144.04717839596768,2025-10-23 00h39.41.136821 +0530,
40,55,62,447,6,63,l,0.2638485999777913,None,63,6,447,3,695.3534241999732,,695.3435821999446,695.3534241999732,696.3324588999967,696.3324588999967,696.3464193999534,696.5980836999952,l,0.2638485999777913,None,2,001,2025-10-23_00h39.35.224,untitled,,2025.1.1,144.04717839596768,2025-10-23 00h39.41.136821 +0530,
67,75,119,448,0,64,t,0.29864230001112446,None,64,0,448,5,696.6029176999582,,696.5998118999996,696.6029176999582,697.5894026999595,697.5894026999595,697.5961443999549,697.8902296999586,t,0.29864230001112446,None,2,001,2025-10-23_00h39.35.224,untitled,,2025.1.1,144.04717839596768,2025-10-23 00h39.41.136821 +0530,
40,55,62,449,1,64,l,0.27311639999970794,None,64,1,449,3,697.9023726999876,,697.8922056999872,697.9023726999876,698.8811619999469,698.8811619999469,698.894863399968,699.1612999999779,l,0.27311639999970794,None,2,001,2025-10-23_00h39.35.224,untitled,,2025.1.1,144.04717839596768,2025-10-23 00h39.41.136821 +0530,
11,30,7,450,2,64,t,0.31452490005176514,None,64,2,450,0,699.1727450999897,,699.1633136999444,699.1727450999897,700.1517890999676,700.1517890999676,700.1655981999938,700.4667778999428,t,0.31452490005176514,None,2,001,2025-10-23_00h39.35.224,untitled,,2025.1.1,144.04717839596768,2025-10-23 00h39.41.136821 +0530,
49,60,89,451,3,64,l,0.14363970002159476,None,64,3,451,4,700.4783610999584,,700.4688211999601,700.4783610999584,701.4571850999491,701.4571850999491,701.4713836999726,701.6058479999774,l,0.14363970002159476,None,2,001,2025-10-23_00h39.35.224,untitled,,2025.1.1,144.04717839596768,2025-10-23 00h39.41.136821 +0530,
27,50,21,452,4,64,t,0.2751349000027403,None,64,4,452,2,701.6174223999842,,701.6077260999591,701.6174223999842,702.5963850999833,702.5963850999833,702.6103338999674,702.8763182999683,t,0.2751349000027403,None,2,001,2025-10-23_00h39.35.224,untitled,,2025.1.1,144.04717839596768,2025-10-23 00h39.41.136821 +0530,
15,35,13,453,5,64,l,0.21007680002367124,None,64,5,453,1,702.8884214999853,,702.8781435999554,702.8884214999853,703.8669918999658,703.8669918999658,703.8810161000001,704.0775152999558,l,0.21007680002367124,None,2,001,2025-10-23_00h39.35.224,untitled,,2025.1.1,144.04717839596768,2025-10-23 00h39.41.136821 +0530,
78,80,162,454,6,64,t,0.260366200003773,None,64,6,454,6,704.0897220999468,,704.0793099000002,704.0897220999468,705.0684403999476,705.0684403999476,705.0822727999766,705.3345386000001,t,0.260366200003773,None,2,001,2025-10-23_00h39.35.224,untitled,,2025.1.1,144.04717839596768,2025-10-23 00h39.41.136821 +0530,
78,80,162,455,0,65,l,0.23427020001690835,None,65,0,455,6,705.339465899975,,705.3346425999771,705.339465899975,706.3256101999432,706.3256101999432,706.3325235999655,706.5636623999453,l,0.23427020001690835,None,2,001,2025-10-23_00h39.35.224,untitled,,2025.1.1,144.04717839596768,2025-10-23 00h39.41.136821 +0530,
67,75,119,456,1,65,t,0.20763139997143298,None,65,1,456,5,706.5754910999676,,706.5655672999565,706.5754910999676,707.5549277999671,707.5549277999671,707.5684876999585,707.7654382999754,t,0.20763139997143298,None,2,001,2025-10-23_00h39.35.224,untitled,,2025.1.1,144.04717839596768,2025-10-23 00h39.41.136821 +0530,
11,30,7,457,2,65,l,0.1287216999917291,None,65,2,457,0,707.7772246999666,,707.7672242999543,707.7772246999666,708.7561166999512,708.7561166999512,708.7700117999921,708.890449999948,l,0.1287216999917291,None,2,001,2025-10-23_00h39.35.224,untitled,,2025.1.1,144.04717839596768,2025-10-23 00h39.41.136821 +0530,
27,50,21,458,3,65,t,0.18346859997836873,None,65,3,458,2,708.9023604999529,,708.8923012999585,708.9023604999529,709.8812588999863,709.8812588999863,709.8946950999671,710.0707276999601,t,0.18346859997836873,None,2,001,2025-10-23_00h39.35.224,untitled,,2025.1.1,144.04717839596768,2025-10-23 00h39.41.136821 +0530,
15,35,13,459,4,65,l,0.5179079999797978,None,65,4,459,1,710.0826157999691,,710.0725459999521,710.0826157999691,711.0616088999668,711.0616088999668,711.0755395999877,711.5848913999507,l,0.5179079999797978,None,2,001,2025-10-23_00h39.35.224,untitled,,2025.1.1,144.04717839596768,2025-10-23 00h39.41.136821 +0530,
40,55,62,460,5,65,t,0.2043606999795884,None,65,5,460,3,711.5968777999515,,711.5867338999524,711.5968777999515,712.5755908999708,712.5755908999708,712.5895485999645,712.786154899979,t,0.2043606999795884,None,2,001,2025-10-23_00h39.35.224,untitled,,2025.1.1,144.04717839596768,2025-10-23 00h39.41.136821 +0530,
49,60,89,461,6,65,t,0.08240410004509613,None,65,6,461,4,712.7977745999815,,712.787989799981,712.7977745999815,713.7768109999597,713.7768109999597,713.7907855999656,713.8622202999541,t,0.08240410004509613,None,2,001,2025-10-23_00h39.35.224,untitled,,2025.1.1,144.04717839596768,2025-10-23 00h39.41.136821 +0530,
15,35,13,462,0,66,t,0.368606100033503,None,66,0,462,1,713.8743990999646,,713.8640371999936,713.8743990999646,714.8532579999883,714.8532579999883,714.8670775999781,715.2240871999529,t,0.368606100033503,None,2,001,2025-10-23_00h39.35.224,untitled,,2025.1.1,144.04717839596768,2025-10-23 00h39.41.136821 +0530,
78,80,162,463,1,66,t,4.900834799977019,None,66,1,463,6,715.2352989999927,,715.2258049999946,715.2352989999927,716.2144151999964,716.2144151999964,716.228553599969,721.1199525999837,t,4.900834799977019,None,2,001,2025-10-23_00h39.35.224,untitled,,2025.1.1,144.04717839596768,2025-10-23 00h39.41.136821 +0530,
40,55,62,464,2,66,l,0.7551513000507839,None,66,2,464,3,721.1312857999583,,721.1219877999974,721.1312857999583,722.111368199985,722.111368199985,722.1239241999574,722.8693417999893,l,0.7551513000507839,None,2,001,2025-10-23_00h39.35.224,untitled,,2025.1.1,144.04717839596768,2025-10-23 00h39.41.136821 +0530,
27,50,21,465,3,66,t,1.2286684000282548,None,66,3,465,2,722.8807600999717,,722.871158999973,722.8807600999717,723.8601348999655,723.8601348999655,723.8740682999487,725.0916285999701,t,1.2286684000282548,None,2,001,2025-10-23_00h39.35.224,untitled,,2025.1.1,144.04717839596768,2025-10-23 00h39.41.136821 +0530,
67,75,119,466,4,66,l,0.8574436999624595,None,66,4,466,5,725.1033133999445,,725.093556399981,725.1033133999445,726.0823666999931,726.0823666999931,726.0963237999822,726.9452366999467,l,0.8574436999624595,None,2,001,2025-10-23_00h39.35.224,untitled,,2025.1.1,144.04717839596768,2025-10-23 00h39.41.136821 +0530,
11,30,7,467,5,66,l,0.43988029996398836,None,66,5,467,0,726.9500342999818,,726.9470545999939,726.9500342999818,727.9367959999945,727.9367959999945,727.9434435999719,728.3831952999462,l,0.43988029996398836,None,2,001,2025-10-23_00h39.35.224,untitled,,2025.1.1,144.04717839596768,2025-10-23 00h39.41.136821 +0530,
49,60,89,468,6,66,l,0.27214110002387315,None,66,6,468,4,728.3952465999755,,728.385355699982,728.3952465999755,729.3738635999616,729.3738635999616,729.3877398999757,729.6474027999793,l,0.27214110002387315,None,2,001,2025-10-23_00h39.35.224,untitled,,2025.1.1,144.04717839596768,2025-10-23 00h39.41.136821 +0530,
27,50,21,469,0,67,l,0.4964169000159018,None,67,0,469,2,729.6590280999662,,729.6492194999591,729.6590280999662,730.6379912999691,730.6379912999691,730.6521278999862,731.1402551999781,l,0.4964169000159018,None,2,001,2025-10-23_00h39.35.224,untitled,,2025.1.1,144.04717839596768,2025-10-23 00h39.41.136821 +0530,
67,75,119,470,1,67,t,0.8199096000171266,None,67,1,470,5,731.1520077999448,,731.1420472999453,731.1520077999448,732.1309518999769,732.1309518999769,732.1449269999866,732.9530342999496,t,0.8199096000171266,None,2,001,2025-10-23_00h39.35.224,untitled,,2025.1.1,144.04717839596768,2025-10-23 00h39.41.136821 +0530,
40,55,62,471,2,67,t,0.5915962000144646,None,67,2,471,3,732.9643181999563,,732.9549228999531,732.9643181999563,733.9433569999528,733.9433569999528,733.957467399945,734.5358290999429,t,0.5915962000144646,None,2,001,2025-10-23_00h39.35.224,untitled,,2025.1.1,144.04717839596768,2025-10-23 00h39.41.136821 +0530,
49,60,89,472,3,67,t,1.078815000015311,None,67,3,472,4,734.5479701999575,,734.5376514999662,734.5479701999575,735.5266521999729,735.5266521999729,735.5406916999491,736.6057075999561,t,1.078815000015311,None,2,001,2025-10-23_00h39.35.224,untitled,,2025.1.1,144.04717839596768,2025-10-23 00h39.41.136821 +0530,
78,80,162,473,4,67,t,1.1541638999478891,None,67,4,473,6,736.617368599982,,736.6075633,736.617368599982,737.59633879998,737.59633879998,737.6102248999523,738.750908499991,t,1.1541638999478891,None,2,001,2025-10-23_00h39.35.224,untitled,,2025.1.1,144.04717839596768,2025-10-23 00h39.41.136821 +0530,
11,30,7,474,5,67,t,0.4805420999764465,None,67,5,474,0,738.7631487999461,,738.7529590999475,738.7631487999461,739.7420047999476,739.7420047999476,739.7569510999601,740.2236642999924,t,0.4805420999764465,None,2,001,2025-10-23_00h39.35.224,untitled,,2025.1.1,144.04717839596768,2025-10-23 00h39.41.136821 +0530,
15,35,13,475,6,67,t,1.3565728000248782,None,67,6,475,1,740.2357002999634,,740.2254860999528,740.2357002999634,741.2143657999695,741.2143657999695,741.2283545999671,742.5784230999998,t,1.3565728000248782,None,2,001,2025-10-23_00h39.35.224,untitled,,2025.1.1,144.04717839596768,2025-10-23 00h39.41.136821 +0530,
67,75,119,476,0,68,t,3.690270499966573,None,68,0,476,5,742.5896814999869,,742.580159599951,742.5896814999869,743.568643799983,743.568643799983,743.5832719999598,747.265411899949,t,3.690270499966573,None,2,001,2025-10-23_00h39.35.224,untitled,,2025.1.1,144.04717839596768,2025-10-23 00h39.41.136821 +0530,
40,55,62,477,1,68,t,1.5557734000030905,None,68,1,477,3,747.2767805999611,,747.2672500999761,747.2767805999611,748.2558602999779,748.2558602999779,748.2698704999639,749.8133483999991,t,1.5557734000030905,None,2,001,2025-10-23_00h39.35.224,untitled,,2025.1.1,144.04717839596768,2025-10-23 00h39.41.136821 +0530,
49,60,89,478,2,68,l,0.308327000006102,None,68,2,478,4,749.8185740999761,,749.8152121999883,749.8185740999761,750.8046769999783,750.8046769999783,750.8115177999716,751.119023999956,l,0.308327000006102,None,2,001,2025-10-23_00h39.35.224,untitled,,2025.1.1,144.04717839596768,2025-10-23 00h39.41.136821 +0530,
27,50,21,479,3,68,t,0.7525801999727264,None,68,3,479,2,751.1309780999436,,751.120844399964,751.1309780999436,752.1100229999865,752.1100229999865,752.1241847999627,752.8688658999745,t,0.7525801999727264,None,2,001,2025-10-23_00h39.35.224,untitled,,2025.1.1,144.04717839596768,2025-10-23 00h39.41.136821 +0530,
15,35,13,480,4,68,l,0.2426331000169739,None,68,4,480,1,752.873639999947,,752.8708065999672,752.873639999947,753.8600342999562,753.8600342999562,753.86687909998,754.1054603999946,l,0.2426331000169739,None,2,001,2025-10-23_00h39.35.224,untitled,,2025.1.1,144.04717839596768,2025-10-23 00h39.41.136821 +0530,
78,80,162,481,5,68,t,0.3416557999444194,None,68,5,481,6,754.1174333999516,,754.1071888999431,754.1174333999516,755.0960850999691,755.0960850999691,755.109937399975,755.4389326999662,t,0.3416557999444194,None,2,001,2025-10-23_00h39.35.224,untitled,,2025.1.1,144.04717839596768,2025-10-23 00h39.41.136821 +0530,
11,30,7,482,6,68,l,0.6016904999851249,None,68,6,482,0,755.4504764999729,,755.4407584999572,755.4504764999729,756.4294459999655,756.4294459999655,756.4433996999869,757.0359066999517,l,0.6016904999851249,None,2,001,2025-10-23_00h39.35.224,untitled,,2025.1.1,144.04717839596768,2025-10-23 00h39.41.136821 +0530,
27,50,21,483,0,69,t,0.3248514999868348,None,69,0,483,2,757.0479957999778,,757.0377293999773,757.0479957999778,758.0265486999997,758.0265486999997,758.0404823999852,758.3551554000005,t,0.3248514999868348,None,2,001,2025-10-23_00h39.35.224,untitled,,2025.1.1,144.04717839596768,2025-10-23 00h39.41.136821 +0530,
15,35,13,484,1,69,l,0.3875014000223018,None,69,1,484,1,758.3682421999983,,758.3570283999434,758.3682421999983,759.3460828999523,759.3460828999523,759.36001449998,759.7365790999611,l,0.3875014000223018,None,2,001,2025-10-23_00h39.35.224,untitled,,2025.1.1,144.04717839596768,2025-10-23 00h39.41.136821 +0530,
78,80,162,485,2,69,t,1.1466195999528281,None,69,2,485,6,759.7417220999487,,759.7383282999508,759.7417220999487,760.7277264999575,760.7277264999575,760.7347926999792,761.8760036999593,t,1.1466195999528281,None,2,001,2025-10-23_00h39.35.224,untitled,,2025.1.1,144.04717839596768,2025-10-23 00h39.41.136821 +0530,
67,75,119,486,3,69,l,0.5537021000054665,None,69,3,486,5,761.8878038999974,,761.8777610999532,761.8878038999974,762.8669206999475,762.8669206999475,762.8807920999825,763.4250190999592,l,0.5537021000054665,None,2,001,2025-10-23_00h39.35.224,untitled,,2025.1.1,144.04717839596768,2025-10-23 00h39.41.136821 +0530,
40,55,62,487,4,69,t,0.43264769995585084,None,69,4,487,3,763.4363002999453,,763.4268400999717,763.4363002999453,764.4154382999986,764.4154382999986,764.4296987999696,764.8487704999861,t,0.43264769995585084,None,2,001,2025-10-23_00h39.35.224,untitled,,2025.1.1,144.04717839596768,2025-10-23 00h39.41.136821 +0530,
11,30,7,488,5,69,l,0.3291700000409037,None,69,5,488,0,764.8604539999506,,764.8505843999446,764.8604539999506,765.8393102999544,765.8393102999544,765.8533090999699,766.175557599985,l,0.3291700000409037,None,2,001,2025-10-23_00h39.35.224,untitled,,2025.1.1,144.04717839596768,2025-10-23 00h39.41.136821 +0530,
49,60,89,489,6,69,t,0.2868249000166543,None,69,6,489,4,766.1868397999788,,766.1775516999769,766.1868397999788,767.165813599946,767.165813599946,767.1792892999947,767.4528907999629,t,0.2868249000166543,None,2,001,2025-10-23_00h39.35.224,untitled,,2025.1.1,144.04717839596768,2025-10-23 00h39.41.136821 +0530,
67,75,119,490,0,70,l,0.6185219999752007,None,70,0,490,5,767.4647522999439,,767.4546674999874,767.4647522999439,768.4433612999856,768.4433612999856,768.4572955999756,769.0634284999687,l,0.6185219999752007,None,2,001,2025-10-23_00h39.35.224,untitled,,2025.1.1,144.04717839596768,2025-10-23 00h39.41.136821 +0530,
11,30,7,491,1,70,t,0.6968532000319101,None,70,1,491,0,769.0754437999567,,769.0652307999553,769.0754437999567,770.0544920999673,770.0544920999673,770.068519399967,770.7582623999915,t,0.6968532000319101,None,2,001,2025-10-23_00h39.35.224,untitled,,2025.1.1,144.04717839596768,2025-10-23 00h39.41.136821 +0530,
49,60,89,492,2,70,l,0.41393179999431595,None,70,2,492,4,770.7698309999541,,770.7600860999664,770.7698309999541,771.7488106999663,771.7488106999663,771.7627739999443,772.1678373999894,l,0.41393179999431595,None,2,001,2025-10-23_00h39.35.224,untitled,,2025.1.1,144.04717839596768,2025-10-23 00h39.41.136821 +0530,
27,50,21,493,3,70,t,0.3699401000048965,None,70,3,493,2,772.1797580999555,,772.1698764999746,772.1797580999555,773.1584935999708,773.1584935999708,773.1724577999557,773.5289076999761,t,0.3699401000048965,None,2,001,2025-10-23_00h39.35.224,untitled,,2025.1.1,144.04717839596768,2025-10-23 00h39.41.136821 +0530,
78,80,162,494,4,70,l,0.6180439000017941,None,70,4,494,6,773.5402629999444,,773.5308749999967,773.5402629999444,774.5197611999465,774.5197611999465,774.5335160999675,775.1395741999731,l,0.6180439000017941,None,2,001,2025-10-23_00h39.35.224,untitled,,2025.1.1,144.04717839596768,2025-10-23 00h39.41.136821 +0530,
15,35,13,495,5,70,t,0.4632753999903798,None,70,5,495,1,775.1442971999641,,775.1413965999964,775.1442971999641,776.1309585999697,776.1309585999697,776.1375928999623,776.597863199946,t,0.4632753999903798,None,2,001,2025-10-23_00h39.35.224,untitled,,2025.1.1,144.04717839596768,2025-10-23 00h39.41.136821 +0530,
40,55,62,496,6,70,l,0.8210355999763124,None,70,6,496,3,776.6029518999858,,776.59978769999,776.6029518999858,777.5890496999491,777.5890496999491,777.5960370999528,778.4109496999881,l,0.8210355999763124,None,2,001,2025-10-23_00h39.35.224,untitled,,2025.1.1,144.04717839596768,2025-10-23 00h39.41.136821 +0530,
27,50,21,497,0,71,t,0.6930772000341676,None,71,0,497,2,778.4228984999936,,778.4127755999798,778.4228984999936,779.401500899985,779.401500899985,779.4154162999475,780.0977654999588,t,0.6930772000341676,None,2,001,2025-10-23_00h39.35.224,untitled,,2025.1.1,144.04717839596768,2025-10-23 00h39.41.136821 +0530,
49,60,89,498,1,71,t,0.5596898999647237,None,71,1,498,4,780.1027534999885,,780.0995887999889,780.1027534999885,781.0891818999662,781.0891818999662,781.0959207999986,781.653873299947,t,0.5596898999647237,None,2,001,2025-10-23_00h39.35.224,untitled,,2025.1.1,144.04717839596768,2025-10-23 00h39.41.136821 +0530,
15,35,13,499,2,71,l,0.6070924999658018,None,71,2,499,1,781.6656886999845,,781.6557850999525,781.6656886999845,782.6445688999956,782.6445688999956,782.6585705999751,783.2581299999729,l,0.6070924999658018,None,2,001,2025-10-23_00h39.35.224,untitled,,2025.1.1,144.04717839596768,2025-10-23 00h39.41.136821 +0530,
78,80,162,500,3,71,t,0.4393703999812715,None,71,3,500,6,783.270175499958,,783.2598769999458,783.270175499958,784.2487054999801,784.2487054999801,784.2626721999841,784.6889272999833,t,0.4393703999812715,None,2,001,2025-10-23_00h39.35.224,untitled,,2025.1.1,144.04717839596768,2025-10-23 00h39.41.136821 +0530,
11,30,7,501,4,71,t,0.6416022999910638,None,71,4,501,0,784.7004586999537,,784.6907839999767,784.7004586999537,785.6793752999511,785.6793752999511,785.6933467999916,786.3271622999455,t,0.6416022999910638,None,2,001,2025-10-23_00h39.35.224,untitled,,2025.1.1,144.04717839596768,2025-10-23 00h39.41.136821 +0530,
67,75,119,502,5,71,t,0.520793000003323,None,71,5,502,5,786.3392603999819,,786.3290832999628,786.3392603999819,787.3184917999897,787.3184917999897,787.3321978999884,787.8416249000002,t,0.520793000003323,None,2,001,2025-10-23_00h39.35.224,untitled,,2025.1.1,144.04717839596768,2025-10-23 00h39.41.136821 +0530,
40,55,62,503,6,71,l,0.48364130000118166,None,71,6,503,3,787.8534171999781,,787.8434511999949,787.8534171999781,788.8322728999774,788.8322728999774,788.845842699986,789.3205940999906,l,0.48364130000118166,None,2,001,2025-10-23_00h39.35.224,untitled,,2025.1.1,144.04717839596768,2025-10-23 00h39.41.136821 +0530,
78,80,162,504,0,72,t,0.35085930000059307,None,72,0,504,6,789.3322293999954,,789.3223858999554,789.3322293999954,790.3112161999452,790.3112161999452,790.3252336999867,790.6674289999646,t,0.35085930000059307,None,2,001,2025-10-23_00h39.35.224,untitled,,2025.1.1,144.04717839596768,2025-10-23 00h39.41.136821 +0530,
40,55,62,505,1,72,l,0.2640216999570839,None,72,1,505,3,790.672016699973,,790.669246299949,790.672016699973,791.6585196999949,791.6585196999949,791.6658377999556,791.9245481999824,l,0.2640216999570839,None,2,001,2025-10-23_00h39.35.224,untitled,,2025.1.1,144.04717839596768,2025-10-23 00h39.41.136821 +0530,
15,35,13,506,2,72,t,0.31580949999624863,None,72,2,506,1,791.9363477999577,,791.9263694999972,791.9363477999577,792.9153132999782,792.9153132999782,792.9293099999777,793.2370099999825,t,0.31580949999624863,None,2,001,2025-10-23_00h39.35.224,untitled,,2025.1.1,144.04717839596768,2025-10-23 00h39.41.136821 +0530,
67,75,119,507,3,72,l,0.6631234000087716,None,72,3,507,5,793.2492134999484,,793.2387836999842,793.2492134999484,794.2281658999855,794.2281658999855,794.2417494999827,794.8966619999846,l,0.6631234000087716,None,2,001,2025-10-23_00h39.35.224,untitled,,2025.1.1,144.04717839596768,2025-10-23 00h39.41.136821 +0530,
11,30,7,508,4,72,t,0.6615773999947123,None,72,4,508,0,794.9085007999674,,794.8984882999794,794.9085007999674,795.8878541999729,795.8878541999729,795.9017621999956,796.5561804999597,t,0.6615773999947123,None,2,001,2025-10-23_00h39.35.224,untitled,,2025.1.1,144.04717839596768,2025-10-23 00h39.41.136821 +0530,
27,50,21,509,5,72,l,0.41837690002284944,None,72,5,509,2,796.5610356999678,,796.5583371999674,796.5610356999678,797.547431199986,797.547431199986,797.5546566999983,797.9662704999791,l,0.41837690002284944,None,2,001,2025-10-23_00h39.35.224,untitled,,2025.1.1,144.04717839596768,2025-10-23 00h39.41.136821 +0530,
49,60,89,510,6,72,t,2.762103700020816,None,72,6,510,4,797.9788151999819,,797.9681075999979,797.9788151999819,798.956790999975,798.956790999975,798.9712283999543,801.7233132999972,t,2.762103700020816,None,2,001,2025-10-23_00h39.35.224,untitled,,2025.1.1,144.04717839596768,2025-10-23 00h39.41.136821 +0530,
78,80,162,511,0,73,l,0.1427955999970436,None,73,0,511,6,801.7352731999708,,801.725072799949,801.7352731999708,802.7140116999508,802.7140116999508,802.7278813999728,802.8627171999542,l,0.1427955999970436,None,2,001,2025-10-23_00h39.35.224,untitled,,2025.1.1,144.04717839596768,2025-10-23 00h39.41.136821 +0530,
27,50,21,512,1,73,t,0.4519756999798119,None,73,1,512,2,802.8741030999809,,802.8645579000004,802.8741030999809,803.853028499987,803.853028499987,803.8670064999606,804.3061921999906,t,0.4519756999798119,None,2,001,2025-10-23_00h39.35.224,untitled,,2025.1.1,144.04717839596768,2025-10-23 00h39.41.136821 +0530,
49,60,89,513,2,73,l,0.40754579997155815,None,73,2,513,4,804.3185079999967,,804.30820889998,804.3185079999967,805.297309799993,805.297309799993,805.311127599969,805.7089917999692,l,0.40754579997155815,None,2,001,2025-10-23_00h39.35.224,untitled,,2025.1.1,144.04717839596768,2025-10-23 00h39.41.136821 +0530,
15,35,13,514,3,73,t,0.41065889998571947,None,73,3,514,1,805.7211905999575,,805.7109352999832,805.7211905999575,806.7001459999592,806.7001459999592,806.713965599949,807.111759499996,t,0.41065889998571947,None,2,001,2025-10-23_00h39.35.224,untitled,,2025.1.1,144.04717839596768,2025-10-23 00h39.41.136821 +0530,
67,75,119,515,4,73,l,1.3962546999682672,None,73,4,515,5,807.117135599954,,807.1136493999511,807.117135599954,808.1029668999836,808.1029668999836,808.1101389999967,809.500765899953,l,1.3962546999682672,None,2,001,2025-10-23_00h39.35.224,untitled,,2025.1.1,144.04717839596768,2025-10-23 00h39.41.136821 +0530,
40,55,62,516,5,73,t,0.42736640002112836,None,73,5,516,3,809.5129766999744,,809.5026095999638,809.5129766999744,810.4918432999984,810.4918432999984,810.5058202999644,810.9250958999619,t,0.42736640002112836,None,2,001,2025-10-23_00h39.35.224,untitled,,2025.1.1,144.04717839596768,2025-10-23 00h39.41.136821 +0530,
11,30,7,517,6,73,l,0.49126139999134466,None,73,6,517,0,810.9356591999531,,810.926910899987,810.9356591999531,811.9156248999643,811.9156248999643,811.9294205999468,812.410617699963,l,0.49126139999134466,None,2,001,2025-10-23_00h39.35.224,untitled,,2025.1.1,144.04717839596768,2025-10-23 00h39.41.136821 +0530,
11,30,7,518,0,74,t,0.29074510000646114,None,74,0,518,0,812.4153579999693,,812.410739999963,812.4153579999693,813.4014466999797,813.4014466999797,813.4084506999934,813.6949590999866,t,0.29074510000646114,None,2,001,2025-10-23_00h39.35.224,untitled,,2025.1.1,144.04717839596768,2025-10-23 00h39.41.136821 +0530,
67,75,119,519,1,74,l,0.14232839999021962,None,74,1,519,5,813.6999087999575,,813.6967110999976,813.6999087999575,814.6874040999683,814.6874040999683,814.6931835999712,814.8344114999636,l,0.14232839999021962,None,2,001,2025-10-23_00h39.35.224,untitled,,2025.1.1,144.04717839596768,2025-10-23 00h39.41.136821 +0530,
27,50,21,520,2,74,t,0.05148279998684302,None,74,2,520,2,814.8458263999783,,814.8362227999605,814.8458263999783,815.8250499999849,815.8250499999849,815.8388116999995,815.8825232999516,t,0.05148279998684302,None,2,001,2025-10-23_00h39.35.224,untitled,,2025.1.1,144.04717839596768,2025-10-23 00h39.41.136821 +0530,
78,80,162,521,3,74,t,0.1453931000432931,None,74,3,521,6,815.887248999963,,815.884641099954,815.887248999963,816.873945499945,816.873945499945,816.8809347999631,817.0215888999519,t,0.1453931000432931,None,2,001,2025-10-23_00h39.35.224,untitled,,2025.1.1,144.04717839596768,2025-10-23 00h39.41.136821 +0530,
40,55,62,522,4,74,l,0.6667002000031061,None,74,4,522,3,817.0338038999471,,817.0233954999712,817.0338038999471,818.0125161999604,818.0125161999604,818.0267765999888,818.6815942999674,l,0.6667002000031061,None,2,001,2025-10-23_00h39.35.224,untitled,,2025.1.1,144.04717839596768,2025-10-23 00h39.41.136821 +0530,
15,35,13,523,5,74,t,0.3922817999846302,None,74,5,523,1,818.6939012999646,,818.6834061999689,818.6939012999646,819.6724234999856,819.6724234999856,819.686412399984,820.0698953999672,t,0.3922817999846302,None,2,001,2025-10-23_00h39.35.224,untitled,,2025.1.1,144.04717839596768,2025-10-23 00h39.41.136821 +0530,
49,60,89,524,6,74,l,0.3338973000063561,None,74,6,524,4,820.0748977999901,,820.0717206999543,820.0748977999901,821.0611118999659,821.0611118999659,821.0682071999763,821.3970378999948,l,0.3338973000063561,None,2,001,2025-10-23_00h39.35.224,untitled,,2025.1.1,144.04717839596768,2025-10-23 00h39.41.136821 +0530,
27,50,21,525,0,75,t,0.26112550002289936,None,75,0,525,2,821.4089663999621,,821.398887599993,821.4089663999621,822.3875908999471,822.3875908999471,822.4015573999495,822.6535299999523,t,0.26112550002289936,None,2,001,2025-10-23_00h39.35.224,untitled,,2025.1.1,144.04717839596768,2025-10-23 00h39.41.136821 +0530,
40,55,62,526,1,75,l,0.2234347999910824,None,75,1,526,3,822.665843099996,,822.6554121999652,822.665843099996,823.6444235999952,823.6444235999952,823.6582011999562,823.8687107999576,l,0.2234347999910824,None,2,001,2025-10-23_00h39.35.224,untitled,,2025.1.1,144.04717839596768,2025-10-23 00h39.41.136821 +0530,
49,60,89,527,2,75,t,0.31884069996885955,None,75,2,527,4,823.8809173999471,,823.8709242999903,823.8809173999471,824.8595948999864,824.8595948999864,824.8734139999724,825.1811955999583,t,0.31884069996885955,None,2,001,2025-10-23_00h39.35.224,untitled,,2025.1.1,144.04717839596768,2025-10-23 00h39.41.136821 +0530,
15,35,13,528,3,75,l,0.28653869999106973,None,75,3,528,1,825.1935828999849,,825.1833149999729,825.1935828999849,826.17217049998,826.17217049998,826.1861195999663,826.4596103999647,l,0.28653869999106973,None,2,001,2025-10-23_00h39.35.224,untitled,,2025.1.1,144.04717839596768,2025-10-23 00h39.41.136821 +0530,
11,30,7,529,4,75,t,0.30658500001300126,None,75,4,529,0,826.4716067999834,,826.4616211999673,826.4716067999834,827.4501670999452,827.4501670999452,827.464358999976,827.7582856999943,t,0.30658500001300126,None,2,001,2025-10-23_00h39.35.224,untitled,,2025.1.1,144.04717839596768,2025-10-23 00h39.41.136821 +0530,
78,80,162,530,5,75,l,0.05526190000819042,None,75,5,530,6,827.7695593999815,,827.7601646999829,827.7695593999815,828.7488021999598,828.7488021999598,828.7625462999567,828.8061086999951,l,0.05526190000819042,None,2,001,2025-10-23_00h39.35.224,untitled,,2025.1.1,144.04717839596768,2025-10-23 00h39.41.136821 +0530,
67,75,119,531,6,75,l,0.48933169996598735,None,75,6,531,5,828.8108446999686,,828.8078298999462,828.8108446999686,829.7973960999516,829.7973960999516,829.8041106999735,830.2928194999695,l,0.48933169996598735,None,2,001,2025-10-23_00h39.35.224,untitled,,2025.1.1,144.04717839596768,2025-10-23 00h39.41.136821 +0530,
40,55,62,532,0,76,l,0.1710084000369534,None,76,0,532,3,830.3047053999617,,830.2947071999661,830.3047053999617,831.2834960999899,831.2834960999899,831.2974185999483,831.459210299945,l,0.1710084000369534,None,2,001,2025-10-23_00h39.35.224,untitled,,2025.1.1,144.04717839596768,2025-10-23 00h39.41.136821 +0530,
49,60,89,533,1,76,t,0.8957893999759108,None,76,1,533,4,831.4709735999932,,831.4610268999822,831.4709735999932,832.4500545999617,832.4500545999617,832.4638187999954,833.3478270999622,t,0.8957893999759108,None,2,001,2025-10-23_00h39.35.224,untitled,,2025.1.1,144.04717839596768,2025-10-23 00h39.41.136821 +0530,
15,35,13,534,2,76,t,0.4830117000383325,None,76,2,534,1,833.359295799979,,833.3496913999552,833.359295799979,834.338913799962,834.338913799962,834.3526745999698,834.82755669998,t,0.4830117000383325,None,2,001,2025-10-23_00h39.35.224,untitled,,2025.1.1,144.04717839596768,2025-10-23 00h39.41.136821 +0530,
67,75,119,535,3,76,l,0.3035556999966502,None,76,3,535,5,834.8386084999656,,834.8293314999901,834.8386084999656,835.8183250999427,835.8183250999427,835.8324537999579,836.125782899966,l,0.3035556999966502,None,2,001,2025-10-23_00h39.35.224,untitled,,2025.1.1,144.04717839596768,2025-10-23 00h39.41.136821 +0530,
11,30,7,536,4,76,t,0.3707282000104897,None,76,4,536,0,836.1383279999718,,836.1276671999949,836.1383279999718,837.116754299961,837.116754299961,837.13069609995,837.4936312999926,t,0.3707282000104897,None,2,001,2025-10-23_00h39.35.224,untitled,,2025.1.1,144.04717839596768,2025-10-23 00h39.41.136821 +0530,
78,80,162,537,5,76,l,0.24242960003903136,None,76,5,537,6,837.498423299985,,837.4953518999973,837.498423299985,838.4847932999837,838.4847932999837,838.4914756999933,838.7299974999623,l,0.24242960003903136,None,2,001,2025-10-23_00h39.35.224,untitled,,2025.1.1,144.04717839596768,2025-10-23 00h39.41.136821 +0530,
27,50,21,538,6,76,t,0.2147547000204213,None,76,6,538,2,838.7414099999587,,838.7318112999783,838.7414099999587,839.720786299964,839.720786299964,839.7347762999707,839.9383256999427,t,0.2147547000204213,None,2,001,2025-10-23_00h39.35.224,untitled,,2025.1.1,144.04717839596768,2025-10-23 00h39.41.136821 +0530,
78,80,162,539,0,77,t,0.2457192000001669,None,77,0,539,6,839.9501512999996,,839.9400878999732,839.9501512999996,840.9291230999515,840.9291230999515,840.9430822999566,841.1814031999675,t,0.2457192000001669,None,2,001,2025-10-23_00h39.35.224,untitled,,2025.1.1,144.04717839596768,2025-10-23 00h39.41.136821 +0530,
49,60,89,540,1,77,l,0.32149080000817776,None,77,1,540,4,841.1930105999927,,841.1836348999641,841.1930105999927,842.1724785999977,842.1724785999977,842.1864889999852,842.500520499947,l,0.32149080000817776,None,2,001,2025-10-23_00h39.35.224,untitled,,2025.1.1,144.04717839596768,2025-10-23 00h39.41.136821 +0530,
11,30,7,541,2,77,t,0.31840380001813173,None,77,2,541,0,842.5053398999735,,842.5022899999749,842.5053398999735,843.4918175999774,843.4918175999774,843.4990581999882,843.8140588999959,t,0.31840380001813173,None,2,001,2025-10-23_00h39.35.224,untitled,,2025.1.1,144.04717839596768,2025-10-23 00h39.41.136821 +0530,
15,35,13,542,3,77,l,0.35150260000955313,None,77,3,542,1,843.8251031999825,,843.8163538999506,843.8251031999825,844.8042139999452,844.8042139999452,844.8190262999851,845.1599562999909,l,0.35150260000955313,None,2,001,2025-10-23_00h39.35.224,untitled,,2025.1.1,144.04717839596768,2025-10-23 00h39.41.136821 +0530,
67,75,119,543,4,77,t,0.3849705999600701,None,77,4,543,5,845.1650629999931,,845.161738499999,845.1650629999931,846.1513288999558,846.1513288999558,846.1587362999562,846.5421871999861,t,0.3849705999600701,None,2,001,2025-10-23_00h39.35.224,untitled,,2025.1.1,144.04717839596768,2025-10-23 00h39.41.136821 +0530,
27,50,21,544,5,77,l,0.6868355000042357,None,77,5,544,2,846.5546394999838,,846.5445282000001,846.5546394999838,847.5336848999723,847.5336848999723,847.5471527999616,848.2230576999718,l,0.6868355000042357,None,2,001,2025-10-23_00h39.35.224,untitled,,2025.1.1,144.04717839596768,2025-10-23 00h39.41.136821 +0530,
40,55,62,545,6,77,t,0.6956263000029139,None,77,6,545,3,848.2350000999868,,848.2248519999557,848.2350000999868,849.2139549999847,849.2139549999847,849.2279131999821,849.911071999988,t,0.6956263000029139,None,2,001,2025-10-23_00h39.35.224,untitled,,2025.1.1,144.04717839596768,2025-10-23 00h39.41.136821 +0530,
49,60,89,546,0,78,l,0.4139203999657184,None,78,0,546,4,849.9226730999653,,849.9131126999855,849.9226730999653,850.9015152999782,850.9015152999782,850.9152043999638,851.320039299957,l,0.4139203999657184,None,2,001,2025-10-23_00h39.35.224,untitled,,2025.1.1,144.04717839596768,2025-10-23 00h39.41.136821 +0530,
40,55,62,547,1,78,t,1.0724108000285923,None,78,1,547,3,851.3323321999633,,851.3220433999668,851.3323321999633,852.3116229999578,852.3116229999578,852.3249086999567,853.3903776999796,t,1.0724108000285923,None,2,001,2025-10-23_00h39.35.224,untitled,,2025.1.1,144.04717839596768,2025-10-23 00h39.41.136821 +0530,
67,75,119,548,2,78,t,0.4852208999800496,None,78,2,548,5,853.4017757999827,,853.3921442999854,853.4017757999827,854.3806598999654,854.3806598999654,854.3948942999705,854.8687858999474,t,0.4852208999800496,None,2,001,2025-10-23_00h39.35.224,untitled,,2025.1.1,144.04717839596768,2025-10-23 00h39.41.136821 +0530,
15,35,13,549,3,78,l,0.645947199955117,None,78,3,549,1,854.8807210999657,,854.8705780999735,854.8807210999657,855.8596035999944,855.8596035999944,855.873615199991,856.5080141999642,l,0.645947199955117,None,2,001,2025-10-23_00h39.35.224,untitled,,2025.1.1,144.04717839596768,2025-10-23 00h39.41.136821 +0530,
27,50,21,550,4,78,t,1.403507900016848,None,78,4,550,2,856.5196882999735,,856.5098136999877,856.5196882999735,857.4986666999757,857.4986666999757,857.5125806999858,858.9037661999464,t,1.403507900016848,None,2,001,2025-10-23_00h39.35.224,untitled,,2025.1.1,144.04717839596768,2025-10-23 00h39.41.136821 +0530,
11,30,7,551,5,78,l,0.5554245999665,None,78,5,551,0,858.9154236999457,,858.9057430999819,858.9154236999457,859.8942869999446,859.8942869999446,859.9084126999951,860.4520801999606,l,0.5554245999665,None,2,001,2025-10-23_00h39.35.224,untitled,,2025.1.1,144.04717839596768,2025-10-23 00h39.41.136821 +0530,
78,80,162,552,6,78,t,0.9270231999689713,None,78,6,552,6,860.4633732999791,,860.453812199994,860.4633732999791,861.4433004999883,861.4433004999883,861.4570268999669,862.3765778999659,t,0.9270231999689713,None,2,001,2025-10-23_00h39.35.224,untitled,,2025.1.1,144.04717839596768,2025-10-23 00h39.41.136821 +0530,
27,50,21,553,0,79,t,0.29656540002906695,None,79,0,553,2,862.387600899965,,862.3783923999872,862.387600899965,863.366822299955,863.366822299955,863.3809326999472,863.6671084999689,t,0.29656540002906695,None,2,001,2025-10-23_00h39.35.224,untitled,,2025.1.1,144.04717839596768,2025-10-23 00h39.41.136821 +0530,
67,75,119,554,1,79,t,0.7926746999728493,None,79,1,554,5,863.6721189999953,,863.6688445999753,863.6721189999953,864.6584710999741,864.6584710999741,864.6653353999718,865.4521375999902,t,0.7926746999728493,None,2,001,2025-10-23_00h39.35.224,untitled,,2025.1.1,144.04717839596768,2025-10-23 00h39.41.136821 +0530,
11,30,7,555,2,79,t,0.3547497999970801,None,79,2,555,0,865.4642165999976,,865.4540515999543,865.4642165999976,866.4429788999842,866.4429788999842,866.456887999957,866.7994649999891,t,0.3547497999970801,None,2,001,2025-10-23_00h39.35.224,untitled,,2025.1.1,144.04717839596768,2025-10-23 00h39.41.136821 +0530,
78,80,162,556,3,79,l,0.30679100000998005,None,79,3,556,6,866.8114183999714,,866.8014273999725,866.8114183999714,867.790413699986,867.790413699986,867.8042576999869,868.0982460999512,l,0.30679100000998005,None,2,001,2025-10-23_00h39.35.224,untitled,,2025.1.1,144.04717839596768,2025-10-23 00h39.41.136821 +0530,
49,60,89,557,4,79,l,0.1854143000091426,None,79,4,557,4,868.1102557999548,,868.1001472999924,868.1102557999548,869.0888892999501,869.0888892999501,869.1028553999495,869.2783525999985,l,0.1854143000091426,None,2,001,2025-10-23_00h39.35.224,untitled,,2025.1.1,144.04717839596768,2025-10-23 00h39.41.136821 +0530,
40,55,62,558,5,79,l,0.05620880000060424,None,79,5,558,3,869.2906484999694,,869.2801536999759,869.2906484999694,870.2696581999771,870.2696581999771,870.2832232999499,870.327496199985,l,0.05620880000060424,None,2,001,2025-10-23_00h39.35.224,untitled,,2025.1.1,144.04717839596768,2025-10-23 00h39.41.136821 +0530,
15,35,13,559,6,79,l,0.1009974000044167,None,79,6,559,1,870.3392922999919,,870.3292815999594,870.3392922999919,871.3181098999921,871.3181098999921,871.332064999966,871.4245067999582,l,0.1009974000044167,None,2,001,2025-10-23_00h39.35.224,untitled,,2025.1.1,144.04717839596768,2025-10-23 00h39.41.136821 +0530,
67,75,119,560,0,80,l,0.03028120001545176,None,80,0,560,5,871.4362399999518,,871.4264256999595,871.4362399999518,872.4153212999809,872.4153212999809,872.4293069999549,872.4519383999868,l,0.03028120001545176,None,2,001,2025-10-23_00h39.35.224,untitled,,2025.1.1,144.04717839596768,2025-10-23 00h39.41.136821 +0530,
40,55,62,561,1,80,l,0.09955650003394112,None,80,1,561,3,872.4642204999691,,872.4538787999772,872.4642204999691,873.4432691999828,873.4432691999828,873.4569368999801,873.5498189999489,l,0.09955650003394112,None,2,001,2025-10-23_00h39.35.224,untitled,,2025.1.1,144.04717839596768,2025-10-23 00h39.41.136821 +0530,
49,60,89,562,2,80,l,0.12029449996771291,None,80,2,562,4,873.5613260999671,,873.5516606999445,873.5613260999671,874.5403164999443,874.5403164999443,874.5541882999823,874.6677861999488,l,0.12029449996771291,None,2,001,2025-10-23_00h39.35.224,untitled,,2025.1.1,144.04717839596768,2025-10-23 00h39.41.136821 +0530,
27,50,21,563,3,80,l,0.4378504999913275,None,80,3,563,2,874.6792784999707,,874.6695720999851,874.6792784999707,875.6583590999944,875.6583590999944,875.6723185999435,876.0976349999546,l,0.4378504999913275,None,2,001,2025-10-23_00h39.35.224,untitled,,2025.1.1,144.04717839596768,2025-10-23 00h39.41.136821 +0530,
78,80,162,564,4,80,l,0.22217709996039048,None,80,4,564,6,876.1101232999936,,876.0998050999478,876.1101232999936,877.0886043999926,877.0886043999926,877.1025042999536,877.3130056999507,l,0.22217709996039048,None,2,001,2025-10-23_00h39.35.224,untitled,,2025.1.1,144.04717839596768,2025-10-23 00h39.41.136821 +0530,
11,30,7,565,5,80,l,0.4274561000056565,None,80,5,565,0,877.3254439999582,,877.3150380999432,877.3254439999582,878.3040614999481,878.3040614999481,878.3177839999553,878.7365330999601,l,0.4274561000056565,None,2,001,2025-10-23_00h39.35.224,untitled,,2025.1.1,144.04717839596768,2025-10-23 00h39.41.136821 +0530,
15,35,13,566,6,80,l,0.43456279998645186,None,80,6,566,1,878.7489165999577,,878.7385663999594,878.7489165999577,879.7275400999933,879.7275400999933,879.7414537000004,880.167490199965,l,0.43456279998645186,None,2,001,2025-10-23_00h39.35.224,untitled,,2025.1.1,144.04717839596768,2025-10-23 00h39.41.136821 +0530,
11,30,7,567,0,81,l,0.19316729996353388,None,81,0,567,0,880.1791399999638,,880.1692989999428,880.1791399999638,881.1581404999597,881.1581404999597,881.1720827999525,881.3543718999717,l,0.19316729996353388,None,2,001,2025-10-23_00h39.35.224,untitled,,2025.1.1,144.04717839596768,2025-10-23 00h39.41.136821 +0530,
15,35,13,568,1,81,l,0.07006539998110384,None,81,1,568,1,881.3593125999905,,881.3561452999711,881.3593125999905,882.3456248999573,882.3456248999573,882.3525732999551,882.4177224999876,l,0.07006539998110384,None,2,001,2025-10-23_00h39.35.224,untitled,,2025.1.1,144.04717839596768,2025-10-23 00h39.41.136821 +0530,
27,50,21,569,2,81,t,0.19800919998669997,None,81,2,569,2,882.4292789999745,,882.4195245999726,882.4292789999745,883.408282599994,883.408282599994,883.4222322999849,883.6121454999666,t,0.19800919998669997,None,2,001,2025-10-23_00h39.35.224,untitled,,2025.1.1,144.04717839596768,2025-10-23 00h39.41.136821 +0530,
40,55,62,570,3,81,t,0.4495164999971166,None,81,3,570,3,883.6237434999784,,883.613937999995,883.6237434999784,884.6025684999768,884.6025684999768,884.6166210999945,885.0561269999598,t,0.4495164999971166,None,2,001,2025-10-23_00h39.35.224,untitled,,2025.1.1,144.04717839596768,2025-10-23 00h39.41.136821 +0530,
78,80,162,571,4,81,t,0.41035080002620816,None,81,4,571,6,885.0606772999745,,885.057861499954,885.0606772999745,886.0473662999575,886.0473662999575,886.0541764999507,886.4594245999469,t,0.41035080002620816,None,2,001,2025-10-23_00h39.35.224,untitled,,2025.1.1,144.04717839596768,2025-10-23 00h39.41.136821 +0530,
67,75,119,572,5,81,t,0.07453730003908277,None,81,5,572,5,886.4714008999872,,886.4611683999537,886.4714008999872,887.4500614999561,887.4500614999561,887.4640827999683,887.5286111999885,t,0.07453730003908277,None,2,001,2025-10-23_00h39.35.224,untitled,,2025.1.1,144.04717839596768,2025-10-23 00h39.41.136821 +0530,
49,60,89,573,6,81,t,0.169385900022462,None,81,6,573,4,887.5405743999872,,887.5306102999602,887.5405743999872,888.5191228999756,888.5191228999756,888.5331560999621,888.6945528999786,t,0.169385900022462,None,2,001,2025-10-23_00h39.35.224,untitled,,2025.1.1,144.04717839596768,2025-10-23 00h39.41.136821 +0530,
11,30,7,574,0,82,t,0.16537010000320151,None,82,0,574,0,888.6996323999483,,888.6965567999869,888.6996323999483,889.6856659999467,889.6856659999467,889.6938282999909,889.8549883999513,t,0.16537010000320151,None,2,001,2025-10-23_00h39.35.224,untitled,,2025.1.1,144.04717839596768,2025-10-23 00h39.41.136821 +0530,
49,60,89,575,1,82,t,0.3669005999690853,None,82,1,575,4,889.8666123999865,,889.8567362999893,889.8666123999865,890.8457134999917,890.8457134999917,890.8595503999968,891.2156208999804,t,0.3669005999690853,None,2,001,2025-10-23_00h39.35.224,untitled,,2025.1.1,144.04717839596768,2025-10-23 00h39.41.136821 +0530,
15,35,13,576,2,82,t,0.2640325999818742,None,82,2,576,1,891.2202612999827,,891.2174203999457,891.2202612999827,892.2070234999992,892.2070234999992,892.2139495999436,892.4730579999741,t,0.2640325999818742,None,2,001,2025-10-23_00h39.35.224,untitled,,2025.1.1,144.04717839596768,2025-10-23 00h39.41.136821 +0530,
40,55,62,577,3,82,t,0.008413199975620955,None,82,3,577,3,892.4850279999664,,892.4748513999511,892.4850279999664,893.4636175999767,893.4636175999767,893.4849461999838,893.4730291999876,t,0.008413199975620955,None,2,001,2025-10-23_00h39.35.224,untitled,,2025.1.1,144.04717839596768,2025-10-23 00h39.41.136821 +0530,
27,50,21,578,4,82,t,0.0355748999863863,None,82,4,578,2,893.4849461999838,,893.4748234999715,893.4849461999838,894.4637265999918,894.4637265999918,894.4786585999536,894.5017263999907,t,0.0355748999863863,None,2,001,2025-10-23_00h39.35.224,untitled,,2025.1.1,144.04717839596768,2025-10-23 00h39.41.136821 +0530,
67,75,119,579,5,82,t,0.12470630003372207,None,82,5,579,5,894.5122367999866,,894.5038232999505,894.5122367999866,895.4914009999484,895.4914009999484,895.5053094999748,895.6185780999949,t,0.12470630003372207,None,2,001,2025-10-23_00h39.35.224,untitled,,2025.1.1,144.04717839596768,2025-10-23 00h39.41.136821 +0530,
78,80,162,580,6,82,t,0.19534229999408126,None,82,6,580,6,895.6303243999719,,895.6205257999827,895.6303243999719,896.6094680999522,896.6094680999522,896.6234802999534,896.8064086999511,t,0.19534229999408126,None,2,001,2025-10-23_00h39.35.224,untitled,,2025.1.1,144.04717839596768,2025-10-23 00h39.41.136821 +0530,
15,35,13,581,0,83,t,0.5346958000445738,None,83,0,581,1,896.8175282999873,,896.8082484999904,896.8175282999873,897.8044742999482,897.8044742999482,897.8111145999865,898.3406203999766,t,0.5346958000445738,None,2,001,2025-10-23_00h39.35.224,untitled,,2025.1.1,144.04717839596768,2025-10-23 00h39.41.136821 +0530,
40,55,62,582,1,83,t,0.1897791000083089,None,83,1,582,3,898.3523812999483,,898.3425870999927,898.3523812999483,899.3317392999888,899.3317392999888,899.3456137999892,899.5282124999794,t,0.1897791000083089,None,2,001,2025-10-23_00h39.35.224,untitled,,2025.1.1,144.04717839596768,2025-10-23 00h39.41.136821 +0530,
78,80,162,583,2,83,t,0.3475977000198327,None,83,2,583,6,899.5330406999565,,899.5300776999793,899.5330406999565,900.5191648999462,900.5191648999462,900.5261570999864,900.8687919999938,t,0.3475977000198327,None,2,001,2025-10-23_00h39.35.224,untitled,,2025.1.1,144.04717839596768,2025-10-23 00h39.41.136821 +0530,
11,30,7,584,3,83,t,0.18601459998171777,None,83,3,584,0,900.881115199998,,900.8705714999815,900.881115199998,901.8595866999822,901.8595866999822,901.8735115999589,902.0489250999526,t,0.18601459998171777,None,2,001,2025-10-23_00h39.35.224,untitled,,2025.1.1,144.04717839596768,2025-10-23 00h39.41.136821 +0530,
49,60,89,585,4,83,t,1.0639346999814734,None,83,4,585,4,902.0540153999464,,902.0508020999841,902.0540153999464,903.0399994999752,903.0399994999752,903.0468810999882,904.1051433999673,t,1.0639346999814734,None,2,001,2025-10-23_00h39.35.224,untitled,,2025.1.1,144.04717839596768,2025-10-23 00h39.41.136821 +0530,
27,50,21,586,5,83,t,0.7231812999816611,None,83,5,586,2,904.1171457999735,,904.1069562999764,904.1171457999735,905.0955964999739,905.0955964999739,905.1095816999441,905.8206467999844,t,0.7231812999816611,None,2,001,2025-10-23_00h39.35.224,untitled,,2025.1.1,144.04717839596768,2025-10-23 00h39.41.136821 +0530,
67,75,119,587,6,83,t,0.3524747000192292,None,83,6,587,5,905.8319129999727,,905.8223964999779,905.8319129999727,906.811064599955,906.811064599955,906.8248694999493,907.1669847999583,t,0.3524747000192292,None,2,001,2025-10-23_00h39.35.224,untitled,,2025.1.1,144.04717839596768,2025-10-23 00h39.41.136821 +0530,
27,50,21,588,0,84,t,0.3973835000069812,None,84,0,588,2,907.1717689999496,,907.1687805999536,907.1717689999496,908.1579989999882,908.1579989999882,908.1649660999537,908.556140599947,t,0.3973835000069812,None,2,001,2025-10-23_00h39.35.224,untitled,,2025.1.1,144.04717839596768,2025-10-23 00h39.41.136821 +0530,
15,35,13,589,1,84,t,0.25982209999347106,None,84,1,589,1,908.5682953999494,,908.5579880999867,908.5682953999494,909.5472447999637,909.5472447999637,909.5612044999725,909.8131819999544,t,0.25982209999347106,None,2,001,2025-10-23_00h39.35.224,untitled,,2025.1.1,144.04717839596768,2025-10-23 00h39.41.136821 +0530,
40,55,62,590,2,84,t,0.266173499985598,None,84,2,590,3,909.8253315999755,,909.815122299944,909.8253315999755,910.8038201999734,910.8038201999734,910.8177195999888,911.0703490999877,t,0.266173499985598,None,2,001,2025-10-23_00h39.35.224,untitled,,2025.1.1,144.04717839596768,2025-10-23 00h39.41.136821 +0530,
67,75,119,591,3,84,t,0.25271129998145625,None,84,3,591,5,911.0817103999434,,911.0721253999509,911.0817103999434,912.0610050999676,912.0610050999676,912.0750102999737,912.3200064999983,t,0.25271129998145625,None,2,001,2025-10-23_00h39.35.224,untitled,,2025.1.1,144.04717839596768,2025-10-23 00h39.41.136821 +0530,
49,60,89,592,4,84,t,0.08519449998857453,None,84,4,592,4,912.3313801999902,,912.3217792999931,912.3313801999902,913.3108200999559,913.3108200999559,913.3247021999559,913.3969237999991,t,0.08519449998857453,None,2,001,2025-10-23_00h39.35.224,untitled,,2025.1.1,144.04717839596768,2025-10-23 00h39.41.136821 +0530,
78,80,162,593,5,84,t,0.15767340001184493,None,84,5,593,6,913.408345099946,,913.3986680999515,913.408345099946,914.3873887999798,914.3873887999798,914.4009530999465,914.5489671999821,t,0.15767340001184493,None,2,001,2025-10-23_00h39.35.224,untitled,,2025.1.1,144.04717839596768,2025-10-23 00h39.41.136821 +0530,
11,30,7,594,6,84,t,0.15310150000732392,None,84,6,594,0,914.5612929999479,,914.5510774999857,914.5612929999479,915.5399501999491,915.5399501999491,915.5538588999771,915.6951393999625,t,0.15310150000732392,None,2,001,2025-10-23_00h39.35.224,untitled,,2025.1.1,144.04717839596768,2025-10-23 00h39.41.136821 +0530,
49,60,89,595,0,85,l,0.8577285999781452,None,85,0,595,4,915.7074642999796,,915.6969171999954,915.7074642999796,916.6858931999886,916.6858931999886,916.6998962999787,917.5491506999824,l,0.8577285999781452,None,2,001,2025-10-23_00h39.35.224,untitled,,2025.1.1,144.04717839596768,2025-10-23 00h39.41.136821 +0530,
11,30,7,596,1,85,l,0.4966102999751456,None,85,1,596,0,917.5614046999835,,917.550933999999,917.5614046999835,918.5399310999783,918.5399310999783,918.5549511999707,919.0426142999786,l,0.4966102999751456,None,2,001,2025-10-23_00h39.35.224,untitled,,2025.1.1,144.04717839596768,2025-10-23 00h39.41.136821 +0530,
40,55,62,597,2,85,t,0.25720069999806583,None,85,2,597,3,919.0544445999549,,919.0444829999469,919.0544445999549,920.0333738999907,920.0333738999907,920.0464997999952,920.292742199963,t,0.25720069999806583,None,2,001,2025-10-23_00h39.35.224,untitled,,2025.1.1,144.04717839596768,2025-10-23 00h39.41.136821 +0530,
15,35,13,598,3,85,l,0.6562089000362903,None,85,3,598,1,920.3038719999604,,920.2945483999792,920.3038719999604,921.282932299946,921.282932299946,921.2967769999523,921.9452076999587,l,0.6562089000362903,None,2,001,2025-10-23_00h39.35.224,untitled,,2025.1.1,144.04717839596768,2025-10-23 00h39.41.136821 +0530,
78,80,162,599,4,85,t,0.4163637000019662,None,85,4,599,6,921.9569078999921,,921.9471139999805,921.9569078999921,922.935941899952,922.935941899952,922.949916899961,923.3547970999498,t,0.4163637000019662,None,2,001,2025-10-23_00h39.35.224,untitled,,2025.1.1,144.04717839596768,2025-10-23 00h39.41.136821 +0530,
27,50,21,600,5,85,l,0.40549890004331246,None,85,5,600,2,923.3666422999813,,923.356748799968,923.3666422999813,924.3456621999503,924.3456621999503,924.3595740999444,924.7577760999557,l,0.40549890004331246,None,2,001,2025-10-23_00h39.35.224,untitled,,2025.1.1,144.04717839596768,2025-10-23 00h39.41.136821 +0530,
67,75,119,601,6,85,l,0.6172495000064373,None,85,6,601,5,924.7686790999724,,924.7597064999864,924.7686790999724,925.7482235999778,925.7482235999778,925.7621772999992,926.3683438999578,l,0.6172495000064373,None,2,001,2025-10-23_00h39.35.224,untitled,,2025.1.1,144.04717839596768,2025-10-23 00h39.41.136821 +0530,
27,50,21,602,0,86,t,0.6045218999497592,None,86,0,602,2,926.3733351999545,,926.3701584999799,926.3733351999545,927.3593420999823,927.3593420999823,927.3664058999857,927.9658461999497,t,0.6045218999497592,None,2,001,2025-10-23_00h39.35.224,untitled,,2025.1.1,144.04717839596768,2025-10-23 00h39.41.136821 +0530,
78,80,162,603,1,86,l,0.3940727000008337,None,86,1,603,6,927.9772103999858,,927.9675866999896,927.9772103999858,928.9565131999552,928.9565131999552,928.9712982999627,929.354109399952,l,0.3940727000008337,None,2,001,2025-10-23_00h39.35.224,untitled,,2025.1.1,144.04717839596768,2025-10-23 00h39.41.136821 +0530,
49,60,89,604,2,86,t,0.3303697999799624,None,86,2,604,4,929.3591927999514,,929.355888399994,929.3591927999514,930.3452205999638,930.3452205999638,930.35220199998,930.6810505999601,t,0.3303697999799624,None,2,001,2025-10-23_00h39.35.224,untitled,,2025.1.1,144.04717839596768,2025-10-23 00h39.41.136821 +0530,
40,55,62,605,3,86,l,0.36451439996017143,None,86,3,605,3,930.6923021999537,,930.6828370000003,930.6923021999537,931.6716265999712,931.6716265999712,931.685606999963,932.041538599995,l,0.36451439996017143,None,2,001,2025-10-23_00h39.35.224,untitled,,2025.1.1,144.04717839596768,2025-10-23 00h39.41.136821 +0530,
67,75,119,606,4,86,l,0.8754527000128292,None,86,4,606,5,932.0468892999925,,932.0432860999717,932.0468892999925,933.032847399998,933.032847399998,933.0399669999606,933.9104524999857,l,0.8754527000128292,None,2,001,2025-10-23_00h39.35.224,untitled,,2025.1.1,144.04717839596768,2025-10-23 00h39.41.136821 +0530,
11,30,7,607,5,86,t,0.84263839997584,None,86,5,607,0,933.9215961999726,,933.9122388999676,933.9215961999726,934.9010476999683,934.9010476999683,934.9147888999432,935.7505970999482,t,0.84263839997584,None,2,001,2025-10-23_00h39.35.224,untitled,,2025.1.1,144.04717839596768,2025-10-23 00h39.41.136821 +0530,
15,35,13,608,6,86,t,1.3715069000027142,None,86,6,608,1,935.7621578999679,,935.7524864999577,935.7621578999679,936.7412749999785,936.7412749999785,936.7551633999683,938.1183954999433,t,1.3715069000027142,None,2,001,2025-10-23_00h39.35.224,untitled,,2025.1.1,144.04717839596768,2025-10-23 00h39.41.136821 +0530,
40,55,62,609,0,87,l,0.8658691000309773,None,87,0,609,3,938.1297038999619,,938.120363999973,938.1297038999619,939.1094746999443,939.1094746999443,939.1237757999916,939.9798748999601,l,0.8658691000309773,None,2,001,2025-10-23_00h39.35.224,untitled,,2025.1.1,144.04717839596768,2025-10-23 00h39.41.136821 +0530,
11,30,7,610,1,87,l,0.5230509000248276,None,87,1,610,0,939.9912638999522,,939.9816876999685,939.9912638999522,940.9703861999442,940.9703861999442,940.9843046999886,941.500620799954,l,0.5230509000248276,None,2,001,2025-10-23_00h39.35.224,untitled,,2025.1.1,144.04717839596768,2025-10-23 00h39.41.136821 +0530,
15,35,13,611,2,87,l,1.6023274000035599,None,87,2,611,1,941.512138399994,,941.50257219997,941.512138399994,942.491283899988,942.491283899988,942.5050489999703,944.0975594999618,l,1.6023274000035599,None,2,001,2025-10-23_00h39.35.224,untitled,,2025.1.1,144.04717839596768,2025-10-23 00h39.41.136821 +0530,
49,60,89,612,3,87,t,0.5520296999602579,None,87,3,612,4,944.1092313999543,,944.0995240999619,944.1092313999543,945.0885138999438,945.0885138999438,945.1022867999854,945.6461711999727,t,0.5520296999602579,None,2,001,2025-10-23_00h39.35.224,untitled,,2025.1.1,144.04717839596768,2025-10-23 00h39.41.136821 +0530,
27,50,21,613,4,87,l,0.2530022000428289,None,87,4,613,2,945.6582937999628,,945.6479749999708,945.6582937999628,946.6371301999898,946.6371301999898,946.6509859999642,946.8960879999795,l,0.2530022000428289,None,2,001,2025-10-23_00h39.35.224,untitled,,2025.1.1,144.04717839596768,2025-10-23 00h39.41.136821 +0530,
67,75,119,614,5,87,t,0.2781803999678232,None,87,5,614,5,946.908600899973,,946.8979746999685,946.908600899973,947.8872298999922,947.8872298999922,947.901553499978,948.1675884999568,t,0.2781803999678232,None,2,001,2025-10-23_00h39.35.224,untitled,,2025.1.1,144.04717839596768,2025-10-23 00h39.41.136821 +0530,
78,80,162,615,6,87,l,0.13941230002092198,None,87,6,615,6,948.1790023999638,,948.1693166999612,948.1790023999638,949.1581178999622,949.1581178999622,949.1719856999698,949.298907599994,l,0.13941230002092198,None,2,001,2025-10-23_00h39.35.224,untitled,,2025.1.1,144.04717839596768,2025-10-23 00h39.41.136821 +0530,
11,30,7,616,0,88,t,0.27418319997377694,None,88,0,616,0,949.311200199998,,949.300890399958,949.311200199998,950.2902000999893,950.2902000999893,950.3037404999486,950.5700907999999,t,0.27418319997377694,None,2,001,2025-10-23_00h39.35.224,untitled,,2025.1.1,144.04717839596768,2025-10-23 00h39.41.136821 +0530,
78,80,162,617,1,88,l,0.18952890002401546,None,88,1,617,6,950.5813774999697,,950.571816599986,950.5813774999697,951.5606965999468,951.5606965999468,951.5747327999561,951.750445499958,l,0.18952890002401546,None,2,001,2025-10-23_00h39.35.224,untitled,,2025.1.1,144.04717839596768,2025-10-23 00h39.41.136821 +0530,
15,35,13,618,2,88,l,0.22770819999277592,None,88,2,618,1,951.7620513999718,,951.7522529999842,951.7620513999718,952.7410215999698,952.7410215999698,952.7549367999891,952.9722043999936,l,0.22770819999277592,None,2,001,2025-10-23_00h39.35.224,untitled,,2025.1.1,144.04717839596768,2025-10-23 00h39.41.136821 +0530,
49,60,89,619,3,88,l,0.19459970004390925,None,88,3,619,4,952.9773437999538,,952.9742265999666,952.9773437999538,953.963451299991,953.963451299991,953.9703749999753,954.1599995999713,l,0.19459970004390925,None,2,001,2025-10-23_00h39.35.224,untitled,,2025.1.1,144.04717839596768,2025-10-23 00h39.41.136821 +0530,
67,75,119,620,4,88,t,0.27714979997836053,None,88,4,620,5,954.1647135999519,,954.161718999967,954.1647135999519,955.1509396999609,955.1509396999609,955.1579291999806,955.4310287999688,t,0.27714979997836053,None,2,001,2025-10-23_00h39.35.224,untitled,,2025.1.1,144.04717839596768,2025-10-23 00h39.41.136821 +0530,
27,50,21,621,5,88,t,0.21411219995934516,None,88,5,621,2,955.4425996999489,,955.432817999972,955.4425996999489,956.421949599986,956.421949599986,956.4357170999865,956.639425399946,t,0.21411219995934516,None,2,001,2025-10-23_00h39.35.224,untitled,,2025.1.1,144.04717839596768,2025-10-23 00h39.41.136821 +0530,
40,55,62,622,6,88,l,0.17976950004231185,None,88,6,622,3,956.6516538999858,,956.641264099977,956.6516538999858,957.6302837999538,957.6302837999538,957.644188599952,957.8126593999914,l,0.17976950004231185,None,2,001,2025-10-23_00h39.35.224,untitled,,2025.1.1,144.04717839596768,2025-10-23 00h39.41.136821 +0530,
49,60,89,623,0,89,t,0.11458249995484948,None,89,0,623,4,957.8176173999673,,957.8144515999593,957.8176173999673,958.8035312999855,958.8035312999855,958.8106992999674,958.9241735999822,t,0.11458249995484948,None,2,001,2025-10-23_00h39.35.224,untitled,,2025.1.1,144.04717839596768,2025-10-23 00h39.41.136821 +0530,
78,80,162,624,1,89,l,0.18104990001302212,None,89,1,624,6,958.9362079999992,,958.9259182999958,958.9362079999992,959.9149772999808,959.9149772999808,959.9287170999451,960.0973093999783,l,0.18104990001302212,None,2,001,2025-10-23_00h39.35.224,untitled,,2025.1.1,144.04717839596768,2025-10-23 00h39.41.136821 +0530,
11,30,7,625,2,89,t,0.4616921999840997,None,89,2,625,0,960.1088647999568,,960.0993491999689,960.1088647999568,961.0890418999479,961.0890418999479,961.1024827999645,961.5561833999818,t,0.4616921999840997,None,2,001,2025-10-23_00h39.35.224,untitled,,2025.1.1,144.04717839596768,2025-10-23 00h39.41.136821 +0530,
27,50,21,626,3,89,l,0.08391679998021573,None,89,3,626,2,961.5680936999852,,961.5579688999569,961.5680936999852,962.5466631999589,962.5466631999589,962.5607811999507,962.6319106999435,l,0.08391679998021573,None,2,001,2025-10-23_00h39.35.224,untitled,,2025.1.1,144.04717839596768,2025-10-23 00h39.41.136821 +0530,
15,35,13,627,4,89,l,0.01904319995082915,None,89,4,627,1,962.6368230999797,,962.6339884999907,962.6368230999797,963.622942499991,963.622942499991,963.6300732999807,963.6459689999465,l,0.01904319995082915,None,2,001,2025-10-23_00h39.35.224,untitled,,2025.1.1,144.04717839596768,2025-10-23 00h39.41.136821 +0530,
40,55,62,628,5,89,l,0.42497170000569895,None,89,5,628,3,963.6582836999441,,963.6479160999879,963.6582836999441,964.6369247999974,964.6369247999974,964.650719599973,965.0628288999433,l,0.42497170000569895,None,2,001,2025-10-23_00h39.35.224,untitled,,2025.1.1,144.04717839596768,2025-10-23 00h39.41.136821 +0530,
67,75,119,629,6,89,t,0.2678921999759041,None,89,6,629,5,965.0749780999613,,965.0646350999596,965.0749780999613,966.0536972999689,966.0536972999689,966.0675012999563,966.3267456999747,t,0.2678921999759041,None,2,001,2025-10-23_00h39.35.224,untitled,,2025.1.1,144.04717839596768,2025-10-23 00h39.41.136821 +0530,
67,75,119,630,0,90,l,0.32933279999997467,None,90,0,630,5,966.3314467999735,,966.3268509999616,966.3314467999735,967.3178159999661,967.3178159999661,967.3245916999876,967.6532127999817,l,0.32933279999997467,None,2,001,2025-10-23_00h39.35.224,untitled,,2025.1.1,144.04717839596768,2025-10-23 00h39.41.136821 +0530,
27,50,21,631,1,90,l,0.2496787999989465,None,90,1,631,2,967.6654561999603,,967.6550130999531,967.6654561999603,968.6441905999673,968.6441905999673,968.657863499946,968.8960022999672,l,0.2496787999989465,None,2,001,2025-10-23_00h39.35.224,untitled,,2025.1.1,144.04717839596768,2025-10-23 00h39.41.136821 +0530,
49,60,89,632,2,90,t,0.23780320002697408,None,90,2,632,4,968.9078517999733,,968.8978907999699,968.9078517999733,969.8870509999688,969.8870509999688,969.9011246999726,970.1255893999478,t,0.23780320002697408,None,2,001,2025-10-23_00h39.35.224,untitled,,2025.1.1,144.04717839596768,2025-10-23 00h39.41.136821 +0530,
11,30,7,633,3,90,l,0.11343129997840151,None,90,3,633,0,970.1369883999578,,970.1273690999951,970.1369883999578,971.11618979997,971.11618979997,971.1302248999709,971.2364374999888,l,0.11343129997840151,None,2,001,2025-10-23_00h39.35.224,untitled,,2025.1.1,144.04717839596768,2025-10-23 00h39.41.136821 +0530,
78,80,162,634,4,90,t,9.174355700029992,None,90,4,634,6,971.2412514999742,,971.2383138999576,971.2412514999742,972.227610199945,972.227610199945,972.2341689999448,981.4292547999648,t,9.174355700029992,None,2,001,2025-10-23_00h39.35.224,untitled,,2025.1.1,144.04717839596768,2025-10-23 00h39.41.136821 +0530,
40,55,62,635,5,90,t,0.627165200014133,None,90,5,635,3,981.4572069999995,,981.4360118999612,981.4572069999995,982.4365013999632,982.4365013999632,982.4700049999519,983.0784379999968,t,0.627165200014133,None,2,001,2025-10-23_00h39.35.224,untitled,,2025.1.1,144.04717839596768,2025-10-23 00h39.41.136821 +0530,
15,35,13,636,6,90,l,0.24118579999776557,None,90,6,636,1,983.1050055999658,,983.0872175999684,983.1050055999658,984.0874092999729,984.0874092999729,984.1045537999598,984.3403940999997,l,0.24118579999776557,None,2,001,2025-10-23_00h39.35.224,untitled,,2025.1.1,144.04717839596768,2025-10-23 00h39.41.136821 +0530,
49,60,89,637,0,91,t,0.3273369999951683,None,91,0,637,4,984.354207299999,,984.3455612999969,984.354207299999,985.3542589999852,985.3542589999852,985.3542589999852,985.6899458999978,t,0.3273369999951683,None,2,001,2025-10-23_00h39.35.224,untitled,,2025.1.1,144.04717839596768,2025-10-23 00h39.41.136821 +0530,
27,50,21,638,1,91,l,0.24241130001610145,None,91,1,638,2,985.7034064999898,,985.69354009995,985.7034064999898,986.7030922999838,986.7030922999838,986.7030922999838,986.957346799958,l,0.24241130001610145,None,2,001,2025-10-23_00h39.35.224,untitled,,2025.1.1,144.04717839596768,2025-10-23 00h39.41.136821 +0530,
78,80,162,639,2,91,t,0.160711899981834,None,91,2,639,6,986.969522499945,,986.961617999943,986.969522499945,987.9700073999702,987.9700073999702,987.9700073999702,988.139993699966,t,0.160711899981834,None,2,001,2025-10-23_00h39.35.224,untitled,,2025.1.1,144.04717839596768,2025-10-23 00h39.41.136821 +0530,
40,55,62,640,3,91,l,0.34016619995236397,None,91,3,640,3,988.1531036999659,,988.1449367999448,988.1531036999659,989.153698399954,989.153698399954,989.153698399954,989.5075756000006,l,0.34016619995236397,None,2,001,2025-10-23_00h39.35.224,untitled,,2025.1.1,144.04717839596768,2025-10-23 00h39.41.136821 +0530,
11,30,7,641,4,91,t,0.23883909999858588,None,91,4,641,0,989.5195245999494,,989.5121291999822,989.5195245999494,990.5206550000003,990.5206550000003,990.5206550000003,990.7736322999699,t,0.23883909999858588,None,2,001,2025-10-23_00h39.35.224,untitled,,2025.1.1,144.04717839596768,2025-10-23 00h39.41.136821 +0530,
67,75,119,642,5,91,l,0.3160183999571018,None,91,5,642,5,990.7861988999648,,990.7771785999648,990.7861988999648,991.7869899999932,991.7869899999932,991.7869899999932,992.1075439999695,l,0.3160183999571018,None,2,001,2025-10-23_00h39.35.224,untitled,,2025.1.1,144.04717839596768,2025-10-23 00h39.41.136821 +0530,
15,35,13,643,6,91,t,0.2501905999961309,None,91,6,643,1,992.1198983999784,,992.1114653999684,992.1198983999784,993.1201242999523,993.1201242999523,993.1201242999523,993.3735469999956,t,0.2501905999961309,None,2,001,2025-10-23_00h39.35.224,untitled,,2025.1.1,144.04717839596768,2025-10-23 00h39.41.136821 +0530,
78,80,162,644,0,92,l,0.45562929997686297,None,92,0,644,6,993.3863679999486,,993.3770199999562,993.3863679999486,994.3865114999935,994.3865114999935,994.3865114999935,994.856466999976,l,0.45562929997686297,None,2,001,2025-10-23_00h39.35.224,untitled,,2025.1.1,144.04717839596768,2025-10-23 00h39.41.136821 +0530,
11,30,7,645,1,92,t,0.354181399976369,None,92,1,645,0,994.8695827999618,,994.8600870999508,994.8695827999618,995.8700212999829,995.8700212999829,995.8700212999829,996.239731699985,t,0.354181399976369,None,2,001,2025-10-23_00h39.35.224,untitled,,2025.1.1,144.04717839596768,2025-10-23 00h39.41.136821 +0530,
40,55,62,646,2,92,l,0.017526499985251576,None,92,2,646,3,996.2528230999596,,996.2437875999603,996.2528230999596,997.2532501999522,997.2532501999522,997.2532501999522,997.2734881999786,l,0.017526499985251576,None,2,001,2025-10-23_00h39.35.224,untitled,,2025.1.1,144.04717839596768,2025-10-23 00h39.41.136821 +0530,
49,60,89,647,3,92,t,0.40536360000260174,None,92,3,647,4,997.2865471999976,,997.2770385999465,997.2865471999976,998.2862574999453,998.2862574999453,998.2862574999453,998.7064209999517,t,0.40536360000260174,None,2,001,2025-10-23_00h39.35.224,untitled,,2025.1.1,144.04717839596768,2025-10-23 00h39.41.136821 +0530,
67,75,119,648,4,92,l,0.4958561999956146,None,92,4,648,5,998.7199125999468,,998.7099062999478,998.7199125999468,999.7195706999628,999.7195706999628,999.7195706999628,1000.2226158999838,l,0.4958561999956146,None,2,001,2025-10-23_00h39.35.224,untitled,,2025.1.1,144.04717839596768,2025-10-23 00h39.41.136821 +0530,
27,50,21,649,5,92,t,0.347710800007917,None,92,5,649,2,1000.235947499983,,1000.2263424999546,1000.235947499983,1001.2364782999502,1001.2364782999502,1001.2364782999502,1001.5897424999857,t,0.347710800007917,None,2,001,2025-10-23_00h39.35.224,untitled,,2025.1.1,144.04717839596768,2025-10-23 00h39.41.136821 +0530,
15,35,13,650,6,92,l,0.3700364999822341,None,92,6,650,1,1001.6025717999437,,1001.5932991999434,1001.6025717999437,1002.603224099963,1002.603224099963,1002.603224099963,1002.9893442999455,l,0.3700364999822341,None,2,001,2025-10-23_00h39.35.224,untitled,,2025.1.1,144.04717839596768,2025-10-23 00h39.41.136821 +0530,
40,55,62,651,0,93,t,0.25040389999048784,None,93,0,651,3,1003.0025177999632,,1002.992918599979,1003.0025177999632,1004.0028998999624,1004.0028998999624,1004.0028998999624,1004.2569075999781,t,0.25040389999048784,None,2,001,2025-10-23_00h39.35.224,untitled,,2025.1.1,144.04717839596768,2025-10-23 00h39.41.136821 +0530,
27,50,21,652,1,93,l,0.3273600999964401,None,93,1,652,2,1004.2689004999702,,1004.2608404999482,1004.2689004999702,1005.2699063999462,1005.2699063999462,1005.2699063999462,1005.6062989999773,l,0.3273600999964401,None,2,001,2025-10-23_00h39.35.224,untitled,,2025.1.1,144.04717839596768,2025-10-23 00h39.41.136821 +0530,
78,80,162,653,2,93,t,0.6964567999821156,None,93,2,653,6,1005.6188504999736,,1005.6097820999566,1005.6188504999736,1006.6192375999526,1006.6192375999526,1006.6192375999526,1007.3229436999536,t,0.6964567999821156,None,2,001,2025-10-23_00h39.35.224,untitled,,2025.1.1,144.04717839596768,2025-10-23 00h39.41.136821 +0530,
15,35,13,654,3,93,l,0.16237470001215115,None,93,3,654,1,1007.3357732999721,,1007.3268575999537,1007.3357732999721,1008.3362040999928,1008.3362040999928,1008.3362040999928,1008.5058007999905,l,0.16237470001215115,None,2,001,2025-10-23_00h39.35.224,untitled,,2025.1.1,144.04717839596768,2025-10-23 00h39.41.136821 +0530,
49,60,89,655,4,93,t,0.25150199997005984,None,93,4,655,4,1008.5189843999688,,1008.5091469999752,1008.5189843999688,1009.5194549999433,1009.5194549999433,1009.5194549999433,1009.7730921999901,t,0.25150199997005984,None,2,001,2025-10-23_00h39.35.224,untitled,,2025.1.1,144.04717839596768,2025-10-23 00h39.41.136821 +0530,
11,30,7,656,5,93,l,0.23882239998783916,None,93,5,656,0,1009.7860328999814,,1009.7766448999755,1009.7860328999814,1010.7857074999483,1010.7857074999483,1010.7857074999483,1011.0393748999923,l,0.23882239998783916,None,2,001,2025-10-23_00h39.35.224,untitled,,2025.1.1,144.04717839596768,2025-10-23 00h39.41.136821 +0530,
67,75,119,657,6,93,t,0.09337940003024414,None,93,6,657,5,1011.0521324999863,,1011.0428518999834,1011.0521324999863,1012.0528533999459,1012.0528533999459,1012.0528533999459,1012.1555486999569,t,0.09337940003024414,None,2,001,2025-10-23_00h39.35.224,untitled,,2025.1.1,144.04717839596768,2025-10-23 00h39.41.136821 +0530,
67,75,119,658,0,94,l,0.21078189997933805,None,94,0,658,5,1012.1690143999876,,1012.1557625999558,1012.1690143999876,1013.1691736999783,1013.1691736999783,1013.1691736999783,1013.3889874999877,l,0.21078189997933805,None,2,001,2025-10-23_00h39.35.224,untitled,,2025.1.1,144.04717839596768,2025-10-23 00h39.41.136821 +0530,
11,30,7,659,1,94,t,0.48466180003015324,None,94,1,659,0,1013.4029052999686,,1013.3923956999788,1013.4029052999686,1014.4025600999594,1014.4025600999594,1014.4025600999594,1014.8895907999831,t,0.48466180003015324,None,2,001,2025-10-23_00h39.35.224,untitled,,2025.1.1,144.04717839596768,2025-10-23 00h39.41.136821 +0530,
78,80,162,660,2,94,t,0.8190556999761611,None,94,2,660,6,1014.901776499988,,1014.893207599991,1014.901776499988,1015.9020442999899,1015.9020442999899,1015.9020442999899,1016.7226203999599,t,0.8190556999761611,None,2,001,2025-10-23_00h39.35.224,untitled,,2025.1.1,144.04717839596768,2025-10-23 00h39.41.136821 +0530,
49,60,89,661,3,94,l,1.244708799989894,None,94,3,661,4,1016.7352511999779,,1016.7262375999708,1016.7352511999779,1017.7355478999671,1017.7355478999671,1017.7355478999671,1018.9885184999439,l,1.244708799989894,None,2,001,2025-10-23_00h39.35.224,untitled,,2025.1.1,144.04717839596768,2025-10-23 00h39.41.136821 +0530,
40,55,62,662,4,94,t,0.38296939997235313,None,94,4,662,3,1019.0020160999848,,1018.9921481999918,1019.0020160999848,1020.0018194000004,1020.0018194000004,1020.0018194000004,1020.3898351999815,t,0.38296939997235313,None,2,001,2025-10-23_00h39.35.224,untitled,,2025.1.1,144.04717839596768,2025-10-23 00h39.41.136821 +0530,
15,35,13,663,5,94,l,0.3356204000301659,None,94,5,663,1,1020.4016378999804,,1020.3934209999861,1020.4016378999804,1021.4022040999844,1021.4022040999844,1021.4022040999844,1021.7390052999835,l,0.3356204000301659,None,2,001,2025-10-23_00h39.35.224,untitled,,2025.1.1,144.04717839596768,2025-10-23 00h39.41.136821 +0530,
27,50,21,664,6,94,t,0.1189499000320211,None,94,6,664,2,1021.7514899999951,,1021.7439877999714,1021.7514899999951,1022.7523358999752,1022.7523358999752,1022.7523358999752,1022.872343999974,t,0.1189499000320211,None,2,001,2025-10-23_00h39.35.224,untitled,,2025.1.1,144.04717839596768,2025-10-23 00h39.41.136821 +0530,
11,30,7,665,0,95,l,0.4001890000072308,None,95,0,665,0,1022.8847301999922,,1022.8769422999467,1022.8847301999922,1023.8857325999998,1023.8857325999998,1023.8857325999998,1024.2887315999833,l,0.4001890000072308,None,2,001,2025-10-23_00h39.35.224,untitled,,2025.1.1,144.04717839596768,2025-10-23 00h39.41.136821 +0530,
27,50,21,666,1,95,l,1.329222199972719,None,95,1,666,2,1024.3009667999577,,1024.2922923999722,1024.3009667999577,1025.3017077999539,1025.3017077999539,1025.3017077999539,1026.6385920999455,l,1.329222199972719,None,2,001,2025-10-23_00h39.35.224,untitled,,2025.1.1,144.04717839596768,2025-10-23 00h39.41.136821 +0530,
49,60,89,667,2,95,t,0.36710600001970306,None,95,2,667,4,1026.6518132999772,,1026.6421794999624,1026.6518132999772,1027.6520088999532,1027.6520088999532,1027.6520088999532,1028.0221398999565,t,0.36710600001970306,None,2,001,2025-10-23_00h39.35.224,untitled,,2025.1.1,144.04717839596768,2025-10-23 00h39.41.136821 +0530,
40,55,62,668,3,95,t,0.05696660000830889,None,95,3,668,3,1028.0345869999728,,1028.026103399985,1028.0345869999728,1029.0348213999532,1029.0348213999532,1029.0348213999532,1029.1048878999427,t,0.05696660000830889,None,2,001,2025-10-23_00h39.35.224,untitled,,2025.1.1,144.04717839596768,2025-10-23 00h39.41.136821 +0530,
78,80,162,669,4,95,t,0.08912409999174997,None,95,4,669,6,1029.1179693999584,,1029.109496399993,1029.1179693999584,1030.1187003999949,1030.1187003999949,1030.1187003999949,1030.2215280999662,t,0.08912409999174997,None,2,001,2025-10-23_00h39.35.224,untitled,,2025.1.1,144.04717839596768,2025-10-23 00h39.41.136821 +0530,
15,35,13,670,5,95,t,0.0038921000086702406,None,95,5,670,1,1030.2350105999503,,1030.225122599979,1030.2350105999503,1031.2346808999428,1031.2346808999428,1031.2346808999428,1031.2550063999952,t,0.0038921000086702406,None,2,001,2025-10-23_00h39.35.224,untitled,,2025.1.1,144.04717839596768,2025-10-23 00h39.41.136821 +0530,
67,75,119,671,6,95,l,0.23964869999326766,None,95,6,671,5,1031.2680569999502,,1031.258568899997,1031.2680569999502,1032.2681748999748,1032.2681748999748,1032.2681748999748,1032.5217593999696,l,0.23964869999326766,None,2,001,2025-10-23_00h39.35.224,untitled,,2025.1.1,144.04717839596768,2025-10-23 00h39.41.136821 +0530,
78,80,162,672,0,96,l,0.7958185999887064,None,96,0,672,6,1032.5345790999709,,1032.525080099993,1032.5345790999709,1033.535274999973,1033.535274999973,1033.535274999973,1034.3386826999485,l,0.7958185999887064,None,2,001,2025-10-23_00h39.35.224,untitled,,2025.1.1,144.04717839596768,2025-10-23 00h39.41.136821 +0530,
11,30,7,673,1,96,t,0.2887114000041038,None,96,1,673,0,1034.3510294999578,,1034.3422673999448,1034.3510294999578,1035.351674399979,1035.351674399979,1035.351674399979,1035.6548759999569,t,0.2887114000041038,None,2,001,2025-10-23_00h39.35.224,untitled,,2025.1.1,144.04717839596768,2025-10-23 00h39.41.136821 +0530,
27,50,21,674,2,96,l,0.14381979999598116,None,96,2,674,2,1035.6683056999464,,1035.6596827999456,1035.6683056999464,1036.6682998999604,1036.6682998999604,1036.6682998999604,1036.8215420999913,l,0.14381979999598116,None,2,001,2025-10-23_00h39.35.224,untitled,,2025.1.1,144.04717839596768,2025-10-23 00h39.41.136821 +0530,
40,55,62,675,3,96,t,0.32078959996579215,None,96,3,675,3,1036.8341781999916,,1036.8259938999545,1036.8341781999916,1037.8351852999767,1037.8351852999767,1037.8351852999767,1038.1712317999918,t,0.32078959996579215,None,2,001,2025-10-23_00h39.35.224,untitled,,2025.1.1,144.04717839596768,2025-10-23 00h39.41.136821 +0530,
15,35,13,676,4,96,l,0.3208845999906771,None,96,4,676,1,1038.184479699994,,1038.1748331999988,1038.184479699994,1039.1844177999883,1039.1844177999883,1039.1844177999883,1039.5217336999485,l,0.3208845999906771,None,2,001,2025-10-23_00h39.35.224,untitled,,2025.1.1,144.04717839596768,2025-10-23 00h39.41.136821 +0530,
67,75,119,677,5,96,t,0.17612840002402663,None,96,5,677,5,1039.5345256999717,,1039.5252057999605,1039.5345256999717,1040.5348722999915,1040.5348722999915,1040.5348722999915,1040.721396399953,t,0.17612840002402663,None,2,001,2025-10-23_00h39.35.224,untitled,,2025.1.1,144.04717839596768,2025-10-23 00h39.41.136821 +0530,
49,60,89,678,6,96,l,0.3033067000214942,None,96,6,678,4,1040.7340836999938,,1040.7253744999762,1040.7340836999938,1041.7347983999643,1041.7347983999643,1041.7347983999643,1042.0546552999876,l,0.3033067000214942,None,2,001,2025-10-23_00h39.35.224,untitled,,2025.1.1,144.04717839596768,2025-10-23 00h39.41.136821 +0530,
27,50,21,679,0,97,t,0.2069469999987632,None,97,0,679,2,1042.067494399962,,1042.0582727999426,1042.067494399962,1043.0681098999921,1043.0681098999921,1043.0681098999921,1043.287797899975,t,0.2069469999987632,None,2,001,2025-10-23_00h39.35.224,untitled,,2025.1.1,144.04717839596768,2025-10-23 00h39.41.136821 +0530,
11,30,7,680,1,97,l,0.28760799998417497,None,97,1,680,0,1043.300748299982,,1043.292272599996,1043.300748299982,1044.301196699962,1044.301196699962,1044.301196699962,1044.604957399948,l,0.28760799998417497,None,2,001,2025-10-23_00h39.35.224,untitled,,2025.1.1,144.04717839596768,2025-10-23 00h39.41.136821 +0530,
78,80,162,681,2,97,t,0.1840787999681197,None,97,2,681,6,1044.6172327999957,,1044.6092081999523,1044.6172327999957,1045.617800399952,1045.617800399952,1045.617800399952,1045.8051074999967,t,0.1840787999681197,None,2,001,2025-10-23_00h39.35.224,untitled,,2025.1.1,144.04717839596768,2025-10-23 00h39.41.136821 +0530,
15,35,13,682,3,97,t,0.1007433999911882,None,97,3,682,1,1045.817551199987,,1045.8086822999758,1045.817551199987,1046.8176908999449,1046.8176908999449,1046.8176908999449,1046.9217864999664,t,0.1007433999911882,None,2,001,2025-10-23_00h39.35.224,untitled,,2025.1.1,144.04717839596768,2025-10-23 00h39.41.136821 +0530,
67,75,119,683,4,97,t,0.23711819999152794,None,97,4,683,5,1046.934028699994,,1046.9252100999583,1046.934028699994,1047.9347641999484,1047.9347641999484,1047.9347641999484,1048.187483799993,t,0.23711819999152794,None,2,001,2025-10-23_00h39.35.224,untitled,,2025.1.1,144.04717839596768,2025-10-23 00h39.41.136821 +0530,
49,60,89,684,5,97,t,0.22916539997095242,None,97,5,684,4,1048.201346399961,,1048.1910592999775,1048.201346399961,1049.2006987999775,1049.2006987999775,1049.2006987999775,1049.4373759999871,t,0.22916539997095242,None,2,001,2025-10-23_00h39.35.224,untitled,,2025.1.1,144.04717839596768,2025-10-23 00h39.41.136821 +0530,
40,55,62,685,6,97,l,0.1209656999562867,None,97,6,685,3,1049.4502665999462,,1049.4417895999504,1049.4502665999462,1050.4507114999578,1050.4507114999578,1050.4507114999578,1050.5893719999585,l,0.1209656999562867,None,2,001,2025-10-23_00h39.35.224,untitled,,2025.1.1,144.04717839596768,2025-10-23 00h39.41.136821 +0530,
15,35,13,686,0,98,l,0.0917225000448525,None,98,0,686,1,1050.616319499968,,1050.59479069995,1050.616319499968,1051.6009576999932,1051.6009576999932,1051.617643399979,1051.7044589999714,l,0.0917225000448525,None,2,001,2025-10-23_00h39.35.224,untitled,,2025.1.1,144.04717839596768,2025-10-23 00h39.41.136821 +0530,
40,55,62,687,1,98,l,0.31873900000937283,None,98,1,687,3,1051.7170387999504,,1051.7081265999586,1051.7170387999504,1052.7176290999632,1052.7176290999632,1052.7176290999632,1053.0378953999607,l,0.31873900000937283,None,2,001,2025-10-23_00h39.35.224,untitled,,2025.1.1,144.04717839596768,2025-10-23 00h39.41.136821 +0530,
67,75,119,688,2,98,l,1.0056699000415392,None,98,2,688,5,1053.0509207999567,,1053.0424981999677,1053.0509207999567,1054.0511586999637,1054.0511586999637,1054.0511586999637,1055.0709939999506,l,1.0056699000415392,None,2,001,2025-10-23_00h39.35.224,untitled,,2025.1.1,144.04717839596768,2025-10-23 00h39.41.136821 +0530,
27,50,21,689,3,98,l,0.08460229996126145,None,98,3,689,2,1055.083429099992,,1055.074625899957,1055.083429099992,1056.084158099955,1056.084158099955,1056.084158099955,1056.1707518999465,l,0.08460229996126145,None,2,001,2025-10-23_00h39.35.224,untitled,,2025.1.1,144.04717839596768,2025-10-23 00h39.41.136821 +0530,
11,30,7,690,4,98,t,0.3755403999821283,None,98,4,690,0,1056.1835208999692,,1056.1750830999808,1056.1835208999692,1057.183680499962,1057.183680499962,1057.183680499962,1057.570180299983,t,0.3755403999821283,None,2,001,2025-10-23_00h39.35.224,untitled,,2025.1.1,144.04717839596768,2025-10-23 00h39.41.136821 +0530,
78,80,162,691,5,98,t,0.0007087999838404357,None,98,5,691,6,1057.583517299965,,1057.573699499946,1057.583517299965,1058.583839799976,1058.583839799976,1058.583839799976,1058.5877447999665,t,0.0007087999838404357,None,2,001,2025-10-23_00h39.35.224,untitled,,2025.1.1,144.04717839596768,2025-10-23 00h39.41.136821 +0530,
49,60,89,692,6,98,t,0.5093611000338569,None,98,6,692,4,1058.6006474999595,,1058.5913530999678,1058.6006474999595,1059.6008423999883,1059.6008423999883,1059.6008423999883,1060.1205784999765,t,0.5093611000338569,None,2,001,2025-10-23_00h39.35.224,untitled,,2025.1.1,144.04717839596768,2025-10-23 00h39.41.136821 +0530,
49,60,89,693,0,99,t,0.08215710002696142,None,99,0,693,4,1060.1333863999462,,1060.120803699945,1060.1333863999462,1061.1339823999442,1061.1339823999442,1061.1339823999442,1061.2209398999694,t,0.08215710002696142,None,2,001,2025-10-23_00h39.35.224,untitled,,2025.1.1,144.04717839596768,2025-10-23 00h39.41.136821 +0530,
78,80,162,694,1,99,l,0.4733510999940336,None,99,1,694,6,1061.2332840999588,,1061.2245337999775,1061.2332840999588,1062.2337760999799,1062.2337760999799,1062.2337760999799,1062.720796699985,l,0.4733510999940336,None,2,001,2025-10-23_00h39.35.224,untitled,,2025.1.1,144.04717839596768,2025-10-23 00h39.41.136821 +0530,
67,75,119,695,2,99,l,0.5635516999755055,None,99,2,695,5,1062.733099599951,,1062.7242988999933,1062.733099599951,1063.7338802999584,1063.7338802999584,1063.7338802999584,1064.3036459999857,l,0.5635516999755055,None,2,001,2025-10-23_00h39.35.224,untitled,,2025.1.1,144.04717839596768,2025-10-23 00h39.41.136821 +0530,
27,50,21,696,3,99,l,0.4237768999882974,None,99,3,696,2,1064.3170042999554,,1064.3073051999672,1064.3170042999554,1065.3165273999912,1065.3165273999912,1065.3165273999912,1065.7533576999558,l,0.4237768999882974,None,2,001,2025-10-23_00h39.35.224,untitled,,2025.1.1,144.04717839596768,2025-10-23 00h39.41.136821 +0530,
40,55,62,697,4,99,t,0.292537999979686,None,99,4,697,3,1065.7665361999534,,1065.7569939999958,1065.7665361999534,1066.766525199986,1066.766525199986,1066.766525199986,1067.0706246999907,t,0.292537999979686,None,2,001,2025-10-23_00h39.35.224,untitled,,2025.1.1,144.04717839596768,2025-10-23 00h39.41.136821 +0530,
15,35,13,698,5,99,t,0.1351992999552749,None,99,5,698,1,1067.083167899982,,1067.0742288999609,1067.083167899982,1068.0836995999562,1068.0836995999562,1068.0836995999562,1068.2210368999513,t,0.1351992999552749,None,2,001,2025-10-23_00h39.35.224,untitled,,2025.1.1,144.04717839596768,2025-10-23 00h39.41.136821 +0530,
11,30,7,699,6,99,t,0.03587150003295392,None,99,6,699,0,1068.2327651999658,,1068.2247201999999,1068.2327651999658,1069.233605699963,1069.233605699963,1069.233605699963,1069.271748399944,t,0.03587150003295392,None,2,001,2025-10-23_00h39.35.224,untitled,,2025.1.1,144.04717839596768,2025-10-23 00h39.41.136821 +0530,
