reward_today,future_reward,delay,thisN,thisTrialN,thisRepN,key_resp.keys,key_resp.rt,key_resp.duration,trials.thisRepN,trials.thisTrialN,trials.thisN,trials.thisIndex,thisRow.t,notes,trial.started,fixation.started,text.started,key_resp.started,fixation.stopped,trial.stopped,trials.key_resp.keys,trials.key_resp.rt,trials.key_resp.duration,participant,session,date,expName,expVersion,psychopyVersion,frameRate,expStart,
67,75,119,0,0,0,t,1.391457499936223,None,0,0,0,5,0.12283600005321205,,0.11300399992614985,0.12283600005321205,0.9920252999290824,0.9920252999290824,1.1170028001070023,2.4028366000857204,t,1.391457499936223,None,3,001,2025-11-03_13h07.41.049,untitled,,2025.1.1,71.88943396521826,2025-11-03 13h07.47.120379 +0530,
11,30,7,1,1,0,t,0.7615676000714302,None,0,1,1,0,2.416678700130433,,2.409129499923438,2.416678700130433,3.396188900107518,3.396188900107518,3.4102837999816984,4.160695800092071,t,0.7615676000714302,None,3,001,2025-11-03_13h07.41.049,untitled,,2025.1.1,71.88943396521826,2025-11-03 13h07.47.120379 +0530,
40,55,62,2,2,0,t,0.5103376999031752,None,0,2,2,3,4.178041500039399,,4.171046900097281,4.178041500039399,5.150728499982506,5.150728499982506,5.171606499934569,5.665149899898097,t,0.5103376999031752,None,3,001,2025-11-03_13h07.41.049,untitled,,2025.1.1,71.88943396521826,2025-11-03 13h07.47.120379 +0530,
15,35,13,3,3,0,t,0.399138999870047,None,0,3,3,1,5.674800100037828,,5.66975610004738,5.674800100037828,6.661215299973264,6.661215299973264,6.6682637999765575,7.064790799980983,t,0.399138999870047,None,3,001,2025-11-03_13h07.41.049,untitled,,2025.1.1,71.88943396521826,2025-11-03 13h07.47.120379 +0530,
78,80,162,4,4,0,l,0.35170140000991523,None,0,4,4,6,7.081803000066429,,7.071686200099066,7.081803000066429,8.05416990001686,8.05416990001686,8.07501900009811,8.408976499922574,l,0.35170140000991523,None,3,001,2025-11-03_13h07.41.049,untitled,,2025.1.1,71.88943396521826,2025-11-03 13h07.47.120379 +0530,
27,50,21,5,5,0,t,0.2822990999557078,None,0,5,5,2,8.426447100006044,,8.414505599997938,8.426447100006044,9.398094899952412,9.398094899952412,9.419163000071421,9.683860900113359,t,0.2822990999557078,None,3,001,2025-11-03_13h07.41.049,untitled,,2025.1.1,71.88943396521826,2025-11-03 13h07.47.120379 +0530,
49,60,89,6,6,0,t,2.6440969000104815,None,0,6,6,4,9.693761700065807,,9.68810150003992,9.693761700065807,10.680028599919751,10.680028599919751,10.687028700020164,13.32675340003334,t,2.6440969000104815,None,3,001,2025-11-03_13h07.41.049,untitled,,2025.1.1,71.88943396521826,2025-11-03 13h07.47.120379 +0530,
27,50,21,7,0,1,l,0.49479889986105263,None,1,0,7,2,13.335401999996975,,13.330427099950612,13.335401999996975,14.32189520006068,14.32189520006068,14.328960800077766,14.822474299930036,l,0.49479889986105263,None,3,001,2025-11-03_13h07.41.049,untitled,,2025.1.1,71.88943396521826,2025-11-03 13h07.47.120379 +0530,
40,55,62,8,1,1,t,0.28462280007079244,None,1,1,8,3,14.831984899938107,,14.826494700042531,14.831984899938107,15.927851499989629,15.927851499989629,15.940715899923816,16.219293399946764,t,0.28462280007079244,None,3,001,2025-11-03_13h07.41.049,untitled,,2025.1.1,71.88943396521826,2025-11-03 13h07.47.120379 +0530,
11,30,7,9,2,1,t,3.7340484000742435,None,1,2,9,0,16.228102799970657,,16.223656499991193,16.228102799970657,17.214633699972183,17.214633699972183,17.22157680010423,20.951119400095195,t,3.7340484000742435,None,3,001,2025-11-03_13h07.41.049,untitled,,2025.1.1,71.88943396521826,2025-11-03 13h07.47.120379 +0530,
67,75,119,10,3,1,l,0.37276910012587905,None,1,3,10,5,20.960579900071025,,20.95602530008182,20.960579900071025,21.94160549994558,21.94160549994558,21.955530300037935,22.31684929993935,l,0.37276910012587905,None,3,001,2025-11-03_13h07.41.049,untitled,,2025.1.1,71.88943396521826,2025-11-03 13h07.47.120379 +0530,
78,80,162,11,4,1,t,0.3336927001364529,None,1,4,11,6,22.32441040012054,,22.320423600031063,22.32441040012054,23.31056519993581,23.31056519993581,23.31772299995646,23.65121589996852,t,0.3336927001364529,None,3,001,2025-11-03_13h07.41.049,untitled,,2025.1.1,71.88943396521826,2025-11-03 13h07.47.120379 +0530,
49,60,89,12,5,1,l,0.2971134001854807,None,1,5,12,4,23.65949509991333,,23.65513759991154,23.65949509991333,24.646027199923992,24.646027199923992,24.653046400053427,24.945177600020543,l,0.2971134001854807,None,3,001,2025-11-03_13h07.41.049,untitled,,2025.1.1,71.88943396521826,2025-11-03 13h07.47.120379 +0530,
15,35,13,13,6,1,t,0.16834560013376176,None,1,6,13,1,24.954085800098255,,24.949225699994713,24.954085800098255,25.940487700048834,25.940487700048834,25.94824649998918,26.11443420010619,t,0.16834560013376176,None,3,001,2025-11-03_13h07.41.049,untitled,,2025.1.1,71.88943396521826,2025-11-03 13h07.47.120379 +0530,
40,55,62,14,0,2,l,0.3760307999327779,None,2,0,14,3,26.124318700050935,,26.119372100103647,26.124318700050935,27.110840199980885,27.110840199980885,27.11774679995142,27.49279970000498,l,0.3760307999327779,None,3,001,2025-11-03_13h07.41.049,untitled,,2025.1.1,71.88943396521826,2025-11-03 13h07.47.120379 +0530,
27,50,21,15,1,2,l,0.2520120001863688,None,2,1,15,2,27.501620100112632,,27.497109200106934,27.501620100112632,28.488242299994454,28.488242299994454,28.495175800053403,28.745470199966803,l,0.2520120001863688,None,3,001,2025-11-03_13h07.41.049,untitled,,2025.1.1,71.88943396521826,2025-11-03 13h07.47.120379 +0530,
67,75,119,16,2,2,l,0.3004778998438269,None,2,2,16,5,28.754301599925384,,28.749193999916315,28.754301599925384,29.740782900014892,29.740782900014892,29.747974199941382,30.046960199950263,l,0.3004778998438269,None,3,001,2025-11-03_13h07.41.049,untitled,,2025.1.1,71.88943396521826,2025-11-03 13h07.47.120379 +0530,
11,30,7,17,3,2,l,0.3452800000086427,None,2,3,17,0,30.05682580010034,,30.051653099944815,30.05682580010034,31.043255500029773,31.043255500029773,31.05018260003999,31.391075799940154,l,0.3452800000086427,None,3,001,2025-11-03_13h07.41.049,untitled,,2025.1.1,71.88943396521826,2025-11-03 13h07.47.120379 +0530,
15,35,13,18,4,2,l,0.3508986998349428,None,2,4,18,1,31.399996400112286,,31.39501229999587,31.399996400112286,32.38652250007726,32.38652250007726,32.39381100004539,32.74131159996614,l,0.3508986998349428,None,3,001,2025-11-03_13h07.41.049,untitled,,2025.1.1,71.88943396521826,2025-11-03 13h07.47.120379 +0530,
78,80,162,19,5,2,t,0.2526678000576794,None,2,5,19,6,32.74999530008063,,32.744957600021735,32.74999530008063,33.736254499992356,33.736254499992356,33.7432752000168,33.99374770000577,t,0.2526678000576794,None,3,001,2025-11-03_13h07.41.049,untitled,,2025.1.1,71.88943396521826,2025-11-03 13h07.47.120379 +0530,
49,60,89,20,6,2,l,0.14212059997953475,None,2,6,20,4,34.003056100104004,,33.998181600123644,34.003056100104004,34.98983499989845,34.98983499989845,34.99680719990283,35.13634159998037,l,0.14212059997953475,None,3,001,2025-11-03_13h07.41.049,untitled,,2025.1.1,71.88943396521826,2025-11-03 13h07.47.120379 +0530,
78,80,162,21,0,3,t,0.21113399998284876,None,3,0,21,6,35.14510959992185,,35.14016980002634,35.14510959992185,36.13158049993217,36.13158049993217,36.13835290004499,36.34738190006465,t,0.21113399998284876,None,3,001,2025-11-03_13h07.41.049,untitled,,2025.1.1,71.88943396521826,2025-11-03 13h07.47.120379 +0530,
49,60,89,22,1,3,t,0.08499750006012619,None,3,1,22,4,36.35679280012846,,36.351844399934635,36.35679280012846,37.33622399996966,37.33622399996966,37.35038869990967,37.42705260007642,t,0.08499750006012619,None,3,001,2025-11-03_13h07.41.049,untitled,,2025.1.1,71.88943396521826,2025-11-03 13h07.47.120379 +0530,
27,50,21,23,2,3,t,0.20504090003669262,None,3,2,23,2,37.43592600012198,,37.431149899959564,37.43592600012198,38.422344099963084,38.422344099963084,38.429383100010455,38.631403299979866,t,0.20504090003669262,None,3,001,2025-11-03_13h07.41.049,untitled,,2025.1.1,71.88943396521826,2025-11-03 13h07.47.120379 +0530,
40,55,62,24,3,3,l,0.10099219996482134,None,3,3,24,3,38.64028970012441,,38.63524720002897,38.64028970012441,39.626482099993154,39.626482099993154,39.63358290004544,39.731388800079,l,0.10099219996482134,None,3,001,2025-11-03_13h07.41.049,untitled,,2025.1.1,71.88943396521826,2025-11-03 13h07.47.120379 +0530,
11,30,7,25,4,3,l,0.14695960003882647,None,3,4,25,0,39.74084340012632,,39.73592139990069,39.74084340012632,40.727493999991566,40.727493999991566,40.734154199948534,40.88058550003916,l,0.14695960003882647,None,3,001,2025-11-03_13h07.41.049,untitled,,2025.1.1,71.88943396521826,2025-11-03 13h07.47.120379 +0530,
67,75,119,26,5,3,l,0.028237200109288096,None,3,5,26,5,40.889523900114,,40.88440280011855,40.889523900114,41.87574449996464,41.87574449996464,41.88292589993216,41.91129760001786,l,0.028237200109288096,None,3,001,2025-11-03_13h07.41.049,untitled,,2025.1.1,71.88943396521826,2025-11-03 13h07.47.120379 +0530,
15,35,13,27,6,3,l,0.5079305998515338,None,3,6,27,1,41.919898400083184,,41.91531409998424,41.919898400083184,42.90605330001563,42.90605330001563,42.91314149997197,43.420463599963114,l,0.5079305998515338,None,3,001,2025-11-03_13h07.41.049,untitled,,2025.1.1,71.88943396521826,2025-11-03 13h07.47.120379 +0530,
15,35,13,28,0,4,l,0.22634419985115528,None,4,0,28,1,43.42707460001111,,43.420755200088024,43.42707460001111,44.41320879990235,44.41320879990235,44.420194200007245,44.642932400107384,l,0.22634419985115528,None,3,001,2025-11-03_13h07.41.049,untitled,,2025.1.1,71.88943396521826,2025-11-03 13h07.47.120379 +0530,
49,60,89,29,1,4,t,0.2571671998593956,None,4,1,29,4,44.652364399982616,,44.64741130010225,44.652364399982616,45.63887619995512,45.63887619995512,45.64608000009321,45.89662840007804,t,0.2571671998593956,None,3,001,2025-11-03_13h07.41.049,untitled,,2025.1.1,71.88943396521826,2025-11-03 13h07.47.120379 +0530,
67,75,119,30,2,4,l,0.3013732999097556,None,4,2,30,5,45.90649789990857,,45.9007689000573,45.90649789990857,46.89300030004233,46.89300030004233,46.900304100010544,47.198856099974364,l,0.3013732999097556,None,3,001,2025-11-03_13h07.41.049,untitled,,2025.1.1,71.88943396521826,2025-11-03 13h07.47.120379 +0530,
40,55,62,31,3,4,t,0.43223870010115206,None,4,3,31,3,47.208536999998614,,47.20352600002661,47.208536999998614,48.190640399931,48.190640399931,48.20496389991604,48.629117199918255,t,0.43223870010115206,None,3,001,2025-11-03_13h07.41.049,untitled,,2025.1.1,71.88943396521826,2025-11-03 13h07.47.120379 +0530,
78,80,162,32,4,4,t,0.25058089988306165,None,4,4,32,6,48.63713030004874,,48.6332499999553,48.63713030004874,49.62368379998952,49.62368379998952,49.63068659999408,49.880795100005344,t,0.25058089988306165,None,3,001,2025-11-03_13h07.41.049,untitled,,2025.1.1,71.88943396521826,2025-11-03 13h07.47.120379 +0530,
27,50,21,33,5,4,t,0.31541469995863736,None,4,5,33,2,49.88826690008864,,49.88457609992474,49.88826690008864,50.87490350008011,50.87490350008011,50.88200569991022,51.19488879991695,t,0.31541469995863736,None,3,001,2025-11-03_13h07.41.049,untitled,,2025.1.1,71.88943396521826,2025-11-03 13h07.47.120379 +0530,
11,30,7,34,6,4,t,0.2748010999057442,None,4,6,34,0,51.202041500015184,,51.19809200009331,51.202041500015184,52.18858819990419,52.18858819990419,52.19556659995578,52.4665401999373,t,0.2748010999057442,None,3,001,2025-11-03_13h07.41.049,untitled,,2025.1.1,71.88943396521826,2025-11-03 13h07.47.120379 +0530,
78,80,162,35,0,5,l,0.35172179993242025,None,5,0,35,6,52.47464870009571,,52.470503400079906,52.47464870009571,53.46120769996196,53.46120769996196,53.46815329999663,53.81605160003528,l,0.35172179993242025,None,3,001,2025-11-03_13h07.41.049,untitled,,2025.1.1,71.88943396521826,2025-11-03 13h07.47.120379 +0530,
40,55,62,36,1,5,t,0.20081579987891018,None,5,1,36,3,53.82538800011389,,53.820266199996695,53.82538800011389,54.81174949998967,54.81174949998967,54.81870270008221,55.01371420011856,t,0.20081579987891018,None,3,001,2025-11-03_13h07.41.049,untitled,,2025.1.1,71.88943396521826,2025-11-03 13h07.47.120379 +0530,
49,60,89,37,2,5,l,0.3207801999524236,None,5,2,37,4,55.022477499907836,,55.01762400008738,55.022477499907836,56.008969200076535,56.008969200076535,56.015889999922365,56.33606419991702,l,0.3207801999524236,None,3,001,2025-11-03_13h07.41.049,untitled,,2025.1.1,71.88943396521826,2025-11-03 13h07.47.120379 +0530,
15,35,13,38,3,5,t,0.19048759993165731,None,5,3,38,1,56.344954600092024,,56.33991910004988,56.344954600092024,57.331372200045735,57.331372200045735,57.33836179994978,57.52642609993927,t,0.19048759993165731,None,3,001,2025-11-03_13h07.41.049,untitled,,2025.1.1,71.88943396521826,2025-11-03 13h07.47.120379 +0530,
27,50,21,39,4,5,l,0.28734349994920194,None,5,4,39,2,57.53537690010853,,57.53048720001243,57.53537690010853,58.5217566001229,58.5217566001229,58.52876919996925,58.814022599952295,l,0.28734349994920194,None,3,001,2025-11-03_13h07.41.049,untitled,,2025.1.1,71.88943396521826,2025-11-03 13h07.47.120379 +0530,
67,75,119,40,5,5,l,0.48930299980565906,None,5,5,40,5,58.822792700026184,,58.81795020005666,58.822792700026184,59.80956510012038,59.80956510012038,59.81640139990486,60.30359339993447,l,0.48930299980565906,None,3,001,2025-11-03_13h07.41.049,untitled,,2025.1.1,71.88943396521826,2025-11-03 13h07.47.120379 +0530,
11,30,7,41,6,5,l,0.0498794000595808,None,5,6,41,0,60.31269080005586,,60.307842599926516,60.31269080005586,61.299113699933514,61.299113699933514,61.30646200012416,61.35504569998011,l,0.0498794000595808,None,3,001,2025-11-03_13h07.41.049,untitled,,2025.1.1,71.88943396521826,2025-11-03 13h07.47.120379 +0530,
40,55,62,42,0,6,l,0.3771565998904407,None,6,0,42,3,61.36380730010569,,61.35909810010344,61.36380730010569,62.3502205000259,62.3502205000259,62.35714380000718,62.732677299994975,l,0.3771565998904407,None,3,001,2025-11-03_13h07.41.049,untitled,,2025.1.1,71.88943396521826,2025-11-03 13h07.47.120379 +0530,
49,60,89,43,1,6,l,0.1903359000571072,None,6,1,43,4,62.74235079996288,,62.73717189999297,62.74235079996288,63.72871050005779,63.72871050005779,63.7357900000643,63.92403899994679,l,0.1903359000571072,None,3,001,2025-11-03_13h07.41.049,untitled,,2025.1.1,71.88943396521826,2025-11-03 13h07.47.120379 +0530,
15,35,13,44,2,6,l,0.45618239999748766,None,6,2,44,1,63.93398299999535,,63.92846810002811,63.93398299999535,64.9200484000612,64.9200484000612,64.92719350010157,65.37921819998883,l,0.45618239999748766,None,3,001,2025-11-03_13h07.41.049,untitled,,2025.1.1,71.88943396521826,2025-11-03 13h07.47.120379 +0530,
67,75,119,45,3,6,l,0.25349869998171926,None,6,3,45,5,65.38823399995454,,65.38292320002802,65.38823399995454,66.3745744000189,66.3745744000189,66.38155240006745,66.63198850001208,l,0.25349869998171926,None,3,001,2025-11-03_13h07.41.049,untitled,,2025.1.1,71.88943396521826,2025-11-03 13h07.47.120379 +0530,
11,30,7,46,4,6,l,0.21213300013914704,None,6,4,46,0,66.64036979991943,,66.63649530010298,66.64036979991943,67.62729860004038,67.62729860004038,67.63458389998414,67.8432283999864,l,0.21213300013914704,None,3,001,2025-11-03_13h07.41.049,untitled,,2025.1.1,71.88943396521826,2025-11-03 13h07.47.120379 +0530,
27,50,21,47,5,6,l,0.09352200012654066,None,6,5,47,2,67.85318249999546,,67.8484781999141,67.85318249999546,68.83274849993177,68.83274849993177,68.84690920007415,68.93070530006662,l,0.09352200012654066,None,3,001,2025-11-03_13h07.41.049,untitled,,2025.1.1,71.88943396521826,2025-11-03 13h07.47.120379 +0530,
78,80,162,48,6,6,t,0.045298500219359994,None,6,6,48,6,68.93970960006118,,68.93471319996752,68.93970960006118,69.92586100008339,69.92586100008339,69.9334484001156,69.97546819993295,t,0.045298500219359994,None,3,001,2025-11-03_13h07.41.049,untitled,,2025.1.1,71.88943396521826,2025-11-03 13h07.47.120379 +0530,
27,50,21,49,0,7,t,0.31696339999325573,None,7,0,49,2,69.99289859994315,,69.98067640000954,69.99289859994315,70.9657990001142,70.9657990001142,70.98669259995222,71.28605369990692,t,0.31696339999325573,None,3,001,2025-11-03_13h07.41.049,untitled,,2025.1.1,71.88943396521826,2025-11-03 13h07.47.120379 +0530,
11,30,7,50,1,7,t,0.35491580003872514,None,7,1,50,0,71.29479889990762,,71.28986310004257,71.29479889990762,72.2812002999708,72.2812002999708,72.28820469998755,72.64245799998753,t,0.35491580003872514,None,3,001,2025-11-03_13h07.41.049,untitled,,2025.1.1,71.88943396521826,2025-11-03 13h07.47.120379 +0530,
49,60,89,51,2,7,t,0.42554859980009496,None,7,2,51,4,72.65075109992176,,72.64620839990675,72.65075109992176,73.63702709996141,73.63702709996141,73.64402449992485,74.06683690007776,t,0.42554859980009496,None,3,001,2025-11-03_13h07.41.049,untitled,,2025.1.1,71.88943396521826,2025-11-03 13h07.47.120379 +0530,
78,80,162,52,3,7,t,0.324512500083074,None,7,3,52,6,74.07381860003807,,74.0700451999437,74.07381860003807,75.06041550007649,75.06041550007649,75.06745880004019,75.38736129994504,t,0.324512500083074,None,3,001,2025-11-03_13h07.41.049,untitled,,2025.1.1,71.88943396521826,2025-11-03 13h07.47.120379 +0530,
67,75,119,53,4,7,t,0.42737350007519126,None,7,4,53,5,75.39606590010226,,75.3911888001021,75.39606590010226,76.38264279998839,76.38264279998839,76.38919320004061,76.8136136000976,t,0.42737350007519126,None,3,001,2025-11-03_13h07.41.049,untitled,,2025.1.1,71.88943396521826,2025-11-03 13h07.47.120379 +0530,
15,35,13,54,5,7,l,0.4488707999698818,None,7,5,54,1,76.82289030007087,,76.81781250005588,76.82289030007087,77.8089381000027,77.8089381000027,77.8162342000287,78.26148320012726,l,0.4488707999698818,None,3,001,2025-11-03_13h07.41.049,untitled,,2025.1.1,71.88943396521826,2025-11-03 13h07.47.120379 +0530,
40,55,62,55,6,7,l,0.5027748001739383,None,7,6,55,3,78.26917260000482,,78.26528779999353,78.26917260000482,79.25567240011878,79.25567240011878,79.26265839999542,79.76335019990802,l,0.5027748001739383,None,3,001,2025-11-03_13h07.41.049,untitled,,2025.1.1,71.88943396521826,2025-11-03 13h07.47.120379 +0530,
78,80,162,56,0,8,t,0.36224590009078383,None,8,0,56,6,79.7726686000824,,79.76744830003008,79.7726686000824,80.75895019993186,80.75895019993186,80.76608949992806,81.12745829997584,t,0.36224590009078383,None,3,001,2025-11-03_13h07.41.049,untitled,,2025.1.1,71.88943396521826,2025-11-03 13h07.47.120379 +0530,
15,35,13,57,1,8,t,0.34146360005252063,None,8,1,57,1,81.13571069994941,,81.13116519991308,81.13571069994941,82.12199190002866,82.12199190002866,82.1289047000464,82.4696637999732,t,0.34146360005252063,None,3,001,2025-11-03_13h07.41.049,untitled,,2025.1.1,71.88943396521826,2025-11-03 13h07.47.120379 +0530,
27,50,21,58,2,8,t,0.23903950001113117,None,8,2,58,2,82.47742290003225,,82.47382519999519,82.47742290003225,83.46378290001303,83.46378290001303,83.47128079994582,83.70811720006168,t,0.23903950001113117,None,3,001,2025-11-03_13h07.41.049,untitled,,2025.1.1,71.88943396521826,2025-11-03 13h07.47.120379 +0530,
49,60,89,59,3,8,t,0.4873639000579715,None,8,3,59,4,83.7158902999945,,83.71186779998243,83.7158902999945,84.70265299989842,84.70265299989842,84.70913120009936,85.19636880001053,t,0.4873639000579715,None,3,001,2025-11-03_13h07.41.049,untitled,,2025.1.1,71.88943396521826,2025-11-03 13h07.47.120379 +0530,
40,55,62,60,4,8,l,0.250575500074774,None,8,4,60,3,85.20481649995781,,85.20089230011217,85.20481649995781,86.1867448000703,86.1867448000703,86.20081309997477,86.44446590007283,l,0.250575500074774,None,3,001,2025-11-03_13h07.41.049,untitled,,2025.1.1,71.88943396521826,2025-11-03 13h07.47.120379 +0530,
11,30,7,61,5,8,l,0.28515549981966615,None,8,5,61,0,86.45324390009046,,86.44858810002916,86.45324390009046,87.43987679993734,87.43987679993734,87.44722110009752,87.73628220008686,l,0.28515549981966615,None,3,001,2025-11-03_13h07.41.049,untitled,,2025.1.1,71.88943396521826,2025-11-03 13h07.47.120379 +0530,
67,75,119,62,6,8,l,0.2479440001770854,None,8,6,62,5,87.74923840002157,,87.74039330007508,87.74923840002157,88.72855230001733,88.72855230001733,88.74251289991662,88.97877470008098,l,0.2479440001770854,None,3,001,2025-11-03_13h07.41.049,untitled,,2025.1.1,71.88943396521826,2025-11-03 13h07.47.120379 +0530,
67,75,119,63,0,9,l,0.33713500015437603,None,9,0,63,5,88.98502409993671,,88.97898490005173,88.98502409993671,89.97138189990073,89.97138189990073,89.97870959993452,90.31224670005031,l,0.33713500015437603,None,3,001,2025-11-03_13h07.41.049,untitled,,2025.1.1,71.88943396521826,2025-11-03 13h07.47.120379 +0530,
49,60,89,64,1,9,t,0.5011240001767874,None,9,1,64,4,90.32184120011516,,90.31669700006023,90.32184120011516,91.3023049000185,91.3023049000185,91.31642140005715,91.80942060006782,t,0.5011240001767874,None,3,001,2025-11-03_13h07.41.049,untitled,,2025.1.1,71.88943396521826,2025-11-03 13h07.47.120379 +0530,
15,35,13,65,2,9,l,0.1634794999845326,None,9,2,65,1,91.8189141000621,,91.81406509992667,91.8189141000621,92.80011019995436,92.80011019995436,92.81415059999563,92.96723180008121,l,0.1634794999845326,None,3,001,2025-11-03_13h07.41.049,untitled,,2025.1.1,71.88943396521826,2025-11-03 13h07.47.120379 +0530,
40,55,62,66,3,9,t,0.2654738000128418,None,9,3,66,3,92.97658909996971,,92.97138589993119,92.97658909996971,93.95640920009464,93.95640920009464,93.97056780010462,94.22772930003703,t,0.2654738000128418,None,3,001,2025-11-03_13h07.41.049,untitled,,2025.1.1,71.88943396521826,2025-11-03 13h07.47.120379 +0530,
78,80,162,67,4,9,t,0.3509186999872327,None,9,4,67,6,94.23565419996157,,94.23125630011782,94.23565419996157,95.22289650002494,95.22289650002494,95.22979609994218,95.57795509998687,t,0.3509186999872327,None,3,001,2025-11-03_13h07.41.049,untitled,,2025.1.1,71.88943396521826,2025-11-03 13h07.47.120379 +0530,
11,30,7,68,5,9,t,0.3087692998815328,None,9,5,68,0,95.58664770005271,,95.58163790008985,95.58664770005271,96.57272520009428,96.57272520009428,96.57987600006163,96.88600459997542,t,0.3087692998815328,None,3,001,2025-11-03_13h07.41.049,untitled,,2025.1.1,71.88943396521826,2025-11-03 13h07.47.120379 +0530,
27,50,21,69,6,9,t,0.34288450004532933,None,9,6,69,2,96.89572119992226,,96.89007050008513,96.89572119992226,97.88203070010059,97.88203070010059,97.88896899996325,98.22956330003217,t,0.34288450004532933,None,3,001,2025-11-03_13h07.41.049,untitled,,2025.1.1,71.88943396521826,2025-11-03 13h07.47.120379 +0530,
40,55,62,70,0,10,l,0.3208327000029385,None,10,0,70,3,98.239332200028,,98.23416809993796,98.239332200028,99.22566480003297,99.22566480003297,99.23269749991596,99.55239950004034,l,0.3208327000029385,None,3,001,2025-11-03_13h07.41.049,untitled,,2025.1.1,71.88943396521826,2025-11-03 13h07.47.120379 +0530,
67,75,119,71,1,10,l,0.4388854999560863,None,10,1,71,5,99.56081539997831,,99.55596909997985,99.56081539997831,100.54704249999486,100.54704249999486,100.55406300001778,100.99176060012542,l,0.4388854999560863,None,3,001,2025-11-03_13h07.41.049,untitled,,2025.1.1,71.88943396521826,2025-11-03 13h07.47.120379 +0530,
11,30,7,72,2,10,l,0.41251589986495674,None,10,2,72,0,101.00142550002784,,100.99655429995619,101.00142550002784,101.98796080006287,101.98796080006287,101.99489370011725,102.40520719997585,l,0.41251589986495674,None,3,001,2025-11-03_13h07.41.049,untitled,,2025.1.1,71.88943396521826,2025-11-03 13h07.47.120379 +0530,
27,50,21,73,3,10,l,0.4438887001015246,None,10,3,73,2,102.41507350001484,,102.4101617000997,102.41507350001484,103.39535999996588,103.39535999996588,103.40910829999484,103.84614060004242,l,0.4438887001015246,None,3,001,2025-11-03_13h07.41.049,untitled,,2025.1.1,71.88943396521826,2025-11-03 13h07.47.120379 +0530,
15,35,13,74,4,10,t,0.20307020004838705,None,10,4,74,1,103.85507520008832,,103.85059699998237,103.85507520008832,104.84151659999043,104.84151659999043,104.84854959999211,105.05014350009151,t,0.20307020004838705,None,3,001,2025-11-03_13h07.41.049,untitled,,2025.1.1,71.88943396521826,2025-11-03 13h07.47.120379 +0530,
78,80,162,75,5,10,t,0.3275013000238687,None,10,5,75,6,105.05878480011597,,105.05424540000968,105.05878480011597,106.04552319995128,106.04552319995128,106.05250170012005,106.37910180003382,t,0.3275013000238687,None,3,001,2025-11-03_13h07.41.049,untitled,,2025.1.1,71.88943396521826,2025-11-03 13h07.47.120379 +0530,
49,60,89,76,6,10,t,0.3749815998598933,None,10,6,76,4,106.38850559992716,,106.38348919991404,106.38850559992716,107.37214330001734,107.37214330001734,107.37910980009474,107.74791919998825,t,0.3749815998598933,None,3,001,2025-11-03_13h07.41.049,untitled,,2025.1.1,71.88943396521826,2025-11-03 13h07.47.120379 +0530,
27,50,21,77,0,11,l,0.22138720005750656,None,11,0,77,2,107.75705939996988,,107.75211469992064,107.75705939996988,108.74315660004504,108.74315660004504,108.7502999000717,108.96609180001542,l,0.22138720005750656,None,3,001,2025-11-03_13h07.41.049,untitled,,2025.1.1,71.88943396521826,2025-11-03 13h07.47.120379 +0530,
40,55,62,78,1,11,t,0.26549190003424883,None,11,1,78,3,108.97600360005163,,108.97028720006347,108.97600360005163,109.95903520006686,109.95903520006686,109.96652960008942,110.23023879993707,t,0.26549190003424883,None,3,001,2025-11-03_13h07.41.049,untitled,,2025.1.1,71.88943396521826,2025-11-03 13h07.47.120379 +0530,
11,30,7,79,2,11,t,0.03982420009560883,None,11,2,79,0,110.2385937999934,,110.23439999995753,110.2385937999934,111.22486279997975,111.22486279997975,111.23212440009229,111.26746160001494,t,0.03982420009560883,None,3,001,2025-11-03_13h07.41.049,untitled,,2025.1.1,71.88943396521826,2025-11-03 13h07.47.120379 +0530,
67,75,119,80,3,11,t,0.3392390999943018,None,11,3,80,5,111.2769337000791,,111.27160959993489,111.2769337000791,112.26328779989854,112.26328779989854,112.27031840011477,112.60408640000969,t,0.3392390999943018,None,3,001,2025-11-03_13h07.41.049,untitled,,2025.1.1,71.88943396521826,2025-11-03 13h07.47.120379 +0530,
78,80,162,81,4,11,l,0.2032105999533087,None,11,4,81,6,112.613340199925,,112.60823990008794,112.613340199925,113.59997200011276,113.59997200011276,113.60715840011835,113.80914580007084,l,0.2032105999533087,None,3,001,2025-11-03_13h07.41.049,untitled,,2025.1.1,71.88943396521826,2025-11-03 13h07.47.120379 +0530,
15,35,13,82,5,11,l,0.30087809986434877,None,11,5,82,1,113.81849130010232,,113.81360440002754,113.81849130010232,114.79873939999379,114.79873939999379,114.81278129993007,115.10497139999643,l,0.30087809986434877,None,3,001,2025-11-03_13h07.41.049,untitled,,2025.1.1,71.88943396521826,2025-11-03 13h07.47.120379 +0530,
49,60,89,83,6,11,t,0.2710625999607146,None,11,6,83,4,115.11480950005352,,115.10964550008066,115.11480950005352,116.10111950011924,116.10111950011924,116.10811399994418,116.37287710001692,t,0.2710625999607146,None,3,001,2025-11-03_13h07.41.049,untitled,,2025.1.1,71.88943396521826,2025-11-03 13h07.47.120379 +0530,
49,60,89,84,0,12,t,0.2820317998994142,None,12,0,84,4,116.37880360009149,,116.37319670012221,116.37880360009149,117.36517050000839,117.36517050000839,117.37209210009314,117.65053420001641,t,0.2820317998994142,None,3,001,2025-11-03_13h07.41.049,untitled,,2025.1.1,71.88943396521826,2025-11-03 13h07.47.120379 +0530,
27,50,21,85,1,12,l,0.19364760001190007,None,12,1,85,2,117.65955480001867,,117.6546551999636,117.65955480001867,118.64570849994197,118.64570849994197,118.65299109998159,118.8410559000913,l,0.19364760001190007,None,3,001,2025-11-03_13h07.41.049,untitled,,2025.1.1,71.88943396521826,2025-11-03 13h07.47.120379 +0530,
40,55,62,86,2,12,t,0.24366460018791258,None,12,2,86,3,118.85001880000345,,118.8450311999768,118.85001880000345,119.83714350010268,119.83714350010268,119.84414270007983,120.0869481000118,t,0.24366460018791258,None,3,001,2025-11-03_13h07.41.049,untitled,,2025.1.1,71.88943396521826,2025-11-03 13h07.47.120379 +0530,
78,80,162,87,3,12,t,0.09358910005539656,None,12,3,87,6,120.09602260007523,,120.09111599996686,120.09602260007523,121.08245240012184,121.08245240012184,121.0894712000154,121.18015819997527,t,0.09358910005539656,None,3,001,2025-11-03_13h07.41.049,untitled,,2025.1.1,71.88943396521826,2025-11-03 13h07.47.120379 +0530,
11,30,7,88,4,12,t,0.2362957000732422,None,12,4,88,0,121.18925960012712,,121.18436959991232,121.18925960012712,122.1755888001062,122.1755888001062,122.18262180010788,122.41954550007358,t,0.2362957000732422,None,3,001,2025-11-03_13h07.41.049,untitled,,2025.1.1,71.88943396521826,2025-11-03 13h07.47.120379 +0530,
67,75,119,89,5,12,l,0.2025858999695629,None,12,5,89,5,122.4279758001212,,122.42341009993106,122.4279758001212,123.41401730012149,123.41401730012149,123.42119570006616,123.62304400000721,l,0.2025858999695629,None,3,001,2025-11-03_13h07.41.049,untitled,,2025.1.1,71.88943396521826,2025-11-03 13h07.47.120379 +0530,
15,35,13,90,6,12,l,0.5774028999730945,None,12,6,90,1,123.63186129997484,,123.62739389995113,123.63186129997484,124.61402749991976,124.61402749991976,124.62808470008895,125.19757830002345,l,0.5774028999730945,None,3,001,2025-11-03_13h07.41.049,untitled,,2025.1.1,71.88943396521826,2025-11-03 13h07.47.120379 +0530,
78,80,162,91,0,13,t,0.23990639997646213,None,13,0,91,6,125.20686229993589,,125.20222599990666,125.20686229993589,126.19320290000178,126.19320290000178,126.2002719999291,126.4368612000253,t,0.23990639997646213,None,3,001,2025-11-03_13h07.41.049,untitled,,2025.1.1,71.88943396521826,2025-11-03 13h07.47.120379 +0530,
15,35,13,92,1,13,t,0.1559277002234012,None,13,1,92,1,126.44586970005184,,126.44064970011823,126.44586970005184,127.43186410004273,127.43186410004273,127.43892899993807,127.59250489994884,t,0.1559277002234012,None,3,001,2025-11-03_13h07.41.049,untitled,,2025.1.1,71.88943396521826,2025-11-03 13h07.47.120379 +0530,
27,50,21,93,2,13,t,0.14732400001958013,None,13,2,93,2,127.60198469995521,,127.5969563999679,127.60198469995521,128.5879764999263,128.5879764999263,128.59510100004263,128.74175100005232,t,0.14732400001958013,None,3,001,2025-11-03_13h07.41.049,untitled,,2025.1.1,71.88943396521826,2025-11-03 13h07.47.120379 +0530,
40,55,62,94,3,13,l,0.15697479993104935,None,13,3,94,3,128.75949080009013,,128.74806050001644,128.75949080009013,129.7311333999969,129.7311333999969,129.7520463000983,129.89177930005826,l,0.15697479993104935,None,3,001,2025-11-03_13h07.41.049,untitled,,2025.1.1,71.88943396521826,2025-11-03 13h07.47.120379 +0530,
67,75,119,95,4,13,l,0.2736617000773549,None,13,4,95,5,129.90045329998247,,129.89543929998763,129.90045329998247,130.8863918001298,130.8863918001298,130.89368380000815,131.16518649994396,l,0.2736617000773549,None,3,001,2025-11-03_13h07.41.049,untitled,,2025.1.1,71.88943396521826,2025-11-03 13h07.47.120379 +0530,
49,60,89,96,5,13,l,0.22022049990482628,None,13,5,96,4,131.17391559993848,,131.16883750003763,131.17391559993848,132.16063269996084,132.16063269996084,132.1677641000133,132.38338829996064,l,0.22022049990482628,None,3,001,2025-11-03_13h07.41.049,untitled,,2025.1.1,71.88943396521826,2025-11-03 13h07.47.120379 +0530,
11,30,7,97,6,13,t,0.25972600001841784,None,13,6,97,0,132.3921956999693,,132.38732880004682,132.3921956999693,133.37862619990483,133.37862619990483,133.3857319999952,133.64323780010454,t,0.25972600001841784,None,3,001,2025-11-03_13h07.41.049,untitled,,2025.1.1,71.88943396521826,2025-11-03 13h07.47.120379 +0530,
67,75,119,98,0,14,t,0.36125089996494353,None,14,0,98,5,133.6523967999965,,133.6474013000261,133.6523967999965,134.63907340005971,134.63907340005971,134.6460746000521,135.0075155000668,t,0.36125089996494353,None,3,001,2025-11-03_13h07.41.049,untitled,,2025.1.1,71.88943396521826,2025-11-03 13h07.47.120379 +0530,
11,30,7,99,1,14,l,0.21040689991787076,None,14,1,99,0,135.0149292999413,,135.01130370004103,135.0149292999413,136.00122110010125,136.00122110010125,136.00835489993915,136.21797390002757,l,0.21040689991787076,None,3,001,2025-11-03_13h07.41.049,untitled,,2025.1.1,71.88943396521826,2025-11-03 13h07.47.120379 +0530,
40,55,62,100,2,14,t,0.08776829997077584,None,14,2,100,3,136.22789070010185,,136.22303569992073,136.22789070010185,137.20847510010935,137.20847510010935,137.2223392999731,137.2989902999252,t,0.08776829997077584,None,3,001,2025-11-03_13h07.41.049,untitled,,2025.1.1,71.88943396521826,2025-11-03 13h07.47.120379 +0530,
49,60,89,101,3,14,l,0.17750320001505315,None,14,3,101,4,137.30663249990903,,137.3026256999001,137.30663249990903,138.2940527999308,138.2940527999308,138.301249000011,138.4750689000357,l,0.17750320001505315,None,3,001,2025-11-03_13h07.41.049,untitled,,2025.1.1,71.88943396521826,2025-11-03 13h07.47.120379 +0530,
78,80,162,102,4,14,t,0.0575959999114275,None,14,4,102,6,138.48216899996623,,138.47830520011485,138.48216899996623,139.46874050004408,139.46874050004408,139.4758433001116,139.5317116000224,t,0.0575959999114275,None,3,001,2025-11-03_13h07.41.049,untitled,,2025.1.1,71.88943396521826,2025-11-03 13h07.47.120379 +0530,
15,35,13,103,5,14,l,0.11492869979701936,None,14,5,103,1,139.5412105000578,,139.53578509995714,139.5412105000578,140.5276126000099,140.5276126000099,140.5346272001043,140.6462852000259,l,0.11492869979701936,None,3,001,2025-11-03_13h07.41.049,untitled,,2025.1.1,71.88943396521826,2025-11-03 13h07.47.120379 +0530,
27,50,21,104,6,14,t,0.16762139997445047,None,14,6,104,2,140.65495370002463,,140.64997099991888,140.65495370002463,141.6413831000682,141.6413831000682,141.64842099999078,141.81531380000524,t,0.16762139997445047,None,3,001,2025-11-03_13h07.41.049,untitled,,2025.1.1,71.88943396521826,2025-11-03 13h07.47.120379 +0530,
67,75,119,105,0,15,l,0.13273479999043047,None,15,0,105,5,141.8236245000735,,141.81917840009555,141.8236245000735,142.8070604999084,142.8070604999084,142.81407550000586,142.94653269997798,l,0.13273479999043047,None,3,001,2025-11-03_13h07.41.049,untitled,,2025.1.1,71.88943396521826,2025-11-03 13h07.47.120379 +0530,
78,80,162,106,1,15,l,0.2916087999474257,None,15,1,106,6,142.95393850002438,,142.950231899973,142.95393850002438,143.9403399999719,143.9403399999719,143.94722609990276,144.23925049998797,l,0.2916087999474257,None,3,001,2025-11-03_13h07.41.049,untitled,,2025.1.1,71.88943396521826,2025-11-03 13h07.47.120379 +0530,
40,55,62,107,2,15,t,0.14367920020595193,None,15,2,107,3,144.24722969997674,,144.24358560005203,144.24722969997674,145.23374329996295,145.23374329996295,145.24073720001616,145.38026700005867,t,0.14367920020595193,None,3,001,2025-11-03_13h07.41.049,untitled,,2025.1.1,71.88943396521826,2025-11-03 13h07.47.120379 +0530,
49,60,89,108,3,15,t,0.2235377999022603,None,15,3,108,4,145.38936399994418,,145.38456359994598,145.38936399994418,146.37576239998452,146.37576239998452,146.3828155999072,146.60543409991078,t,0.2235377999022603,None,3,001,2025-11-03_13h07.41.049,untitled,,2025.1.1,71.88943396521826,2025-11-03 13h07.47.120379 +0530,
11,30,7,109,4,15,l,0.07774060009978712,None,15,4,109,0,146.61421000002883,,146.6096574999392,146.61421000002883,147.60154250008054,147.60154250008054,147.60854390007444,147.68558009993285,l,0.07774060009978712,None,3,001,2025-11-03_13h07.41.049,untitled,,2025.1.1,71.88943396521826,2025-11-03 13h07.47.120379 +0530,
15,35,13,110,5,15,t,0.05234099994413555,None,15,5,110,1,147.6945136000868,,147.69000559998676,147.6945136000868,148.68103400012478,148.68103400012478,148.68809650000185,148.73704160004854,t,0.05234099994413555,None,3,001,2025-11-03_13h07.41.049,untitled,,2025.1.1,71.88943396521826,2025-11-03 13h07.47.120379 +0530,
27,50,21,111,6,15,t,0.6888485001400113,None,15,6,111,2,148.74659630004317,,148.74168849992566,148.74659630004317,149.72628140007146,149.72628140007146,149.74032779992558,150.4212873999495,t,0.6888485001400113,None,3,001,2025-11-03_13h07.41.049,untitled,,2025.1.1,71.88943396521826,2025-11-03 13h07.47.120379 +0530,
27,50,21,112,0,16,t,0.2517391999717802,None,16,0,112,2,150.42780780000612,,150.42151820007712,150.42780780000612,151.41418660013005,151.41418660013005,151.42089250008576,151.6713934999425,t,0.2517391999717802,None,3,001,2025-11-03_13h07.41.049,untitled,,2025.1.1,71.88943396521826,2025-11-03 13h07.47.120379 +0530,
78,80,162,113,1,16,l,0.03462229995056987,None,16,1,113,6,151.6793434000574,,151.67498739995062,151.6793434000574,152.66573269991204,152.66573269991204,152.67268389998935,152.70775329996832,l,0.03462229995056987,None,3,001,2025-11-03_13h07.41.049,untitled,,2025.1.1,71.88943396521826,2025-11-03 13h07.47.120379 +0530,
40,55,62,114,2,16,t,0.16330719995312393,None,16,2,114,3,152.7172864000313,,152.71332249999978,152.7172864000313,153.7038293001242,153.7038293001242,153.71070319996215,153.87090780003928,t,0.16330719995312393,None,3,001,2025-11-03_13h07.41.049,untitled,,2025.1.1,71.88943396521826,2025-11-03 13h07.47.120379 +0530,
49,60,89,115,3,16,l,0.10524440021254122,None,16,3,115,4,153.87985999998637,,153.87505439994857,153.87985999998637,154.86683620000258,154.86683620000258,154.8738532999996,154.97857820009813,l,0.10524440021254122,None,3,001,2025-11-03_13h07.41.049,untitled,,2025.1.1,71.88943396521826,2025-11-03 13h07.47.120379 +0530,
67,75,119,116,4,16,t,0.06459919991903007,None,16,4,116,5,154.98746219999157,,154.98281600000337,154.98746219999157,155.9734288000036,155.9734288000036,155.98054190003313,156.04364100005478,t,0.06459919991903007,None,3,001,2025-11-03_13h07.41.049,untitled,,2025.1.1,71.88943396521826,2025-11-03 13h07.47.120379 +0530,
15,35,13,117,5,16,l,0.038582100067287683,None,16,5,117,1,156.05396399996243,,156.04854029999115,156.05396399996243,157.0334246000275,157.0334246000275,157.04737289994955,157.07578440010548,l,0.038582100067287683,None,3,001,2025-11-03_13h07.41.049,untitled,,2025.1.1,71.88943396521826,2025-11-03 13h07.47.120379 +0530,
11,30,7,118,6,16,t,0.030142399948090315,None,16,6,118,0,157.08461480005644,,157.0797443999909,157.08461480005644,158.07105150003918,158.07105150003918,158.07804809999652,158.10630419990048,t,0.030142399948090315,None,3,001,2025-11-03_13h07.41.049,untitled,,2025.1.1,71.88943396521826,2025-11-03 13h07.47.120379 +0530,
49,60,89,119,0,17,t,0.8072055000811815,None,17,0,119,4,158.1156142000109,,158.11072609992698,158.1156142000109,159.1023150999099,159.1023150999099,159.10949439997785,159.9155924001243,t,0.8072055000811815,None,3,001,2025-11-03_13h07.41.049,untitled,,2025.1.1,71.88943396521826,2025-11-03 13h07.47.120379 +0530,
40,55,62,120,1,17,l,0.1772394001018256,None,17,1,120,3,159.92499030008912,,159.92012870009057,159.92499030008912,160.91114390012808,160.91114390012808,160.91863920004107,161.09272100008093,l,0.1772394001018256,None,3,001,2025-11-03_13h07.41.049,untitled,,2025.1.1,71.88943396521826,2025-11-03 13h07.47.120379 +0530,
67,75,119,121,2,17,t,0.0952440002001822,None,17,2,121,5,161.10204229992814,,161.09721029992215,161.10204229992814,162.0881191000808,162.0881191000808,162.09525980008766,162.1862959000282,t,0.0952440002001822,None,3,001,2025-11-03_13h07.41.049,untitled,,2025.1.1,71.88943396521826,2025-11-03 13h07.47.120379 +0530,
15,35,13,122,3,17,l,0.12640940002165735,None,17,3,122,1,162.195428899955,,162.19065820006654,162.195428899955,163.1818772999104,163.1818772999104,163.18898080009967,163.31449409993365,l,0.12640940002165735,None,3,001,2025-11-03_13h07.41.049,untitled,,2025.1.1,71.88943396521826,2025-11-03 13h07.47.120379 +0530,
27,50,21,123,4,17,l,1.0738983999472111,None,17,4,123,2,163.32428280008025,,163.31913119996898,163.32428280008025,164.30378600000404,164.30378600000404,164.3185131000355,165.38164449995384,l,1.0738983999472111,None,3,001,2025-11-03_13h07.41.049,untitled,,2025.1.1,71.88943396521826,2025-11-03 13h07.47.120379 +0530,
78,80,162,124,5,17,t,0.2512467000633478,None,17,5,124,6,165.39829399995506,,165.38644000003114,165.39829399995506,166.37711629993282,166.37711629993282,166.3911914001219,166.63442009990104,t,0.2512467000633478,None,3,001,2025-11-03_13h07.41.049,untitled,,2025.1.1,71.88943396521826,2025-11-03 13h07.47.120379 +0530,
11,30,7,125,6,17,l,0.0732502001337707,None,17,6,125,0,166.64388120011427,,166.63927490008064,166.64388120011427,167.6302648000419,167.6302648000419,167.6371629999485,167.7069349999074,l,0.0732502001337707,None,3,001,2025-11-03_13h07.41.049,untitled,,2025.1.1,71.88943396521826,2025-11-03 13h07.47.120379 +0530,
78,80,162,126,0,18,l,0.18831620016135275,None,18,0,126,6,167.71711340011097,,167.71181580005214,167.71711340011097,168.69662420009263,168.69662420009263,168.71051670005545,168.89150639995933,l,0.18831620016135275,None,3,001,2025-11-03_13h07.41.049,untitled,,2025.1.1,71.88943396521826,2025-11-03 13h07.47.120379 +0530,
40,55,62,127,1,18,t,0.41185370017774403,None,18,1,127,3,168.90068650012836,,168.8960808000993,168.90068650012836,169.88708060001954,169.88708060001954,169.8940638001077,170.30497679999098,t,0.41185370017774403,None,3,001,2025-11-03_13h07.41.049,untitled,,2025.1.1,71.88943396521826,2025-11-03 13h07.47.120379 +0530,
11,30,7,128,2,18,t,0.11067369999364018,None,18,2,128,0,170.31465620012023,,170.3088084999472,170.31465620012023,171.30080109997652,171.30080109997652,171.30773929995485,171.41289600008167,t,0.11067369999364018,None,3,001,2025-11-03_13h07.41.049,untitled,,2025.1.1,71.88943396521826,2025-11-03 13h07.47.120379 +0530,
49,60,89,129,3,18,t,0.1478577998932451,None,18,3,129,4,171.42220250004902,,171.41693209996447,171.42220250004902,172.40850559994578,172.40850559994578,172.41548310010694,172.5617386000231,t,0.1478577998932451,None,3,001,2025-11-03_13h07.41.049,untitled,,2025.1.1,71.88943396521826,2025-11-03 13h07.47.120379 +0530,
27,50,21,130,4,18,l,0.07930490002036095,None,18,4,130,2,172.57194890012033,,172.56676899990998,172.57194890012033,173.5510551999323,173.5510551999323,173.5655803999398,173.63534140004776,l,0.07930490002036095,None,3,001,2025-11-03_13h07.41.049,untitled,,2025.1.1,71.88943396521826,2025-11-03 13h07.47.120379 +0530,
67,75,119,131,5,18,l,0.27173419995233417,None,18,5,131,5,173.64398390008137,,173.63911080011167,173.64398390008137,174.6302519000601,174.6302519000601,174.63730129995383,174.90864600008354,l,0.27173419995233417,None,3,001,2025-11-03_13h07.41.049,untitled,,2025.1.1,71.88943396521826,2025-11-03 13h07.47.120379 +0530,
15,35,13,132,6,18,l,0.396627499954775,None,18,6,132,1,174.91696920013055,,174.912407200085,174.91696920013055,175.9033272000961,175.9033272000961,175.91027000010945,176.3064902999904,l,0.396627499954775,None,3,001,2025-11-03_13h07.41.049,untitled,,2025.1.1,71.88943396521826,2025-11-03 13h07.47.120379 +0530,
27,50,21,133,0,19,t,0.2706538001075387,None,19,0,133,2,176.315364100039,,176.3105180999264,176.315364100039,177.30118760000914,177.30118760000914,177.30832440010272,177.57368519995362,t,0.2706538001075387,None,3,001,2025-11-03_13h07.41.049,untitled,,2025.1.1,71.88943396521826,2025-11-03 13h07.47.120379 +0530,
15,35,13,134,1,19,t,0.2722619001287967,None,19,1,134,1,177.5828939001076,,177.5778262000531,177.5828939001076,178.56921399990097,178.56921399990097,178.57629440003075,178.84741859999485,t,0.2722619001287967,None,3,001,2025-11-03_13h07.41.049,untitled,,2025.1.1,71.88943396521826,2025-11-03 13h07.47.120379 +0530,
49,60,89,135,2,19,l,0.027183899888768792,None,19,2,135,4,178.8561901000794,,178.85143560008146,178.8561901000794,179.8424299999606,179.8424299999606,179.84967130003497,179.87091669999063,l,0.027183899888768792,None,3,001,2025-11-03_13h07.41.049,untitled,,2025.1.1,71.88943396521826,2025-11-03 13h07.47.120379 +0530,
11,30,7,136,3,19,t,0.005756899947300553,None,19,3,136,0,179.88064619991928,,179.87517170002684,179.88064619991928,180.8670177999884,180.8670177999884,180.87389479996637,180.87428089999594,t,0.005756899947300553,None,3,001,2025-11-03_13h07.41.049,untitled,,2025.1.1,71.88943396521826,2025-11-03 13h07.47.120379 +0530,
40,55,62,137,4,19,t,0.08288330002687871,None,19,4,137,3,180.88283649994992,,180.87847659992985,180.88283649994992,181.86947689997032,181.86947689997032,181.87603899999522,181.95323410001583,t,0.08288330002687871,None,3,001,2025-11-03_13h07.41.049,untitled,,2025.1.1,71.88943396521826,2025-11-03 13h07.47.120379 +0530,
78,80,162,138,5,19,l,0.17456259997561574,None,19,5,138,6,181.96172420005314,,181.95686120004393,181.96172420005314,182.94790409994312,182.94790409994312,182.9550185999833,183.1289081000723,l,0.17456259997561574,None,3,001,2025-11-03_13h07.41.049,untitled,,2025.1.1,71.88943396521826,2025-11-03 13h07.47.120379 +0530,
67,75,119,139,6,19,l,0.29151190002448857,None,19,6,139,5,183.13740210002288,,183.1328956000507,183.13740210002288,184.12372849998064,184.12372849998064,184.13066849997267,184.41614270000719,l,0.29151190002448857,None,3,001,2025-11-03_13h07.41.049,untitled,,2025.1.1,71.88943396521826,2025-11-03 13h07.47.120379 +0530,
40,55,62,140,0,20,l,1.1158298999071121,None,20,0,140,3,184.42535879998468,,184.42023820010945,184.42535879998468,185.41152730002068,185.41152730002068,185.4185311999172,186.5301711000502,l,1.1158298999071121,None,3,001,2025-11-03_13h07.41.049,untitled,,2025.1.1,71.88943396521826,2025-11-03 13h07.47.120379 +0530,
78,80,162,141,1,20,l,0.1746757000219077,None,20,1,141,6,186.53976529999636,,186.53424039995298,186.53976529999636,187.5193533001002,187.5193533001002,187.5333034999203,187.6999794000294,l,0.1746757000219077,None,3,001,2025-11-03_13h07.41.049,untitled,,2025.1.1,71.88943396521826,2025-11-03 13h07.47.120379 +0530,
27,50,21,142,2,20,l,0.3550464999862015,None,20,2,142,2,187.708699000068,,187.7036852000747,187.708699000068,188.6948742000386,188.6948742000386,188.70197049994022,189.05664100009017,l,0.3550464999862015,None,3,001,2025-11-03_13h07.41.049,untitled,,2025.1.1,71.88943396521826,2025-11-03 13h07.47.120379 +0530,
11,30,7,143,3,20,l,0.38445489993318915,None,20,3,143,0,189.06538849999197,,189.0609506999608,189.06538849999197,190.051485999953,190.051485999953,190.05884750001132,190.44140299991705,l,0.38445489993318915,None,3,001,2025-11-03_13h07.41.049,untitled,,2025.1.1,71.88943396521826,2025-11-03 13h07.47.120379 +0530,
15,35,13,144,4,20,l,0.45359010016545653,None,20,4,144,1,190.4587554000318,,190.44645070005208,190.4587554000318,191.43071760004386,191.43071760004386,191.45179859991185,191.88990460010245,l,0.45359010016545653,None,3,001,2025-11-03_13h07.41.049,untitled,,2025.1.1,71.88943396521826,2025-11-03 13h07.47.120379 +0530,
67,75,119,145,5,20,t,0.14242550008930266,None,20,5,145,5,191.89933990011923,,191.89401679998264,191.89933990011923,192.88578099990264,192.88578099990264,192.89278779993765,193.03302159998566,t,0.14242550008930266,None,3,001,2025-11-03_13h07.41.049,untitled,,2025.1.1,71.88943396521826,2025-11-03 13h07.47.120379 +0530,
49,60,89,146,6,20,t,0.4724717999342829,None,20,6,146,4,193.04203990008682,,193.03705079993233,193.04203990008682,194.0283828000538,194.0283828000538,194.03528940002434,194.50836460012943,t,0.4724717999342829,None,3,001,2025-11-03_13h07.41.049,untitled,,2025.1.1,71.88943396521826,2025-11-03 13h07.47.120379 +0530,
67,75,119,147,0,21,t,0.3829296000767499,None,21,0,147,5,194.51802540011704,,194.51315609994344,194.51802540011704,195.50440760003403,195.50440760003403,195.51115490007214,195.89399709994905,t,0.3829296000767499,None,3,001,2025-11-03_13h07.41.049,untitled,,2025.1.1,71.88943396521826,2025-11-03 13h07.47.120379 +0530,
78,80,162,148,1,21,t,0.34538140008226037,None,21,1,148,6,195.903055800125,,195.89811550010927,195.903055800125,196.88894239999354,196.88894239999354,196.8964136999566,197.23686080006883,t,0.34538140008226037,None,3,001,2025-11-03_13h07.41.049,untitled,,2025.1.1,71.88943396521826,2025-11-03 13h07.47.120379 +0530,
11,30,7,149,2,21,l,0.3481993000023067,None,21,2,149,0,197.2457379999105,,197.240888700122,197.2457379999105,198.23219819995575,198.23219819995575,198.2392599999439,198.58678109990433,l,0.3481993000023067,None,3,001,2025-11-03_13h07.41.049,untitled,,2025.1.1,71.88943396521826,2025-11-03 13h07.47.120379 +0530,
40,55,62,150,3,21,l,0.40141719998791814,None,21,3,150,3,198.5958426001016,,198.59128009993583,198.5958426001016,199.5818702999968,199.5818702999968,199.58894530008547,199.9867380000651,l,0.40141719998791814,None,3,001,2025-11-03_13h07.41.049,untitled,,2025.1.1,71.88943396521826,2025-11-03 13h07.47.120379 +0530,
27,50,21,151,4,21,l,0.05913789989426732,None,21,4,151,2,199.9957596999593,,199.9910438999068,199.9957596999593,200.98225030000322,200.98225030000322,200.98929670010693,201.0452149999328,l,0.05913789989426732,None,3,001,2025-11-03_13h07.41.049,untitled,,2025.1.1,71.88943396521826,2025-11-03 13h07.47.120379 +0530,
15,35,13,152,5,21,l,0.14610420004464686,None,21,5,152,1,201.05431840009987,,201.04946040012874,201.05431840009987,202.0405798999127,202.0405798999127,202.04750739992596,202.1937092000153,l,0.14610420004464686,None,3,001,2025-11-03_13h07.41.049,untitled,,2025.1.1,71.88943396521826,2025-11-03 13h07.47.120379 +0530,
49,60,89,153,6,21,l,0.8469182001426816,None,21,6,153,4,202.2030066999141,,202.19844399997965,202.2030066999141,203.18927969993092,203.18927969993092,203.19636770011857,204.03751419996843,l,0.8469182001426816,None,3,001,2025-11-03_13h07.41.049,untitled,,2025.1.1,71.88943396521826,2025-11-03 13h07.47.120379 +0530,
49,60,89,154,0,22,t,0.2579876999370754,None,22,0,154,4,204.04377859993838,,204.03775639995,204.04377859993838,205.02991740009747,205.02991740009747,205.03650050004944,205.2940438000951,t,0.2579876999370754,None,3,001,2025-11-03_13h07.41.049,untitled,,2025.1.1,71.88943396521826,2025-11-03 13h07.47.120379 +0530,
40,55,62,155,1,22,l,0.42585569992661476,None,22,1,155,3,205.30253010010347,,205.2979985999409,205.30253010010347,206.28867170005105,206.28867170005105,206.29577250010334,206.7199756000191,l,0.42585569992661476,None,3,001,2025-11-03_13h07.41.049,untitled,,2025.1.1,71.88943396521826,2025-11-03 13h07.47.120379 +0530,
11,30,7,156,2,22,l,0.10499919997528195,None,22,2,156,0,206.73756320006214,,206.72486490011215,206.73756320006214,207.7094447000418,207.7094447000418,207.7303796999622,207.82103989995085,l,0.10499919997528195,None,3,001,2025-11-03_13h07.41.049,untitled,,2025.1.1,71.88943396521826,2025-11-03 13h07.47.120379 +0530,
78,80,162,157,3,22,l,0.2545276000164449,None,22,3,157,6,207.8295585999731,,207.82505189999938,207.8295585999731,208.81597919994965,208.81597919994965,208.82304839999415,209.0736197999213,l,0.2545276000164449,None,3,001,2025-11-03_13h07.41.049,untitled,,2025.1.1,71.88943396521826,2025-11-03 13h07.47.120379 +0530,
27,50,21,158,4,22,l,0.015240600099787116,None,22,4,158,2,209.08245510002598,,209.07735799998045,209.08245510002598,210.0685386999976,210.0685386999976,210.0758714999538,210.09021829999983,l,0.015240600099787116,None,3,001,2025-11-03_13h07.41.049,untitled,,2025.1.1,71.88943396521826,2025-11-03 13h07.47.120379 +0530,
15,35,13,159,5,22,l,1.0634955000132322,None,22,5,159,1,210.09929880010895,,210.09476300003007,210.09929880010895,211.08563899993896,211.08563899993896,211.0926701000426,212.15553699992597,l,1.0634955000132322,None,3,001,2025-11-03_13h07.41.049,untitled,,2025.1.1,71.88943396521826,2025-11-03 13h07.47.120379 +0530,
67,75,119,160,6,22,t,0.2233456999529153,None,22,6,160,5,212.16395829990506,,212.15928469994105,212.16395829990506,213.15034730010666,213.15034730010666,213.15751709998585,213.38021619990468,t,0.2233456999529153,None,3,001,2025-11-03_13h07.41.049,untitled,,2025.1.1,71.88943396521826,2025-11-03 13h07.47.120379 +0530,
40,55,62,161,0,23,t,0.17846439988352358,None,23,0,161,3,213.38905799994245,,213.38451240002178,213.38905799994245,214.3751256999094,214.3751256999094,214.3821777999401,214.5573177000042,t,0.17846439988352358,None,3,001,2025-11-03_13h07.41.049,untitled,,2025.1.1,71.88943396521826,2025-11-03 13h07.47.120379 +0530,
78,80,162,162,1,23,t,0.21225880016572773,None,23,1,162,6,214.5665400000289,,214.56143180001527,214.5665400000289,215.5530529001262,215.5530529001262,215.560127499979,215.76948369992897,t,0.21225880016572773,None,3,001,2025-11-03_13h07.41.049,untitled,,2025.1.1,71.88943396521826,2025-11-03 13h07.47.120379 +0530,
15,35,13,163,2,23,t,0.3962329998612404,None,23,2,163,1,215.78645540005527,,215.77453160006553,215.78645540005527,216.76527490001172,216.76527490001172,216.7793185999617,217.1621258999221,t,0.3962329998612404,None,3,001,2025-11-03_13h07.41.049,untitled,,2025.1.1,71.88943396521826,2025-11-03 13h07.47.120379 +0530,
11,30,7,164,3,23,l,0.20935939997434616,None,23,3,164,0,217.17123900004663,,217.16637780005112,217.17123900004663,218.1573528998997,218.1573528998997,218.16460749995895,218.37309559993446,l,0.20935939997434616,None,3,001,2025-11-03_13h07.41.049,untitled,,2025.1.1,71.88943396521826,2025-11-03 13h07.47.120379 +0530,
27,50,21,165,4,23,t,0.21273679984733462,None,23,4,165,2,218.38196950010024,,218.37756850011647,218.38196950010024,219.3684197999537,219.3684197999537,219.3754070000723,219.58423190005124,t,0.21273679984733462,None,3,001,2025-11-03_13h07.41.049,untitled,,2025.1.1,71.88943396521826,2025-11-03 13h07.47.120379 +0530,
67,75,119,166,5,23,t,0.11609270004555583,None,23,5,166,5,219.59435790008865,,219.58900950010866,219.59435790008865,220.57461760006845,220.57461760006845,220.58880100003444,220.6936031000223,t,0.11609270004555583,None,3,001,2025-11-03_13h07.41.049,untitled,,2025.1.1,71.88943396521826,2025-11-03 13h07.47.120379 +0530,
49,60,89,167,6,23,l,0.19822789984755218,None,23,6,167,4,220.70290450006723,,220.69799260003492,220.70290450006723,221.68905119993724,221.68905119993724,221.69618230010383,221.891125400085,l,0.19822789984755218,None,3,001,2025-11-03_13h07.41.049,untitled,,2025.1.1,71.88943396521826,2025-11-03 13h07.47.120379 +0530,
67,75,119,168,0,24,l,0.3933558000717312,None,24,0,168,5,221.90070759993978,,221.89498370001093,221.90070759993978,222.88691060012206,222.88691060012206,222.89340599998832,223.2832770999521,l,0.3933558000717312,None,3,001,2025-11-03_13h07.41.049,untitled,,2025.1.1,71.88943396521826,2025-11-03 13h07.47.120379 +0530,
27,50,21,169,1,24,t,0.2654904001392424,None,24,1,169,2,223.29207039996982,,223.28733689989895,223.29207039996982,224.27856540004723,224.27856540004723,224.28553110011853,224.5499327001162,t,0.2654904001392424,None,3,001,2025-11-03_13h07.41.049,untitled,,2025.1.1,71.88943396521826,2025-11-03 13h07.47.120379 +0530,
11,30,7,170,2,24,l,0.28894550004042685,None,24,2,170,0,224.55874969996512,,224.5540046999231,224.55874969996512,225.54516469989903,225.54516469989903,225.5522080999799,225.83742300001904,l,0.28894550004042685,None,3,001,2025-11-03_13h07.41.049,untitled,,2025.1.1,71.88943396521826,2025-11-03 13h07.47.120379 +0530,
49,60,89,171,3,24,t,0.16164979990571737,None,24,3,171,4,225.84631339996122,,225.8415600999724,225.84631339996122,226.8327637000475,226.8327637000475,226.83971920004115,227.00001240009442,t,0.16164979990571737,None,3,001,2025-11-03_13h07.41.049,untitled,,2025.1.1,71.88943396521826,2025-11-03 13h07.47.120379 +0530,
15,35,13,172,4,24,l,0.5734147999901325,None,24,4,172,1,227.00926700001583,,227.0043601000216,227.00926700001583,227.9956080999691,227.9956080999691,228.00273020006716,228.57260890002362,l,0.5734147999901325,None,3,001,2025-11-03_13h07.41.049,untitled,,2025.1.1,71.88943396521826,2025-11-03 13h07.47.120379 +0530,
78,80,162,173,5,24,l,0.4435626999475062,None,24,5,173,6,228.58193080010824,,228.57711459998973,228.58193080010824,229.56216219998896,229.56216219998896,229.57522010011598,230.00655229995027,l,0.4435626999475062,None,3,001,2025-11-03_13h07.41.049,untitled,,2025.1.1,71.88943396521826,2025-11-03 13h07.47.120379 +0530,
40,55,62,174,6,24,l,0.29417190002277493,None,24,6,174,3,230.01593039999716,,230.01079219998792,230.01593039999716,231.00198230007663,231.00198230007663,231.00896780006588,231.30157410004176,l,0.29417190002277493,None,3,001,2025-11-03_13h07.41.049,untitled,,2025.1.1,71.88943396521826,2025-11-03 13h07.47.120379 +0530,
40,55,62,175,0,25,t,0.11408500000834465,None,25,0,175,3,231.30744250002317,,231.3019119000528,231.30744250002317,232.29382120002992,232.29382120002992,232.3005250999704,232.41231229994446,t,0.11408500000834465,None,3,001,2025-11-03_13h07.41.049,untitled,,2025.1.1,71.88943396521826,2025-11-03 13h07.47.120379 +0530,
67,75,119,176,1,25,t,0.4561292000580579,None,25,1,176,5,232.42228129995055,,232.41665120003745,232.42228129995055,233.40826900000684,233.40826900000684,233.41543569997884,233.86754849995486,t,0.4561292000580579,None,3,001,2025-11-03_13h07.41.049,untitled,,2025.1.1,71.88943396521826,2025-11-03 13h07.47.120379 +0530,
11,30,7,177,2,25,t,0.4079271999653429,None,25,2,177,0,233.87673110002652,,233.8718366001267,233.87673110002652,234.86316989990883,234.86316989990883,234.87016370007768,235.27328779990785,t,0.4079271999653429,None,3,001,2025-11-03_13h07.41.049,untitled,,2025.1.1,71.88943396521826,2025-11-03 13h07.47.120379 +0530,
27,50,21,178,3,25,l,0.2682499000802636,None,25,3,178,2,235.28246050002053,,235.27758829994127,235.28246050002053,236.268772700103,236.268772700103,236.27611290011555,236.54028700012714,l,0.2682499000802636,None,3,001,2025-11-03_13h07.41.049,untitled,,2025.1.1,71.88943396521826,2025-11-03 13h07.47.120379 +0530,
78,80,162,179,4,25,t,0.33352739992551506,None,25,4,179,6,236.54895780002698,,236.54406290012412,236.54895780002698,237.53523980011232,237.53523980011232,237.54229900008067,237.87568520009518,t,0.33352739992551506,None,3,001,2025-11-03_13h07.41.049,untitled,,2025.1.1,71.88943396521826,2025-11-03 13h07.47.120379 +0530,
15,35,13,180,5,25,l,0.2327099998947233,None,25,5,180,1,237.88413519994356,,237.87969839992002,237.88413519994356,238.8708357999567,238.8708357999567,238.8780376999639,239.10702609992586,l,0.2327099998947233,None,3,001,2025-11-03_13h07.41.049,untitled,,2025.1.1,71.88943396521826,2025-11-03 13h07.47.120379 +0530,
49,60,89,181,6,25,l,0.6879795000422746,None,25,6,181,4,239.1169219999574,,239.11159200011753,239.1169219999574,240.0961796999909,240.0961796999909,240.1103302000556,240.78490320011042,l,0.6879795000422746,None,3,001,2025-11-03_13h07.41.049,untitled,,2025.1.1,71.88943396521826,2025-11-03 13h07.47.120379 +0530,
15,35,13,182,0,26,l,0.384402499999851,None,26,0,182,1,240.7937865999993,,240.7889567001257,240.7937865999993,241.78023199993186,241.78023199993186,241.78731109993532,242.16964380000718,l,0.384402499999851,None,3,001,2025-11-03_13h07.41.049,untitled,,2025.1.1,71.88943396521826,2025-11-03 13h07.47.120379 +0530,
67,75,119,183,1,26,l,0.42284330003894866,None,26,1,183,5,242.17842209991068,,242.17342080012895,242.17842209991068,243.15912319999188,243.15912319999188,243.17305550002493,243.58511230000295,l,0.42284330003894866,None,3,001,2025-11-03_13h07.41.049,untitled,,2025.1.1,71.88943396521826,2025-11-03 13h07.47.120379 +0530,
27,50,21,184,2,26,t,0.23373820004053414,None,26,2,184,2,243.59419579990208,,243.58905650000088,243.59419579990208,244.58101340010762,244.58101340010762,244.5878566999454,244.81769579998218,t,0.23373820004053414,None,3,001,2025-11-03_13h07.41.049,untitled,,2025.1.1,71.88943396521826,2025-11-03 13h07.47.120379 +0530,
49,60,89,185,3,26,l,0.2578916000202298,None,26,3,185,4,244.82689659995958,,244.82188639999367,244.82689659995958,245.80733179999515,245.80733179999515,245.8214342999272,246.07207180000842,l,0.2578916000202298,None,3,001,2025-11-03_13h07.41.049,untitled,,2025.1.1,71.88943396521826,2025-11-03 13h07.47.120379 +0530,
78,80,162,186,4,26,t,0.2041761998552829,None,26,4,186,6,246.0801639999263,,246.07572440011427,246.0801639999263,247.06655150000006,247.06655150000006,247.0734806000255,247.27562130009755,t,0.2041761998552829,None,3,001,2025-11-03_13h07.41.049,untitled,,2025.1.1,71.88943396521826,2025-11-03 13h07.47.120379 +0530,
11,30,7,187,5,26,t,0.1983777000568807,None,26,5,187,0,247.28526940010488,,247.28013109997846,247.28526940010488,248.2715986999683,248.2715986999683,248.2786598999519,248.47386620007455,t,0.1983777000568807,None,3,001,2025-11-03_13h07.41.049,untitled,,2025.1.1,71.88943396521826,2025-11-03 13h07.47.120379 +0530,
40,55,62,188,6,26,t,0.2109425999224186,None,26,6,188,3,248.4834849999752,,248.47851629997604,248.4834849999752,249.46983160008676,249.46983160008676,249.47691290010698,249.68596870009787,t,0.2109425999224186,None,3,001,2025-11-03_13h07.41.049,untitled,,2025.1.1,71.88943396521826,2025-11-03 13h07.47.120379 +0530,
67,75,119,189,0,27,l,0.13413830008357763,None,27,0,189,5,249.69531879993156,,249.69035780010745,249.69531879993156,250.68141510011628,250.68141510011628,250.688518299954,250.82096919999458,l,0.13413830008357763,None,3,001,2025-11-03_13h07.41.049,untitled,,2025.1.1,71.88943396521826,2025-11-03 13h07.47.120379 +0530,
27,50,21,190,1,27,l,0.2153896999079734,None,27,1,190,2,250.8302239999175,,250.82523979991674,250.8302239999175,251.81657609995455,251.81657609995455,251.82369869994,252.0325941001065,l,0.2153896999079734,None,3,001,2025-11-03_13h07.41.049,untitled,,2025.1.1,71.88943396521826,2025-11-03 13h07.47.120379 +0530,
11,30,7,191,2,27,t,0.07324229995720088,None,27,2,191,0,252.04193340009078,,252.03675510012545,252.04193340009078,253.02822549990378,253.02822549990378,253.03505300008692,253.10526579990983,t,0.07324229995720088,None,3,001,2025-11-03_13h07.41.049,untitled,,2025.1.1,71.88943396521826,2025-11-03 13h07.47.120379 +0530,
15,35,13,192,3,27,t,0.22552810003980994,None,27,3,192,1,253.11428599990904,,253.10930190002546,253.11428599990904,254.10072880005464,254.10072880005464,254.10781730012968,254.33061830000952,t,0.22552810003980994,None,3,001,2025-11-03_13h07.41.049,untitled,,2025.1.1,71.88943396521826,2025-11-03 13h07.47.120379 +0530,
49,60,89,193,4,27,t,1.017734399996698,None,27,4,193,4,254.33958979998715,,254.33479210012592,254.33958979998715,255.32607710012235,255.32607710012235,255.33328079991043,256.34782980009913,t,1.017734399996698,None,3,001,2025-11-03_13h07.41.049,untitled,,2025.1.1,71.88943396521826,2025-11-03 13h07.47.120379 +0530,
78,80,162,194,5,27,l,0.19996139989234507,None,27,5,194,6,256.3575804999564,,256.3527162000537,256.3575804999564,257.34404770005494,257.34404770005494,257.35109300003387,257.5458774000872,l,0.19996139989234507,None,3,001,2025-11-03_13h07.41.049,untitled,,2025.1.1,71.88943396521826,2025-11-03 13h07.47.120379 +0530,
40,55,62,195,6,27,t,0.09526770003139973,None,27,6,195,3,257.5550945000723,,257.5500437999144,257.5550945000723,258.5415376999881,258.5415376999881,258.54857340012677,258.63918989989907,t,0.09526770003139973,None,3,001,2025-11-03_13h07.41.049,untitled,,2025.1.1,71.88943396521826,2025-11-03 13h07.47.120379 +0530,
78,80,162,196,0,28,l,0.11268660007044673,None,28,0,196,6,258.64827200002037,,258.6434369001072,258.64827200002037,259.6343380000908,259.6343380000908,259.6416798001155,259.7528375000693,l,0.11268660007044673,None,3,001,2025-11-03_13h07.41.049,untitled,,2025.1.1,71.88943396521826,2025-11-03 13h07.47.120379 +0530,
27,50,21,197,1,28,t,0.09278970002196729,None,28,1,197,2,259.7612121999264,,259.75676269992255,259.7612121999264,260.74776010005735,260.74776010005735,260.7546403000597,260.8462175000459,t,0.09278970002196729,None,3,001,2025-11-03_13h07.41.049,untitled,,2025.1.1,71.88943396521826,2025-11-03 13h07.47.120379 +0530,
49,60,89,198,2,28,l,0.0562094000633806,None,28,2,198,4,260.8552753000986,,260.85054789995775,260.8552753000986,261.84161349991336,261.84161349991336,261.84879070008174,261.90456399996765,l,0.0562094000633806,None,3,001,2025-11-03_13h07.41.049,untitled,,2025.1.1,71.88943396521826,2025-11-03 13h07.47.120379 +0530,
11,30,7,199,3,28,l,0.9567625999916345,None,28,3,199,0,261.91341120004654,,261.90872099995613,261.91341120004654,262.89964949991554,262.89964949991554,262.9067418000195,263.8582325000316,l,0.9567625999916345,None,3,001,2025-11-03_13h07.41.049,untitled,,2025.1.1,71.88943396521826,2025-11-03 13h07.47.120379 +0530,
40,55,62,200,4,28,t,0.016542700119316578,None,28,4,200,3,263.8672974999063,,263.8624730000738,263.8672974999063,264.8536386000924,264.8536386000924,264.86054300004616,264.87511339993216,t,0.016542700119316578,None,3,001,2025-11-03_13h07.41.049,untitled,,2025.1.1,71.88943396521826,2025-11-03 13h07.47.120379 +0530,
15,35,13,201,5,28,l,0.01931600016541779,None,28,5,201,1,264.8932127999142,,264.8807471001055,264.8932127999142,265.8671709999908,265.8671709999908,265.8872384999413,265.88777419994585,l,0.01931600016541779,None,3,001,2025-11-03_13h07.41.049,untitled,,2025.1.1,71.88943396521826,2025-11-03 13h07.47.120379 +0530,
67,75,119,202,6,28,t,0.07467609993182123,None,28,6,202,5,265.8972491999157,,265.8918425999582,265.8972491999157,266.88352639996447,266.88352639996447,266.8904268001206,266.9605066999793,t,0.07467609993182123,None,3,001,2025-11-03_13h07.41.049,untitled,,2025.1.1,71.88943396521826,2025-11-03 13h07.47.120379 +0530,
15,35,13,203,0,29,l,0.08218419994227588,None,29,0,203,1,266.9695349999238,,266.9644957999699,266.9695349999238,267.95556930010207,267.95556930010207,267.9631711000111,268.03986550006084,l,0.08218419994227588,None,3,001,2025-11-03_13h07.41.049,untitled,,2025.1.1,71.88943396521826,2025-11-03 13h07.47.120379 +0530,
27,50,21,204,1,29,t,0.09741609985940158,None,29,1,204,2,268.0490351000335,,268.04389100009575,268.0490351000335,269.03534139995463,269.03534139995463,269.042342599947,269.1400017000269,t,0.09741609985940158,None,3,001,2025-11-03_13h07.41.049,untitled,,2025.1.1,71.88943396521826,2025-11-03 13h07.47.120379 +0530,
49,60,89,205,2,29,l,0.06679759989492595,None,29,2,205,4,269.15011320007034,,269.14524110010825,269.15011320007034,270.1296852999367,270.1296852999367,270.14359660004266,270.19965020008385,l,0.06679759989492595,None,3,001,2025-11-03_13h07.41.049,untitled,,2025.1.1,71.88943396521826,2025-11-03 13h07.47.120379 +0530,
78,80,162,206,3,29,t,0.015865299850702286,None,29,3,206,6,270.2082567999605,,270.2035040000919,270.2082567999605,271.19467020011507,271.19467020011507,271.2016537999734,271.2162224999629,t,0.015865299850702286,None,3,001,2025-11-03_13h07.41.049,untitled,,2025.1.1,71.88943396521826,2025-11-03 13h07.47.120379 +0530,
11,30,7,207,4,29,l,0.10293189994990826,None,29,4,207,0,271.22505380003713,,271.22002379992045,271.22505380003713,272.2114925000351,272.2114925000351,272.2185414999258,272.3162871999666,l,0.10293189994990826,None,3,001,2025-11-03_13h07.41.049,untitled,,2025.1.1,71.88943396521826,2025-11-03 13h07.47.120379 +0530,
40,55,62,208,5,29,l,0.7283713999204338,None,29,5,208,3,272.3254013999831,,272.3203430001158,272.3254013999831,273.31142370007,273.31142370007,273.3187738000415,274.0414535999298,l,0.7283713999204338,None,3,001,2025-11-03_13h07.41.049,untitled,,2025.1.1,71.88943396521826,2025-11-03 13h07.47.120379 +0530,
67,75,119,209,6,29,t,0.16394590004347265,None,29,6,209,5,274.05045440001413,,274.0453959000297,274.05045440001413,275.03690949990414,275.03690949990414,275.0438502000179,275.20389900007285,t,0.16394590004347265,None,3,001,2025-11-03_13h07.41.049,untitled,,2025.1.1,71.88943396521826,2025-11-03 13h07.47.120379 +0530,
27,50,21,210,0,30,l,0.10463229985907674,None,30,0,210,2,275.21267209993675,,275.2078362000175,275.21267209993675,276.19913249998353,276.19913249998353,276.2060499000363,276.31065570004284,l,0.10463229985907674,None,3,001,2025-11-03_13h07.41.049,untitled,,2025.1.1,71.88943396521826,2025-11-03 13h07.47.120379 +0530,
67,75,119,211,1,30,t,0.1538019001018256,None,30,1,211,5,276.3191835999023,,276.3144880000036,276.3191835999023,277.30535849998705,277.30535849998705,277.31236770004034,277.4658616001252,t,0.1538019001018256,None,3,001,2025-11-03_13h07.41.049,untitled,,2025.1.1,71.88943396521826,2025-11-03 13h07.47.120379 +0530,
40,55,62,212,2,30,t,0.0013846999499946833,None,30,2,212,3,277.47449650010094,,277.47007529996336,277.47449650010094,278.46089210011996,278.46089210011996,278.467607999919,278.4681086000055,t,0.0013846999499946833,None,3,001,2025-11-03_13h07.41.049,untitled,,2025.1.1,71.88943396521826,2025-11-03 13h07.47.120379 +0530,
15,35,13,213,3,30,t,0.10320690018124878,None,30,3,213,1,278.47638000012375,,278.47200129996054,278.47638000012375,279.46255860012025,279.46255860012025,279.4697159000207,279.56741619994864,t,0.10320690018124878,None,3,001,2025-11-03_13h07.41.049,untitled,,2025.1.1,71.88943396521826,2025-11-03 13h07.47.120379 +0530,
49,60,89,214,4,30,t,0.07850129995495081,None,30,4,214,4,279.57589520001784,,279.57114710006863,279.57589520001784,280.5620051000733,280.5620051000733,280.5694651999511,280.64594250009395,t,0.07850129995495081,None,3,001,2025-11-03_13h07.41.049,untitled,,2025.1.1,71.88943396521826,2025-11-03 13h07.47.120379 +0530,
11,30,7,215,5,30,t,0.012663899920880795,None,30,5,215,0,280.6549013000913,,280.6501470999792,280.6549013000913,281.6413632000331,281.6413632000331,281.64840640011244,281.65578210004605,t,0.012663899920880795,None,3,001,2025-11-03_13h07.41.049,untitled,,2025.1.1,71.88943396521826,2025-11-03 13h07.47.120379 +0530,
78,80,162,216,6,30,t,0.48005450004711747,None,30,6,216,6,281.6648794999346,,281.6597994999029,281.6648794999346,282.6513513000682,282.6513513000682,282.65832670009695,283.13774530007504,t,0.48005450004711747,None,3,001,2025-11-03_13h07.41.049,untitled,,2025.1.1,71.88943396521826,2025-11-03 13h07.47.120379 +0530,
49,60,89,217,0,31,l,0.154601400019601,None,31,0,217,4,283.1469123000279,,283.14228489995,283.1469123000279,284.13332769996487,284.13332769996487,284.1406630000565,284.29366070008837,l,0.154601400019601,None,3,001,2025-11-03_13h07.41.049,untitled,,2025.1.1,71.88943396521826,2025-11-03 13h07.47.120379 +0530,
27,50,21,218,1,31,l,1.0178946000523865,None,31,1,218,2,284.3021408999339,,284.29758820007555,284.3021408999339,285.28874489990994,285.28874489990994,285.2956169000827,286.3099956999067,l,1.0178946000523865,None,3,001,2025-11-03_13h07.41.049,untitled,,2025.1.1,71.88943396521826,2025-11-03 13h07.47.120379 +0530,
67,75,119,219,2,31,l,0.16064679995179176,None,31,2,219,5,286.31957709998824,,286.3142824000679,286.31957709998824,287.30560300010256,287.30560300010256,287.31274459999986,287.47273840010166,l,0.16064679995179176,None,3,001,2025-11-03_13h07.41.049,untitled,,2025.1.1,71.88943396521826,2025-11-03 13h07.47.120379 +0530,
11,30,7,220,3,31,t,0.2706782999448478,None,31,3,220,0,287.4814098000061,,287.4769592001103,287.4814098000061,288.46788359992206,288.46788359992206,288.47476419992745,288.73932170006447,t,0.2706782999448478,None,3,001,2025-11-03_13h07.41.049,untitled,,2025.1.1,71.88943396521826,2025-11-03 13h07.47.120379 +0530,
15,35,13,221,4,31,t,0.14546389994211495,None,31,4,221,1,288.7490463000722,,288.7439596999902,288.7490463000722,289.7350347000174,289.7350347000174,289.7422804001253,289.88185869995505,t,0.14546389994211495,None,3,001,2025-11-03_13h07.41.049,untitled,,2025.1.1,71.88943396521826,2025-11-03 13h07.47.120379 +0530,
40,55,62,222,5,31,l,0.17347360006533563,None,31,5,222,3,289.89072009990923,,289.8859439000953,289.89072009990923,290.8774892000947,290.8774892000947,290.8844365000259,291.0519997999072,l,0.17347360006533563,None,3,001,2025-11-03_13h07.41.049,untitled,,2025.1.1,71.88943396521826,2025-11-03 13h07.47.120379 +0530,
78,80,162,223,6,31,t,0.08730320003814995,None,31,6,223,6,291.0609709001146,,291.0560959998984,291.0609709001146,292.0473901000805,292.0473901000805,292.05440349993296,292.13822490000166,t,0.08730320003814995,None,3,001,2025-11-03_13h07.41.049,untitled,,2025.1.1,71.88943396521826,2025-11-03 13h07.47.120379 +0530,
27,50,21,224,0,32,l,0.09124620002694428,None,32,0,224,2,292.14720609993674,,292.1423959999811,292.14720609993674,293.13362680003047,293.13362680003047,293.140633800067,293.2312058999669,l,0.09124620002694428,None,3,001,2025-11-03_13h07.41.049,untitled,,2025.1.1,71.88943396521826,2025-11-03 13h07.47.120379 +0530,
11,30,7,225,1,32,l,0.12810399988666177,None,32,1,225,0,293.24038430000655,,293.23597969999537,293.24038430000655,294.2203868001234,294.2203868001234,294.2337575000711,294.3524887000676,l,0.12810399988666177,None,3,001,2025-11-03_13h07.41.049,untitled,,2025.1.1,71.88943396521826,2025-11-03 13h07.47.120379 +0530,
15,35,13,226,2,32,t,0.10569790005683899,None,32,2,226,1,294.36241880012676,,294.3576958999038,294.36241880012676,295.34187930007465,295.34187930007465,295.35582910012454,295.4534944000188,t,0.10569790005683899,None,3,001,2025-11-03_13h07.41.049,untitled,,2025.1.1,71.88943396521826,2025-11-03 13h07.47.120379 +0530,
40,55,62,227,3,32,l,0.10072409990243614,None,32,3,227,3,295.4636446000077,,295.45793789997697,295.4636446000077,296.44303379999474,296.44303379999474,296.45689480006695,296.5478127000388,l,0.10072409990243614,None,3,001,2025-11-03_13h07.41.049,untitled,,2025.1.1,71.88943396521826,2025-11-03 13h07.47.120379 +0530,
78,80,162,228,4,32,t,0.26094039995223284,None,32,4,228,6,296.5572727001272,,296.55241689994,296.5572727001272,297.5438602999784,297.5438602999784,297.55083209997974,297.8081126001198,t,0.26094039995223284,None,3,001,2025-11-03_13h07.41.049,untitled,,2025.1.1,71.88943396521826,2025-11-03 13h07.47.120379 +0530,
67,75,119,229,5,32,t,0.05066230008378625,None,32,5,229,5,297.8172369999811,,297.812450400088,297.8172369999811,298.8033863999881,298.8033863999881,298.81051669991575,298.859967000084,t,0.05066230008378625,None,3,001,2025-11-03_13h07.41.049,untitled,,2025.1.1,71.88943396521826,2025-11-03 13h07.47.120379 +0530,
49,60,89,230,6,32,t,0.3406744999811053,None,32,6,230,4,298.86916560004465,,298.86437200009823,298.86916560004465,299.8553873000201,299.8553873000201,299.8626016001217,300.20310840010643,t,0.3406744999811053,None,3,001,2025-11-03_13h07.41.049,untitled,,2025.1.1,71.88943396521826,2025-11-03 13h07.47.120379 +0530,
67,75,119,231,0,33,l,0.16156160016544163,None,33,0,231,5,300.2118118000217,,300.2071426000912,300.2118118000217,301.1981027999427,301.1981027999427,301.20555329998024,301.3655733000487,l,0.16156160016544163,None,3,001,2025-11-03_13h07.41.049,untitled,,2025.1.1,71.88943396521826,2025-11-03 13h07.47.120379 +0530,
40,55,62,232,1,33,t,0.35692110005766153,None,33,1,232,3,301.3752385999542,,301.37036220007576,301.3752385999542,302.3613641001284,302.3613641001284,302.3686148999259,302.72297460003756,t,0.35692110005766153,None,3,001,2025-11-03_13h07.41.049,untitled,,2025.1.1,71.88943396521826,2025-11-03 13h07.47.120379 +0530,
11,30,7,233,2,33,l,0.23973649996332824,None,33,2,233,0,302.7319334000349,,302.72738950001076,302.7319334000349,303.71817340003327,303.71817340003327,303.72527469997294,303.962026800029,l,0.23973649996332824,None,3,001,2025-11-03_13h07.41.049,untitled,,2025.1.1,71.88943396521826,2025-11-03 13h07.47.120379 +0530,
15,35,13,234,3,33,t,0.25066259992308915,None,33,3,234,1,303.9715911000967,,303.96669819997624,303.9715911000967,304.95827009994537,304.95827009994537,304.9651818999555,305.21583850006573,t,0.25066259992308915,None,3,001,2025-11-03_13h07.41.049,untitled,,2025.1.1,71.88943396521826,2025-11-03 13h07.47.120379 +0530,
27,50,21,235,4,33,t,0.1479128000792116,None,33,4,235,2,305.22496709995903,,305.22032500011846,305.22496709995903,306.21148440008983,306.21148440008983,306.2184763001278,306.36471599992365,t,0.1479128000792116,None,3,001,2025-11-03_13h07.41.049,untitled,,2025.1.1,71.88943396521826,2025-11-03 13h07.47.120379 +0530,
78,80,162,236,5,33,t,0.09979030000977218,None,33,5,236,6,306.3738613000605,,306.36890330002643,306.3738613000605,307.3598456000909,307.3598456000909,307.3680155999027,307.46469020005316,t,0.09979030000977218,None,3,001,2025-11-03_13h07.41.049,untitled,,2025.1.1,71.88943396521826,2025-11-03 13h07.47.120379 +0530,
49,60,89,237,6,33,t,0.19750790018588305,None,33,6,237,4,307.4743655999191,,307.4691175001208,307.4743655999191,308.46094559994526,308.46094559994526,308.46785539994016,308.6629397999495,t,0.19750790018588305,None,3,001,2025-11-03_13h07.41.049,untitled,,2025.1.1,71.88943396521826,2025-11-03 13h07.47.120379 +0530,
67,75,119,238,0,34,t,0.07284300005994737,None,34,0,238,5,308.6723505000118,,308.66752199991606,308.6723505000118,309.6591076001059,309.6591076001059,309.6654737999197,309.7359847999178,t,0.07284300005994737,None,3,001,2025-11-03_13h07.41.049,untitled,,2025.1.1,71.88943396521826,2025-11-03 13h07.47.120379 +0530,
49,60,89,239,1,34,l,0.08886039978824556,None,34,1,239,4,309.745239400072,,309.7401545001194,309.745239400072,310.73145180009305,310.73145180009305,310.7389791000169,310.8223073000554,l,0.08886039978824556,None,3,001,2025-11-03_13h07.41.049,untitled,,2025.1.1,71.88943396521826,2025-11-03 13h07.47.120379 +0530,
15,35,13,240,2,34,l,0.19393800012767315,None,34,2,240,1,310.83115429989994,,310.8262469000183,310.83115429989994,311.8174463000614,311.8174463000614,311.8244263001252,312.01267999992706,l,0.19393800012767315,None,3,001,2025-11-03_13h07.41.049,untitled,,2025.1.1,71.88943396521826,2025-11-03 13h07.47.120379 +0530,
40,55,62,241,3,34,t,0.18352439999580383,None,34,3,241,3,312.0227471999824,,312.0165071999654,312.0227471999824,313.0086312999483,313.0086312999483,313.0157131999731,313.1969632001128,t,0.18352439999580383,None,3,001,2025-11-03_13h07.41.049,untitled,,2025.1.1,71.88943396521826,2025-11-03 13h07.47.120379 +0530,
27,50,21,242,4,34,l,0.1192552000284195,None,34,4,242,2,313.2055943000596,,313.20073690009303,313.2055943000596,314.19204000011086,314.19204000011086,314.1989482000936,314.3174872000236,l,0.1192552000284195,None,3,001,2025-11-03_13h07.41.049,untitled,,2025.1.1,71.88943396521826,2025-11-03 13h07.47.120379 +0530,
78,80,162,243,5,34,t,0.27629019995220006,None,34,5,243,6,314.3256719999481,,314.32122049992904,314.3256719999481,315.312095399946,315.312095399946,315.31911029992625,315.59026410011575,t,0.27629019995220006,None,3,001,2025-11-03_13h07.41.049,untitled,,2025.1.1,71.88943396521826,2025-11-03 13h07.47.120379 +0530,
11,30,7,244,6,34,l,0.2633814001455903,None,34,6,244,0,315.59951530001126,,315.594116399996,315.59951530001126,316.5854599000886,316.5854599000886,316.59258690010756,316.850318999961,l,0.2633814001455903,None,3,001,2025-11-03_13h07.41.049,untitled,,2025.1.1,71.88943396521826,2025-11-03 13h07.47.120379 +0530,
27,50,21,245,0,35,t,0.4762486000545323,None,35,0,245,2,316.85887350002304,,316.85413570003584,316.85887350002304,317.8449852000922,317.8449852000922,317.852164800046,318.325370100094,t,0.4762486000545323,None,3,001,2025-11-03_13h07.41.049,untitled,,2025.1.1,71.88943396521826,2025-11-03 13h07.47.120379 +0530,
11,30,7,246,1,35,t,0.14573019999079406,None,35,1,246,0,318.3348346001003,,318.3298971999902,318.3348346001003,319.3212798999157,319.3212798999157,319.32824310008436,319.4679527999833,t,0.14573019999079406,None,3,001,2025-11-03_13h07.41.049,untitled,,2025.1.1,71.88943396521826,2025-11-03 13h07.47.120379 +0530,
67,75,119,247,2,35,l,0.18838700000196695,None,35,2,247,5,319.4775614000391,,319.47215369995683,319.4775614000391,320.46392960008234,320.46392960008234,320.4708036999218,320.65875330008566,l,0.18838700000196695,None,3,001,2025-11-03_13h07.41.049,untitled,,2025.1.1,71.88943396521826,2025-11-03 13h07.47.120379 +0530,
49,60,89,248,3,35,l,0.9947319999337196,None,35,3,248,4,320.66771170007996,,320.66316050011665,320.66771170007996,321.654059600085,321.654059600085,321.66108260001056,322.65480670006946,l,0.9947319999337196,None,3,001,2025-11-03_13h07.41.049,untitled,,2025.1.1,71.88943396521826,2025-11-03 13h07.47.120379 +0530,
40,55,62,249,4,35,t,0.07794550014659762,None,35,4,249,3,322.6646265001036,,322.65933279995807,322.6646265001036,323.65092790010385,323.65092790010385,323.65795410005376,323.73464699997567,t,0.07794550014659762,None,3,001,2025-11-03_13h07.41.049,untitled,,2025.1.1,71.88943396521826,2025-11-03 13h07.47.120379 +0530,
15,35,13,250,5,35,t,0.1431171998847276,None,35,5,250,1,323.7444567999337,,323.73942340002395,323.7444567999337,324.7308479999192,324.7308479999192,324.7378521999344,324.87713379994966,t,0.1431171998847276,None,3,001,2025-11-03_13h07.41.049,untitled,,2025.1.1,71.88943396521826,2025-11-03 13h07.47.120379 +0530,
78,80,162,251,6,35,l,0.306780599988997,None,35,6,251,6,324.8866967000067,,324.88180850003846,324.8866967000067,325.8730703999754,325.8730703999754,325.8801565000322,326.18602479994297,l,0.306780599988997,None,3,001,2025-11-03_13h07.41.049,untitled,,2025.1.1,71.88943396521826,2025-11-03 13h07.47.120379 +0530,
11,30,7,252,0,36,t,0.05752209993079305,None,36,0,252,0,326.1947630001232,,326.1902981000021,326.1947630001232,327.18087389995344,327.18087389995344,327.1879817999434,327.24419720005244,t,0.05752209993079305,None,3,001,2025-11-03_13h07.41.049,untitled,,2025.1.1,71.88943396521826,2025-11-03 13h07.47.120379 +0530,
78,80,162,253,1,36,t,0.1599530999083072,None,36,1,253,6,327.2532186000608,,327.2481851000339,327.2532186000608,328.2396843000315,328.2396843000315,328.24670569994487,328.4004717001226,t,0.1599530999083072,None,3,001,2025-11-03_13h07.41.049,untitled,,2025.1.1,71.88943396521826,2025-11-03 13h07.47.120379 +0530,
67,75,119,254,2,36,t,0.32444070000201464,None,36,2,254,5,328.40868730004877,,328.4039040999487,328.40868730004877,329.39486559992656,329.39486559992656,329.40220079990104,329.72209289995953,t,0.32444070000201464,None,3,001,2025-11-03_13h07.41.049,untitled,,2025.1.1,71.88943396521826,2025-11-03 13h07.47.120379 +0530,
15,35,13,255,3,36,t,0.3411287998314947,None,36,3,255,1,329.7310043000616,,329.7261560000479,329.7310043000616,330.7174027999863,330.7174027999863,330.72444489994086,331.06497310008854,t,0.3411287998314947,None,3,001,2025-11-03_13h07.41.049,untitled,,2025.1.1,71.88943396521826,2025-11-03 13h07.47.120379 +0530,
40,55,62,256,4,36,l,0.23790830001235008,None,36,4,256,3,331.073755600024,,331.0693691999186,331.073755600024,332.0601276999805,332.0601276999805,332.0671574000735,332.3039718000218,l,0.23790830001235008,None,3,001,2025-11-03_13h07.41.049,untitled,,2025.1.1,71.88943396521826,2025-11-03 13h07.47.120379 +0530,
49,60,89,257,5,36,l,0.18318769987672567,None,36,5,257,4,332.3133875001222,,332.3085092001129,332.3133875001222,333.29963340004906,333.29963340004906,333.3066215000581,333.48760919994675,l,0.18318769987672567,None,3,001,2025-11-03_13h07.41.049,untitled,,2025.1.1,71.88943396521826,2025-11-03 13h07.47.120379 +0530,
27,50,21,258,6,36,l,0.1900251000188291,None,36,6,258,2,333.4968075999059,,333.4919426999986,333.4968075999059,334.48344089998864,334.48344089998864,334.49043809995055,334.678373800125,l,0.1900251000188291,None,3,001,2025-11-03_13h07.41.049,untitled,,2025.1.1,71.88943396521826,2025-11-03 13h07.47.120379 +0530,
11,30,7,259,0,37,t,0.24569960008375347,None,37,0,259,0,334.68635350000113,,334.6820912999101,334.68635350000113,335.67283480009064,335.67283480009064,335.67976270010695,335.9236173001118,t,0.24569960008375347,None,3,001,2025-11-03_13h07.41.049,untitled,,2025.1.1,71.88943396521826,2025-11-03 13h07.47.120379 +0530,
67,75,119,260,1,37,l,0.09961489983834326,None,37,1,260,5,335.9326317999512,,335.92795550008304,335.9326317999512,336.91927159996703,336.91927159996703,336.92645050003193,337.02401200006716,l,0.09961489983834326,None,3,001,2025-11-03_13h07.41.049,untitled,,2025.1.1,71.88943396521826,2025-11-03 13h07.47.120379 +0530,
49,60,89,261,2,37,t,0.14619449991732836,None,37,2,261,4,337.03183349990286,,337.0278845001012,337.03183349990286,338.0184269999154,338.0184269999154,338.025280599948,338.1719237999059,t,0.14619449991732836,None,3,001,2025-11-03_13h07.41.049,untitled,,2025.1.1,71.88943396521826,2025-11-03 13h07.47.120379 +0530,
15,35,13,262,3,37,l,0.0014900998212397099,None,37,3,262,1,338.179527600063,,338.1758743999526,338.179527600063,339.1668891001027,339.1668891001027,339.1726593999192,339.1732940999791,l,0.0014900998212397099,None,3,001,2025-11-03_13h07.41.049,untitled,,2025.1.1,71.88943396521826,2025-11-03 13h07.47.120379 +0530,
27,50,21,263,4,37,t,0.16086829989217222,None,37,4,263,2,339.1816042000428,,339.1778973999899,339.1816042000428,340.168384199962,340.168384199962,340.17555300006643,340.3351620999165,t,0.16086829989217222,None,3,001,2025-11-03_13h07.41.049,untitled,,2025.1.1,71.88943396521826,2025-11-03 13h07.47.120379 +0530,
40,55,62,264,5,37,l,0.22058159997686744,None,37,5,264,3,340.3450164999813,,340.3403439000249,340.3450164999813,341.324218200054,341.324218200054,341.33848690008745,341.54816509992816,l,0.22058159997686744,None,3,001,2025-11-03_13h07.41.049,untitled,,2025.1.1,71.88943396521826,2025-11-03 13h07.47.120379 +0530,
78,80,162,265,6,37,l,0.3165676000062376,None,37,6,265,6,341.55678440001793,,341.55192669993266,341.55678440001793,342.5438461001031,342.5438461001031,342.5505351999309,342.86407539993525,l,0.3165676000062376,None,3,001,2025-11-03_13h07.41.049,untitled,,2025.1.1,71.88943396521826,2025-11-03 13h07.47.120379 +0530,
78,80,162,266,0,38,l,0.08937780000269413,None,38,0,266,6,342.87044649990276,,342.86438719998114,342.87044649990276,343.8565722000785,343.8565722000785,343.8634780999273,343.9478005999699,l,0.08937780000269413,None,3,001,2025-11-03_13h07.41.049,untitled,,2025.1.1,71.88943396521826,2025-11-03 13h07.47.120379 +0530,
40,55,62,267,1,38,l,0.09697699989192188,None,38,1,267,3,343.95705670001917,,343.95195639994927,343.95705670001917,344.9384590999689,344.9384590999689,344.952675400069,345.0364033000078,l,0.09697699989192188,None,3,001,2025-11-03_13h07.41.049,untitled,,2025.1.1,71.88943396521826,2025-11-03 13h07.47.120379 +0530,
67,75,119,268,2,38,l,0.02441970002837479,None,38,2,268,5,345.04641800001264,,345.0413244999945,345.04641800001264,346.02572469995357,346.02572469995357,346.03985329996794,346.05429619993083,l,0.02441970002837479,None,3,001,2025-11-03_13h07.41.049,untitled,,2025.1.1,71.88943396521826,2025-11-03 13h07.47.120379 +0530,
15,35,13,269,3,38,l,0.42713199998252094,None,38,3,269,1,346.06396070006303,,346.0591482000891,346.06396070006303,347.05044350004755,347.05044350004755,347.05749920010567,347.48162410012446,l,0.42713199998252094,None,3,001,2025-11-03_13h07.41.049,untitled,,2025.1.1,71.88943396521826,2025-11-03 13h07.47.120379 +0530,
49,60,89,270,4,38,t,0.07884770003147423,None,38,4,270,4,347.49103610008024,,347.48547760001384,347.49103610008024,348.47818590002134,348.47818590002134,348.48463899991475,348.56327449996024,t,0.07884770003147423,None,3,001,2025-11-03_13h07.41.049,untitled,,2025.1.1,71.88943396521826,2025-11-03 13h07.47.120379 +0530,
11,30,7,271,5,38,l,0.9009177000261843,None,38,5,271,0,348.57179590011947,,348.56727960007265,348.57179590011947,349.5575616999995,349.5575616999995,349.56446749996394,350.4646338999737,l,0.9009177000261843,None,3,001,2025-11-03_13h07.41.049,untitled,,2025.1.1,71.88943396521826,2025-11-03 13h07.47.120379 +0530,
27,50,21,272,6,38,t,1.0826143000740558,None,38,6,272,2,350.47349800006486,,350.46863549994305,350.47349800006486,351.45993479993194,351.45993479993194,351.46684899996035,352.54543430008925,t,1.0826143000740558,None,3,001,2025-11-03_13h07.41.049,untitled,,2025.1.1,71.88943396521826,2025-11-03 13h07.47.120379 +0530,
27,50,21,273,0,39,l,0.7416192998643965,None,39,0,273,2,352.5513389001135,,352.54575249995105,352.5513389001135,353.54136839997955,353.54136839997955,353.54136839997955,354.28616310004145,l,0.7416192998643965,None,3,001,2025-11-03_13h07.41.049,untitled,,2025.1.1,71.88943396521826,2025-11-03 13h07.47.120379 +0530,
67,75,119,274,1,39,l,0.8585288000758737,None,39,1,274,5,354.2949896999635,,354.2901870999485,354.2949896999635,355.27665899996646,355.27665899996646,355.29059430002235,356.1382236001082,l,0.8585288000758737,None,3,001,2025-11-03_13h07.41.049,untitled,,2025.1.1,71.88943396521826,2025-11-03 13h07.47.120379 +0530,
11,30,7,275,2,39,t,0.021600799867883325,None,39,2,275,0,356.14531769999303,,356.1414137999527,356.14531769999303,357.13258669991046,357.13258669991046,357.1394046000205,357.16059370012954,t,0.021600799867883325,None,3,001,2025-11-03_13h07.41.049,untitled,,2025.1.1,71.88943396521826,2025-11-03 13h07.47.120379 +0530,
15,35,13,276,3,39,t,0.13729039998725057,None,39,3,276,1,357.16950910002925,,357.1650066000875,357.16950910002925,358.1559057000559,358.1559057000559,358.1629153001122,358.29568549990654,t,0.13729039998725057,None,3,001,2025-11-03_13h07.41.049,untitled,,2025.1.1,71.88943396521826,2025-11-03 13h07.47.120379 +0530,
49,60,89,277,4,39,t,0.08327559987083077,None,39,4,277,4,358.3129720999859,,358.300650899997,358.3129720999859,359.2868697999511,359.2868697999511,359.3066342000384,359.37659880006686,t,0.08327559987083077,None,3,001,2025-11-03_13h07.41.049,untitled,,2025.1.1,71.88943396521826,2025-11-03 13h07.47.120379 +0530,
40,55,62,278,5,39,t,0.5200335001572967,None,39,5,278,3,359.3856883000117,,359.38087940006517,359.3856883000117,360.3660083001014,360.3660083001014,360.3796979000326,360.8907240999397,t,0.5200335001572967,None,3,001,2025-11-03_13h07.41.049,untitled,,2025.1.1,71.88943396521826,2025-11-03 13h07.47.120379 +0530,
78,80,162,279,6,39,t,0.8479303000494838,None,39,6,279,6,360.89890179992653,,360.89428559993394,360.89890179992653,361.8863313999027,361.8863313999027,361.8933580000885,362.7408688000869,t,0.8479303000494838,None,3,001,2025-11-03_13h07.41.049,untitled,,2025.1.1,71.88943396521826,2025-11-03 13h07.47.120379 +0530,
11,30,7,280,0,40,t,0.12241699988953769,None,40,0,280,0,362.7491917000152,,362.7447164999321,362.7491917000152,363.736278800061,363.736278800061,363.74350870004855,363.862288299948,t,0.12241699988953769,None,3,001,2025-11-03_13h07.41.049,untitled,,2025.1.1,71.88943396521826,2025-11-03 13h07.47.120379 +0530,
67,75,119,281,1,40,t,0.2664449999574572,None,40,1,281,5,363.8705289999489,,363.8656905000098,363.8705289999489,364.856931499904,364.856931499904,364.86385710001923,365.12862899992615,t,0.2664449999574572,None,3,001,2025-11-03_13h07.41.049,untitled,,2025.1.1,71.88943396521826,2025-11-03 13h07.47.120379 +0530,
78,80,162,282,2,40,l,0.0588599001057446,None,40,2,282,6,365.13714969996363,,365.13243030011654,365.13714969996363,366.12345549999736,366.12345549999736,366.1304617000278,366.18675499991514,l,0.0588599001057446,None,3,001,2025-11-03_13h07.41.049,untitled,,2025.1.1,71.88943396521826,2025-11-03 13h07.47.120379 +0530,
49,60,89,283,3,40,l,0.06830039992928505,None,40,3,283,4,366.19580699992366,,366.1908172001131,366.19580699992366,367.18253959994763,367.18253959994763,367.1902940000873,367.25311359995976,l,0.06830039992928505,None,3,001,2025-11-03_13h07.41.049,untitled,,2025.1.1,71.88943396521826,2025-11-03 13h07.47.120379 +0530,
15,35,13,284,4,40,t,0.16466840007342398,None,40,4,284,1,367.27130879997276,,367.25839320011437,367.27130879997276,368.24304249999113,368.24304249999113,368.26413669995964,368.4099793001078,t,0.16466840007342398,None,3,001,2025-11-03_13h07.41.049,untitled,,2025.1.1,71.88943396521826,2025-11-03 13h07.47.120379 +0530,
27,50,21,285,5,40,t,0.0720966998487711,None,40,5,285,2,368.41925529995933,,368.4141138999257,368.41925529995933,369.4055791001301,369.4055791001301,369.4124511999544,369.482383799972,t,0.0720966998487711,None,3,001,2025-11-03_13h07.41.049,untitled,,2025.1.1,71.88943396521826,2025-11-03 13h07.47.120379 +0530,
40,55,62,286,6,40,l,0.12769390014000237,None,40,6,286,3,369.49194420012645,,369.4867686999496,369.49194420012645,370.4742054999806,370.4742054999806,370.4882988000754,370.60661319992505,l,0.12769390014000237,None,3,001,2025-11-03_13h07.41.049,untitled,,2025.1.1,71.88943396521826,2025-11-03 13h07.47.120379 +0530,
27,50,21,287,0,41,l,0.09895629994571209,None,41,0,287,2,370.6157575000543,,370.61176080000587,370.6157575000543,371.59881830005907,371.59881830005907,371.6058523999527,371.7035640999675,l,0.09895629994571209,None,3,001,2025-11-03_13h07.41.049,untitled,,2025.1.1,71.88943396521826,2025-11-03 13h07.47.120379 +0530,
78,80,162,288,1,41,t,0.048096900107339025,None,41,1,288,6,371.71286770002916,,371.7075583001133,371.71286770002916,372.69388439995237,372.69388439995237,372.7066862001084,372.7483824000228,t,0.048096900107339025,None,3,001,2025-11-03_13h07.41.049,untitled,,2025.1.1,71.88943396521826,2025-11-03 13h07.47.120379 +0530,
67,75,119,289,2,41,t,0.056506099877879024,None,41,2,289,5,372.7568840000313,,372.75208600005135,372.7568840000313,373.7406824999489,373.7406824999489,373.74770030006766,373.8036915999837,t,0.056506099877879024,None,3,001,2025-11-03_13h07.41.049,untitled,,2025.1.1,71.88943396521826,2025-11-03 13h07.47.120379 +0530,
11,30,7,290,3,41,l,0.23760550003498793,None,41,3,290,0,373.8137431999203,,373.8087736000307,373.8137431999203,374.7999742999673,374.7999742999673,374.80694449995644,375.0437654000707,l,0.23760550003498793,None,3,001,2025-11-03_13h07.41.049,untitled,,2025.1.1,71.88943396521826,2025-11-03 13h07.47.120379 +0530,
40,55,62,291,4,41,l,0.3345341000240296,None,41,4,291,3,375.05285970005207,,375.04800290009007,375.05285970005207,376.03417120012455,376.03417120012455,376.04815479996614,376.3772223999258,l,0.3345341000240296,None,3,001,2025-11-03_13h07.41.049,untitled,,2025.1.1,71.88943396521826,2025-11-03 13h07.47.120379 +0530,
49,60,89,292,5,41,t,0.5670636999420822,None,41,5,292,4,376.392793700099,,376.3813221999444,376.392793700099,377.37174590001814,377.37174590001814,377.3856953999493,377.9416668000631,t,0.5670636999420822,None,3,001,2025-11-03_13h07.41.049,untitled,,2025.1.1,71.88943396521826,2025-11-03 13h07.47.120379 +0530,
15,35,13,293,6,41,t,0.23769949981942773,None,41,6,293,1,377.95083210011944,,377.94565060012974,377.95083210011944,378.93696100008674,378.93696100008674,378.94410210009664,379.1808197000064,t,0.23769949981942773,None,3,001,2025-11-03_13h07.41.049,untitled,,2025.1.1,71.88943396521826,2025-11-03 13h07.47.120379 +0530,
67,75,119,294,0,42,t,0.26443049986846745,None,42,0,294,5,379.1897404000629,,379.18522590002976,379.1897404000629,380.17662949999794,380.17662949999794,380.1835602999199,380.44788910006173,t,0.26443049986846745,None,3,001,2025-11-03_13h07.41.049,untitled,,2025.1.1,71.88943396521826,2025-11-03 13h07.47.120379 +0530,
49,60,89,295,1,42,l,0.13779369997791946,None,42,1,295,4,380.4561254000291,,380.45149830006994,380.4561254000291,381.44246849999763,381.44246849999763,381.44945459999144,381.58262429991737,l,0.13779369997791946,None,3,001,2025-11-03_13h07.41.049,untitled,,2025.1.1,71.88943396521826,2025-11-03 13h07.47.120379 +0530,
78,80,162,296,2,42,l,0.26855839998461306,None,42,2,296,6,381.5915568000637,,381.58617800008506,381.5915568000637,382.57782140001655,382.57782140001655,382.5846909999382,382.84911460010335,l,0.26855839998461306,None,3,001,2025-11-03_13h07.41.049,untitled,,2025.1.1,71.88943396521826,2025-11-03 13h07.47.120379 +0530,
15,35,13,297,3,42,t,0.06331630004569888,None,42,3,297,1,382.8582933000289,,382.8533507999964,382.8582933000289,383.8386596001219,383.8386596001219,383.8525068999734,383.90857660002075,t,0.06331630004569888,None,3,001,2025-11-03_13h07.41.049,untitled,,2025.1.1,71.88943396521826,2025-11-03 13h07.47.120379 +0530,
11,30,7,298,4,42,t,0.01680340012535453,None,42,4,298,0,383.91755199991167,,383.913040000014,383.91755199991167,384.90403440012597,384.90403440012597,384.91092690010555,384.9256841999013,t,0.01680340012535453,None,3,001,2025-11-03_13h07.41.049,untitled,,2025.1.1,71.88943396521826,2025-11-03 13h07.47.120379 +0530,
27,50,21,299,5,42,t,0.24033890012651682,None,42,5,299,2,384.9346310000401,,384.9298731999006,384.9346310000401,385.92113810009323,385.92113810009323,385.9280209999997,386.16488749999553,t,0.24033890012651682,None,3,001,2025-11-03_13h07.41.049,untitled,,2025.1.1,71.88943396521826,2025-11-03 13h07.47.120379 +0530,
40,55,62,300,6,42,t,0.23761960002593696,None,42,6,300,3,386.1738495999016,,386.16901340009645,386.1738495999016,387.1605273000896,387.1605273000896,387.1679348000325,387.4042635001242,t,0.23761960002593696,None,3,001,2025-11-03_13h07.41.049,untitled,,2025.1.1,71.88943396521826,2025-11-03 13h07.47.120379 +0530,
15,35,13,301,0,43,t,0.19941739994101226,None,43,0,301,1,387.4126639999449,,387.40816650004126,387.4126639999449,388.39982699998654,388.39982699998654,388.4069378999993,388.60188940004446,t,0.19941739994101226,None,3,001,2025-11-03_13h07.41.049,untitled,,2025.1.1,71.88943396521826,2025-11-03 13h07.47.120379 +0530,
78,80,162,302,1,43,l,0.25949779991060495,None,43,1,302,6,388.61058539990336,,388.60572419990785,388.61058539990336,389.59708540001884,389.59708540001884,389.6040008000564,389.8622582999524,l,0.25949779991060495,None,3,001,2025-11-03_13h07.41.049,untitled,,2025.1.1,71.88943396521826,2025-11-03 13h07.47.120379 +0530,
49,60,89,303,2,43,l,0.15854259999468923,None,43,2,303,4,389.87919980008155,,389.8667721999809,389.87919980008155,390.8530776000116,390.8530776000116,390.8737741999794,391.0141539000906,l,0.15854259999468923,None,3,001,2025-11-03_13h07.41.049,untitled,,2025.1.1,71.88943396521826,2025-11-03 13h07.47.120379 +0530,
27,50,21,304,3,43,l,0.17870799987576902,None,43,3,304,2,391.022582200123,,391.01767170010135,391.022582200123,392.00889590010047,392.00889590010047,392.01581140002236,392.18993870005943,l,0.17870799987576902,None,3,001,2025-11-03_13h07.41.049,untitled,,2025.1.1,71.88943396521826,2025-11-03 13h07.47.120379 +0530,
67,75,119,305,4,43,l,0.29116300004534423,None,43,4,305,5,392.19848520006053,,392.19373079994693,392.19848520006053,393.18495059991255,393.18495059991255,393.1918888001237,393.47746230009943,l,0.29116300004534423,None,3,001,2025-11-03_13h07.41.049,untitled,,2025.1.1,71.88943396521826,2025-11-03 13h07.47.120379 +0530,
11,30,7,306,5,43,t,0.31453630002215505,None,43,5,306,0,393.48628009995446,,393.48141480004415,393.48628009995446,394.4726144000888,394.4726144000888,394.47952970000915,394.79344950011,t,0.31453630002215505,None,3,001,2025-11-03_13h07.41.049,untitled,,2025.1.1,71.88943396521826,2025-11-03 13h07.47.120379 +0530,
40,55,62,307,6,43,t,0.11916499980725348,None,43,6,307,3,394.8023286999669,,394.7974435000215,394.8023286999669,395.7887140000239,395.7887140000239,395.79590860009193,395.91441500000656,t,0.11916499980725348,None,3,001,2025-11-03_13h07.41.049,untitled,,2025.1.1,71.88943396521826,2025-11-03 13h07.47.120379 +0530,
27,50,21,308,0,44,t,0.22923080017790198,None,44,0,308,2,395.9227511000354,,395.91833460005,395.9227511000354,396.90896339993924,396.90896339993924,396.91619529994205,397.1391708001029,t,0.22923080017790198,None,3,001,2025-11-03_13h07.41.049,untitled,,2025.1.1,71.88943396521826,2025-11-03 13h07.47.120379 +0530,
78,80,162,309,1,44,t,0.2648265000898391,None,44,1,309,6,397.1478762999177,,397.14298489992507,397.1478762999177,398.13421589997597,398.13421589997597,398.14120630011894,398.4054260000121,t,0.2648265000898391,None,3,001,2025-11-03_13h07.41.049,untitled,,2025.1.1,71.88943396521826,2025-11-03 13h07.47.120379 +0530,
67,75,119,310,2,44,t,0.21659839991480112,None,44,2,310,5,398.413019800093,,398.4089792999439,398.413019800093,399.3996315000113,399.3996315000113,399.40657690004446,399.6219858000986,t,0.21659839991480112,None,3,001,2025-11-03_13h07.41.049,untitled,,2025.1.1,71.88943396521826,2025-11-03 13h07.47.120379 +0530,
15,35,13,311,3,44,t,0.16410980001091957,None,44,3,311,1,399.63046810007654,,399.6265378999524,399.63046810007654,400.6170516000129,400.6170516000129,400.62402079999447,400.78440820006654,t,0.16410980001091957,None,3,001,2025-11-03_13h07.41.049,untitled,,2025.1.1,71.88943396521826,2025-11-03 13h07.47.120379 +0530,
49,60,89,312,4,44,t,0.17099719983525574,None,44,4,312,4,400.79341570008546,,400.7884728999343,400.79341570008546,401.77968039992265,401.77968039992265,401.7866350999102,401.9539556999225,t,0.17099719983525574,None,3,001,2025-11-03_13h07.41.049,untitled,,2025.1.1,71.88943396521826,2025-11-03 13h07.47.120379 +0530,
11,30,7,313,5,44,l,0.2944696000777185,None,44,5,313,0,401.96308839996345,,401.95813819998875,401.96308839996345,402.9495055999141,402.9495055999141,402.95644750003703,403.2488396000117,l,0.2944696000777185,None,3,001,2025-11-03_13h07.41.049,untitled,,2025.1.1,71.88943396521826,2025-11-03 13h07.47.120379 +0530,
40,55,62,314,6,44,l,0.03195540001615882,None,44,6,314,3,403.258540000068,,403.2535920999944,403.258540000068,404.2450781001244,404.2450781001244,404.2520119000692,404.2804968999699,l,0.03195540001615882,None,3,001,2025-11-03_13h07.41.049,untitled,,2025.1.1,71.88943396521826,2025-11-03 13h07.47.120379 +0530,
11,30,7,315,0,45,l,0.22746500000357628,None,45,0,315,0,404.289427800104,,404.2846459001303,404.289427800104,405.2759231000673,405.2759231000673,405.28287769993767,405.50532989995554,l,0.22746500000357628,None,3,001,2025-11-03_13h07.41.049,untitled,,2025.1.1,71.88943396521826,2025-11-03 13h07.47.120379 +0530,
78,80,162,316,1,45,t,0.16232269979082048,None,45,1,316,6,405.5146365999244,,405.509793400066,405.5146365999244,406.5010017999448,406.5010017999448,406.5077665001154,406.6683249999769,t,0.16232269979082048,None,3,001,2025-11-03_13h07.41.049,untitled,,2025.1.1,71.88943396521826,2025-11-03 13h07.47.120379 +0530,
15,35,13,317,2,45,l,0.27705730008892715,None,45,2,317,1,406.67749099992216,,406.67274420009926,406.67749099992216,407.66387369995937,407.66387369995937,407.6708347001113,407.94237220007926,l,0.27705730008892715,None,3,001,2025-11-03_13h07.41.049,untitled,,2025.1.1,71.88943396521826,2025-11-03 13h07.47.120379 +0530,
40,55,62,318,3,45,t,0.24453889997676015,None,45,3,318,3,407.9517600000836,,407.9467329001054,407.9517600000836,408.93809129996225,408.93809129996225,408.94516850006767,409.18837590003386,t,0.24453889997676015,None,3,001,2025-11-03_13h07.41.049,untitled,,2025.1.1,71.88943396521826,2025-11-03 13h07.47.120379 +0530,
27,50,21,319,4,45,l,0.28014570008963346,None,45,4,319,2,409.196996799903,,409.19260920002125,409.196996799903,410.18344149994664,410.18344149994664,410.19075100007467,410.46866549993865,l,0.28014570008963346,None,3,001,2025-11-03_13h07.41.049,untitled,,2025.1.1,71.88943396521826,2025-11-03 13h07.47.120379 +0530,
49,60,89,320,5,45,t,0.14006930007599294,None,45,5,320,4,410.4780119000934,,410.47303360002115,410.4780119000934,411.4641664000228,411.4641664000228,411.47123749996535,411.6106841999572,t,0.14006930007599294,None,3,001,2025-11-03_13h07.41.049,untitled,,2025.1.1,71.88943396521826,2025-11-03 13h07.47.120379 +0530,
67,75,119,321,6,45,l,0.3269181998912245,None,45,6,321,5,411.61949829990044,,411.6149701999966,411.61949829990044,412.60589040000923,412.60589040000923,412.6130596001167,412.9395675000269,l,0.3269181998912245,None,3,001,2025-11-03_13h07.41.049,untitled,,2025.1.1,71.88943396521826,2025-11-03 13h07.47.120379 +0530,
15,35,13,322,0,46,t,0.14190479996614158,None,46,0,322,1,412.94946240005083,,412.9449670999311,412.94946240005083,413.9358085000422,413.9358085000422,413.9428403999191,414.08229109994136,t,0.14190479996614158,None,3,001,2025-11-03_13h07.41.049,untitled,,2025.1.1,71.88943396521826,2025-11-03 13h07.47.120379 +0530,
78,80,162,323,1,46,l,0.3336652999278158,None,46,1,323,6,414.0909269999247,,414.0860963999294,414.0909269999247,415.0769869000651,415.0769869000651,415.08421909995377,415.41135770012625,l,0.3336652999278158,None,3,001,2025-11-03_13h07.41.049,untitled,,2025.1.1,71.88943396521826,2025-11-03 13h07.47.120379 +0530,
67,75,119,324,2,46,l,1.1434876001439989,None,46,2,324,5,415.4197215999011,,415.41489359992556,415.4197215999011,416.4061581999995,416.4061581999995,416.41321939998306,417.55231479997747,l,1.1434876001439989,None,3,001,2025-11-03_13h07.41.049,untitled,,2025.1.1,71.88943396521826,2025-11-03 13h07.47.120379 +0530,
27,50,21,325,3,46,t,0.2704987998586148,None,46,3,325,2,417.5610684999265,,417.55616519995965,417.5610684999265,418.54802650003694,418.54802650003694,418.5544378000777,418.8256069000345,t,0.2704987998586148,None,3,001,2025-11-03_13h07.41.049,untitled,,2025.1.1,71.88943396521826,2025-11-03 13h07.47.120379 +0530,
11,30,7,326,4,46,l,0.23757300013676286,None,46,4,326,0,418.83395090000704,,418.8294156000484,418.83395090000704,419.82046580011956,419.82046580011956,419.8278328999877,420.06427569990046,l,0.23757300013676286,None,3,001,2025-11-03_13h07.41.049,untitled,,2025.1.1,71.88943396521826,2025-11-03 13h07.47.120379 +0530,
49,60,89,327,5,46,t,0.2312116001266986,None,46,5,327,4,420.0735408999026,,420.06857450003736,420.0735408999026,421.0600187999662,421.0600187999662,421.06697220006026,421.2965746000409,t,0.2312116001266986,None,3,001,2025-11-03_13h07.41.049,untitled,,2025.1.1,71.88943396521826,2025-11-03 13h07.47.120379 +0530,
40,55,62,328,6,46,t,0.018698799889534712,None,46,6,328,3,421.30539810005575,,421.30061380006373,421.30539810005575,422.2918001001235,422.2918001001235,422.29882639995776,422.3131480999291,t,0.018698799889534712,None,3,001,2025-11-03_13h07.41.049,untitled,,2025.1.1,71.88943396521826,2025-11-03 13h07.47.120379 +0530,
67,75,119,329,0,47,t,0.21576689998619258,None,47,0,329,5,422.3217015999835,,422.3168732000049,422.3217015999835,423.3078399000224,423.3078399000224,423.3149951000232,423.5245276999194,t,0.21576689998619258,None,3,001,2025-11-03_13h07.41.049,untitled,,2025.1.1,71.88943396521826,2025-11-03 13h07.47.120379 +0530,
11,30,7,330,1,47,l,0.05868780007585883,None,47,1,330,0,423.53324100002646,,423.52831849991344,423.53324100002646,424.5200082999654,424.5200082999654,424.526736699976,424.58309189998545,l,0.05868780007585883,None,3,001,2025-11-03_13h07.41.049,untitled,,2025.1.1,71.88943396521826,2025-11-03 13h07.47.120379 +0530,
78,80,162,331,2,47,l,0.19591189990751445,None,47,2,331,6,424.5923365999479,,424.58715320006013,424.5923365999479,425.5786751001142,425.5786751001142,425.58576819999143,425.7804632000625,l,0.19591189990751445,None,3,001,2025-11-03_13h07.41.049,untitled,,2025.1.1,71.88943396521826,2025-11-03 13h07.47.120379 +0530,
49,60,89,332,3,47,t,0.14191529992967844,None,47,3,332,4,425.78904010006227,,425.7844793999102,425.78904010006227,426.7752559001092,426.7752559001092,426.78235849994235,426.9218466999009,t,0.14191529992967844,None,3,001,2025-11-03_13h07.41.049,untitled,,2025.1.1,71.88943396521826,2025-11-03 13h07.47.120379 +0530,
15,35,13,333,4,47,l,0.2691754000261426,None,47,4,333,1,426.93119779997505,,426.92592369997874,426.93119779997505,427.9172420001123,427.9172420001123,427.9241633999627,428.1891886999365,l,0.2691754000261426,None,3,001,2025-11-03_13h07.41.049,untitled,,2025.1.1,71.88943396521826,2025-11-03 13h07.47.120379 +0530,
27,50,21,334,5,47,t,0.08609760017134249,None,47,5,334,2,428.19813299993984,,428.1931563001126,428.19813299993984,429.1847467001062,429.1847467001062,429.19175460003316,429.275761900004,t,0.08609760017134249,None,3,001,2025-11-03_13h07.41.049,untitled,,2025.1.1,71.88943396521826,2025-11-03 13h07.47.120379 +0530,
40,55,62,335,6,47,l,0.24409209983423352,None,47,6,335,3,429.28491610009223,,429.2800235999748,429.28491610009223,430.26818810007535,430.26818810007535,430.27516210009344,430.51881769998,l,0.24409209983423352,None,3,001,2025-11-03_13h07.41.049,untitled,,2025.1.1,71.88943396521826,2025-11-03 13h07.47.120379 +0530,
27,50,21,336,0,48,t,0.1732672001235187,None,48,0,336,2,430.52819250011817,,430.52330700005405,430.52819250011817,431.5143577000126,431.5143577000126,431.5213101000991,431.6889186000917,t,0.1732672001235187,None,3,001,2025-11-03_13h07.41.049,untitled,,2025.1.1,71.88943396521826,2025-11-03 13h07.47.120379 +0530,
40,55,62,337,1,48,l,0.17494169995188713,None,48,1,337,3,431.6969278000761,,431.6925580999814,431.6969278000761,432.68335449998267,432.68335449998267,432.6902934999671,432.8641850000713,l,0.17494169995188713,None,3,001,2025-11-03_13h07.41.049,untitled,,2025.1.1,71.88943396521826,2025-11-03 13h07.47.120379 +0530,
15,35,13,338,2,48,t,0.16992849996313453,None,48,2,338,1,432.87207400007173,,432.867978699971,432.87207400007173,433.8591360999271,433.8591360999271,433.86572319990955,434.03322759992443,t,0.16992849996313453,None,3,001,2025-11-03_13h07.41.049,untitled,,2025.1.1,71.88943396521826,2025-11-03 13h07.47.120379 +0530,
49,60,89,339,3,48,l,0.1860264998394996,None,48,3,339,4,434.04127710009925,,434.037110599922,434.04127710009925,435.027840499999,435.027840499999,435.0347341001034,435.2157403000165,l,0.1860264998394996,None,3,001,2025-11-03_13h07.41.049,untitled,,2025.1.1,71.88943396521826,2025-11-03 13h07.47.120379 +0530,
67,75,119,340,4,48,t,0.08001319994218647,None,48,4,340,5,435.2235248000361,,435.21943340008147,435.2235248000361,436.2101610999089,436.2101610999089,436.21710169990547,436.2941018000711,t,0.08001319994218647,None,3,001,2025-11-03_13h07.41.049,untitled,,2025.1.1,71.88943396521826,2025-11-03 13h07.47.120379 +0530,
78,80,162,341,5,48,l,0.0782805997878313,None,48,5,341,6,436.30398959992453,,436.2991565000266,436.30398959992453,437.28361749998294,437.28361749998294,437.29754190007225,437.36741499998607,l,0.0782805997878313,None,3,001,2025-11-03_13h07.41.049,untitled,,2025.1.1,71.88943396521826,2025-11-03 13h07.47.120379 +0530,
11,30,7,342,6,48,l,0.20952859986573458,None,48,6,342,0,437.3769082999788,,437.37198880012147,437.3769082999788,438.3633948999923,438.3633948999923,438.37110419990495,438.58032199996524,l,0.20952859986573458,None,3,001,2025-11-03_13h07.41.049,untitled,,2025.1.1,71.88943396521826,2025-11-03 13h07.47.120379 +0530,
27,50,21,343,0,49,l,0.05672929994761944,None,49,0,343,2,438.58953549992293,,438.5850889000576,438.58953549992293,439.5698083001189,439.5698083001189,439.5837854000274,439.6330009000376,l,0.05672929994761944,None,3,001,2025-11-03_13h07.41.049,untitled,,2025.1.1,71.88943396521826,2025-11-03 13h07.47.120379 +0530,
78,80,162,344,1,49,l,0.1371107001323253,None,49,1,344,6,439.6412790999748,,439.63678380008787,439.6412790999748,440.6242847999092,440.6242847999092,440.63113950006664,440.76360659999773,l,0.1371107001323253,None,3,001,2025-11-03_13h07.41.049,untitled,,2025.1.1,71.88943396521826,2025-11-03 13h07.47.120379 +0530,
67,75,119,345,2,49,t,0.13955090008676052,None,49,2,345,5,440.7723209001124,,440.7674682000652,440.7723209001124,441.75781400012784,441.75781400012784,441.7651430000551,441.9041343999561,t,0.13955090008676052,None,3,001,2025-11-03_13h07.41.049,untitled,,2025.1.1,71.88943396521826,2025-11-03 13h07.47.120379 +0530,
15,35,13,346,3,49,t,0.4263408000115305,None,49,3,346,1,441.91217699996196,,441.9076358000748,441.91217699996196,442.8960740000475,442.8960740000475,442.90288490010425,443.3269529999234,t,0.4263408000115305,None,3,001,2025-11-03_13h07.41.049,untitled,,2025.1.1,71.88943396521826,2025-11-03 13h07.47.120379 +0530,
11,30,7,347,4,49,t,0.10482500004582107,None,49,4,347,0,443.336039399961,,443.33123810007237,443.336039399961,444.31704470003024,444.31704470003024,444.33046739990823,444.42827140004374,t,0.10482500004582107,None,3,001,2025-11-03_13h07.41.049,untitled,,2025.1.1,71.88943396521826,2025-11-03 13h07.47.120379 +0530,
40,55,62,348,5,49,t,0.04636230017058551,None,49,5,348,3,444.4370401999913,,444.4324646999594,444.4370401999913,445.4194829000626,445.4194829000626,445.42717849998735,445.46877499995753,t,0.04636230017058551,None,3,001,2025-11-03_13h07.41.049,untitled,,2025.1.1,71.88943396521826,2025-11-03 13h07.47.120379 +0530,
49,60,89,349,6,49,l,0.173458700068295,None,49,6,349,4,445.47771940007806,,445.4727904999163,445.47771940007806,446.46393779991195,446.46393779991195,446.4710238999687,446.63826790009625,l,0.173458700068295,None,3,001,2025-11-03_13h07.41.049,untitled,,2025.1.1,71.88943396521826,2025-11-03 13h07.47.120379 +0530,
67,75,119,350,0,50,l,0.16098749986849725,None,50,0,350,5,446.6469849999994,,446.6422351000365,446.6469849999994,447.632938799914,447.632938799914,447.6398261000868,447.80014470010065,l,0.16098749986849725,None,3,001,2025-11-03_13h07.41.049,untitled,,2025.1.1,71.88943396521826,2025-11-03 13h07.47.120379 +0530,
49,60,89,351,1,50,l,0.07067360007204115,None,50,1,351,4,447.8108538999222,,447.8039055999834,447.8108538999222,448.79108670004643,448.79108670004643,448.8051322000101,448.868008099962,l,0.07067360007204115,None,3,001,2025-11-03_13h07.41.049,untitled,,2025.1.1,71.88943396521826,2025-11-03 13h07.47.120379 +0530,
15,35,13,352,2,50,t,0.08046189998276532,None,50,2,352,1,448.87655119993724,,448.8719488000497,448.87655119993724,449.8626741000917,449.8626741000917,449.86973690008745,449.9468137000222,t,0.08046189998276532,None,3,001,2025-11-03_13h07.41.049,untitled,,2025.1.1,71.88943396521826,2025-11-03 13h07.47.120379 +0530,
78,80,162,353,3,50,t,0.17213109997101128,None,50,3,353,6,449.9556319999974,,449.95057490002364,449.9556319999974,450.94166589993984,450.94166589993984,450.9488061000593,451.1167766000144,t,0.17213109997101128,None,3,001,2025-11-03_13h07.41.049,untitled,,2025.1.1,71.88943396521826,2025-11-03 13h07.47.120379 +0530,
27,50,21,354,4,50,l,0.23241679999046028,None,50,4,354,2,451.1340733000543,,451.1232467999216,451.1340733000543,452.1127780000679,452.1127780000679,452.1267516000662,452.34961419994943,l,0.23241679999046028,None,3,001,2025-11-03_13h07.41.049,untitled,,2025.1.1,71.88943396521826,2025-11-03 13h07.47.120379 +0530,
40,55,62,355,5,50,t,0.04059930006042123,None,50,5,355,3,452.3670836999081,,452.35556049994193,452.3670836999081,453.33930539991707,453.33930539991707,453.36012389999814,453.3815870999824,t,0.04059930006042123,None,3,001,2025-11-03_13h07.41.049,untitled,,2025.1.1,71.88943396521826,2025-11-03 13h07.47.120379 +0530,
11,30,7,356,6,50,l,0.22568159992806613,None,50,6,356,0,453.3895153000485,,453.3854769000318,453.3895153000485,454.37676470004953,454.37676470004953,454.38373710005544,454.6088858000003,l,0.22568159992806613,None,3,001,2025-11-03_13h07.41.049,untitled,,2025.1.1,71.88943396521826,2025-11-03 13h07.47.120379 +0530,
40,55,62,357,0,51,t,0.13952419999986887,None,51,0,357,3,454.6265843999572,,454.613296699943,454.6265843999572,455.6003109999001,455.6003109999001,455.62119360012,455.7407337001059,t,0.13952419999986887,None,3,001,2025-11-03_13h07.41.049,untitled,,2025.1.1,71.88943396521826,2025-11-03 13h07.47.120379 +0530,
67,75,119,358,1,51,l,0.0025874001439660788,None,51,1,358,5,455.74915769998915,,455.74439559993334,455.74915769998915,456.73556350008585,456.73556350008585,456.7425891999155,456.7432355999481,l,0.0025874001439660788,None,3,001,2025-11-03_13h07.41.049,untitled,,2025.1.1,71.88943396521826,2025-11-03 13h07.47.120379 +0530,
15,35,13,359,2,51,t,0.38358970009721816,None,51,2,359,1,456.7524435999803,,456.747544700047,456.7524435999803,457.73852899996564,457.73852899996564,457.74583899998106,458.1281830999069,t,0.38358970009721816,None,3,001,2025-11-03_13h07.41.049,untitled,,2025.1.1,71.88943396521826,2025-11-03 13h07.47.120379 +0530,
49,60,89,360,3,51,t,0.44070779997855425,None,51,3,360,4,458.1380284000188,,458.13347140001133,458.1380284000188,459.12428320012987,459.12428320012987,459.13130070012994,459.5695712000597,t,0.44070779997855425,None,3,001,2025-11-03_13h07.41.049,untitled,,2025.1.1,71.88943396521826,2025-11-03 13h07.47.120379 +0530,
78,80,162,361,4,51,t,0.08028090000152588,None,51,4,361,6,459.5782208999153,,459.57328299991786,459.5782208999153,460.5646526000928,460.5646526000928,460.57183889998123,460.64843640010804,t,0.08028090000152588,None,3,001,2025-11-03_13h07.41.049,untitled,,2025.1.1,71.88943396521826,2025-11-03 13h07.47.120379 +0530,
27,50,21,362,5,51,t,0.15357970003969967,None,51,5,362,2,460.6571714000311,,460.6523090999108,460.6571714000311,461.6437186000403,461.6437186000403,461.6507520999294,461.8036470999941,t,0.15357970003969967,None,3,001,2025-11-03_13h07.41.049,untitled,,2025.1.1,71.88943396521826,2025-11-03 13h07.47.120379 +0530,
11,30,7,363,6,51,l,0.15945770009420812,None,51,6,363,0,461.8120542000979,,461.8074503999669,461.8120542000979,462.798901299946,462.798901299946,462.80574660003185,462.95909369993024,l,0.15945770009420812,None,3,001,2025-11-03_13h07.41.049,untitled,,2025.1.1,71.88943396521826,2025-11-03 13h07.47.120379 +0530,
67,75,119,364,0,52,l,0.1865823999978602,None,52,0,364,5,462.9676556000486,,462.962779100053,462.9676556000486,463.9533724000212,463.9533724000212,463.96043509989977,464.1414771999698,l,0.1865823999978602,None,3,001,2025-11-03_13h07.41.049,untitled,,2025.1.1,71.88943396521826,2025-11-03 13h07.47.120379 +0530,
27,50,21,365,1,52,l,0.3017152000684291,None,52,1,365,2,464.1501547000371,,464.1453299999703,464.1501547000371,465.1377536000218,465.1377536000218,465.14455409999937,465.44361390010454,l,0.3017152000684291,None,3,001,2025-11-03_13h07.41.049,untitled,,2025.1.1,71.88943396521826,2025-11-03 13h07.47.120379 +0530,
49,60,89,366,2,52,l,0.004686300177127123,None,52,2,366,4,465.45263510011137,,465.4486603999976,465.45263510011137,466.4396794999484,466.4396794999484,466.4463681001216,466.4469101000577,l,0.004686300177127123,None,3,001,2025-11-03_13h07.41.049,untitled,,2025.1.1,71.88943396521826,2025-11-03 13h07.47.120379 +0530,
11,30,7,367,3,52,l,0.1228283999953419,None,52,3,367,0,466.45518380007707,,466.4513061000034,466.45518380007707,467.4417856000364,467.4417856000364,467.44886959996074,467.572535000043,l,0.1228283999953419,None,3,001,2025-11-03_13h07.41.049,untitled,,2025.1.1,71.88943396521826,2025-11-03 13h07.47.120379 +0530,
15,35,13,368,4,52,t,0.2932343001011759,None,52,4,368,1,467.58543279999867,,467.57783429999836,467.58543279999867,468.5641634000931,468.5641634000931,468.5782087999396,468.8630997000728,t,0.2932343001011759,None,3,001,2025-11-03_13h07.41.049,untitled,,2025.1.1,71.88943396521826,2025-11-03 13h07.47.120379 +0530,
40,55,62,369,5,52,t,0.11468309978954494,None,52,5,369,3,468.8713090000674,,468.86675460007973,468.8713090000674,469.861500200117,469.861500200117,469.8708603999112,469.9814965999685,t,0.11468309978954494,None,3,001,2025-11-03_13h07.41.049,untitled,,2025.1.1,71.88943396521826,2025-11-03 13h07.47.120379 +0530,
78,80,162,370,6,52,t,0.4037147997878492,None,52,6,370,6,469.99158299993724,,469.9856100000907,469.99158299993724,470.9765759999864,470.9765759999864,470.9835886999499,471.38709450000897,t,0.4037147997878492,None,3,001,2025-11-03_13h07.41.049,untitled,,2025.1.1,71.88943396521826,2025-11-03 13h07.47.120379 +0530,
67,75,119,371,0,53,t,0.1104848999530077,None,53,0,371,5,471.39535639993846,,471.3905418999493,471.39535639993846,472.3777093999088,472.3777093999088,472.38479029992595,472.489259300055,t,0.1104848999530077,None,3,001,2025-11-03_13h07.41.049,untitled,,2025.1.1,71.88943396521826,2025-11-03 13h07.47.120379 +0530,
15,35,13,372,1,53,l,0.12382169999182224,None,53,1,372,1,472.4965447001159,,472.4925550001208,472.4965447001159,473.4791691999417,473.4791691999417,473.4863360999152,473.6043956000358,l,0.12382169999182224,None,3,001,2025-11-03_13h07.41.049,untitled,,2025.1.1,71.88943396521826,2025-11-03 13h07.47.120379 +0530,
40,55,62,373,2,53,l,1.0486290999688208,None,53,2,373,3,473.613101700088,,473.60859480011277,473.613101700088,474.59967259992845,474.59967259992845,474.60662410012446,475.6554960999638,l,1.0486290999688208,None,3,001,2025-11-03_13h07.41.049,untitled,,2025.1.1,71.88943396521826,2025-11-03 13h07.47.120379 +0530,
27,50,21,374,3,53,t,0.04271220020018518,None,53,3,374,2,475.66309790010564,,475.6589583000168,475.66309790010564,476.6496313000098,476.6496313000098,476.65656060003676,476.69885820010677,t,0.04271220020018518,None,3,001,2025-11-03_13h07.41.049,untitled,,2025.1.1,71.88943396521826,2025-11-03 13h07.47.120379 +0530,
78,80,162,375,4,53,t,0.11586849996820092,None,53,4,375,6,476.7064028000459,,476.7025129001122,476.7064028000459,477.69273960008286,477.69273960008286,477.6997370000463,477.81143569992855,t,0.11586849996820092,None,3,001,2025-11-03_13h07.41.049,untitled,,2025.1.1,71.88943396521826,2025-11-03 13h07.47.120379 +0530,
49,60,89,376,5,53,l,0.24474039999768138,None,53,5,376,4,477.8190806999337,,477.815070200013,477.8190806999337,478.80559569993056,478.80559569993056,478.8127055000514,479.052781800041,l,0.24474039999768138,None,3,001,2025-11-03_13h07.41.049,untitled,,2025.1.1,71.88943396521826,2025-11-03 13h07.47.120379 +0530,
11,30,7,377,6,53,l,0.20399160007946193,None,53,6,377,0,479.0603420000989,,479.0562934000045,479.0603420000989,480.0483599000145,480.0483599000145,480.05590569996275,480.25293279998004,l,0.20399160007946193,None,3,001,2025-11-03_13h07.41.049,untitled,,2025.1.1,71.88943396521826,2025-11-03 13h07.47.120379 +0530,
27,50,21,378,0,54,t,0.5210441001690924,None,54,0,378,2,480.26041670003906,,480.2564697000198,480.26041670003906,481.2469742000103,481.2469742000103,481.25374160008505,481.7699827000033,t,0.5210441001690924,None,3,001,2025-11-03_13h07.41.049,untitled,,2025.1.1,71.88943396521826,2025-11-03 13h07.47.120379 +0530,
11,30,7,379,1,54,t,0.0800667000003159,None,54,1,379,0,481.7777732000686,,481.7736929000821,481.7777732000686,482.76434420002624,482.76434420002624,482.7714671001304,482.8484708000906,t,0.0800667000003159,None,3,001,2025-11-03_13h07.41.049,untitled,,2025.1.1,71.88943396521826,2025-11-03 13h07.47.120379 +0530,
40,55,62,380,2,54,t,0.09818570013158023,None,54,2,380,3,482.8659711999353,,482.8535432999488,482.8659711999353,483.8378683999181,483.8378683999181,483.8589075000491,483.9427702999674,t,0.09818570013158023,None,3,001,2025-11-03_13h07.41.049,untitled,,2025.1.1,71.88943396521826,2025-11-03 13h07.47.120379 +0530,
49,60,89,381,3,54,l,0.05000269995070994,None,54,3,381,4,483.950197200058,,483.9466587000061,483.950197200058,484.93679299997166,484.93679299997166,484.9437643000856,484.9931652001105,l,0.05000269995070994,None,3,001,2025-11-03_13h07.41.049,untitled,,2025.1.1,71.88943396521826,2025-11-03 13h07.47.120379 +0530,
67,75,119,382,4,54,l,0.8779140999540687,None,54,4,382,5,485.00238849991,,484.99739219993353,485.00238849991,485.9826559999492,485.9826559999492,485.9968475999776,486.86412820010446,l,0.8779140999540687,None,3,001,2025-11-03_13h07.41.049,untitled,,2025.1.1,71.88943396521826,2025-11-03 13h07.47.120379 +0530,
78,80,162,383,5,54,l,0.09555709990672767,None,54,5,383,6,486.8730095999781,,486.8679009999614,486.8730095999781,487.85995519999415,487.85995519999415,487.866937099956,487.95758559997194,l,0.09555709990672767,None,3,001,2025-11-03_13h07.41.049,untitled,,2025.1.1,71.88943396521826,2025-11-03 13h07.47.120379 +0530,
15,35,13,384,6,54,l,0.11476520006544888,None,54,6,384,1,487.96550570009276,,487.961097399937,487.96550570009276,488.9492178999353,488.9492178999353,488.95601349999197,489.06790470005944,l,0.11476520006544888,None,3,001,2025-11-03_13h07.41.049,untitled,,2025.1.1,71.88943396521826,2025-11-03 13h07.47.120379 +0530,
40,55,62,385,0,55,t,0.055518100038170815,None,55,0,385,3,489.0764534000773,,489.07146129989997,489.0764534000773,490.06297309999354,490.06297309999354,490.0697705000639,490.11941549996845,t,0.055518100038170815,None,3,001,2025-11-03_13h07.41.049,untitled,,2025.1.1,71.88943396521826,2025-11-03 13h07.47.120379 +0530,
67,75,119,386,1,55,t,0.0992313998285681,None,55,1,386,5,490.1280587001238,,490.1230524000712,490.1280587001238,491.11433749995194,491.11433749995194,491.12140409997664,491.21929059992544,t,0.0992313998285681,None,3,001,2025-11-03_13h07.41.049,untitled,,2025.1.1,71.88943396521826,2025-11-03 13h07.47.120379 +0530,
27,50,21,387,2,55,t,0.08457270008511841,None,55,2,387,2,491.228230800014,,491.223282400053,491.228230800014,492.21452570008114,492.21452570008114,492.22149699996226,492.30502599989995,t,0.08457270008511841,None,3,001,2025-11-03_13h07.41.049,untitled,,2025.1.1,71.88943396521826,2025-11-03 13h07.47.120379 +0530,
11,30,7,388,3,55,t,0.015713300090283155,None,55,3,388,0,492.313233199995,,492.30878739990294,492.313233199995,493.2996121000033,493.2996121000033,493.3065810999833,493.32085000001825,t,0.015713300090283155,None,3,001,2025-11-03_13h07.41.049,untitled,,2025.1.1,71.88943396521826,2025-11-03 13h07.47.120379 +0530,
15,35,13,389,4,55,t,0.06397759984247386,None,55,4,389,1,493.3296964999754,,493.32496630004607,493.3296964999754,494.31622350006364,494.31622350006364,494.32322070002556,494.3860746000428,t,0.06397759984247386,None,3,001,2025-11-03_13h07.41.049,untitled,,2025.1.1,71.88943396521826,2025-11-03 13h07.47.120379 +0530,
49,60,89,390,5,55,l,0.17753530014306307,None,55,5,390,4,494.3949329999741,,494.390220799949,494.3949329999741,495.3813847999554,495.3813847999554,495.388381900033,495.5624561998993,l,0.17753530014306307,None,3,001,2025-11-03_13h07.41.049,untitled,,2025.1.1,71.88943396521826,2025-11-03 13h07.47.120379 +0530,
78,80,162,391,6,55,l,0.16010979982092977,None,55,6,391,6,495.5717925999779,,495.56668090005405,495.5717925999779,496.557874500053,496.557874500053,496.5653905000072,496.7254000999965,l,0.16010979982092977,None,3,001,2025-11-03_13h07.41.049,untitled,,2025.1.1,71.88943396521826,2025-11-03 13h07.47.120379 +0530,
78,80,162,392,0,56,t,0.22087449999526143,None,56,0,392,6,496.73168749990873,,496.7257099999115,496.73168749990873,497.7179898000322,497.7179898000322,497.72491300012916,497.94086769991554,t,0.22087449999526143,None,3,001,2025-11-03_13h07.41.049,untitled,,2025.1.1,71.88943396521826,2025-11-03 13h07.47.120379 +0530,
11,30,7,393,1,56,l,0.13968580006621778,None,56,1,393,0,497.9496530001052,,497.9448341000825,497.9496530001052,498.9361535999924,498.9361535999924,498.94311790005304,499.08213980006985,l,0.13968580006621778,None,3,001,2025-11-03_13h07.41.049,untitled,,2025.1.1,71.88943396521826,2025-11-03 13h07.47.120379 +0530,
15,35,13,394,2,56,t,0.11887820018455386,None,56,2,394,1,499.0907147000544,,499.0859858999029,499.0907147000544,500.0772335000802,500.0772335000802,500.0841045000125,500.20297150011174,t,0.11887820018455386,None,3,001,2025-11-03_13h07.41.049,untitled,,2025.1.1,71.88943396521826,2025-11-03 13h07.47.120379 +0530,
49,60,89,395,3,56,l,0.230150300078094,None,56,3,395,4,500.2122025999706,,500.207494399976,500.2122025999706,501.19858679990284,501.19858679990284,501.205491400091,501.43493099999614,l,0.230150300078094,None,3,001,2025-11-03_13h07.41.049,untitled,,2025.1.1,71.88943396521826,2025-11-03 13h07.47.120379 +0530,
27,50,21,396,4,56,t,0.09702340001240373,None,56,4,396,2,501.44257010007277,,501.43865610007197,501.44257010007277,502.4290700999554,502.4290700999554,502.43601009994745,502.5270195999183,t,0.09702340001240373,None,3,001,2025-11-03_13h07.41.049,untitled,,2025.1.1,71.88943396521826,2025-11-03 13h07.47.120379 +0530,
67,75,119,397,5,56,l,0.43829429987818,None,56,5,397,5,502.5357773001306,,502.53062280011363,502.5357773001306,503.52176190004684,503.52176190004684,503.52903309999965,503.96676030009985,l,0.43829429987818,None,3,001,2025-11-03_13h07.41.049,untitled,,2025.1.1,71.88943396521826,2025-11-03 13h07.47.120379 +0530,
40,55,62,398,6,56,t,0.39332420006394386,None,56,6,398,3,503.97395569994114,,503.97043350012973,503.97395569994114,504.960571100004,504.960571100004,504.9674964000005,505.35690900008194,t,0.39332420006394386,None,3,001,2025-11-03_13h07.41.049,untitled,,2025.1.1,71.88943396521826,2025-11-03 13h07.47.120379 +0530,
11,30,7,399,0,57,t,0.9252885000314564,None,57,0,399,0,505.36588940001093,,505.3609809000045,505.36588940001093,506.35232609999366,506.35232609999366,506.3592465000693,507.2835782999173,t,0.9252885000314564,None,3,001,2025-11-03_13h07.41.049,untitled,,2025.1.1,71.88943396521826,2025-11-03 13h07.47.120379 +0530,
78,80,162,400,1,57,t,1.5757452000398189,None,57,1,400,6,507.29244940006174,,507.2876325000543,507.29244940006174,508.2790200000163,508.2790200000163,508.28583770012483,509.8560287998989,t,1.5757452000398189,None,3,001,2025-11-03_13h07.41.049,untitled,,2025.1.1,71.88943396521826,2025-11-03 13h07.47.120379 +0530,
40,55,62,401,2,57,l,0.4150959998369217,None,57,2,401,3,509.865484100068,,509.86031070002355,509.865484100068,510.8518342000898,510.8518342000898,510.8589395999443,511.26886079995893,l,0.4150959998369217,None,3,001,2025-11-03_13h07.41.049,untitled,,2025.1.1,71.88943396521826,2025-11-03 13h07.47.120379 +0530,
15,35,13,402,3,57,t,0.5643282998353243,None,57,3,402,1,511.27763290004805,,511.27268710010685,511.27763290004805,512.2639069999568,512.2639069999568,512.2708815999795,512.834139399929,t,0.5643282998353243,None,3,001,2025-11-03_13h07.41.049,untitled,,2025.1.1,71.88943396521826,2025-11-03 13h07.47.120379 +0530,
49,60,89,403,4,57,t,0.9094949001446366,None,57,4,403,4,512.8517305999994,,512.8402146000881,512.8517305999994,513.8237324000802,513.8237324000802,513.8446683001239,514.7341934000142,t,0.9094949001446366,None,3,001,2025-11-03_13h07.41.049,untitled,,2025.1.1,71.88943396521826,2025-11-03 13h07.47.120379 +0530,
67,75,119,404,5,57,t,0.2719723000191152,None,57,5,404,5,514.7440381001215,,514.7387179001234,514.7440381001215,515.7242743000388,515.7242743000388,515.738629499916,516.002482800046,t,0.2719723000191152,None,3,001,2025-11-03_13h07.41.049,untitled,,2025.1.1,71.88943396521826,2025-11-03 13h07.47.120379 +0530,
27,50,21,405,6,57,t,0.3079341999255121,None,57,6,405,2,516.0111062999349,,516.0066321999766,516.0111062999349,516.9976188000292,516.9976188000292,517.004513300024,517.3109705999959,t,0.3079341999255121,None,3,001,2025-11-03_13h07.41.049,untitled,,2025.1.1,71.88943396521826,2025-11-03 13h07.47.120379 +0530,
67,75,119,406,0,58,t,0.4539385000243783,None,58,0,406,5,517.3201562999748,,517.315282800002,517.3201562999748,518.3064673000481,518.3064673000481,518.3135206000879,518.765565100126,t,0.4539385000243783,None,3,001,2025-11-03_13h07.41.049,untitled,,2025.1.1,71.88943396521826,2025-11-03 13h07.47.120379 +0530,
78,80,162,407,1,58,t,0.15683290013112128,None,58,1,407,6,518.773886000039,,518.7690514000133,518.773886000039,519.7549344999716,519.7549344999716,519.7691051999573,519.9158677000087,t,0.15683290013112128,None,3,001,2025-11-03_13h07.41.049,untitled,,2025.1.1,71.88943396521826,2025-11-03 13h07.47.120379 +0530,
11,30,7,408,2,58,t,0.37657879991456866,None,58,2,408,0,519.9331752001308,,519.9215810000896,519.9331752001308,520.9119331000838,520.9119331000838,520.9256448999513,521.2944255999755,t,0.37657879991456866,None,3,001,2025-11-03_13h07.41.049,untitled,,2025.1.1,71.88943396521826,2025-11-03 13h07.47.120379 +0530,
15,35,13,409,3,58,t,0.6544301998801529,None,58,3,409,1,521.3031409999821,,521.2983899000101,521.3031409999821,522.2897105000447,522.2897105000447,522.296624599956,522.949700600002,t,0.6544301998801529,None,3,001,2025-11-03_13h07.41.049,untitled,,2025.1.1,71.88943396521826,2025-11-03 13h07.47.120379 +0530,
40,55,62,410,4,58,l,0.7509661000221968,None,58,4,410,3,522.9591785999946,,522.9541933999863,522.9591785999946,523.9459947000723,523.9459947000723,523.9531334999483,524.7030531000346,l,0.7509661000221968,None,3,001,2025-11-03_13h07.41.049,untitled,,2025.1.1,71.88943396521826,2025-11-03 13h07.47.120379 +0530,
49,60,89,411,5,58,t,0.3088597001042217,None,58,5,411,4,524.7127189999446,,524.707711199997,524.7127189999446,525.6991860000417,525.6991860000417,525.7062137001194,526.0123368001077,t,0.3088597001042217,None,3,001,2025-11-03_13h07.41.049,untitled,,2025.1.1,71.88943396521826,2025-11-03 13h07.47.120379 +0530,
27,50,21,412,6,58,l,0.2430817000567913,None,58,6,412,2,526.0211787999142,,526.0162243999075,526.0211787999142,527.0076560999732,527.0076560999732,527.0145827000961,527.2579282999504,l,0.2430817000567913,None,3,001,2025-11-03_13h07.41.049,untitled,,2025.1.1,71.88943396521826,2025-11-03 13h07.47.120379 +0530,
49,60,89,413,0,59,t,0.2859362999442965,None,59,0,413,4,527.2674392999616,,527.2628273000009,527.2674392999616,528.2535723000765,528.2535723000765,528.260680800071,528.5458363001235,t,0.2859362999442965,None,3,001,2025-11-03_13h07.41.049,untitled,,2025.1.1,71.88943396521826,2025-11-03 13h07.47.120379 +0530,
67,75,119,414,1,59,l,0.17093900009058416,None,59,1,414,5,528.5543671001215,,528.549913099967,528.5543671001215,529.5407847999595,529.5407847999595,529.547848300077,529.7148522001226,l,0.17093900009058416,None,3,001,2025-11-03_13h07.41.049,untitled,,2025.1.1,71.88943396521826,2025-11-03 13h07.47.120379 +0530,
27,50,21,415,2,59,t,0.28249020013026893,None,59,2,415,2,529.7235695999116,,529.7187165000942,529.7235695999116,530.7101082000881,530.7101082000881,530.7169381000567,530.9953568000346,t,0.28249020013026893,None,3,001,2025-11-03_13h07.41.049,untitled,,2025.1.1,71.88943396521826,2025-11-03 13h07.47.120379 +0530,
11,30,7,416,3,59,t,0.17226059990935028,None,59,3,416,0,531.0041368000675,,530.9990095999092,531.0041368000675,531.9904211999383,531.9904211999383,531.9974142999854,532.1646215999499,t,0.17226059990935028,None,3,001,2025-11-03_13h07.41.049,untitled,,2025.1.1,71.88943396521826,2025-11-03 13h07.47.120379 +0530,
40,55,62,417,4,59,t,0.13500899984501302,None,59,4,417,3,532.1733617000282,,532.1686416000593,532.1733617000282,533.160642700037,533.160642700037,533.1674401999917,533.2994250999764,t,0.13500899984501302,None,3,001,2025-11-03_13h07.41.049,untitled,,2025.1.1,71.88943396521826,2025-11-03 13h07.47.120379 +0530,
78,80,162,418,5,59,t,0.2689320999197662,None,59,5,418,6,533.3077142999973,,533.3028778000735,533.3077142999973,534.2938385999296,534.2938385999296,534.301026500063,534.5654593999498,t,0.2689320999197662,None,3,001,2025-11-03_13h07.41.049,untitled,,2025.1.1,71.88943396521826,2025-11-03 13h07.47.120379 +0530,
15,35,13,419,6,59,t,0.20024190004915,None,59,6,419,1,534.5740501999389,,534.5693439999595,534.5740501999389,535.5604523001239,535.5604523001239,535.5674121000338,535.7624641999137,t,0.20024190004915,None,3,001,2025-11-03_13h07.41.049,untitled,,2025.1.1,71.88943396521826,2025-11-03 13h07.47.120379 +0530,
15,35,13,420,0,60,l,0.13987009995616972,None,60,0,420,1,535.7685376000591,,535.7627904000692,535.7685376000591,536.7547331000678,536.7547331000678,536.7618047001306,536.901262700092,l,0.13987009995616972,None,3,001,2025-11-03_13h07.41.049,untitled,,2025.1.1,71.88943396521826,2025-11-03 13h07.47.120379 +0530,
67,75,119,421,1,60,l,0.12537920009344816,None,60,1,421,5,536.9111433001235,,536.9066300999839,536.9111433001235,537.8906374999788,537.8906374999788,537.9041861000005,538.023022999987,l,0.12537920009344816,None,3,001,2025-11-03_13h07.41.049,untitled,,2025.1.1,71.88943396521826,2025-11-03 13h07.47.120379 +0530,
49,60,89,422,2,60,l,0.07903330004774034,None,60,2,422,4,538.0319515999872,,538.0275298000779,538.0319515999872,539.0181903000921,539.0181903000921,539.0251980999019,539.1023999999743,l,0.07903330004774034,None,3,001,2025-11-03_13h07.41.049,untitled,,2025.1.1,71.88943396521826,2025-11-03 13h07.47.120379 +0530,
11,30,7,423,3,60,l,0.28581520006991923,None,60,3,423,0,539.111530299997,,539.1066382999998,539.111530299997,540.0974562999327,540.0974562999327,540.1048270999454,540.389724999899,l,0.28581520006991923,None,3,001,2025-11-03_13h07.41.049,untitled,,2025.1.1,71.88943396521826,2025-11-03 13h07.47.120379 +0530,
78,80,162,424,4,60,l,0.17765030008740723,None,60,4,424,6,540.3982508000918,,540.3937669999432,540.3982508000918,541.384828499984,541.384828499984,541.3918659999035,541.5657961000688,l,0.17765030008740723,None,3,001,2025-11-03_13h07.41.049,untitled,,2025.1.1,71.88943396521826,2025-11-03 13h07.47.120379 +0530,
40,55,62,425,5,60,t,0.2867693000007421,None,60,5,425,3,541.575086100027,,541.5702211000025,541.575086100027,542.5541968999896,542.5541968999896,542.5686550000682,542.8468196000904,t,0.2867693000007421,None,3,001,2025-11-03_13h07.41.049,untitled,,2025.1.1,71.88943396521826,2025-11-03 13h07.47.120379 +0530,
27,50,21,426,6,60,t,0.20692029991187155,None,60,6,426,2,542.8558348999359,,542.8509492999874,542.8558348999359,543.8421978000551,543.8421978000551,543.8492141999304,544.0513001999352,t,0.20692029991187155,None,3,001,2025-11-03_13h07.41.049,untitled,,2025.1.1,71.88943396521826,2025-11-03 13h07.47.120379 +0530,
67,75,119,427,0,61,t,0.1152019000146538,None,61,0,427,5,544.0601834000554,,544.0553884000983,544.0601834000554,545.0465377001092,545.0465377001092,545.0535643999465,545.1651959998999,t,0.1152019000146538,None,3,001,2025-11-03_13h07.41.049,untitled,,2025.1.1,71.88943396521826,2025-11-03 13h07.47.120379 +0530,
78,80,162,428,1,61,l,0.316071700071916,None,61,1,428,6,545.1743683000095,,545.1695296000689,545.1743683000095,546.1607006001286,546.1607006001286,546.1679452001117,546.4808217999525,l,0.316071700071916,None,3,001,2025-11-03_13h07.41.049,untitled,,2025.1.1,71.88943396521826,2025-11-03 13h07.47.120379 +0530,
27,50,21,429,2,61,l,0.045211599906906486,None,61,2,429,2,546.4905189999845,,546.4856704999693,546.4905189999845,547.4770766999573,547.4770766999573,547.4839409000706,547.5261617999058,l,0.045211599906906486,None,3,001,2025-11-03_13h07.41.049,untitled,,2025.1.1,71.88943396521826,2025-11-03 13h07.47.120379 +0530,
15,35,13,430,3,61,l,0.21850930014625192,None,61,3,430,1,547.535604499979,,547.5301347000059,547.535604499979,548.5212735000532,548.5212735000532,548.528367199935,548.7442852999084,l,0.21850930014625192,None,3,001,2025-11-03_13h07.41.049,untitled,,2025.1.1,71.88943396521826,2025-11-03 13h07.47.120379 +0530,
49,60,89,431,4,61,t,0.18686189991421998,None,61,4,431,4,548.7539150000084,,548.7491184000392,548.7539150000084,549.7404310000129,549.7404310000129,549.7474903999828,549.9286255999468,t,0.18686189991421998,None,3,001,2025-11-03_13h07.41.049,untitled,,2025.1.1,71.88943396521826,2025-11-03 13h07.47.120379 +0530,
11,30,7,432,5,61,t,0.14891649992205203,None,61,5,432,0,549.9383302000351,,549.9332912000827,549.9383302000351,550.9244955000468,550.9244955000468,550.9315867999103,551.0779530000873,t,0.14891649992205203,None,3,001,2025-11-03_13h07.41.049,untitled,,2025.1.1,71.88943396521826,2025-11-03 13h07.47.120379 +0530,
40,55,62,433,6,61,l,0.09304900001734495,None,61,6,433,3,551.0859543001279,,551.0816349999513,551.0859543001279,552.0725903001148,552.0725903001148,552.0792543001007,552.1702890000306,l,0.09304900001734495,None,3,001,2025-11-03_13h07.41.049,untitled,,2025.1.1,71.88943396521826,2025-11-03 13h07.47.120379 +0530,
15,35,13,434,0,62,l,0.45783660002052784,None,62,0,434,1,552.1782897000667,,552.1742066999432,552.1782897000667,553.1648224000819,553.1648224000819,553.1718635000288,553.623590500094,l,0.45783660002052784,None,3,001,2025-11-03_13h07.41.049,untitled,,2025.1.1,71.88943396521826,2025-11-03 13h07.47.120379 +0530,
27,50,21,435,1,62,t,0.29289819998666644,None,62,1,435,2,553.6316919999663,,553.6272169000003,553.6316919999663,554.6180591001175,554.6180591001175,554.6249687001109,554.917434199946,t,0.29289819998666644,None,3,001,2025-11-03_13h07.41.049,untitled,,2025.1.1,71.88943396521826,2025-11-03 13h07.47.120379 +0530,
78,80,162,436,2,62,l,0.18163410015404224,None,62,2,436,6,554.9248385000974,,554.921329600038,554.9248385000974,555.9113491000608,555.9113491000608,555.9185681000818,556.0992012000643,l,0.18163410015404224,None,3,001,2025-11-03_13h07.41.049,untitled,,2025.1.1,71.88943396521826,2025-11-03 13h07.47.120379 +0530,
49,60,89,437,3,62,t,0.21614420018158853,None,62,3,437,4,556.1074856000487,,556.1039492001291,556.1074856000487,557.0942963000853,557.0942963000853,557.1015691000503,557.316773999948,t,0.21614420018158853,None,3,001,2025-11-03_13h07.41.049,untitled,,2025.1.1,71.88943396521826,2025-11-03 13h07.47.120379 +0530,
67,75,119,438,4,62,l,0.21681150002405047,None,62,4,438,5,557.3258929001167,,557.3210692999419,557.3258929001167,558.3121452000923,558.3121452000923,558.3193735000677,558.535059900023,l,0.21681150002405047,None,3,001,2025-11-03_13h07.41.049,untitled,,2025.1.1,71.88943396521826,2025-11-03 13h07.47.120379 +0530,
11,30,7,439,5,62,t,0.642723900033161,None,62,5,439,0,558.5439480999485,,558.5390703000594,558.5439480999485,559.5301673999056,559.5301673999056,559.537394199986,560.1768231999595,t,0.642723900033161,None,3,001,2025-11-03_13h07.41.049,untitled,,2025.1.1,71.88943396521826,2025-11-03 13h07.47.120379 +0530,
40,55,62,440,6,62,t,0.30511340009979904,None,62,6,440,3,560.1852937000804,,560.1804700000212,560.1852937000804,561.1717876999173,561.1717876999173,561.1788031999022,561.4784220999572,t,0.30511340009979904,None,3,001,2025-11-03_13h07.41.049,untitled,,2025.1.1,71.88943396521826,2025-11-03 13h07.47.120379 +0530,
11,30,7,441,0,63,l,0.28221830003894866,None,63,0,441,0,561.4864405000117,,561.4822615000885,561.4864405000117,562.4729420000222,562.4729420000222,562.4798797001131,562.7581984999124,l,0.28221830003894866,None,3,001,2025-11-03_13h07.41.049,untitled,,2025.1.1,71.88943396521826,2025-11-03 13h07.47.120379 +0530,
78,80,162,442,1,63,t,0.21057110000401735,None,63,1,442,6,562.7666958000045,,562.761955199996,562.7666958000045,563.7531373000238,563.7531373000238,563.7601944000926,563.9691071999259,t,0.21057110000401735,None,3,001,2025-11-03_13h07.41.049,untitled,,2025.1.1,71.88943396521826,2025-11-03 13h07.47.120379 +0530,
67,75,119,443,2,63,t,0.4547600999940187,None,63,2,443,5,563.9782493999228,,563.97347550001,563.9782493999228,564.9644553000107,564.9644553000107,564.9716833999846,565.4245597999543,t,0.4547600999940187,None,3,001,2025-11-03_13h07.41.049,untitled,,2025.1.1,71.88943396521826,2025-11-03 13h07.47.120379 +0530,
49,60,89,444,3,63,l,0.28699079994112253,None,63,3,444,4,565.4412638000213,,565.4298902000301,565.4412638000213,566.4201821000315,566.4201821000315,566.434202299919,566.7124053000007,l,0.28699079994112253,None,3,001,2025-11-03_13h07.41.049,untitled,,2025.1.1,71.88943396521826,2025-11-03 13h07.47.120379 +0530,
15,35,13,445,4,63,t,0.29943599994294345,None,63,4,445,1,566.721016000025,,566.7162135001272,566.721016000025,567.7075682999566,567.7075682999566,567.7146640999708,568.0136257000268,t,0.29943599994294345,None,3,001,2025-11-03_13h07.41.049,untitled,,2025.1.1,71.88943396521826,2025-11-03 13h07.47.120379 +0530,
27,50,21,446,5,63,l,0.2167365001514554,None,63,5,446,2,568.0222791999113,,568.0175707000308,568.0222791999113,569.0084226999898,569.0084226999898,569.0154446999077,569.2308372999541,l,0.2167365001514554,None,3,001,2025-11-03_13h07.41.049,untitled,,2025.1.1,71.88943396521826,2025-11-03 13h07.47.120379 +0530,
40,55,62,447,6,63,t,0.2472840000409633,None,63,6,447,3,569.2389881000854,,569.2344621000811,569.2389881000854,570.2253908000421,570.2253908000421,570.2322219999041,570.4757515001111,t,0.2472840000409633,None,3,001,2025-11-03_13h07.41.049,untitled,,2025.1.1,71.88943396521826,2025-11-03 13h07.47.120379 +0530,
27,50,21,448,0,64,l,0.15494939987547696,None,64,0,448,2,570.4847277000081,,570.4796271999367,570.4847277000081,571.4709916999564,571.4709916999564,571.4780753001105,571.631534999935,l,0.15494939987547696,None,3,001,2025-11-03_13h07.41.049,untitled,,2025.1.1,71.88943396521826,2025-11-03 13h07.47.120379 +0530,
49,60,89,449,1,64,t,0.14022289984859526,None,64,1,449,4,571.640508200042,,571.6357490001246,571.640508200042,572.6270826000255,572.6270826000255,572.6339557000902,572.7731846999377,t,0.14022289984859526,None,3,001,2025-11-03_13h07.41.049,untitled,,2025.1.1,71.88943396521826,2025-11-03 13h07.47.120379 +0530,
40,55,62,450,2,64,l,0.2113769999705255,None,64,2,450,3,572.7828448999207,,572.777951200027,572.7828448999207,573.7692927999888,573.7692927999888,573.7762327000964,573.9851104000118,l,0.2113769999705255,None,3,001,2025-11-03_13h07.41.049,untitled,,2025.1.1,71.88943396521826,2025-11-03 13h07.47.120379 +0530,
15,35,13,451,3,64,t,0.11771890008822083,None,64,3,451,1,573.9942523001228,,573.9894050001167,573.9942523001228,574.9799258001149,574.9799258001149,574.9868072001263,575.0985544000287,t,0.11771890008822083,None,3,001,2025-11-03_13h07.41.049,untitled,,2025.1.1,71.88943396521826,2025-11-03 13h07.47.120379 +0530,
67,75,119,452,4,64,l,0.1958426998462528,None,64,4,452,5,575.108487999998,,575.102580399951,575.108487999998,576.0938504999503,576.0938504999503,576.1008935999125,576.2958120000549,l,0.1958426998462528,None,3,001,2025-11-03_13h07.41.049,untitled,,2025.1.1,71.88943396521826,2025-11-03 13h07.47.120379 +0530,
78,80,162,453,5,64,t,0.12993509997613728,None,64,5,453,6,576.3048729000147,,576.300140599953,576.3048729000147,577.2922108001076,577.2922108001076,577.2988690999337,577.4237659000792,t,0.12993509997613728,None,3,001,2025-11-03_13h07.41.049,untitled,,2025.1.1,71.88943396521826,2025-11-03 13h07.47.120379 +0530,
11,30,7,454,6,64,l,0.12116750003769994,None,64,6,454,0,577.4324592999183,,577.4276249001268,577.4324592999183,578.4190203999169,578.4190203999169,578.4256712999195,578.5443983001169,l,0.12116750003769994,None,3,001,2025-11-03_13h07.41.049,untitled,,2025.1.1,71.88943396521826,2025-11-03 13h07.47.120379 +0530,
78,80,162,455,0,65,t,0.0961476000957191,None,65,0,455,6,578.5535325000528,,578.5486262000632,578.5535325000528,579.5397512000054,579.5397512000054,579.5468170999084,579.6374037000351,t,0.0961476000957191,None,3,001,2025-11-03_13h07.41.049,untitled,,2025.1.1,71.88943396521826,2025-11-03 13h07.47.120379 +0530,
27,50,21,456,1,65,l,0.1611532000824809,None,65,1,456,2,579.6459131999873,,579.6411705999635,579.6459131999873,580.6327599000651,580.6327599000651,580.6397873999085,580.7999627999961,l,0.1611532000824809,None,3,001,2025-11-03_13h07.41.049,untitled,,2025.1.1,71.88943396521826,2025-11-03 13h07.47.120379 +0530,
67,75,119,457,2,65,t,0.06960689998231828,None,65,2,457,5,580.808805000037,,580.8038276999723,580.808805000037,581.7949481999967,581.7949481999967,581.8019813999999,581.8650861000642,t,0.06960689998231828,None,3,001,2025-11-03_13h07.41.049,untitled,,2025.1.1,71.88943396521826,2025-11-03 13h07.47.120379 +0530,
49,60,89,458,3,65,l,0.21685940003953874,None,65,3,458,4,581.8728598000016,,581.868750100024,581.8728598000016,582.8596640999895,582.8596640999895,582.8664830999915,583.0822988001164,l,0.21685940003953874,None,3,001,2025-11-03_13h07.41.049,untitled,,2025.1.1,71.88943396521826,2025-11-03 13h07.47.120379 +0530,
11,30,7,459,4,65,t,0.15387820010073483,None,65,4,459,0,583.0897407999728,,583.0857174999546,583.0897407999728,584.0760574000888,584.0760574000888,584.0833119000308,584.2365886000916,t,0.15387820010073483,None,3,001,2025-11-03_13h07.41.049,untitled,,2025.1.1,71.88943396521826,2025-11-03 13h07.47.120379 +0530,
40,55,62,460,5,65,l,0.4386326000094414,None,65,5,460,3,584.2450371999294,,584.240496299928,584.2450371999294,585.2312708001118,585.2312708001118,585.238508499926,585.6766906999983,l,0.4386326000094414,None,3,001,2025-11-03_13h07.41.049,untitled,,2025.1.1,71.88943396521826,2025-11-03 13h07.47.120379 +0530,
15,35,13,461,6,65,t,0.2129667999688536,None,65,6,461,1,585.6852261999156,,585.6805131000001,585.6852261999156,586.6711494000629,586.6711494000629,586.6783326999284,586.8877846999094,t,0.2129667999688536,None,3,001,2025-11-03_13h07.41.049,untitled,,2025.1.1,71.88943396521826,2025-11-03 13h07.47.120379 +0530,
27,50,21,462,0,66,l,0.17915390012785792,None,66,0,462,2,586.9052132000215,,586.8923061999958,586.9052132000215,587.876684699906,587.876684699906,587.8976563001052,588.0580746000633,l,0.17915390012785792,None,3,001,2025-11-03_13h07.41.049,untitled,,2025.1.1,71.88943396521826,2025-11-03 13h07.47.120379 +0530,
11,30,7,463,1,66,t,0.15388159989379346,None,66,1,463,0,588.0676136999391,,588.0625160001218,588.0676136999391,589.0538554000668,589.0538554000668,589.0607877001166,589.214253500104,t,0.15388159989379346,None,3,001,2025-11-03_13h07.41.049,untitled,,2025.1.1,71.88943396521826,2025-11-03 13h07.47.120379 +0530,
49,60,89,464,2,66,l,0.14886910002678633,None,66,2,464,4,589.2230634000152,,589.2185035999864,589.2230634000152,590.2095433000941,590.2095433000941,590.2161697999109,590.3628684999421,l,0.14886910002678633,None,3,001,2025-11-03_13h07.41.049,untitled,,2025.1.1,71.88943396521826,2025-11-03 13h07.47.120379 +0530,
15,35,13,465,3,66,t,0.20915440004318953,None,66,3,465,1,590.3724326000083,,590.3675462000538,590.3724326000083,591.3588248000015,591.3588248000015,591.3658702000976,591.574455599999,t,0.20915440004318953,None,3,001,2025-11-03_13h07.41.049,untitled,,2025.1.1,71.88943396521826,2025-11-03 13h07.47.120379 +0530,
78,80,162,466,4,66,l,0.15078889997676015,None,66,4,466,6,591.5830959000159,,591.5784787999,591.5830959000159,592.5696829000954,592.5696829000954,592.5764546999708,592.7228308999911,l,0.15078889997676015,None,3,001,2025-11-03_13h07.41.049,untitled,,2025.1.1,71.88943396521826,2025-11-03 13h07.47.120379 +0530,
40,55,62,467,5,66,l,0.13923570001497865,None,66,5,467,3,592.7320292999502,,592.727110600099,592.7320292999502,593.7131847001147,593.7131847001147,593.7276105000637,593.8596040999983,l,0.13923570001497865,None,3,001,2025-11-03_13h07.41.049,untitled,,2025.1.1,71.88943396521826,2025-11-03 13h07.47.120379 +0530,
67,75,119,468,6,66,l,0.16492450004443526,None,66,6,468,5,593.8688129000366,,593.8642941000871,593.8688129000366,594.8549522000831,594.8549522000831,594.8620519000106,595.022425299976,l,0.16492450004443526,None,3,001,2025-11-03_13h07.41.049,untitled,,2025.1.1,71.88943396521826,2025-11-03 13h07.47.120379 +0530,
49,60,89,469,0,67,t,0.06964839994907379,None,67,0,469,4,595.0313818999566,,595.0266130000819,595.0313818999566,596.0178565999959,596.0178565999959,596.0248340999242,596.0943557000719,t,0.06964839994907379,None,3,001,2025-11-03_13h07.41.049,untitled,,2025.1.1,71.88943396521826,2025-11-03 13h07.47.120379 +0530,
78,80,162,470,1,67,t,0.1907444999087602,None,67,1,470,6,596.1030745001044,,596.0986331999302,596.1030745001044,597.0892964999657,597.0892964999657,597.0963008999825,597.2846951000392,t,0.1907444999087602,None,3,001,2025-11-03_13h07.41.049,untitled,,2025.1.1,71.88943396521826,2025-11-03 13h07.47.120379 +0530,
15,35,13,471,2,67,t,0.1609517999459058,None,67,2,471,1,597.2943704999052,,597.2894445001148,597.2943704999052,598.2806055999827,598.2806055999827,598.2875336001161,598.4480057999026,t,0.1609517999459058,None,3,001,2025-11-03_13h07.41.049,untitled,,2025.1.1,71.88943396521826,2025-11-03 13h07.47.120379 +0530,
11,30,7,472,3,67,l,0.30760179995559156,None,67,3,472,0,598.456978000002,,598.4522162000649,598.456978000002,599.4433907000348,599.4433907000348,599.4503961999435,599.7566198999994,l,0.30760179995559156,None,3,001,2025-11-03_13h07.41.049,untitled,,2025.1.1,71.88943396521826,2025-11-03 13h07.47.120379 +0530,
27,50,21,473,4,67,l,0.1734733998309821,None,67,4,473,2,599.7665194999427,,599.7615599001292,599.7665194999427,600.7460966000799,600.7460966000799,600.7599837000016,600.920350600034,l,0.1734733998309821,None,3,001,2025-11-03_13h07.41.049,untitled,,2025.1.1,71.88943396521826,2025-11-03 13h07.47.120379 +0530,
67,75,119,474,5,67,t,0.1450692000798881,None,67,5,474,5,600.929268399952,,600.9245086999144,600.929268399952,601.9153871000744,601.9153871000744,601.9226331999525,602.0621517999098,t,0.1450692000798881,None,3,001,2025-11-03_13h07.41.049,untitled,,2025.1.1,71.88943396521826,2025-11-03 13h07.47.120379 +0530,
40,55,62,475,6,67,l,0.09046109998598695,None,67,6,475,3,602.0795352000277,,602.0679629999213,602.0795352000277,603.0515725000296,603.0515725000296,603.0731528000906,603.1427225000225,l,0.09046109998598695,None,3,001,2025-11-03_13h07.41.049,untitled,,2025.1.1,71.88943396521826,2025-11-03 13h07.47.120379 +0530,
78,80,162,476,0,68,t,0.11135399993509054,None,68,0,476,6,603.159818300046,,603.1482198999729,603.159818300046,604.1320639001206,604.1320639001206,604.1529808999039,604.2506212999579,t,0.11135399993509054,None,3,001,2025-11-03_13h07.41.049,untitled,,2025.1.1,71.88943396521826,2025-11-03 13h07.47.120379 +0530,
40,55,62,477,1,68,l,0.14422250003553927,None,68,1,477,3,604.2602246000897,,604.2554409001023,604.2602246000897,605.2464209999889,605.2464209999889,605.2535602999851,605.3929977999069,l,0.14422250003553927,None,3,001,2025-11-03_13h07.41.049,untitled,,2025.1.1,71.88943396521826,2025-11-03 13h07.47.120379 +0530,
11,30,7,478,2,68,t,0.028930200031027198,None,68,2,478,0,605.4019663999788,,605.3969469999429,605.4019663999788,606.3879891999532,606.3879891999532,606.3950889001135,606.4233842000831,t,0.028930200031027198,None,3,001,2025-11-03_13h07.41.049,untitled,,2025.1.1,71.88943396521826,2025-11-03 13h07.47.120379 +0530,
15,35,13,479,3,68,t,0.06363760004751384,None,68,3,479,1,606.4327370000537,,606.4282212001272,606.4327370000537,607.4189081999939,607.4189081999939,607.4261928000487,607.4893310999032,t,0.06363760004751384,None,3,001,2025-11-03_13h07.41.049,untitled,,2025.1.1,71.88943396521826,2025-11-03 13h07.47.120379 +0530,
27,50,21,480,4,68,t,0.5887978000100702,None,68,4,480,2,607.4979376001284,,607.4934088001028,607.4979376001284,608.4840226001106,608.4840226001106,608.4912664000876,609.075312100118,t,0.5887978000100702,None,3,001,2025-11-03_13h07.41.049,untitled,,2025.1.1,71.88943396521826,2025-11-03 13h07.47.120379 +0530,
67,75,119,481,5,68,l,0.2783638001419604,None,68,5,481,5,609.0844209000934,,609.0794438000303,609.0844209000934,610.0708127999678,610.0708127999678,610.0778135999572,610.3559928999748,l,0.2783638001419604,None,3,001,2025-11-03_13h07.41.049,untitled,,2025.1.1,71.88943396521826,2025-11-03 13h07.47.120379 +0530,
49,60,89,482,6,68,l,0.08397989999502897,None,68,6,482,4,610.3657043999992,,610.3609529999085,610.3657043999992,611.3521769000217,611.3521769000217,611.3591936000157,611.4429709000979,l,0.08397989999502897,None,3,001,2025-11-03_13h07.41.049,untitled,,2025.1.1,71.88943396521826,2025-11-03 13h07.47.120379 +0530,
67,75,119,483,0,69,t,0.1748082998674363,None,69,0,483,5,611.4524856000207,,611.4477415999863,611.4524856000207,612.4386221999303,612.4386221999303,612.4455222000834,612.6195682999678,t,0.1748082998674363,None,3,001,2025-11-03_13h07.41.049,untitled,,2025.1.1,71.88943396521826,2025-11-03 13h07.47.120379 +0530,
27,50,21,484,1,69,l,0.27724570012651384,None,69,1,484,2,612.6286707001273,,612.6242277000565,612.6286707001273,613.6147694000974,613.6147694000974,613.6219309000298,613.8936356999911,l,0.27724570012651384,None,3,001,2025-11-03_13h07.41.049,untitled,,2025.1.1,71.88943396521826,2025-11-03 13h07.47.120379 +0530,
40,55,62,485,2,69,t,0.08109800005331635,None,69,2,485,3,613.9110135000665,,613.8991787999403,613.9110135000665,614.8829749000724,614.8829749000724,614.9039332999382,614.9670563000254,t,0.08109800005331635,None,3,001,2025-11-03_13h07.41.049,untitled,,2025.1.1,71.88943396521826,2025-11-03 13h07.47.120379 +0530,
15,35,13,486,3,69,l,0.26924890000373125,None,69,3,486,1,614.984347499907,,614.9725432000123,614.984347499907,615.9633251000196,615.9633251000196,615.9773721999954,616.2347059000749,l,0.26924890000373125,None,3,001,2025-11-03_13h07.41.049,untitled,,2025.1.1,71.88943396521826,2025-11-03 13h07.47.120379 +0530,
11,30,7,487,4,69,t,0.11487299995496869,None,69,4,487,0,616.2434680999722,,616.238711199956,616.2434680999722,617.229773900006,617.229773900006,617.2367338999175,617.3484618999064,t,0.11487299995496869,None,3,001,2025-11-03_13h07.41.049,untitled,,2025.1.1,71.88943396521826,2025-11-03 13h07.47.120379 +0530,
49,60,89,488,5,69,t,0.24788350006565452,None,69,5,488,4,617.3580316000152,,617.3531653000973,617.3580316000152,618.3444392001256,618.3444392001256,618.3513950000051,618.594775200123,t,0.24788350006565452,None,3,001,2025-11-03_13h07.41.049,untitled,,2025.1.1,71.88943396521826,2025-11-03 13h07.47.120379 +0530,
78,80,162,489,6,69,l,0.10418759984895587,None,69,6,489,6,618.6038709999993,,618.5988668000791,618.6038709999993,619.5900570000522,619.5900570000522,619.5970185000915,619.6949396000709,l,0.10418759984895587,None,3,001,2025-11-03_13h07.41.049,untitled,,2025.1.1,71.88943396521826,2025-11-03 13h07.47.120379 +0530,
67,75,119,490,0,70,l,0.20700770011171699,None,70,0,490,5,619.7037859000266,,619.6989643999841,619.7037859000266,620.6900740000419,620.6900740000419,620.6971879000776,620.8992948001251,l,0.20700770011171699,None,3,001,2025-11-03_13h07.41.049,untitled,,2025.1.1,71.88943396521826,2025-11-03 13h07.47.120379 +0530,
49,60,89,491,1,70,t,0.11293389997445047,None,70,1,491,4,620.9088667000178,,620.904088600073,620.9088667000178,621.8953025999945,621.8953025999945,621.9019822000992,622.0140156000853,t,0.11293389997445047,None,3,001,2025-11-03_13h07.41.049,untitled,,2025.1.1,71.88943396521826,2025-11-03 13h07.47.120379 +0530,
78,80,162,492,2,70,l,0.30386290000751615,None,70,2,492,6,622.022941299947,,622.0180917000398,622.022941299947,623.0093958000652,623.0093958000652,623.0169756000396,623.3153508999385,l,0.30386290000751615,None,3,001,2025-11-03_13h07.41.049,untitled,,2025.1.1,71.88943396521826,2025-11-03 13h07.47.120379 +0530,
40,55,62,493,3,70,t,0.503699499880895,None,70,3,493,3,623.3255286000203,,623.3203225999605,623.3255286000203,624.3050641000737,624.3050641000737,624.319057600107,624.8126898999326,t,0.503699499880895,None,3,001,2025-11-03_13h07.41.049,untitled,,2025.1.1,71.88943396521826,2025-11-03 13h07.47.120379 +0530,
27,50,21,494,4,70,l,0.1365050000604242,None,70,4,494,2,624.8308107000776,,624.8187142999377,624.8308107000776,625.8089974999893,625.8089974999893,625.8229376000818,625.9484431000892,l,0.1365050000604242,None,3,001,2025-11-03_13h07.41.049,untitled,,2025.1.1,71.88943396521826,2025-11-03 13h07.47.120379 +0530,
11,30,7,495,5,70,t,0.3514929998200387,None,70,5,495,0,625.9575922000222,,625.9525244999677,625.9575922000222,626.943985800026,626.943985800026,626.9509942999575,627.2985537000932,t,0.3514929998200387,None,3,001,2025-11-03_13h07.41.049,untitled,,2025.1.1,71.88943396521826,2025-11-03 13h07.47.120379 +0530,
15,35,13,496,6,70,l,0.19854829995892942,None,70,6,496,1,627.3080998999067,,627.3033251001034,627.3080998999067,628.2945634000935,628.2945634000935,628.3015652999748,628.496435899986,l,0.19854829995892942,None,3,001,2025-11-03_13h07.41.049,untitled,,2025.1.1,71.88943396521826,2025-11-03 13h07.47.120379 +0530,
78,80,162,497,0,71,t,0.12879200000315905,None,71,0,497,6,628.505182800116,,628.5003875000402,628.505182800116,629.4916544000152,629.4916544000152,629.4986024999525,629.6240165000781,t,0.12879200000315905,None,3,001,2025-11-03_13h07.41.049,untitled,,2025.1.1,71.88943396521826,2025-11-03 13h07.47.120379 +0530,
11,30,7,498,1,71,t,0.22904290002770722,None,71,1,498,0,629.6333224999253,,629.6280775000341,629.6333224999253,630.6198138999753,630.6198138999753,630.626379000023,630.849600699963,t,0.22904290002770722,None,3,001,2025-11-03_13h07.41.049,untitled,,2025.1.1,71.88943396521826,2025-11-03 13h07.47.120379 +0530,
15,35,13,499,2,71,l,0.22998159984126687,None,71,2,499,1,630.8592944000848,,630.854018199956,630.8592944000848,631.8456661999226,631.8456661999226,631.8526502999011,632.0822753999382,l,0.22998159984126687,None,3,001,2025-11-03_13h07.41.049,untitled,,2025.1.1,71.88943396521826,2025-11-03 13h07.47.120379 +0530,
40,55,62,500,3,71,l,0.29268700000829995,None,71,3,500,3,632.0909734999295,,632.086452800082,632.0909734999295,633.0770610000473,633.0770610000473,633.0839450999629,633.3762024999596,l,0.29268700000829995,None,3,001,2025-11-03_13h07.41.049,untitled,,2025.1.1,71.88943396521826,2025-11-03 13h07.47.120379 +0530,
27,50,21,501,4,71,l,0.15415140008553863,None,71,4,501,2,633.385222400073,,633.3806032999419,633.385222400073,634.3721292999107,634.3721292999107,634.3787460001186,634.5320168999024,l,0.15415140008553863,None,3,001,2025-11-03_13h07.41.049,untitled,,2025.1.1,71.88943396521826,2025-11-03 13h07.47.120379 +0530,
67,75,119,502,5,71,t,0.21824129996821284,None,71,5,502,5,634.5419670999981,,634.5365808000788,634.5419670999981,635.5214712000452,635.5214712000452,635.5353379999287,635.7443651999347,t,0.21824129996821284,None,3,001,2025-11-03_13h07.41.049,untitled,,2025.1.1,71.88943396521826,2025-11-03 13h07.47.120379 +0530,
49,60,89,503,6,71,t,0.07699879980646074,None,71,6,503,4,635.753076300025,,635.7482569999993,635.753076300025,636.739636400016,636.739636400016,636.7465260999743,636.8234490000177,t,0.07699879980646074,None,3,001,2025-11-03_13h07.41.049,untitled,,2025.1.1,71.88943396521826,2025-11-03 13h07.47.120379 +0530,
11,30,7,504,0,72,l,0.22600929997861385,None,72,0,504,0,636.8328565000556,,636.8284007001203,636.8328565000556,637.8192056000698,637.8192056000698,637.8261142000556,638.0489817000926,l,0.22600929997861385,None,3,001,2025-11-03_13h07.41.049,untitled,,2025.1.1,71.88943396521826,2025-11-03 13h07.47.120379 +0530,
40,55,62,505,1,72,t,0.29856399982236326,None,72,1,505,3,638.058011499932,,638.0531760000158,638.058011499932,639.0443392000161,639.0443392000161,639.051339500118,639.343604600057,t,0.29856399982236326,None,3,001,2025-11-03_13h07.41.049,untitled,,2025.1.1,71.88943396521826,2025-11-03 13h07.47.120379 +0530,
78,80,162,506,2,72,l,0.17092469986528158,None,72,2,506,6,639.3522230000235,,639.3473803000525,639.3522230000235,640.3393659999128,640.3393659999128,640.3464907000307,640.5138042001054,l,0.17092469986528158,None,3,001,2025-11-03_13h07.41.049,untitled,,2025.1.1,71.88943396521826,2025-11-03 13h07.47.120379 +0530,
15,35,13,507,3,72,t,0.11837899987585843,None,72,3,507,1,640.5225512001198,,640.5177625999786,640.5225512001198,641.5090073000174,641.5090073000174,641.5158961999696,641.627979000099,t,0.11837899987585843,None,3,001,2025-11-03_13h07.41.049,untitled,,2025.1.1,71.88943396521826,2025-11-03 13h07.47.120379 +0530,
27,50,21,508,4,72,l,0.13631290011107922,None,72,4,508,2,641.6370395000558,,641.6322173001245,641.6370395000558,642.6231335001066,642.6231335001066,642.6303103000391,642.7628550999798,l,0.13631290011107922,None,3,001,2025-11-03_13h07.41.049,untitled,,2025.1.1,71.88943396521826,2025-11-03 13h07.47.120379 +0530,
67,75,119,509,5,72,t,0.06714229984208941,None,72,5,509,5,642.7720737999771,,642.7671387000009,642.7720737999771,643.7585269000847,643.7585269000847,643.7654536999762,643.828616200015,t,0.06714229984208941,None,3,001,2025-11-03_13h07.41.049,untitled,,2025.1.1,71.88943396521826,2025-11-03 13h07.47.120379 +0530,
49,60,89,510,6,72,l,0.1952633000910282,None,72,6,510,4,643.8377052000724,,643.8327790000476,643.8377052000724,644.8239967001136,644.8239967001136,644.8312156999018,645.0259187999181,l,0.1952633000910282,None,3,001,2025-11-03_13h07.41.049,untitled,,2025.1.1,71.88943396521826,2025-11-03 13h07.47.120379 +0530,
49,60,89,511,0,73,t,0.13297119992785156,None,73,0,511,4,645.0324969000649,,645.0262055001222,645.0324969000649,646.0183940001298,646.0183940001298,646.0256612999365,646.1585059999488,t,0.13297119992785156,None,3,001,2025-11-03_13h07.41.049,untitled,,2025.1.1,71.88943396521826,2025-11-03 13h07.47.120379 +0530,
78,80,162,512,1,73,t,0.11962230014614761,None,73,1,512,6,646.1675877999514,,646.1629826999269,646.1675877999514,647.1538370000198,647.1538370000198,647.1608408999164,647.2795776000712,t,0.11962230014614761,None,3,001,2025-11-03_13h07.41.049,untitled,,2025.1.1,71.88943396521826,2025-11-03 13h07.47.120379 +0530,
11,30,7,513,2,73,l,0.0850810999982059,None,73,2,513,0,647.2972619000357,,647.2852229999844,647.2972619000357,648.2690358001273,648.2690358001273,648.2898951000534,648.3598049001303,l,0.0850810999982059,None,3,001,2025-11-03_13h07.41.049,untitled,,2025.1.1,71.88943396521826,2025-11-03 13h07.47.120379 +0530,
15,35,13,514,3,73,l,0.05623809993267059,None,73,3,514,1,648.3680601001251,,648.3636137999129,648.3680601001251,649.3547141999006,649.3547141999006,649.3616712999064,649.4174667999614,l,0.05623809993267059,None,3,001,2025-11-03_13h07.41.049,untitled,,2025.1.1,71.88943396521826,2025-11-03 13h07.47.120379 +0530,
67,75,119,515,4,73,l,0.2023722999729216,None,73,4,515,5,649.4243860000279,,649.4209386999719,649.4243860000279,650.4110326999798,650.4110326999798,650.4179915999994,650.6197905000299,l,0.2023722999729216,None,3,001,2025-11-03_13h07.41.049,untitled,,2025.1.1,71.88943396521826,2025-11-03 13h07.47.120379 +0530,
27,50,21,516,5,73,t,0.17625049990601838,None,73,5,516,2,650.6272875000723,,650.6234355000779,650.6272875000723,651.6139954999089,651.6139954999089,651.6203258999158,651.7948028000537,t,0.17625049990601838,None,3,001,2025-11-03_13h07.41.049,untitled,,2025.1.1,71.88943396521826,2025-11-03 13h07.47.120379 +0530,
40,55,62,517,6,73,t,0.09229669999331236,None,73,6,517,3,651.8037801000755,,651.7990560999606,651.8037801000755,652.7903036000207,652.7903036000207,652.7973202001303,652.8891370999627,t,0.09229669999331236,None,3,001,2025-11-03_13h07.41.049,untitled,,2025.1.1,71.88943396521826,2025-11-03 13h07.47.120379 +0530,
78,80,162,518,0,74,l,0.4215794000774622,None,74,0,518,6,652.9057348000351,,652.8941015000455,652.9057348000351,653.884749900084,653.884749900084,653.8988183001056,654.3091069001239,l,0.4215794000774622,None,3,001,2025-11-03_13h07.41.049,untitled,,2025.1.1,71.88943396521826,2025-11-03 13h07.47.120379 +0530,
27,50,21,519,1,74,t,0.10495080007240176,None,74,1,519,2,654.3186504999176,,654.3135599999223,654.3186504999176,655.3050250001252,655.3050250001252,655.3117217000108,655.4162300999742,t,0.10495080007240176,None,3,001,2025-11-03_13h07.41.049,untitled,,2025.1.1,71.88943396521826,2025-11-03 13h07.47.120379 +0530,
40,55,62,520,2,74,l,0.10005020000971854,None,74,2,520,3,655.425370400073,,655.4208794001024,655.425370400073,656.4115367000923,656.4115367000923,656.4190078000538,656.516568900086,l,0.10005020000971854,None,3,001,2025-11-03_13h07.41.049,untitled,,2025.1.1,71.88943396521826,2025-11-03 13h07.47.120379 +0530,
15,35,13,521,3,74,t,0.16691050003282726,None,74,3,521,1,656.5261923000216,,656.5213520999532,656.5261923000216,657.5123127000406,657.5123127000406,657.5203271000646,657.6800617000554,t,0.16691050003282726,None,3,001,2025-11-03_13h07.41.049,untitled,,2025.1.1,71.88943396521826,2025-11-03 13h07.47.120379 +0530,
67,75,119,522,4,74,l,0.07332889991812408,None,74,4,522,5,657.6896250999998,,657.6841136000585,657.6896250999998,658.6755675000604,658.6755675000604,658.6827215000521,658.7525087001268,l,0.07332889991812408,None,3,001,2025-11-03_13h07.41.049,untitled,,2025.1.1,71.88943396521826,2025-11-03 13h07.47.120379 +0530,
11,30,7,523,5,74,t,0.1443896999116987,None,74,5,523,0,658.7618040000089,,658.7568264999427,658.7618040000089,659.7479628000874,659.7479628000874,659.7550842000637,659.8944673000369,t,0.1443896999116987,None,3,001,2025-11-03_13h07.41.049,untitled,,2025.1.1,71.88943396521826,2025-11-03 13h07.47.120379 +0530,
49,60,89,524,6,74,t,0.13346110004931688,None,74,6,524,4,659.9040443000849,,659.8992572999559,659.9040443000849,660.8907667000312,660.8907667000312,660.8973489000928,661.0300980000757,t,0.13346110004931688,None,3,001,2025-11-03_13h07.41.049,untitled,,2025.1.1,71.88943396521826,2025-11-03 13h07.47.120379 +0530,
40,55,62,525,0,75,l,0.09835550002753735,None,75,0,525,3,661.0392285999842,,661.0348002000246,661.0392285999842,662.0253705000505,662.0253705000505,662.0324802999385,662.13016099995,l,0.09835550002753735,None,3,001,2025-11-03_13h07.41.049,untitled,,2025.1.1,71.88943396521826,2025-11-03 13h07.47.120379 +0530,
78,80,162,526,1,75,l,0.2191872000694275,None,75,1,526,6,662.1385929000098,,662.1338583999313,662.1385929000098,663.125057999976,663.125057999976,663.1321074001025,663.3475854001008,l,0.2191872000694275,None,3,001,2025-11-03_13h07.41.049,untitled,,2025.1.1,71.88943396521826,2025-11-03 13h07.47.120379 +0530,
67,75,119,527,2,75,l,0.016281899996101856,None,75,2,527,5,663.3562624999322,,663.3514926000498,663.3562624999322,664.3426518000197,664.3426518000197,664.3498158000875,664.3641818999313,l,0.016281899996101856,None,3,001,2025-11-03_13h07.41.049,untitled,,2025.1.1,71.88943396521826,2025-11-03 13h07.47.120379 +0530,
11,30,7,528,3,75,t,0.1774907000362873,None,75,3,528,0,664.372964899987,,664.368031400023,664.372964899987,665.3594675001223,665.3594675001223,665.3664470000658,665.5406865000259,t,0.1774907000362873,None,3,001,2025-11-03_13h07.41.049,untitled,,2025.1.1,71.88943396521826,2025-11-03 13h07.47.120379 +0530,
15,35,13,529,4,75,t,0.26425050012767315,None,75,4,529,1,665.550323399948,,665.5444096999709,665.550323399948,666.5354879999068,666.5354879999068,666.5428542001173,666.8067425000481,t,0.26425050012767315,None,3,001,2025-11-03_13h07.41.049,untitled,,2025.1.1,71.88943396521826,2025-11-03 13h07.47.120379 +0530,
49,60,89,530,5,75,l,0.1865289998240769,None,75,5,530,4,666.8154863999225,,666.81084619998,666.8154863999225,667.8018950000405,667.8018950000405,667.8089841001201,667.9899860001169,l,0.1865289998240769,None,3,001,2025-11-03_13h07.41.049,untitled,,2025.1.1,71.88943396521826,2025-11-03 13h07.47.120379 +0530,
27,50,21,531,6,75,l,0.05370950000360608,None,75,6,531,2,667.9988386000041,,667.9940108999144,667.9988386000041,668.9851899999194,668.9851899999194,668.9928961999249,669.0413613000419,l,0.05370950000360608,None,3,001,2025-11-03_13h07.41.049,untitled,,2025.1.1,71.88943396521826,2025-11-03 13h07.47.120379 +0530,
27,50,21,532,0,76,l,0.15296939993277192,None,76,0,532,2,669.0475286000874,,669.0416655000299,669.0475286000874,670.0337819000706,670.0337819000706,670.0405164000113,670.1941430000588,l,0.15296939993277192,None,3,001,2025-11-03_13h07.41.049,untitled,,2025.1.1,71.88943396521826,2025-11-03 13h07.47.120379 +0530,
49,60,89,533,1,76,t,0.1545518001075834,None,76,1,533,4,670.2023124999832,,670.1977031999268,670.2023124999832,671.1844166000374,671.1844166000374,671.1981764999218,671.344529400114,t,0.1545518001075834,None,3,001,2025-11-03_13h07.41.049,untitled,,2025.1.1,71.88943396521826,2025-11-03 13h07.47.120379 +0530,
78,80,162,534,2,76,t,0.30777399986982346,None,76,2,534,6,671.3621360999532,,671.3498341999948,671.3621360999532,672.3342035000678,672.3342035000678,672.3550605000928,672.6474220999517,t,0.30777399986982346,None,3,001,2025-11-03_13h07.41.049,untitled,,2025.1.1,71.88943396521826,2025-11-03 13h07.47.120379 +0530,
40,55,62,535,3,76,l,0.18251239997334778,None,76,3,535,3,672.6568122999743,,672.6516778001096,672.6568122999743,673.6370939000044,673.6370939000044,673.6511673000641,673.8253305000253,l,0.18251239997334778,None,3,001,2025-11-03_13h07.41.049,untitled,,2025.1.1,71.88943396521826,2025-11-03 13h07.47.120379 +0530,
15,35,13,536,4,76,l,0.22590159997344017,None,76,4,536,1,673.8346251999028,,673.8297127000988,673.8346251999028,674.8211133000441,674.8211133000441,674.8280325001106,675.0510712000541,l,0.22590159997344017,None,3,001,2025-11-03_13h07.41.049,untitled,,2025.1.1,71.88943396521826,2025-11-03 13h07.47.120379 +0530,
67,75,119,537,5,76,l,0.1320197000168264,None,76,5,537,5,675.0604807999916,,675.0553063999396,675.0604807999916,676.046653599944,676.046653599944,676.0539162000641,676.1796331000514,l,0.1320197000168264,None,3,001,2025-11-03_13h07.41.049,untitled,,2025.1.1,71.88943396521826,2025-11-03 13h07.47.120379 +0530,
11,30,7,538,6,76,l,0.1159188998863101,None,76,6,538,0,676.1889931999613,,676.1837899000384,676.1889931999613,677.175271099899,677.175271099899,677.1822508000769,677.2939373000991,l,0.1159188998863101,None,3,001,2025-11-03_13h07.41.049,untitled,,2025.1.1,71.88943396521826,2025-11-03 13h07.47.120379 +0530,
15,35,13,539,0,77,l,0.044916999991983175,None,77,0,539,1,677.3031335999258,,677.2980613000691,677.3031335999258,678.2824556000996,678.2824556000996,678.2963696001098,678.3318894999102,l,0.044916999991983175,None,3,001,2025-11-03_13h07.41.049,untitled,,2025.1.1,71.88943396521826,2025-11-03 13h07.47.120379 +0530,
27,50,21,540,1,77,l,0.09095390001311898,None,77,1,540,2,678.340727499919,,678.3357448000461,678.340727499919,679.3271395999473,679.3271395999473,679.3340914000291,679.4246408001054,l,0.09095390001311898,None,3,001,2025-11-03_13h07.41.049,untitled,,2025.1.1,71.88943396521826,2025-11-03 13h07.47.120379 +0530,
78,80,162,541,2,77,l,0.28846840001642704,None,77,2,541,6,679.4331894000061,,679.4287769999355,679.4331894000061,680.4196717001032,680.4196717001032,680.4265348000918,680.7120072999969,l,0.28846840001642704,None,3,001,2025-11-03_13h07.41.049,untitled,,2025.1.1,71.88943396521826,2025-11-03 13h07.47.120379 +0530,
67,75,119,542,3,77,t,0.08729310007765889,None,77,3,542,5,680.722102599917,,680.7167921001092,680.722102599917,681.7010977999307,681.7010977999307,681.7152460999787,681.7925329999998,t,0.08729310007765889,None,3,001,2025-11-03_13h07.41.049,untitled,,2025.1.1,71.88943396521826,2025-11-03 13h07.47.120379 +0530,
11,30,7,543,4,77,t,0.07658799993805587,None,77,4,543,0,681.8011326999404,,681.7963433000259,681.8011326999404,682.7876101001166,682.7876101001166,682.7946645000484,682.871547000017,t,0.07658799993805587,None,3,001,2025-11-03_13h07.41.049,untitled,,2025.1.1,71.88943396521826,2025-11-03 13h07.47.120379 +0530,
49,60,89,544,5,77,t,0.12616189988330007,None,77,5,544,4,682.8802917001303,,682.8756198999472,682.8802917001303,683.8666360999923,683.8666360999923,683.8733403000515,683.9987000999972,t,0.12616189988330007,None,3,001,2025-11-03_13h07.41.049,untitled,,2025.1.1,71.88943396521826,2025-11-03 13h07.47.120379 +0530,
40,55,62,545,6,77,t,0.1954147000797093,None,77,6,545,3,684.0069715999998,,684.0024961999152,684.0069715999998,684.9934139999095,684.9934139999095,685.0003683001269,685.1951361000538,t,0.1954147000797093,None,3,001,2025-11-03_13h07.41.049,untitled,,2025.1.1,71.88943396521826,2025-11-03 13h07.47.120379 +0530,
49,60,89,546,0,78,l,0.24136859993450344,None,78,0,546,4,685.2040041999426,,685.19955140003,685.2040041999426,686.1903282999992,686.1903282999992,686.1973820000421,686.4337251000106,l,0.24136859993450344,None,3,001,2025-11-03_13h07.41.049,untitled,,2025.1.1,71.88943396521826,2025-11-03 13h07.47.120379 +0530,
40,55,62,547,1,78,l,0.2468862000387162,None,78,1,547,3,686.4421071000397,,686.4372906999197,686.4421071000397,687.4285724000074,687.4285724000074,687.4355544000864,687.679147399962,l,0.2468862000387162,None,3,001,2025-11-03_13h07.41.049,untitled,,2025.1.1,71.88943396521826,2025-11-03 13h07.47.120379 +0530,
27,50,21,548,2,78,t,0.2708175000734627,None,78,2,548,2,687.6879291001242,,687.6831219000742,687.6879291001242,688.6743459000718,688.6743459000718,688.6812207999174,688.952469999902,t,0.2708175000734627,None,3,001,2025-11-03_13h07.41.049,untitled,,2025.1.1,71.88943396521826,2025-11-03 13h07.47.120379 +0530,
78,80,162,549,3,78,t,0.16017499985173345,None,78,3,549,6,688.9611744000576,,688.9567017999943,688.9611744000576,689.947587300092,689.947587300092,689.9546447000466,690.1144318000879,t,0.16017499985173345,None,3,001,2025-11-03_13h07.41.049,untitled,,2025.1.1,71.88943396521826,2025-11-03 13h07.47.120379 +0530,
67,75,119,550,4,78,l,0.3521296000108123,None,78,4,550,5,690.1225340999663,,690.1181270000525,690.1225340999663,691.1086963999551,691.1086963999551,691.1160319000483,691.4636327999178,l,0.3521296000108123,None,3,001,2025-11-03_13h07.41.049,untitled,,2025.1.1,71.88943396521826,2025-11-03 13h07.47.120379 +0530,
11,30,7,551,5,78,t,0.14987990004010499,None,78,5,551,0,691.4723471000325,,691.4675219999626,691.4723471000325,692.4586267000996,692.4586267000996,692.4656092999503,692.6122181999963,t,0.14987990004010499,None,3,001,2025-11-03_13h07.41.049,untitled,,2025.1.1,71.88943396521826,2025-11-03 13h07.47.120379 +0530,
15,35,13,552,6,78,l,0.031744000036269426,None,78,6,552,1,692.6213390999474,,692.6165277000982,692.6213390999474,693.6077044999693,693.6077044999693,693.6148025000002,693.6431994999293,l,0.031744000036269426,None,3,001,2025-11-03_13h07.41.049,untitled,,2025.1.1,71.88943396521826,2025-11-03 13h07.47.120379 +0530,
27,50,21,553,0,79,t,0.11273339996114373,None,79,0,553,2,693.6529039999004,,693.6479919000994,693.6529039999004,694.6323778999504,694.6323778999504,694.6464241000358,694.7510671999771,t,0.11273339996114373,None,3,001,2025-11-03_13h07.41.049,untitled,,2025.1.1,71.88943396521826,2025-11-03 13h07.47.120379 +0530,
67,75,119,554,1,79,l,0.17105149989947677,None,79,1,554,5,694.76019800012,,694.7554506000597,694.76019800012,695.7466150000691,695.7466150000691,695.7544653001241,695.9207013999112,l,0.17105149989947677,None,3,001,2025-11-03_13h07.41.049,untitled,,2025.1.1,71.88943396521826,2025-11-03 13h07.47.120379 +0530,
78,80,162,555,2,79,t,0.1494837999343872,None,79,2,555,6,695.9295552999247,,695.9247501001228,695.9295552999247,696.9159659999423,696.9159659999423,696.9229520000517,697.0696632999461,t,0.1494837999343872,None,3,001,2025-11-03_13h07.41.049,untitled,,2025.1.1,71.88943396521826,2025-11-03 13h07.47.120379 +0530,
15,35,13,556,3,79,l,0.2483683000318706,None,79,3,556,1,697.0786105999723,,697.0738317999057,697.0786105999723,698.065170600079,698.065170600079,698.0721889000852,698.3154112000484,l,0.2483683000318706,None,3,001,2025-11-03_13h07.41.049,untitled,,2025.1.1,71.88943396521826,2025-11-03 13h07.47.120379 +0530,
49,60,89,557,4,79,t,0.1557056000456214,None,79,4,557,4,698.3244551001117,,698.3196894000284,698.3244551001117,699.3107167000417,699.3107167000417,699.3179705000948,699.4713741000742,t,0.1557056000456214,None,3,001,2025-11-03_13h07.41.049,untitled,,2025.1.1,71.88943396521826,2025-11-03 13h07.47.120379 +0530,
40,55,62,558,5,79,l,0.16256779991090298,None,79,5,558,3,699.4811637999956,,699.4765403000638,699.4811637999956,700.4607518999837,700.4607518999837,700.4747635000385,700.6278560999781,l,0.16256779991090298,None,3,001,2025-11-03_13h07.41.049,untitled,,2025.1.1,71.88943396521826,2025-11-03 13h07.47.120379 +0530,
11,30,7,559,6,79,t,0.13652579998597503,None,79,6,559,0,700.6373737000395,,700.6324670000467,700.6373737000395,701.6238496000879,701.6238496000879,701.6307610999793,701.7632039000746,t,0.13652579998597503,None,3,001,2025-11-03_13h07.41.049,untitled,,2025.1.1,71.88943396521826,2025-11-03 13h07.47.120379 +0530,
27,50,21,560,0,80,l,0.1952947999816388,None,80,0,560,2,701.7720774000045,,701.7671249001287,701.7720774000045,702.7582602999173,702.7582602999173,702.7653707000427,702.9542640999425,l,0.1952947999816388,None,3,001,2025-11-03_13h07.41.049,untitled,,2025.1.1,71.88943396521826,2025-11-03 13h07.47.120379 +0530,
40,55,62,561,1,80,t,0.13451560004614294,None,80,1,561,3,702.9635632999707,,702.9585051999893,702.9635632999707,703.9500482000876,703.9500482000876,703.9567142999731,704.0891668000259,t,0.13451560004614294,None,3,001,2025-11-03_13h07.41.049,untitled,,2025.1.1,71.88943396521826,2025-11-03 13h07.47.120379 +0530,
49,60,89,562,2,80,l,0.11226259986869991,None,80,2,562,4,704.097664100118,,704.0934455001261,704.097664100118,705.0842403999995,705.0842403999995,705.091024100082,705.2029886001255,l,0.11226259986869991,None,3,001,2025-11-03_13h07.41.049,untitled,,2025.1.1,71.88943396521826,2025-11-03 13h07.47.120379 +0530,
78,80,162,563,3,80,t,0.24729670002125204,None,80,3,563,6,705.2108241999522,,705.2067915000953,705.2108241999522,706.1975076000672,706.1975076000672,706.2044083001092,706.4476113000419,t,0.24729670002125204,None,3,001,2025-11-03_13h07.41.049,untitled,,2025.1.1,71.88943396521826,2025-11-03 13h07.47.120379 +0530,
11,30,7,564,4,80,l,0.2219265999738127,None,80,4,564,0,706.4552732000593,,706.4514268001076,706.4552732000593,707.4418299000245,707.4418299000245,707.4488629000261,707.6648951999377,l,0.2219265999738127,None,3,001,2025-11-03_13h07.41.049,untitled,,2025.1.1,71.88943396521826,2025-11-03 13h07.47.120379 +0530,
15,35,13,565,5,80,t,0.21179399988614023,None,80,5,565,1,707.6733013999183,,707.6688828999177,707.6733013999183,708.6595507999882,708.6595507999882,708.6666041999124,708.8752474000212,t,0.21179399988614023,None,3,001,2025-11-03_13h07.41.049,untitled,,2025.1.1,71.88943396521826,2025-11-03 13h07.47.120379 +0530,
67,75,119,566,6,80,l,0.09863250004127622,None,80,6,566,5,708.8832014000509,,708.8791879001074,708.8832014000509,709.8697367000859,709.8697367000859,709.8767258999869,709.9742974000983,l,0.09863250004127622,None,3,001,2025-11-03_13h07.41.049,untitled,,2025.1.1,71.88943396521826,2025-11-03 13h07.47.120379 +0530,
67,75,119,567,0,81,l,0.28517650021240115,None,81,0,567,5,709.9809773999732,,709.9745088000782,709.9809773999732,710.9668956000824,710.9668956000824,710.9738851999864,711.2591071000788,l,0.28517650021240115,None,3,001,2025-11-03_13h07.41.049,untitled,,2025.1.1,71.88943396521826,2025-11-03 13h07.47.120379 +0530,
27,50,21,568,1,81,l,0.08400070015341043,None,81,1,568,2,711.2678022000473,,711.2632395001128,711.2678022000473,712.254086199915,712.254086199915,712.2613057000563,712.3449276001193,l,0.08400070015341043,None,3,001,2025-11-03_13h07.41.049,untitled,,2025.1.1,71.88943396521826,2025-11-03 13h07.47.120379 +0530,
11,30,7,569,2,81,t,2.206435800064355,None,81,2,569,0,712.3538259000052,,712.3490013999399,712.3538259000052,713.3399879001081,713.3399879001081,713.3465565999504,715.5488658000249,t,2.206435800064355,None,3,001,2025-11-03_13h07.41.049,untitled,,2025.1.1,71.88943396521826,2025-11-03 13h07.47.120379 +0530,
78,80,162,570,3,81,l,0.36776859988458455,None,81,3,570,6,715.5570851000957,,715.5523596000858,715.5570851000957,716.5434864000417,716.5434864000417,716.5506386999041,716.9120775999036,l,0.36776859988458455,None,3,001,2025-11-03_13h07.41.049,untitled,,2025.1.1,71.88943396521826,2025-11-03 13h07.47.120379 +0530,
49,60,89,571,4,81,l,0.22840930009260774,None,81,4,571,4,716.9205452001188,,716.9158264999278,716.9205452001188,717.9068255000748,717.9068255000748,717.9140089999419,718.1367424000055,l,0.22840930009260774,None,3,001,2025-11-03_13h07.41.049,untitled,,2025.1.1,71.88943396521826,2025-11-03 13h07.47.120379 +0530,
40,55,62,572,5,81,l,0.02453209995292127,None,81,5,572,3,718.1455944001209,,718.1405178999994,718.1455944001209,719.1315919999033,719.1315919999033,719.1387585001066,719.1602700999938,l,0.02453209995292127,None,3,001,2025-11-03_13h07.41.049,untitled,,2025.1.1,71.88943396521826,2025-11-03 13h07.47.120379 +0530,
15,35,13,573,6,81,t,0.17790240002796054,None,81,6,573,1,719.16930519999,,719.164574299939,719.16930519999,720.1556154999416,720.1556154999416,720.1626013999339,720.3369565000758,t,0.17790240002796054,None,3,001,2025-11-03_13h07.41.049,untitled,,2025.1.1,71.88943396521826,2025-11-03 13h07.47.120379 +0530,
78,80,162,574,0,82,l,0.21023540012538433,None,82,0,574,6,720.3456045999192,,720.3406837999355,720.3456045999192,721.3317927999888,721.3317927999888,721.3388533999678,721.547726900084,l,0.21023540012538433,None,3,001,2025-11-03_13h07.41.049,untitled,,2025.1.1,71.88943396521826,2025-11-03 13h07.47.120379 +0530,
15,35,13,575,1,82,l,0.08080570003949106,None,82,1,575,1,721.556783300126,,721.5519932999741,721.556783300126,722.5430244000163,722.5430244000163,722.5501057000365,722.6268863999285,l,0.08080570003949106,None,3,001,2025-11-03_13h07.41.049,untitled,,2025.1.1,71.88943396521826,2025-11-03 13h07.47.120379 +0530,
11,30,7,576,2,82,t,0.21528490004129708,None,82,2,576,0,722.6360164000653,,722.6310886000283,722.6360164000653,723.6220637001097,723.6220637001097,723.629177799914,723.8383384000044,t,0.21528490004129708,None,3,001,2025-11-03_13h07.41.049,untitled,,2025.1.1,71.88943396521826,2025-11-03 13h07.47.120379 +0530,
40,55,62,577,3,82,l,0.1346352999098599,None,82,3,577,3,723.8473340999335,,723.84254959994,723.8473340999335,724.8336030000355,724.8336030000355,724.8410398999695,724.9731117000338,l,0.1346352999098599,None,3,001,2025-11-03_13h07.41.049,untitled,,2025.1.1,71.88943396521826,2025-11-03 13h07.47.120379 +0530,
27,50,21,578,4,82,t,0.0852675000205636,None,82,4,578,2,724.9826583000831,,724.9784107001033,724.9826583000831,725.9692339999601,725.9692339999601,725.9762556001078,726.0601719999686,t,0.0852675000205636,None,3,001,2025-11-03_13h07.41.049,untitled,,2025.1.1,71.88943396521826,2025-11-03 13h07.47.120379 +0530,
67,75,119,579,5,82,l,0.08640819997526705,None,82,5,579,5,726.0694272001274,,726.0644751000218,726.0694272001274,727.0566213999409,727.0566213999409,727.0629008000251,727.1466228000354,l,0.08640819997526705,None,3,001,2025-11-03_13h07.41.049,untitled,,2025.1.1,71.88943396521826,2025-11-03 13h07.47.120379 +0530,
49,60,89,580,6,82,t,0.20851349993608892,None,82,6,580,4,727.1556561999023,,727.1507407000754,727.1556561999023,728.1428773999214,728.1428773999214,728.1505148999859,728.3587337001227,t,0.20851349993608892,None,3,001,2025-11-03_13h07.41.049,untitled,,2025.1.1,71.88943396521826,2025-11-03 13h07.47.120379 +0530,
15,35,13,581,0,83,l,0.03853090014308691,None,83,0,581,1,728.3671329999343,,728.3626484000124,728.3671329999343,729.3532233000733,729.3532233000733,729.3606281001121,729.3957805000246,l,0.03853090014308691,None,3,001,2025-11-03_13h07.41.049,untitled,,2025.1.1,71.88943396521826,2025-11-03 13h07.47.120379 +0530,
67,75,119,582,1,83,t,0.0782488000113517,None,83,1,582,5,729.4058936999645,,729.4008148999419,729.4058936999645,730.3851022999734,730.3851022999734,730.399176399922,730.4690662000794,t,0.0782488000113517,None,3,001,2025-11-03_13h07.41.049,untitled,,2025.1.1,71.88943396521826,2025-11-03 13h07.47.120379 +0530,
78,80,162,583,2,83,l,0.15987370000220835,None,83,2,583,6,730.4778074000496,,730.4728723999579,730.4778074000496,731.4641245999373,731.4641245999373,731.4710643999279,731.6247036000714,l,0.15987370000220835,None,3,001,2025-11-03_13h07.41.049,untitled,,2025.1.1,71.88943396521826,2025-11-03 13h07.47.120379 +0530,
40,55,62,584,3,83,l,0.06695159990340471,None,83,3,584,3,731.6335030000191,,731.6286246001255,731.6335030000191,732.6201311999466,732.6201311999466,732.6269259999972,732.6898670999799,l,0.06695159990340471,None,3,001,2025-11-03_13h07.41.049,untitled,,2025.1.1,71.88943396521826,2025-11-03 13h07.47.120379 +0530,
27,50,21,585,4,83,l,0.0389181999489665,None,83,4,585,2,732.6985718999058,,732.693719800096,732.6985718999058,733.6851741999853,733.6851741999853,733.6919784001075,733.7276703999378,l,0.0389181999489665,None,3,001,2025-11-03_13h07.41.049,untitled,,2025.1.1,71.88943396521826,2025-11-03 13h07.47.120379 +0530,
49,60,89,586,5,83,l,0.05267000012099743,None,83,5,586,4,733.7371173999272,,733.7312861999962,733.7371173999272,734.7224175999872,734.7224175999872,734.7295500000473,734.7792052000295,l,0.05267000012099743,None,3,001,2025-11-03_13h07.41.049,untitled,,2025.1.1,71.88943396521826,2025-11-03 13h07.47.120379 +0530,
11,30,7,587,6,83,t,0.10486430022865534,None,83,6,587,0,734.7888537999243,,734.7835015999153,734.7888537999243,735.7760189000983,735.7760189000983,735.7827038001269,735.8870039999019,t,0.10486430022865534,None,3,001,2025-11-03_13h07.41.049,untitled,,2025.1.1,71.88943396521826,2025-11-03 13h07.47.120379 +0530,
78,80,162,588,0,84,t,0.05645380006171763,None,84,0,588,6,735.8970091999508,,735.8916529999115,735.8970091999508,736.8763105000835,736.8763105000835,736.8902708999813,736.9392582001165,t,0.05645380006171763,None,3,001,2025-11-03_13h07.41.049,untitled,,2025.1.1,71.88943396521826,2025-11-03 13h07.47.120379 +0530,
49,60,89,589,1,84,t,0.06443589995615184,None,84,1,589,4,736.9484107999597,,736.9439538000152,736.9484107999597,737.9346374999732,737.9346374999732,737.942104900023,738.0048718000762,t,0.06443589995615184,None,3,001,2025-11-03_13h07.41.049,untitled,,2025.1.1,71.88943396521826,2025-11-03 13h07.47.120379 +0530,
27,50,21,590,2,84,l,0.23357819998636842,None,84,2,590,2,738.0141481000464,,738.0092720999382,738.0141481000464,739.0005707999226,739.0005707999226,739.0075886000413,739.2375996001065,l,0.23357819998636842,None,3,001,2025-11-03_13h07.41.049,untitled,,2025.1.1,71.88943396521826,2025-11-03 13h07.47.120379 +0530,
40,55,62,591,3,84,t,0.0855067998636514,None,84,3,591,3,739.2469254999887,,739.2420278000645,739.2469254999887,740.2331290000584,740.2331290000584,740.2408465999179,740.3242450999096,t,0.0855067998636514,None,3,001,2025-11-03_13h07.41.049,untitled,,2025.1.1,71.88943396521826,2025-11-03 13h07.47.120379 +0530,
67,75,119,592,4,84,l,0.11055600014515221,None,84,4,592,5,740.3332370000426,,740.3281082001049,740.3332370000426,741.3197099000681,741.3197099000681,741.3266358000692,741.4315223000012,l,0.11055600014515221,None,3,001,2025-11-03_13h07.41.049,untitled,,2025.1.1,71.88943396521826,2025-11-03 13h07.47.120379 +0530,
11,30,7,593,5,84,t,0.6772921001538634,None,84,5,593,0,741.4407746000215,,741.4357869001105,741.4407746000215,742.4270991000813,742.4270991000813,742.4340790000279,743.1082188000437,t,0.6772921001538634,None,3,001,2025-11-03_13h07.41.049,untitled,,2025.1.1,71.88943396521826,2025-11-03 13h07.47.120379 +0530,
15,35,13,594,6,84,l,0.14248850010335445,None,84,6,594,1,743.1257464000955,,743.1137485001236,743.1257464000955,744.0978860000614,744.0978860000614,744.1186786000617,744.2441497999243,l,0.14248850010335445,None,3,001,2025-11-03_13h07.41.049,untitled,,2025.1.1,71.88943396521826,2025-11-03 13h07.47.120379 +0530,
67,75,119,595,0,85,t,0.03120949980802834,None,85,0,595,5,744.2528912001289,,744.2480790999252,744.2528912001289,745.2394348001108,745.2394348001108,745.2463658000343,745.2748386000749,t,0.03120949980802834,None,3,001,2025-11-03_13h07.41.049,untitled,,2025.1.1,71.88943396521826,2025-11-03 13h07.47.120379 +0530,
49,60,89,596,1,85,l,0.057285699993371964,None,85,1,596,4,745.2836770000868,,745.2786844999064,745.2836770000868,746.2700153000187,746.2700153000187,746.2771765999496,746.3330357000232,l,0.057285699993371964,None,3,001,2025-11-03_13h07.41.049,untitled,,2025.1.1,71.88943396521826,2025-11-03 13h07.47.120379 +0530,
15,35,13,597,2,85,l,0.0739283999428153,None,85,2,597,1,746.3426936999895,,746.3374721000437,746.3426936999895,747.3290415999945,747.3290415999945,747.3361981001217,747.4059256999753,l,0.0739283999428153,None,3,001,2025-11-03_13h07.41.049,untitled,,2025.1.1,71.88943396521826,2025-11-03 13h07.47.120379 +0530,
11,30,7,598,3,85,t,0.17664900003001094,None,85,3,598,0,747.4147371000145,,747.4098054000642,747.4147371000145,748.4011603000108,748.4011603000108,748.4081896999851,748.5823329999112,t,0.17664900003001094,None,3,001,2025-11-03_13h07.41.049,untitled,,2025.1.1,71.88943396521826,2025-11-03 13h07.47.120379 +0530,
27,50,21,599,4,85,l,0.014083400135859847,None,85,4,599,2,748.5914926000405,,748.5867508999072,748.5914926000405,749.5785376999993,749.5785376999993,749.5856967999134,749.6002249999437,l,0.014083400135859847,None,3,001,2025-11-03_13h07.41.049,untitled,,2025.1.1,71.88943396521826,2025-11-03 13h07.47.120379 +0530,
78,80,162,600,5,85,t,0.11294669983908534,None,85,5,600,6,749.608954400057,,749.6045806999318,749.608954400057,750.595453399932,750.595453399932,750.6023617000319,750.7140981000848,t,0.11294669983908534,None,3,001,2025-11-03_13h07.41.049,untitled,,2025.1.1,71.88943396521826,2025-11-03 13h07.47.120379 +0530,
40,55,62,601,6,85,l,0.1262715000193566,None,85,6,601,3,750.7232627000194,,750.7187369000167,750.7232627000194,751.7097384000663,751.7097384000663,751.7166836999822,751.8421624000184,l,0.1262715000193566,None,3,001,2025-11-03_13h07.41.049,untitled,,2025.1.1,71.88943396521826,2025-11-03 13h07.47.120379 +0530,
27,50,21,602,0,86,t,0.03948060004040599,None,86,0,602,2,751.850790400058,,751.8463528999127,751.850790400058,752.8370853001252,752.8370853001252,752.8440332999453,752.8793999999762,t,0.03948060004040599,None,3,001,2025-11-03_13h07.41.049,untitled,,2025.1.1,71.88943396521826,2025-11-03 13h07.47.120379 +0530,
40,55,62,603,1,86,l,0.27962899999693036,None,86,1,603,3,752.8881832000334,,752.8833254999481,752.8881832000334,753.8747248,753.8747248,753.8815454000141,754.1600627999287,l,0.27962899999693036,None,3,001,2025-11-03_13h07.41.049,untitled,,2025.1.1,71.88943396521826,2025-11-03 13h07.47.120379 +0530,
15,35,13,604,2,86,l,1.0200177999213338,None,86,2,604,1,754.1697112999391,,754.164814800024,754.1697112999391,755.1561604999006,755.1561604999006,755.1632024999708,756.1776227999944,l,1.0200177999213338,None,3,001,2025-11-03_13h07.41.049,untitled,,2025.1.1,71.88943396521826,2025-11-03 13h07.47.120379 +0530,
49,60,89,605,3,86,l,0.17568670003674924,None,86,3,605,4,756.1868940000422,,756.1819213000126,756.1868940000422,757.1732672001235,757.1732672001235,757.1802920000628,757.3543318999,l,0.17568670003674924,None,3,001,2025-11-03_13h07.41.049,untitled,,2025.1.1,71.88943396521826,2025-11-03 13h07.47.120379 +0530,
78,80,162,606,4,86,l,0.0561943999491632,None,86,4,606,6,757.3632215000689,,757.3581902999431,757.3632215000689,758.349517100025,758.349517100025,758.356553300051,758.412575500086,l,0.0561943999491632,None,3,001,2025-11-03_13h07.41.049,untitled,,2025.1.1,71.88943396521826,2025-11-03 13h07.47.120379 +0530,
11,30,7,607,5,86,t,0.22580359992571175,None,86,5,607,0,758.4219249999151,,758.4173507001251,758.4219249999151,759.4084548000246,759.4084548000246,759.4153505999129,759.6382728999015,t,0.22580359992571175,None,3,001,2025-11-03_13h07.41.049,untitled,,2025.1.1,71.88943396521826,2025-11-03 13h07.47.120379 +0530,
67,75,119,608,6,86,t,0.017129400046542287,None,86,6,608,5,759.6468672000337,,759.6419492000714,759.6468672000337,760.6329513001256,760.6329513001256,760.6401531998999,760.6546638000291,t,0.017129400046542287,None,3,001,2025-11-03_13h07.41.049,untitled,,2025.1.1,71.88943396521826,2025-11-03 13h07.47.120379 +0530,
27,50,21,609,0,87,t,0.08155680005438626,None,87,0,609,2,760.663849900011,,760.6589882001281,760.663849900011,761.6499332999811,761.6499332999811,761.6570381999481,761.734149399912,t,0.08155680005438626,None,3,001,2025-11-03_13h07.41.049,untitled,,2025.1.1,71.88943396521826,2025-11-03 13h07.47.120379 +0530,
78,80,162,610,1,87,t,0.012844800017774105,None,87,1,610,6,761.7429086999036,,761.7379211999942,761.7429086999036,762.7289897000883,762.7289897000883,762.7361453999765,762.7435999000445,t,0.012844800017774105,None,3,001,2025-11-03_13h07.41.049,untitled,,2025.1.1,71.88943396521826,2025-11-03 13h07.47.120379 +0530,
67,75,119,611,2,87,t,0.16711949999444187,None,87,2,611,5,762.7519638000522,,762.7470303999726,762.7519638000522,763.7382618000265,763.7382618000265,763.7459692000411,763.9061545000877,t,0.16711949999444187,None,3,001,2025-11-03_13h07.41.049,untitled,,2025.1.1,71.88943396521826,2025-11-03 13h07.47.120379 +0530,
15,35,13,612,3,87,l,0.17643200000748038,None,87,3,612,1,763.9230486999732,,763.9121894999407,763.9230486999732,764.9020100999624,764.9020100999624,764.9167561000213,765.0831514000893,l,0.17643200000748038,None,3,001,2025-11-03_13h07.41.049,untitled,,2025.1.1,71.88943396521826,2025-11-03 13h07.47.120379 +0530,
40,55,62,613,4,87,t,0.029677399899810553,None,87,4,613,3,765.0923951999284,,765.0875788999256,765.0923951999284,766.0784982000478,766.0784982000478,766.08570159995,766.1137983999215,t,0.029677399899810553,None,3,001,2025-11-03_13h07.41.049,untitled,,2025.1.1,71.88943396521826,2025-11-03 13h07.47.120379 +0530,
11,30,7,614,5,87,l,0.15043819998390973,None,87,5,614,0,766.1226488000248,,766.1176195000298,766.1226488000248,767.1091444999911,767.1091444999911,767.1163006999996,767.2624186000321,l,0.15043819998390973,None,3,001,2025-11-03_13h07.41.049,untitled,,2025.1.1,71.88943396521826,2025-11-03 13h07.47.120379 +0530,
49,60,89,615,6,87,t,0.0802778999786824,None,87,6,615,4,767.2718434999697,,767.2667165999301,767.2718434999697,768.2580458999146,768.2580458999146,768.2653012000956,768.3423701000866,t,0.0802778999786824,None,3,001,2025-11-03_13h07.41.049,untitled,,2025.1.1,71.88943396521826,2025-11-03 13h07.47.120379 +0530,
49,60,89,616,0,88,l,0.668925599893555,None,88,0,616,4,768.3483363999985,,768.3426584000699,768.3483363999985,769.3345566000789,769.3345566000789,769.3415351000149,770.0087011000142,l,0.668925599893555,None,3,001,2025-11-03_13h07.41.049,untitled,,2025.1.1,71.88943396521826,2025-11-03 13h07.47.120379 +0530,
11,30,7,617,1,88,l,0.6666109999641776,None,88,1,617,0,770.0178092001006,,770.0129241999239,770.0178092001006,771.0043707001023,771.0043707001023,771.0113840999547,771.6784997999202,l,0.6666109999641776,None,3,001,2025-11-03_13h07.41.049,untitled,,2025.1.1,71.88943396521826,2025-11-03 13h07.47.120379 +0530,
15,35,13,618,2,88,t,0.1355496000032872,None,88,2,618,1,771.6961074999999,,771.6838710999582,771.6961074999999,772.6679587000981,772.6679587000981,772.6888274000958,772.8073158001062,t,0.1355496000032872,None,3,001,2025-11-03_13h07.41.049,untitled,,2025.1.1,71.88943396521826,2025-11-03 13h07.47.120379 +0530,
40,55,62,619,3,88,t,0.0527834000531584,None,88,3,619,3,772.8159046000801,,772.8111378999893,772.8159046000801,773.8022863001097,773.8022863001097,773.8092565999832,773.8583633999806,t,0.0527834000531584,None,3,001,2025-11-03_13h07.41.049,untitled,,2025.1.1,71.88943396521826,2025-11-03 13h07.47.120379 +0530,
78,80,162,620,4,88,t,0.07698210002854466,None,88,4,620,6,773.8668911999557,,773.8620728999376,773.8668911999557,774.8539368000347,774.8539368000347,774.8609998999164,774.9370639999397,t,0.07698210002854466,None,3,001,2025-11-03_13h07.41.049,untitled,,2025.1.1,71.88943396521826,2025-11-03 13h07.47.120379 +0530,
67,75,119,621,5,88,l,0.02430310007184744,None,88,5,621,5,774.9460829000454,,774.940888900077,774.9460829000454,775.9322186999489,775.9322186999489,775.9397052000277,775.9604217999149,l,0.02430310007184744,None,3,001,2025-11-03_13h07.41.049,untitled,,2025.1.1,71.88943396521826,2025-11-03 13h07.47.120379 +0530,
27,50,21,622,6,88,l,0.48816539999097586,None,88,6,622,2,775.9693704000674,,775.9645593999885,775.9693704000674,776.9556203999091,776.9556203999091,776.9629715001211,777.4494628999382,l,0.48816539999097586,None,3,001,2025-11-03_13h07.41.049,untitled,,2025.1.1,71.88943396521826,2025-11-03 13h07.47.120379 +0530,
27,50,21,623,0,89,t,0.16873960010707378,None,89,0,623,2,777.4554870000575,,777.449768200051,777.4554870000575,778.441913299961,778.441913299961,778.448976600077,778.61599020008,t,0.16873960010707378,None,3,001,2025-11-03_13h07.41.049,untitled,,2025.1.1,71.88943396521826,2025-11-03 13h07.47.120379 +0530,
67,75,119,624,1,89,t,0.5906048999167979,None,89,1,624,5,778.6250420999713,,778.6202076000627,778.6250420999713,779.611198999919,779.611198999919,779.618349299999,780.20882420009,t,0.5906048999167979,None,3,001,2025-11-03_13h07.41.049,untitled,,2025.1.1,71.88943396521826,2025-11-03 13h07.47.120379 +0530,
49,60,89,625,2,89,l,0.2513852999545634,None,89,2,625,4,780.217557700118,,780.2130793000106,780.217557700118,781.2040677999612,781.2040677999612,781.2109984999988,781.4624813001137,l,0.2513852999545634,None,3,001,2025-11-03_13h07.41.049,untitled,,2025.1.1,71.88943396521826,2025-11-03 13h07.47.120379 +0530,
78,80,162,626,3,89,t,0.028524799970909953,None,89,3,626,6,781.4713121999521,,781.4664666000754,781.4713121999521,782.4577198999468,782.4577198999468,782.4646455999464,782.4929978,t,0.028524799970909953,None,3,001,2025-11-03_13h07.41.049,untitled,,2025.1.1,71.88943396521826,2025-11-03 13h07.47.120379 +0530,
11,30,7,627,4,89,l,0.20705720013938844,None,89,4,627,0,782.5015887999907,,782.4970851000398,782.5015887999907,783.487701700069,783.487701700069,783.4948515000287,783.696695700055,l,0.20705720013938844,None,3,001,2025-11-03_13h07.41.049,untitled,,2025.1.1,71.88943396521826,2025-11-03 13h07.47.120379 +0530,
15,35,13,628,5,89,t,0.18465829989872873,None,89,5,628,1,783.705560100032,,783.7005002999213,783.705560100032,784.6922061999794,784.6922061999794,784.6996273000259,784.880170499906,t,0.18465829989872873,None,3,001,2025-11-03_13h07.41.049,untitled,,2025.1.1,71.88943396521826,2025-11-03 13h07.47.120379 +0530,
40,55,62,629,6,89,l,0.13597920001484454,None,89,6,629,3,784.8887579001021,,784.8838118999265,784.8887579001021,785.8750877000857,785.8750877000857,785.8820948000066,786.0146556999534,l,0.13597920001484454,None,3,001,2025-11-03_13h07.41.049,untitled,,2025.1.1,71.88943396521826,2025-11-03 13h07.47.120379 +0530,
67,75,119,630,0,90,t,0.0927881000097841,None,90,0,630,5,786.0233424000908,,786.0184820999857,786.0233424000908,787.0106184999458,787.0106184999458,787.0172170998994,787.1073356000707,t,0.0927881000097841,None,3,001,2025-11-03_13h07.41.049,untitled,,2025.1.1,71.88943396521826,2025-11-03 13h07.47.120379 +0530,
49,60,89,631,1,90,l,0.07430860004387796,None,90,1,631,4,787.1160617999267,,787.1112887999043,787.1160617999267,788.1023375000805,788.1023375000805,788.1095467000268,788.179387500044,l,0.07430860004387796,None,3,001,2025-11-03_13h07.41.049,untitled,,2025.1.1,71.88943396521826,2025-11-03 13h07.47.120379 +0530,
78,80,162,632,2,90,t,0.08843549992889166,None,90,2,632,6,788.1880695999134,,788.1831300000194,788.1880695999134,789.1742791999131,789.1742791999131,789.1815092999022,789.2652894000057,t,0.08843549992889166,None,3,001,2025-11-03_13h07.41.049,untitled,,2025.1.1,71.88943396521826,2025-11-03 13h07.47.120379 +0530,
15,35,13,633,3,90,l,0.06964050000533462,None,90,3,633,1,789.274289400084,,789.2693239999935,789.274289400084,790.2604710001033,790.2604710001033,790.2675936000887,790.3309375999961,l,0.06964050000533462,None,3,001,2025-11-03_13h07.41.049,untitled,,2025.1.1,71.88943396521826,2025-11-03 13h07.47.120379 +0530,
11,30,7,634,4,90,t,0.06557269999757409,None,90,4,634,0,790.3392783999443,,790.3344453999307,790.3392783999443,791.3256300999783,791.3256300999783,791.3326284999494,791.395577599993,t,0.06557269999757409,None,3,001,2025-11-03_13h07.41.049,untitled,,2025.1.1,71.88943396521826,2025-11-03 13h07.47.120379 +0530,
40,55,62,635,5,90,l,0.15212280000559986,None,90,5,635,3,791.4050235000905,,791.4001418000553,791.4050235000905,792.3914940000977,792.3914940000977,792.3985009999014,792.5451134999748,l,0.15212280000559986,None,3,001,2025-11-03_13h07.41.049,untitled,,2025.1.1,71.88943396521826,2025-11-03 13h07.47.120379 +0530,
27,50,21,636,6,90,t,0.0888171000406146,None,90,6,636,2,792.5546128000133,,792.5497675999068,792.5546128000133,793.5408342001028,793.5408342001028,793.5482095999178,793.6319242001045,t,0.0888171000406146,None,3,001,2025-11-03_13h07.41.049,untitled,,2025.1.1,71.88943396521826,2025-11-03 13h07.47.120379 +0530,
49,60,89,637,0,91,l,0.058079699985682964,None,91,0,637,4,793.6412822999991,,793.6361587999854,793.6412822999991,794.6277811001055,794.6277811001055,794.6346479000058,794.6907891998999,l,0.058079699985682964,None,3,001,2025-11-03_13h07.41.049,untitled,,2025.1.1,71.88943396521826,2025-11-03 13h07.47.120379 +0530,
78,80,162,638,1,91,t,0.021067500114440918,None,91,1,638,6,794.6997980999295,,794.6949686000589,794.6997980999295,795.6859154000413,795.6859154000413,795.6931054999586,795.707912000129,t,0.021067500114440918,None,3,001,2025-11-03_13h07.41.049,untitled,,2025.1.1,71.88943396521826,2025-11-03 13h07.47.120379 +0530,
27,50,21,639,2,91,l,0.10445740004070103,None,91,2,639,2,795.717036700109,,795.7121693999507,795.717036700109,796.703523900127,796.703523900127,796.7106395999435,796.8086202999111,l,0.10445740004070103,None,3,001,2025-11-03_13h07.41.049,untitled,,2025.1.1,71.88943396521826,2025-11-03 13h07.47.120379 +0530,
15,35,13,640,3,91,t,0.049211000092327595,None,91,3,640,1,796.817704499932,,796.8127524000593,796.817704499932,797.8040994000621,797.8040994000621,797.8110505000222,797.8601454999298,t,0.049211000092327595,None,3,001,2025-11-03_13h07.41.049,untitled,,2025.1.1,71.88943396521826,2025-11-03 13h07.47.120379 +0530,
11,30,7,641,4,91,l,0.5559068999718875,None,91,4,641,0,797.8686416000128,,797.8640958000906,797.8686416000128,798.8549367000815,798.8549367000815,798.8619200999383,799.4179366000462,l,0.5559068999718875,None,3,001,2025-11-03_13h07.41.049,untitled,,2025.1.1,71.88943396521826,2025-11-03 13h07.47.120379 +0530,
67,75,119,642,5,91,t,0.521845799870789,None,91,5,642,5,799.4270073000807,,799.4225041999016,799.4270073000807,800.4131483000237,800.4131483000237,800.4202721000183,800.9413998001255,t,0.521845799870789,None,3,001,2025-11-03_13h07.41.049,untitled,,2025.1.1,71.88943396521826,2025-11-03 13h07.47.120379 +0530,
40,55,62,643,6,91,l,0.3027137001045048,None,91,6,643,3,800.9503945999313,,800.945939600002,800.9503945999313,801.9368513999507,801.9368513999507,801.9438489999156,802.2429569999222,l,0.3027137001045048,None,3,001,2025-11-03_13h07.41.049,untitled,,2025.1.1,71.88943396521826,2025-11-03 13h07.47.120379 +0530,
49,60,89,644,0,92,l,0.17449050000868738,None,92,0,644,4,802.2527169999667,,802.247292800108,802.2527169999667,803.2393295001239,803.2393295001239,803.2462265999056,803.41991279996,l,0.17449050000868738,None,3,001,2025-11-03_13h07.41.049,untitled,,2025.1.1,71.88943396521826,2025-11-03 13h07.47.120379 +0530,
11,30,7,645,1,92,l,0.1099354000762105,None,92,1,645,0,803.4284969000146,,803.4237023000605,803.4284969000146,804.414688100107,804.414688100107,804.4216772001237,804.526508500101,l,0.1099354000762105,None,3,001,2025-11-03_13h07.41.049,untitled,,2025.1.1,71.88943396521826,2025-11-03 13h07.47.120379 +0530,
67,75,119,646,2,92,t,0.16793300001882017,None,92,2,646,5,804.5353353000246,,804.5305671999231,804.5353353000246,805.5218591000885,805.5218591000885,805.5287520999555,805.6957123999018,t,0.16793300001882017,None,3,001,2025-11-03_13h07.41.049,untitled,,2025.1.1,71.88943396521826,2025-11-03 13h07.47.120379 +0530,
15,35,13,647,3,92,t,0.0975579998921603,None,92,3,647,1,805.7051182999276,,805.7002232000232,805.7051182999276,806.6910029000137,806.6910029000137,806.6983441000339,806.7894844000693,t,0.0975579998921603,None,3,001,2025-11-03_13h07.41.049,untitled,,2025.1.1,71.88943396521826,2025-11-03 13h07.47.120379 +0530,
78,80,162,648,4,92,t,0.11114239995367825,None,92,4,648,6,806.7973376999144,,806.7934097000398,806.7973376999144,807.7840780001134,807.7840780001134,807.7915819999762,807.8959431000985,t,0.11114239995367825,None,3,001,2025-11-03_13h07.41.049,untitled,,2025.1.1,71.88943396521826,2025-11-03 13h07.47.120379 +0530,
27,50,21,649,5,92,t,0.17606239998713136,None,92,5,649,2,807.9052017000504,,807.9002475999296,807.9052017000504,808.8914012000896,808.8914012000896,808.8986373001244,809.07285519992,t,0.17606239998713136,None,3,001,2025-11-03_13h07.41.049,untitled,,2025.1.1,71.88943396521826,2025-11-03 13h07.47.120379 +0530,
40,55,62,650,6,92,t,0.20209480007179081,None,92,6,650,3,809.0812808000483,,809.0763888999354,809.0812808000483,810.0673859999515,810.0673859999515,810.0750816001091,810.2761482999194,t,0.20209480007179081,None,3,001,2025-11-03_13h07.41.049,untitled,,2025.1.1,71.88943396521826,2025-11-03 13h07.47.120379 +0530,
40,55,62,651,0,93,l,0.42598009994253516,None,93,0,651,3,810.2829694999382,,810.276355399983,810.2829694999382,811.2688511000015,811.2688511000015,811.2760936999694,811.7002437000629,l,0.42598009994253516,None,3,001,2025-11-03_13h07.41.049,untitled,,2025.1.1,71.88943396521826,2025-11-03 13h07.47.120379 +0530,
78,80,162,652,1,93,l,0.0388325999956578,None,93,1,652,6,811.7099315000232,,811.7048476000782,811.7099315000232,812.6965296999551,812.6965296999551,812.7032836000435,812.7390787999611,l,0.0388325999956578,None,3,001,2025-11-03_13h07.41.049,untitled,,2025.1.1,71.88943396521826,2025-11-03 13h07.47.120379 +0530,
67,75,119,653,2,93,l,0.08715349994599819,None,93,2,653,5,812.7480399000924,,812.7430072999559,812.7480399000924,813.7343933000229,813.7343933000229,813.7413625000045,813.8253051999491,l,0.08715349994599819,None,3,001,2025-11-03_13h07.41.049,untitled,,2025.1.1,71.88943396521826,2025-11-03 13h07.47.120379 +0530,
15,35,13,654,3,93,l,0.4971057001966983,None,93,3,654,1,813.8351962000597,,813.8301560000982,813.8351962000597,814.8145610000938,814.8145610000938,814.8285463000648,815.315153399948,l,0.4971057001966983,None,3,001,2025-11-03_13h07.41.049,untitled,,2025.1.1,71.88943396521826,2025-11-03 13h07.47.120379 +0530,
11,30,7,655,4,93,t,0.22827019984833896,None,93,4,655,0,815.3243676999118,,815.3194756000303,815.3243676999118,816.3105556999799,816.3105556999799,816.3177579999901,816.5404819000978,t,0.22827019984833896,None,3,001,2025-11-03_13h07.41.049,untitled,,2025.1.1,71.88943396521826,2025-11-03 13h07.47.120379 +0530,
27,50,21,656,5,93,t,0.19572629989124835,None,93,5,656,2,816.5495096000377,,816.544688800117,816.5495096000377,817.5360620000865,817.5360620000865,817.5428859000094,817.7377547000069,t,0.19572629989124835,None,3,001,2025-11-03_13h07.41.049,untitled,,2025.1.1,71.88943396521826,2025-11-03 13h07.47.120379 +0530,
49,60,89,657,6,93,t,0.2067083001602441,None,93,6,657,4,817.747149999952,,817.7421003999189,817.747149999952,818.7335948001128,818.7335948001128,818.7406407000963,818.9431239999831,t,0.2067083001602441,None,3,001,2025-11-03_13h07.41.049,untitled,,2025.1.1,71.88943396521826,2025-11-03 13h07.47.120379 +0530,
27,50,21,658,0,94,l,0.2612773000728339,None,94,0,658,2,818.9528475000989,,818.9477135001216,818.9528475000989,819.9320692999754,819.9320692999754,819.9461113999132,820.1963263000362,l,0.2612773000728339,None,3,001,2025-11-03_13h07.41.049,untitled,,2025.1.1,71.88943396521826,2025-11-03 13h07.47.120379 +0530,
67,75,119,659,1,94,l,0.29556800005957484,None,94,1,659,5,820.2053195000626,,820.2005423000082,820.2053195000626,821.1915408999193,821.1915408999193,821.19877430005,821.4912298999261,l,0.29556800005957484,None,3,001,2025-11-03_13h07.41.049,untitled,,2025.1.1,71.88943396521826,2025-11-03 13h07.47.120379 +0530,
49,60,89,660,2,94,t,0.1510932999663055,None,94,2,660,4,821.5084780999459,,821.4970472001005,821.5084780999459,822.4873107001185,822.4873107001185,822.5013456000015,822.6409221000504,t,0.1510932999663055,None,3,001,2025-11-03_13h07.41.049,untitled,,2025.1.1,71.88943396521826,2025-11-03 13h07.47.120379 +0530,
15,35,13,661,3,94,l,0.3807806000113487,None,94,3,661,1,822.6503731000703,,822.6453996999189,822.6503731000703,823.6366618000902,823.6366618000902,823.6438370000105,824.0195005999412,l,0.3807806000113487,None,3,001,2025-11-03_13h07.41.049,untitled,,2025.1.1,71.88943396521826,2025-11-03 13h07.47.120379 +0530,
78,80,162,662,4,94,l,0.23555829981341958,None,94,4,662,6,824.0298198000528,,824.0237060999498,824.0298198000528,825.0150981000625,825.0150981000625,825.021984100109,825.2516079000197,l,0.23555829981341958,None,3,001,2025-11-03_13h07.41.049,untitled,,2025.1.1,71.88943396521826,2025-11-03 13h07.47.120379 +0530,
11,30,7,663,5,94,t,0.5909869999159127,None,94,5,663,0,825.2608946000692,,825.2559547999408,825.2608946000692,826.2474094000645,826.2474094000645,826.2544360999018,826.8448860999197,t,0.5909869999159127,None,3,001,2025-11-03_13h07.41.049,untitled,,2025.1.1,71.88943396521826,2025-11-03 13h07.47.120379 +0530,
40,55,62,664,6,94,l,0.1947585998568684,None,94,6,664,3,826.853741100058,,826.8491992999334,826.853741100058,827.8401901000179,827.8401901000179,827.8470610999502,828.0420862000901,l,0.1947585998568684,None,3,001,2025-11-03_13h07.41.049,untitled,,2025.1.1,71.88943396521826,2025-11-03 13h07.47.120379 +0530,
40,55,62,665,0,95,l,0.22272880002856255,None,95,0,665,3,828.0484923999757,,828.0423938999884,828.0484923999757,829.0345383000094,829.0345383000094,829.0415080001112,829.2641557999887,l,0.22272880002856255,None,3,001,2025-11-03_13h07.41.049,untitled,,2025.1.1,71.88943396521826,2025-11-03 13h07.47.120379 +0530,
11,30,7,666,1,95,t,0.19086660002358258,None,95,1,666,0,829.2723105000332,,829.267680299934,829.2723105000332,830.2588180999737,830.2588180999737,830.2656582999043,830.4536524999421,t,0.19086660002358258,None,3,001,2025-11-03_13h07.41.049,untitled,,2025.1.1,71.88943396521826,2025-11-03 13h07.47.120379 +0530,
49,60,89,667,2,95,t,0.0817888998426497,None,95,2,667,4,830.4622110000346,,830.4574798000976,830.4622110000346,831.448528500041,831.448528500041,831.4555669000838,831.532275600126,t,0.0817888998426497,None,3,001,2025-11-03_13h07.41.049,untitled,,2025.1.1,71.88943396521826,2025-11-03 13h07.47.120379 +0530,
67,75,119,668,3,95,l,0.19003870012238622,None,95,3,668,5,831.5404616000596,,831.5356701000128,831.5404616000596,832.5265450000297,832.5265450000297,832.5336663001217,832.721938099945,l,0.19003870012238622,None,3,001,2025-11-03_13h07.41.049,untitled,,2025.1.1,71.88943396521826,2025-11-03 13h07.47.120379 +0530,
27,50,21,669,4,95,l,0.14612619997933507,None,95,4,669,2,832.730980399996,,832.7260968999472,832.730980399996,833.7175100001041,833.7175100001041,833.7244243999012,833.870607299963,l,0.14612619997933507,None,3,001,2025-11-03_13h07.41.049,untitled,,2025.1.1,71.88943396521826,2025-11-03 13h07.47.120379 +0530,
15,35,13,670,5,95,l,0.1119478999171406,None,95,5,670,1,833.8789232999552,,833.8744226999115,833.8789232999552,834.8650182001293,834.8650182001293,834.8725336000789,834.9836822000798,l,0.1119478999171406,None,3,001,2025-11-03_13h07.41.049,untitled,,2025.1.1,71.88943396521826,2025-11-03 13h07.47.120379 +0530,
78,80,162,671,6,95,l,0.15123560000211,None,95,6,671,6,834.9925702000037,,834.9879535001237,834.9925702000037,835.9790481999516,835.9790481999516,835.9861435999628,836.1320760999806,l,0.15123560000211,None,3,001,2025-11-03_13h07.41.049,untitled,,2025.1.1,71.88943396521826,2025-11-03 13h07.47.120379 +0530,
11,30,7,672,0,96,l,0.0554341000970453,None,96,0,672,0,836.1407949000131,,836.1359455001075,836.1407949000131,837.1272102000657,837.1272102000657,837.1342120000627,837.1835545001086,l,0.0554341000970453,None,3,001,2025-11-03_13h07.41.049,untitled,,2025.1.1,71.88943396521826,2025-11-03 13h07.47.120379 +0530,
15,35,13,673,1,96,t,0.04379370016977191,None,96,1,673,1,837.1931080000941,,837.1880540999118,837.1931080000941,838.1793243999127,838.1793243999127,838.1864374999423,838.2287194000091,t,0.04379370016977191,None,3,001,2025-11-03_13h07.41.049,untitled,,2025.1.1,71.88943396521826,2025-11-03 13h07.47.120379 +0530,
40,55,62,674,2,96,t,0.20136299985460937,None,96,2,674,3,838.2460972999688,,838.2342592000496,838.2460972999688,839.218231700128,839.218231700128,839.2391146000009,839.420220100088,t,0.20136299985460937,None,3,001,2025-11-03_13h07.41.049,untitled,,2025.1.1,71.88943396521826,2025-11-03 13h07.47.120379 +0530,
67,75,119,675,3,96,t,0.6572406000923365,None,96,3,675,5,839.4292595000006,,839.4245200001169,839.4292595000006,840.4154058999848,840.4154058999848,840.422588699963,841.0758080000523,t,0.6572406000923365,None,3,001,2025-11-03_13h07.41.049,untitled,,2025.1.1,71.88943396521826,2025-11-03 13h07.47.120379 +0530,
49,60,89,676,4,96,l,0.1574981000740081,None,96,4,676,4,841.0854390999302,,841.0799875999801,841.0854390999302,842.0716186999343,842.0716186999343,842.0788199000526,842.2321689999662,l,0.1574981000740081,None,3,001,2025-11-03_13h07.41.049,untitled,,2025.1.1,71.88943396521826,2025-11-03 13h07.47.120379 +0530,
27,50,21,677,5,96,l,0.2005068000871688,None,96,5,677,2,842.241223399993,,842.2362862001173,842.241223399993,843.2276536000427,843.2276536000427,843.2345851999708,843.4298161999322,l,0.2005068000871688,None,3,001,2025-11-03_13h07.41.049,untitled,,2025.1.1,71.88943396521826,2025-11-03 13h07.47.120379 +0530,
78,80,162,678,6,96,l,0.05218550004065037,None,96,6,678,6,843.4387717999052,,843.4338426000904,843.4387717999052,844.4251329000108,844.4251329000108,844.4324074001051,844.48149679997,l,0.05218550004065037,None,3,001,2025-11-03_13h07.41.049,untitled,,2025.1.1,71.88943396521826,2025-11-03 13h07.47.120379 +0530,
27,50,21,679,0,97,t,0.05178850004449487,None,97,0,679,2,844.4906105000991,,844.485334899975,844.4906105000991,845.4769339999184,845.4769339999184,845.4838694001082,845.5329897999763,t,0.05178850004449487,None,3,001,2025-11-03_13h07.41.049,untitled,,2025.1.1,71.88943396521826,2025-11-03 13h07.47.120379 +0530,
15,35,13,680,1,97,l,0.1810742998495698,None,97,1,680,1,845.5425990000367,,845.5377483000048,845.5425990000367,846.5291335000657,846.5291335000657,846.5359932999127,846.7168684999924,l,0.1810742998495698,None,3,001,2025-11-03_13h07.41.049,untitled,,2025.1.1,71.88943396521826,2025-11-03 13h07.47.120379 +0530,
78,80,162,681,2,97,t,0.15339539991691709,None,97,2,681,6,846.7258528999519,,846.7213479001075,846.7258528999519,847.7123288000003,847.7123288000003,847.719313400099,847.8722488000058,t,0.15339539991691709,None,3,001,2025-11-03_13h07.41.049,untitled,,2025.1.1,71.88943396521826,2025-11-03 13h07.47.120379 +0530,
40,55,62,682,3,97,l,0.40876909997314215,None,97,3,682,3,847.8810354000889,,847.8766381999012,847.8810354000889,848.8676827999298,848.8676827999298,848.8745110000018,849.2778708999977,l,0.40876909997314215,None,3,001,2025-11-03_13h07.41.049,untitled,,2025.1.1,71.88943396521826,2025-11-03 13h07.47.120379 +0530,
49,60,89,683,4,97,t,0.10311040002852678,None,97,4,683,4,849.2874447999056,,849.282160300063,849.2874447999056,850.2734646999743,850.2734646999743,850.2805945000146,850.378301900113,t,0.10311040002852678,None,3,001,2025-11-03_13h07.41.049,untitled,,2025.1.1,71.88943396521826,2025-11-03 13h07.47.120379 +0530,
11,30,7,684,5,97,t,0.2571070999838412,None,97,5,684,0,850.3871883999091,,850.3821205999702,850.3871883999091,851.3732700999826,851.3732700999826,851.3804184000473,851.6375184999779,t,0.2571070999838412,None,3,001,2025-11-03_13h07.41.049,untitled,,2025.1.1,71.88943396521826,2025-11-03 13h07.47.120379 +0530,
67,75,119,685,6,97,t,0.14741860004141927,None,97,6,685,5,851.6467111001257,,851.6422095999587,851.6467111001257,852.6330273000058,852.6330273000058,852.6400373999495,852.7866102000698,t,0.14741860004141927,None,3,001,2025-11-03_13h07.41.049,untitled,,2025.1.1,71.88943396521826,2025-11-03 13h07.47.120379 +0530,
27,50,21,686,0,98,t,0.11495770001783967,None,98,0,686,2,852.7958812001161,,852.7910750000738,852.7958812001161,853.781964499969,853.781964499969,853.7892126999795,853.9009221000597,t,0.11495770001783967,None,3,001,2025-11-03_13h07.41.049,untitled,,2025.1.1,71.88943396521826,2025-11-03 13h07.47.120379 +0530,
67,75,119,687,1,98,l,0.07261059992015362,None,98,1,687,5,853.9184099000413,,853.9066133999731,853.9184099000413,854.8903320000973,854.8903320000973,854.9112315000966,854.9674909999594,l,0.07261059992015362,None,3,001,2025-11-03_13h07.41.049,untitled,,2025.1.1,71.88943396521826,2025-11-03 13h07.47.120379 +0530,
78,80,162,688,2,98,t,0.07697939989157021,None,98,2,688,6,854.9773156999145,,854.9721419999842,854.9773156999145,855.9567215999123,855.9567215999123,855.9706194000319,856.0407215999439,t,0.07697939989157021,None,3,001,2025-11-03_13h07.41.049,untitled,,2025.1.1,71.88943396521826,2025-11-03 13h07.47.120379 +0530,
15,35,13,689,3,98,l,0.2195590001065284,None,98,3,689,1,856.0492646999191,,856.044834600063,856.0492646999191,857.0353423000779,857.0353423000779,857.0425180001184,857.2583691999316,l,0.2195590001065284,None,3,001,2025-11-03_13h07.41.049,untitled,,2025.1.1,71.88943396521826,2025-11-03 13h07.47.120379 +0530,
49,60,89,690,4,98,t,0.15920379990711808,None,98,4,690,4,857.2677015999798,,857.2626930999104,857.2677015999798,858.2536337999627,858.2536337999627,858.2608853001148,858.4143076001201,t,0.15920379990711808,None,3,001,2025-11-03_13h07.41.049,untitled,,2025.1.1,71.88943396521826,2025-11-03 13h07.47.120379 +0530,
40,55,62,691,5,98,t,0.13295829994603992,None,98,5,691,3,858.4234070999082,,858.4185997000895,858.4234070999082,859.4107405999675,859.4107405999675,859.4176817999687,859.5495889000595,t,0.13295829994603992,None,3,001,2025-11-03_13h07.41.049,untitled,,2025.1.1,71.88943396521826,2025-11-03 13h07.47.120379 +0530,
11,30,7,692,6,98,t,0.22190919984132051,None,98,6,692,0,859.5586322001182,,859.5539186999667,859.5586322001182,860.5451742000878,860.5451742000878,860.5520580001175,860.7680482000578,t,0.22190919984132051,None,3,001,2025-11-03_13h07.41.049,untitled,,2025.1.1,71.88943396521826,2025-11-03 13h07.47.120379 +0530,
67,75,119,693,0,99,l,0.15051409997977316,None,99,0,693,5,860.77702030004,,860.7722094000783,860.77702030004,861.763271600008,861.763271600008,861.7704394001048,861.9168841000646,l,0.15051409997977316,None,3,001,2025-11-03_13h07.41.049,untitled,,2025.1.1,71.88943396521826,2025-11-03 13h07.47.120379 +0530,
49,60,89,694,1,99,t,0.19367059995420277,None,99,1,694,4,861.9257656999398,,861.9208740999456,861.9257656999398,862.9122822000645,862.9122822000645,862.9193881000392,863.1073145000264,t,0.19367059995420277,None,3,001,2025-11-03_13h07.41.049,untitled,,2025.1.1,71.88943396521826,2025-11-03 13h07.47.120379 +0530,
15,35,13,695,2,99,l,0.08481659996323287,None,99,2,695,1,863.1163796000183,,863.1114843001124,863.1163796000183,864.1026306001004,864.1026306001004,864.1098130999599,864.193451100029,l,0.08481659996323287,None,3,001,2025-11-03_13h07.41.049,untitled,,2025.1.1,71.88943396521826,2025-11-03 13h07.47.120379 +0530,
27,50,21,696,3,99,t,0.3404487001243979,None,99,3,696,2,864.2021423000842,,864.1976381000131,864.2021423000842,865.1887149999384,865.1887149999384,865.1955138999037,865.5298137001228,t,0.3404487001243979,None,3,001,2025-11-03_13h07.41.049,untitled,,2025.1.1,71.88943396521826,2025-11-03 13h07.47.120379 +0530,
40,55,62,697,4,99,l,0.1391022999305278,None,99,4,697,3,865.5388462999836,,865.5340156001039,865.5388462999836,866.5251102000475,866.5251102000475,866.5326459000353,866.6650179999415,l,0.1391022999305278,None,3,001,2025-11-03_13h07.41.049,untitled,,2025.1.1,71.88943396521826,2025-11-03 13h07.47.120379 +0530,
11,30,7,698,5,99,l,0.1264822999946773,None,99,5,698,0,866.674257799983,,866.6692612001207,866.674257799983,867.6604250001255,867.6604250001255,867.6676537999883,867.7933048999403,l,0.1264822999946773,None,3,001,2025-11-03_13h07.41.049,untitled,,2025.1.1,71.88943396521826,2025-11-03 13h07.47.120379 +0530,
78,80,162,699,6,99,l,1.0641526998952031,None,99,6,699,6,867.8107982000802,,867.7990238000639,867.8107982000802,868.7825368999038,868.7825368999038,868.8036515000276,869.8524607000872,l,1.0641526998952031,None,3,001,2025-11-03_13h07.41.049,untitled,,2025.1.1,71.88943396521826,2025-11-03 13h07.47.120379 +0530,
