study_word,thisN,thisTrialN,thisRepN,slider.response,slider.rt,test_word,Reference,old_new,test_textbox.text,testmouse.x,testmouse.y,testmouse.leftButton,testmouse.midButton,testmouse.rightButton,testmouse.time,testmouse.clicked_name,trials.thisRepN,trials.thisTrialN,trials.thisN,trials.thisIndex,trials_2.thisRepN,trials_2.thisTrialN,trials_2.thisN,trials_2.thisIndex,thisRow.t,notes,trial.started,Studytest.started,slider.started,trial.stopped,trials.slider.response,trials.slider.rt,test.started,text_2.started,test_textbox.started,submit_text.started,testmouse.started,test.stopped,trials_2.test_textbox.text,trials_2.testmouse.x,trials_2.testmouse.y,trials_2.testmouse.leftButton,trials_2.testmouse.midButton,trials_2.testmouse.rightButton,trials_2.testmouse.time,trials_2.testmouse.clicked_name,text_2.stopped,participant,session,date,expName,expVersion,psychopyVersion,frameRate,expStart,
Pastry,0,0,0,2.0052083333333335,1.1913356999866664,,,,,,,,,,,,0,0,0,9,,,,,0.06193949998123571,,0.038337200006935745,0.06193949998123571,0.06193949998123571,1.246018500009086,2.0052083333333335,1.1913356999866664,,,,,,,,,,,,,,,,4,001,2025-10-16_16h59.44.869,untitled,,2025.1.1,59.99437253389583,2025-10-16 16h59.50.088672 +0530,
Poster,1,1,0,2.0052083333333335,0.12928809999721125,,,,,,,,,,,,0,1,1,14,,,,,1.2785369000048377,,1.251817399985157,1.2785369000048377,1.2785369000048377,1.3949982000049204,2.0052083333333335,0.12928809999721125,,,,,,,,,,,,,,,,4,001,2025-10-16_16h59.44.869,untitled,,2025.1.1,59.99437253389583,2025-10-16 16h59.50.088672 +0530,
Chart,2,2,0,2.0052083333333335,0.12866960000246763,,,,,,,,,,,,0,2,2,6,,,,,1.427804799983278,,1.4004744000267237,1.427804799983278,1.427804799983278,1.5476602999842726,2.0052083333333335,0.12866960000246763,,,,,,,,,,,,,,,,4,001,2025-10-16_16h59.44.869,untitled,,2025.1.1,59.99437253389583,2025-10-16 16h59.50.088672 +0530,
phone,3,3,0,2.0052083333333335,0.12495020002825186,,,,,,,,,,,,0,3,3,2,,,,,1.5783804000238888,,1.5543167000287212,1.5783804000238888,1.5783804000238888,1.6969128000200726,2.0052083333333335,0.12495020002825186,,,,,,,,,,,,,,,,4,001,2025-10-16_16h59.44.869,untitled,,2025.1.1,59.99437253389583,2025-10-16 16h59.50.088672 +0530,
Cruise,4,4,0,2.0052083333333335,0.14752539998153225,,,,,,,,,,,,0,4,4,11,,,,,1.7279656999744475,,1.699871200020425,1.7279656999744475,1.7279656999744475,1.8615428999764845,2.0052083333333335,0.14752539998153225,,,,,,,,,,,,,,,,4,001,2025-10-16_16h59.44.869,untitled,,2025.1.1,59.99437253389583,2025-10-16 16h59.50.088672 +0530,
mouse,5,5,0,2.0052083333333335,0.11629490001359954,,,,,,,,,,,,0,5,5,8,,,,,1.8771886000176892,,1.864481500000693,1.8771886000176892,1.8771886000176892,1.9952013000147417,2.0052083333333335,0.11629490001359954,,,,,,,,,,,,,,,,4,001,2025-10-16_16h59.44.869,untitled,,2025.1.1,59.99437253389583,2025-10-16 16h59.50.088672 +0530,
T-shirt,6,6,0,2.0052083333333335,0.1622765000211075,,,,,,,,,,,,0,6,6,7,,,,,2.0116034999955446,,2.000685299979523,2.0116034999955446,2.0116034999955446,2.1795677000191063,2.0052083333333335,0.1622765000211075,,,,,,,,,,,,,,,,4,001,2025-10-16_16h59.44.869,untitled,,2025.1.1,59.99437253389583,2025-10-16 16h59.50.088672 +0530,
cushion,7,7,0,2.0052083333333335,0.13102140004048124,,,,,,,,,,,,0,7,7,1,,,,,2.1946515000308864,,2.1825521999853663,2.1946515000308864,2.1946515000308864,2.3286078000091948,2.0052083333333335,0.13102140004048124,,,,,,,,,,,,,,,,4,001,2025-10-16_16h59.44.869,untitled,,2025.1.1,59.99437253389583,2025-10-16 16h59.50.088672 +0530,
book,8,8,0,2.0052083333333335,0.14759549999143928,,,,,,,,,,,,0,8,8,0,,,,,2.344060499977786,,2.3313836000161245,2.344060499977786,2.344060499977786,2.4964107000268996,2.0052083333333335,0.14759549999143928,,,,,,,,,,,,,,,,4,001,2025-10-16_16h59.44.869,untitled,,2025.1.1,59.99437253389583,2025-10-16 16h59.50.088672 +0530,
Keys,9,9,0,2.0052083333333335,0.14661769999656826,,,,,,,,,,,,0,9,9,13,,,,,2.5281985999899916,,2.500880000006873,2.5281985999899916,2.5281985999899916,2.6636643999954686,2.0052083333333335,0.14661769999656826,,,,,,,,,,,,,,,,4,001,2025-10-16_16h59.44.869,untitled,,2025.1.1,59.99437253389583,2025-10-16 16h59.50.088672 +0530,
Case,10,10,0,2.0052083333333335,0.12914459995226935,,,,,,,,,,,,0,10,10,10,,,,,2.6946883000200614,,2.668236800003797,2.6946883000200614,2.6946883000200614,2.813489100022707,2.0052083333333335,0.12914459995226935,,,,,,,,,,,,,,,,4,001,2025-10-16_16h59.44.869,untitled,,2025.1.1,59.99437253389583,2025-10-16 16h59.50.088672 +0530,
board,11,11,0,2.0052083333333335,0.3096242999890819,,,,,,,,,,,,0,11,11,4,,,,,2.8443571000243537,,2.819508599990513,2.8443571000243537,2.8443571000243537,3.145568599982653,2.0052083333333335,0.3096242999890819,,,,,,,,,,,,,,,,4,001,2025-10-16_16h59.44.869,untitled,,2025.1.1,59.99437253389583,2025-10-16 16h59.50.088672 +0530,
marble,12,12,0,2.0052083333333335,0.1315945999813266,,,,,,,,,,,,0,12,12,3,,,,,3.1605411000200547,,3.148586500028614,3.1605411000200547,3.1605411000200547,3.294710199988913,2.0052083333333335,0.1315945999813266,,,,,,,,,,,,,,,,4,001,2025-10-16_16h59.44.869,untitled,,2025.1.1,59.99437253389583,2025-10-16 16h59.50.088672 +0530,
Police,13,13,0,2.0052083333333335,0.18345670000417158,,,,,,,,,,,,0,13,13,12,,,,,3.311257300025318,,3.297707099991385,3.311257300025318,3.311257300025318,3.496917599986773,2.0052083333333335,0.18345670000417158,,,,,,,,,,,,,,,,4,001,2025-10-16_16h59.44.869,untitled,,2025.1.1,59.99437253389583,2025-10-16 16h59.50.088672 +0530,
Laptop,14,14,0,2.0052083333333335,0.1272651999606751,,,,,,,,,,,,0,14,14,5,,,,,3.5278420000104234,,3.5027841000119224,3.5278420000104234,3.5278420000104234,3.6476005000295117,2.0052083333333335,0.1272651999606751,,,,,,,,,,,,,,,,4,001,2025-10-16_16h59.44.869,untitled,,2025.1.1,59.99437253389583,2025-10-16 16h59.50.088672 +0530,
board,15,0,1,2.0052083333333335,0.16216730000451207,,,,,,,,,,,,1,0,15,4,,,,,3.6780116999871098,,3.6511735999956727,3.6780116999871098,3.6780116999871098,3.82911619998049,2.0052083333333335,0.16216730000451207,,,,,,,,,,,,,,,,4,001,2025-10-16_16h59.44.869,untitled,,2025.1.1,59.99437253389583,2025-10-16 16h59.50.088672 +0530,
T-shirt,16,1,1,2.0052083333333335,0.14744139998219907,,,,,,,,,,,,1,1,16,7,,,,,3.8438218000228517,,3.832101500011049,3.8438218000228517,3.8438218000228517,3.994829499977641,2.0052083333333335,0.14744139998219907,,,,,,,,,,,,,,,,4,001,2025-10-16_16h59.44.869,untitled,,2025.1.1,59.99437253389583,2025-10-16 16h59.50.088672 +0530,
mouse,17,2,1,2.0052083333333335,0.16527870000572875,,,,,,,,,,,,1,2,17,8,,,,,4.010648700001184,,3.997692900011316,4.010648700001184,4.010648700001184,4.179803500010166,2.0052083333333335,0.16527870000572875,,,,,,,,,,,,,,,,4,001,2025-10-16_16h59.44.869,untitled,,2025.1.1,59.99437253389583,2025-10-16 16h59.50.088672 +0530,
cushion,18,3,1,2.0052083333333335,0.14733669999986887,,,,,,,,,,,,1,3,18,1,,,,,4.1944775999872945,,4.182850299985148,4.1944775999872945,4.1944775999872945,4.345689299982041,2.0052083333333335,0.14733669999986887,,,,,,,,,,,,,,,,4,001,2025-10-16_16h59.44.869,untitled,,2025.1.1,59.99437253389583,2025-10-16 16h59.50.088672 +0530,
Pastry,19,4,1,2.0052083333333335,0.14612119999947026,,,,,,,,,,,,1,4,19,9,,,,,4.360616200021468,,4.349243499978911,4.360616200021468,4.360616200021468,4.511824199988041,2.0052083333333335,0.14612119999947026,,,,,,,,,,,,,,,,4,001,2025-10-16_16h59.44.869,untitled,,2025.1.1,59.99437253389583,2025-10-16 16h59.50.088672 +0530,
phone,20,5,1,2.0052083333333335,0.13107629999285564,,,,,,,,,,,,1,5,20,2,,,,,4.527089899987914,,4.514678200008348,4.527089899987914,4.527089899987914,4.66268680000212,2.0052083333333335,0.13107629999285564,,,,,,,,,,,,,,,,4,001,2025-10-16_16h59.44.869,untitled,,2025.1.1,59.99437253389583,2025-10-16 16h59.50.088672 +0530,
Chart,21,6,1,2.0052083333333335,0.1314031000365503,,,,,,,,,,,,1,6,21,6,,,,,4.67733540001791,,4.665635699988343,4.67733540001791,4.67733540001791,4.812305100029334,2.0052083333333335,0.1314031000365503,,,,,,,,,,,,,,,,4,001,2025-10-16_16h59.44.869,untitled,,2025.1.1,59.99437253389583,2025-10-16 16h59.50.088672 +0530,
Police,22,7,1,2.0052083333333335,0.16481849999399856,,,,,,,,,,,,1,7,22,12,,,,,4.827733299985994,,4.815162600018084,4.827733299985994,4.827733299985994,4.995800099975895,2.0052083333333335,0.16481849999399856,,,,,,,,,,,,,,,,4,001,2025-10-16_16h59.44.869,untitled,,2025.1.1,59.99437253389583,2025-10-16 16h59.50.088672 +0530,
Keys,23,8,1,2.0052083333333335,0.13121969997882843,,,,,,,,,,,,1,8,23,13,,,,,5.010735600022599,,4.998557500017341,5.010735600022599,5.010735600022599,5.145027099992149,2.0052083333333335,0.13121969997882843,,,,,,,,,,,,,,,,4,001,2025-10-16_16h59.44.869,untitled,,2025.1.1,59.99437253389583,2025-10-16 16h59.50.088672 +0530,
book,24,9,1,2.0052083333333335,0.1482215000432916,,,,,,,,,,,,1,9,24,0,,,,,5.161253400030546,,5.147671399987303,5.161253400030546,5.161253400030546,5.311825499986298,2.0052083333333335,0.1482215000432916,,,,,,,,,,,,,,,,4,001,2025-10-16_16h59.44.869,untitled,,2025.1.1,59.99437253389583,2025-10-16 16h59.50.088672 +0530,
marble,25,10,1,2.0052083333333335,0.16549849999137223,,,,,,,,,,,,1,10,25,3,,,,,5.327262900013011,,5.314795200014487,5.327262900013011,5.327262900013011,5.495430200011469,2.0052083333333335,0.16549849999137223,,,,,,,,,,,,,,,,4,001,2025-10-16_16h59.44.869,untitled,,2025.1.1,59.99437253389583,2025-10-16 16h59.50.088672 +0530,
Cruise,26,11,1,2.0052083333333335,0.14732879999792203,,,,,,,,,,,,1,11,26,11,,,,,5.510990799986757,,5.498403000005055,5.510990799986757,5.510990799986757,5.663034799974412,2.0052083333333335,0.14732879999792203,,,,,,,,,,,,,,,,4,001,2025-10-16_16h59.44.869,untitled,,2025.1.1,59.99437253389583,2025-10-16 16h59.50.088672 +0530,
Poster,27,12,1,2.0052083333333335,0.1626922999857925,,,,,,,,,,,,1,12,27,14,,,,,5.677382200025022,,5.666000700031873,5.677382200025022,5.677382200025022,5.846068800019566,2.0052083333333335,0.1626922999857925,,,,,,,,,,,,,,,,4,001,2025-10-16_16h59.44.869,untitled,,2025.1.1,59.99437253389583,2025-10-16 16h59.50.088672 +0530,
Laptop,28,13,1,2.0052083333333335,0.14622579998103902,,,,,,,,,,,,1,13,28,5,,,,,5.8607917000190355,,5.849555600027088,5.8607917000190355,5.8607917000190355,6.011487499985378,2.0052083333333335,0.14622579998103902,,,,,,,,,,,,,,,,4,001,2025-10-16_16h59.44.869,untitled,,2025.1.1,59.99437253389583,2025-10-16 16h59.50.088672 +0530,
Case,29,14,1,2.0052083333333335,0.132483699999284,,,,,,,,,,,,1,14,29,10,,,,,6.027482500008773,,6.0143676000298,6.027482500008773,6.027482500008773,6.161754000000656,2.0052083333333335,0.132483699999284,,,,,,,,,,,,,,,,4,001,2025-10-16_16h59.44.869,untitled,,2025.1.1,59.99437253389583,2025-10-16 16h59.50.088672 +0530,
book,30,0,2,2.0052083333333335,0.14803789998404682,,,,,,,,,,,,2,0,30,0,,,,,6.178664100007154,,6.164690000005066,6.178664100007154,6.178664100007154,6.328365700028371,2.0052083333333335,0.14803789998404682,,,,,,,,,,,,,,,,4,001,2025-10-16_16h59.44.869,untitled,,2025.1.1,59.99437253389583,2025-10-16 16h59.50.088672 +0530,
Case,31,1,2,2.0052083333333335,0.14772800001082942,,,,,,,,,,,,2,1,31,10,,,,,6.3442919999943115,,6.331902100006118,6.3442919999943115,6.3442919999943115,6.49558500002604,2.0052083333333335,0.14772800001082942,,,,,,,,,,,,,,,,4,001,2025-10-16_16h59.44.869,untitled,,2025.1.1,59.99437253389583,2025-10-16 16h59.50.088672 +0530,
Poster,32,2,2,2.0052083333333335,0.18252059997757897,,,,,,,,,,,,2,2,32,14,,,,,6.510804400022607,,6.4984459999832325,6.510804400022607,6.510804400022607,6.697162800002843,2.0052083333333335,0.18252059997757897,,,,,,,,,,,,,,,,4,001,2025-10-16_16h59.44.869,untitled,,2025.1.1,59.99437253389583,2025-10-16 16h59.50.088672 +0530,
phone,33,3,2,2.0052083333333335,0.12914150004507974,,,,,,,,,,,,2,3,33,2,,,,,6.726771400019061,,6.700193600030616,6.726771400019061,6.726771400019061,6.8460308000212535,2.0052083333333335,0.12914150004507974,,,,,,,,,,,,,,,,4,001,2025-10-16_16h59.44.869,untitled,,2025.1.1,59.99437253389583,2025-10-16 16h59.50.088672 +0530,
Police,34,4,2,2.0052083333333335,0.14702670002589002,,,,,,,,,,,,2,4,34,12,,,,,6.876655799977016,,6.849405399989337,6.876655799977016,6.876655799977016,7.011807799979579,2.0052083333333335,0.14702670002589002,,,,,,,,,,,,,,,,4,001,2025-10-16_16h59.44.869,untitled,,2025.1.1,59.99437253389583,2025-10-16 16h59.50.088672 +0530,
T-shirt,35,5,2,2.0052083333333335,0.1638194999541156,,,,,,,,,,,,2,5,35,7,,,,,7.027123700012453,,7.014735599979758,7.027123700012453,7.027123700012453,7.194636300031561,2.0052083333333335,0.1638194999541156,,,,,,,,,,,,,,,,4,001,2025-10-16_16h59.44.869,untitled,,2025.1.1,59.99437253389583,2025-10-16 16h59.50.088672 +0530,
Chart,36,6,2,2.0052083333333335,0.18221679999260232,,,,,,,,,,,,2,6,36,6,,,,,7.210507399984635,,7.197708200023044,7.210507399984635,7.210507399984635,7.395120300003327,2.0052083333333335,0.18221679999260232,,,,,,,,,,,,,,,,4,001,2025-10-16_16h59.44.869,untitled,,2025.1.1,59.99437253389583,2025-10-16 16h59.50.088672 +0530,
Cruise,37,7,2,2.0052083333333335,0.13126589998137206,,,,,,,,,,,,2,7,37,11,,,,,7.411237900028937,,7.398189699975774,7.411237900028937,7.411237900028937,7.5454444999923,2.0052083333333335,0.13126589998137206,,,,,,,,,,,,,,,,4,001,2025-10-16_16h59.44.869,untitled,,2025.1.1,59.99437253389583,2025-10-16 16h59.50.088672 +0530,
Pastry,38,8,2,2.0052083333333335,0.13011099997675046,,,,,,,,,,,,2,8,38,9,,,,,7.5604771000216715,,7.5489625000045635,7.5604771000216715,7.5604771000216715,7.694889399979729,2.0052083333333335,0.13011099997675046,,,,,,,,,,,,,,,,4,001,2025-10-16_16h59.44.869,untitled,,2025.1.1,59.99437253389583,2025-10-16 16h59.50.088672 +0530,
Keys,39,9,2,2.0052083333333335,0.1651475999969989,,,,,,,,,,,,2,9,39,13,,,,,7.710470699996222,,7.697616500023287,7.710470699996222,7.710470699996222,7.878529199981131,2.0052083333333335,0.1651475999969989,,,,,,,,,,,,,,,,4,001,2025-10-16_16h59.44.869,untitled,,2025.1.1,59.99437253389583,2025-10-16 16h59.50.088672 +0530,
marble,40,10,2,2.0052083333333335,0.1474702999694273,,,,,,,,,,,,2,10,40,3,,,,,7.894184099975973,,7.881733499991242,7.894184099975973,7.894184099975973,8.046242500015069,2.0052083333333335,0.1474702999694273,,,,,,,,,,,,,,,,4,001,2025-10-16_16h59.44.869,untitled,,2025.1.1,59.99437253389583,2025-10-16 16h59.50.088672 +0530,
board,41,11,2,2.0052083333333335,0.1635336999897845,,,,,,,,,,,,2,11,41,4,,,,,8.06020060001174,,8.049318699981086,8.06020060001174,8.06020060001174,8.228433099982794,2.0052083333333335,0.1635336999897845,,,,,,,,,,,,,,,,4,001,2025-10-16_16h59.44.869,untitled,,2025.1.1,59.99437253389583,2025-10-16 16h59.50.088672 +0530,
cushion,42,12,2,2.0052083333333335,0.1467174999997951,,,,,,,,,,,,2,12,42,1,,,,,8.24397880001925,,8.23171890003141,8.24397880001925,8.24397880001925,8.395534400013275,2.0052083333333335,0.1467174999997951,,,,,,,,,,,,,,,,4,001,2025-10-16_16h59.44.869,untitled,,2025.1.1,59.99437253389583,2025-10-16 16h59.50.088672 +0530,
mouse,43,13,2,2.0052083333333335,0.14788960001897067,,,,,,,,,,,,2,13,43,8,,,,,8.410413899982814,,8.398421799996868,8.410413899982814,8.410413899982814,8.562090300023556,2.0052083333333335,0.14788960001897067,,,,,,,,,,,,,,,,4,001,2025-10-16_16h59.44.869,untitled,,2025.1.1,59.99437253389583,2025-10-16 16h59.50.088672 +0530,
Laptop,44,14,2,2.0052083333333335,0.1797634999966249,,,,,,,,,,,,2,14,44,5,,,,,8.577424100018106,,8.565831699990667,8.577424100018106,8.577424100018106,8.761934500013012,2.0052083333333335,0.1797634999966249,,,,,,,,,,,,,,,,4,001,2025-10-16_16h59.44.869,untitled,,2025.1.1,59.99437253389583,2025-10-16 16h59.50.088672 +0530,
T-shirt,45,0,3,2.0052083333333335,0.1825622000033036,,,,,,,,,,,,3,0,45,7,,,,,8.777369900024496,,8.765357700001914,8.777369900024496,8.777369900024496,8.961778600001708,2.0052083333333335,0.1825622000033036,,,,,,,,,,,,,,,,4,001,2025-10-16_16h59.44.869,untitled,,2025.1.1,59.99437253389583,2025-10-16 16h59.50.088672 +0530,
Police,46,1,3,2.0052083333333335,0.1479218999738805,,,,,,,,,,,,3,1,46,12,,,,,8.976891300000716,,8.964692500012461,8.976891300000716,8.976891300000716,9.128409299999475,2.0052083333333335,0.1479218999738805,,,,,,,,,,,,,,,,4,001,2025-10-16_16h59.44.869,untitled,,2025.1.1,59.99437253389583,2025-10-16 16h59.50.088672 +0530,
marble,47,2,3,2.0052083333333335,0.18090310000116006,,,,,,,,,,,,3,2,47,3,,,,,9.143760000006296,,9.132114199979696,9.143760000006296,9.143760000006296,9.328660700004548,2.0052083333333335,0.18090310000116006,,,,,,,,,,,,,,,,4,001,2025-10-16_16h59.44.869,untitled,,2025.1.1,59.99437253389583,2025-10-16 16h59.50.088672 +0530,
cushion,48,3,3,2.0052083333333335,0.1636844999738969,,,,,,,,,,,,3,3,48,1,,,,,9.345409300003666,,9.332152599992696,9.345409300003666,9.345409300003666,9.511626999999862,2.0052083333333335,0.1636844999738969,,,,,,,,,,,,,,,,4,001,2025-10-16_16h59.44.869,untitled,,2025.1.1,59.99437253389583,2025-10-16 16h59.50.088672 +0530,
Chart,49,4,3,2.0052083333333335,0.16481530002783984,,,,,,,,,,,,3,4,49,6,,,,,9.527277100016363,,9.515213200007565,9.527277100016363,9.527277100016363,9.69501309999032,2.0052083333333335,0.16481530002783984,,,,,,,,,,,,,,,,4,001,2025-10-16_16h59.44.869,untitled,,2025.1.1,59.99437253389583,2025-10-16 16h59.50.088672 +0530,
board,50,5,3,2.0052083333333335,0.16506019997177646,,,,,,,,,,,,3,5,50,4,,,,,9.71011390001513,,9.697977999981958,9.71011390001513,9.71011390001513,9.880338400020264,2.0052083333333335,0.16506019997177646,,,,,,,,,,,,,,,,4,001,2025-10-16_16h59.44.869,untitled,,2025.1.1,59.99437253389583,2025-10-16 16h59.50.088672 +0530,
Keys,51,6,3,2.0052083333333335,0.16362520004622638,,,,,,,,,,,,3,6,51,13,,,,,9.893447000009473,,9.883047399984207,9.893447000009473,9.893447000009473,10.06241760001285,2.0052083333333335,0.16362520004622638,,,,,,,,,,,,,,,,4,001,2025-10-16_16h59.44.869,untitled,,2025.1.1,59.99437253389583,2025-10-16 16h59.50.088672 +0530,
Laptop,52,7,3,2.0052083333333335,0.1643047000397928,,,,,,,,,,,,3,7,52,5,,,,,10.077562300022691,,10.0652737999917,10.077562300022691,10.077562300022691,10.245304799987935,2.0052083333333335,0.1643047000397928,,,,,,,,,,,,,,,,4,001,2025-10-16_16h59.44.869,untitled,,2025.1.1,59.99437253389583,2025-10-16 16h59.50.088672 +0530,
Cruise,53,8,3,2.0052083333333335,0.16538659995421767,,,,,,,,,,,,3,8,53,11,,,,,10.261045299994294,,10.248578099999577,10.261045299994294,10.261045299994294,10.4278745999909,2.0052083333333335,0.16538659995421767,,,,,,,,,,,,,,,,4,001,2025-10-16_16h59.44.869,untitled,,2025.1.1,59.99437253389583,2025-10-16 16h59.50.088672 +0530,
Poster,54,9,3,2.0052083333333335,0.165104900021106,,,,,,,,,,,,3,9,54,14,,,,,10.443700900010299,,10.430821800022386,10.443700900010299,10.443700900010299,10.611839000019245,2.0052083333333335,0.165104900021106,,,,,,,,,,,,,,,,4,001,2025-10-16_16h59.44.869,untitled,,2025.1.1,59.99437253389583,2025-10-16 16h59.50.088672 +0530,
phone,55,10,3,2.0052083333333335,0.16499199997633696,,,,,,,,,,,,3,10,55,2,,,,,10.643163100001402,,10.615894999995362,10.643163100001402,10.643163100001402,10.81149930000538,2.0052083333333335,0.16499199997633696,,,,,,,,,,,,,,,,4,001,2025-10-16_16h59.44.869,untitled,,2025.1.1,59.99437253389583,2025-10-16 16h59.50.088672 +0530,
Case,56,11,3,2.0052083333333335,0.1642782999551855,,,,,,,,,,,,3,11,56,10,,,,,10.827803099993616,,10.81466019997606,10.827803099993616,10.827803099993616,10.995503899990581,2.0052083333333335,0.1642782999551855,,,,,,,,,,,,,,,,4,001,2025-10-16_16h59.44.869,untitled,,2025.1.1,59.99437253389583,2025-10-16 16h59.50.088672 +0530,
mouse,57,12,3,2.0052083333333335,0.16379999998025596,,,,,,,,,,,,3,12,57,8,,,,,11.010421100014355,,10.998633200011682,11.010421100014355,11.010421100014355,11.179349499987438,2.0052083333333335,0.16379999998025596,,,,,,,,,,,,,,,,4,001,2025-10-16_16h59.44.869,untitled,,2025.1.1,59.99437253389583,2025-10-16 16h59.50.088672 +0530,
book,58,13,3,2.0052083333333335,0.16366580000612885,,,,,,,,,,,,3,13,58,0,,,,,11.19375229999423,,11.182049499999266,11.19375229999423,11.19375229999423,11.362343100016005,2.0052083333333335,0.16366580000612885,,,,,,,,,,,,,,,,4,001,2025-10-16_16h59.44.869,untitled,,2025.1.1,59.99437253389583,2025-10-16 16h59.50.088672 +0530,
Pastry,59,14,3,2.0052083333333335,0.1635891999467276,,,,,,,,,,,,3,14,59,9,,,,,11.377335500030313,,11.365326899976935,11.377335500030313,11.377335500030313,11.54495000001043,2.0052083333333335,0.1635891999467276,,,,,,,,,,,,,,,,4,001,2025-10-16_16h59.44.869,untitled,,2025.1.1,59.99437253389583,2025-10-16 16h59.50.088672 +0530,
Chart,60,0,4,2.0052083333333335,0.18153470003744587,,,,,,,,,,,,4,0,60,6,,,,,11.56054109998513,,11.547798299987335,11.56054109998513,11.56054109998513,11.744586399989203,2.0052083333333335,0.18153470003744587,,,,,,,,,,,,,,,,4,001,2025-10-16_16h59.44.869,untitled,,2025.1.1,59.99437253389583,2025-10-16 16h59.50.088672 +0530,
T-shirt,61,1,4,2.0052083333333335,0.16571480000857264,,,,,,,,,,,,4,1,61,7,,,,,11.760822499985807,,11.747493300004862,11.760822499985807,11.760822499985807,11.928352200018708,2.0052083333333335,0.16571480000857264,,,,,,,,,,,,,,,,4,001,2025-10-16_16h59.44.869,untitled,,2025.1.1,59.99437253389583,2025-10-16 16h59.50.088672 +0530,
cushion,62,2,4,2.0052083333333335,0.16407559998333454,,,,,,,,,,,,4,2,62,1,,,,,11.945908399997279,,11.931580299977213,11.945908399997279,11.945908399997279,12.11111629998777,2.0052083333333335,0.16407559998333454,,,,,,,,,,,,,,,,4,001,2025-10-16_16h59.44.869,untitled,,2025.1.1,59.99437253389583,2025-10-16 16h59.50.088672 +0530,
Laptop,63,3,4,2.0052083333333335,0.16511480003828183,,,,,,,,,,,,4,3,63,5,,,,,12.127226000011433,,12.115232500014827,12.127226000011433,12.127226000011433,12.294932399992831,2.0052083333333335,0.16511480003828183,,,,,,,,,,,,,,,,4,001,2025-10-16_16h59.44.869,untitled,,2025.1.1,59.99437253389583,2025-10-16 16h59.50.088672 +0530,
Keys,64,4,4,2.0052083333333335,0.16394170001149178,,,,,,,,,,,,4,4,64,13,,,,,12.310579799988773,,12.297714399988763,12.310579799988773,12.310579799988773,12.477800599997863,2.0052083333333335,0.16394170001149178,,,,,,,,,,,,,,,,4,001,2025-10-16_16h59.44.869,untitled,,2025.1.1,59.99437253389583,2025-10-16 16h59.50.088672 +0530,
mouse,65,5,4,2.0052083333333335,0.16419439995661378,,,,,,,,,,,,4,5,65,8,,,,,12.493375000020023,,12.480889099999331,12.493375000020023,12.493375000020023,12.662522899976466,2.0052083333333335,0.16419439995661378,,,,,,,,,,,,,,,,4,001,2025-10-16_16h59.44.869,untitled,,2025.1.1,59.99437253389583,2025-10-16 16h59.50.088672 +0530,
phone,66,6,4,2.0052083333333335,0.16325759998289868,,,,,,,,,,,,4,6,66,2,,,,,12.676860500010662,,12.665595999977086,12.676860500010662,12.676860500010662,12.845867299998645,2.0052083333333335,0.16325759998289868,,,,,,,,,,,,,,,,4,001,2025-10-16_16h59.44.869,untitled,,2025.1.1,59.99437253389583,2025-10-16 16h59.50.088672 +0530,
Cruise,67,7,4,2.0052083333333335,0.1639143999782391,,,,,,,,,,,,4,7,67,11,,,,,12.86068109999178,,12.84874609997496,12.86068109999178,12.86068109999178,13.028479699976742,2.0052083333333335,0.1639143999782391,,,,,,,,,,,,,,,,4,001,2025-10-16_16h59.44.869,untitled,,2025.1.1,59.99437253389583,2025-10-16 16h59.50.088672 +0530,
board,68,8,4,2.0052083333333335,0.18084210000233725,,,,,,,,,,,,4,8,68,4,,,,,13.043491500022355,,13.031281700008549,13.043491500022355,13.043491500022355,13.228545500023756,2.0052083333333335,0.18084210000233725,,,,,,,,,,,,,,,,4,001,2025-10-16_16h59.44.869,untitled,,2025.1.1,59.99437253389583,2025-10-16 16h59.50.088672 +0530,
Poster,69,9,4,2.0052083333333335,0.16480500000761822,,,,,,,,,,,,4,9,69,14,,,,,13.244144900003448,,13.23155189998215,13.244144900003448,13.244144900003448,13.411943999992218,2.0052083333333335,0.16480500000761822,,,,,,,,,,,,,,,,4,001,2025-10-16_16h59.44.869,untitled,,2025.1.1,59.99437253389583,2025-10-16 16h59.50.088672 +0530,
marble,70,10,4,2.0052083333333335,0.16430910001508892,,,,,,,,,,,,4,10,70,3,,,,,13.427157600002829,,13.41480650001904,13.427157600002829,13.427157600002829,13.59655349998502,2.0052083333333335,0.16430910001508892,,,,,,,,,,,,,,,,4,001,2025-10-16_16h59.44.869,untitled,,2025.1.1,59.99437253389583,2025-10-16 16h59.50.088672 +0530,
Police,71,11,4,2.0052083333333335,0.1793572999886237,,,,,,,,,,,,4,11,71,12,,,,,13.627148900006432,,13.599775800015777,13.627148900006432,13.627148900006432,13.795911099994555,2.0052083333333335,0.1793572999886237,,,,,,,,,,,,,,,,4,001,2025-10-16_16h59.44.869,untitled,,2025.1.1,59.99437253389583,2025-10-16 16h59.50.088672 +0530,
Case,72,12,4,2.0052083333333335,0.17926980002084747,,,,,,,,,,,,4,12,72,10,,,,,13.809941000014078,,13.799056000018027,13.809941000014078,13.809941000014078,13.995709799986798,2.0052083333333335,0.17926980002084747,,,,,,,,,,,,,,,,4,001,2025-10-16_16h59.44.869,untitled,,2025.1.1,59.99437253389583,2025-10-16 16h59.50.088672 +0530,
book,73,13,4,2.0052083333333335,0.14696550002554432,,,,,,,,,,,,4,13,73,0,,,,,14.010305300005712,,13.998425099998713,14.010305300005712,14.010305300005712,14.161730899999384,2.0052083333333335,0.14696550002554432,,,,,,,,,,,,,,,,4,001,2025-10-16_16h59.44.869,untitled,,2025.1.1,59.99437253389583,2025-10-16 16h59.50.088672 +0530,
Pastry,74,14,4,2.0052083333333335,0.16451349999988452,,,,,,,,,,,,4,14,74,9,,,,,14.176718499977142,,14.164654000021983,14.176718499977142,14.176718499977142,14.345685800013598,2.0052083333333335,0.16451349999988452,,,,,,,,,,,,,,,,4,001,2025-10-16_16h59.44.869,untitled,,2025.1.1,59.99437253389583,2025-10-16 16h59.50.088672 +0530,
Chart,75,0,5,2.0052083333333335,0.18120319995796308,,,,,,,,,,,,5,0,75,6,,,,,14.3600865000044,,14.34858659998281,14.3600865000044,14.3600865000044,14.545104300021194,2.0052083333333335,0.18120319995796308,,,,,,,,,,,,,,,,4,001,2025-10-16_16h59.44.869,untitled,,2025.1.1,59.99437253389583,2025-10-16 16h59.50.088672 +0530,
cushion,76,1,5,2.0052083333333335,0.1638523999718018,,,,,,,,,,,,5,1,76,1,,,,,14.560463000030722,,14.54871840000851,14.560463000030722,14.560463000030722,14.728478999983054,2.0052083333333335,0.1638523999718018,,,,,,,,,,,,,,,,4,001,2025-10-16_16h59.44.869,untitled,,2025.1.1,59.99437253389583,2025-10-16 16h59.50.088672 +0530,
mouse,77,2,5,2.0052083333333335,0.16275529999984428,,,,,,,,,,,,5,2,77,8,,,,,14.74354370002402,,14.732124399975874,14.74354370002402,14.74354370002402,14.912057799985632,2.0052083333333335,0.16275529999984428,,,,,,,,,,,,,,,,4,001,2025-10-16_16h59.44.869,untitled,,2025.1.1,59.99437253389583,2025-10-16 16h59.50.088672 +0530,
Case,78,3,5,2.0052083333333335,0.16473519999999553,,,,,,,,,,,,5,3,78,10,,,,,14.926929600012954,,14.914749199990183,14.926929600012954,14.926929600012954,15.09463369997684,2.0052083333333335,0.16473519999999553,,,,,,,,,,,,,,,,4,001,2025-10-16_16h59.44.869,untitled,,2025.1.1,59.99437253389583,2025-10-16 16h59.50.088672 +0530,
phone,79,4,5,2.0052083333333335,0.18136629997752607,,,,,,,,,,,,5,4,79,2,,,,,15.110517600027379,,15.097459100012202,15.110517600027379,15.110517600027379,15.295560600003228,2.0052083333333335,0.18136629997752607,,,,,,,,,,,,,,,,4,001,2025-10-16_16h59.44.869,untitled,,2025.1.1,59.99437253389583,2025-10-16 16h59.50.088672 +0530,
Poster,80,5,5,2.0052083333333335,0.1637528999708593,,,,,,,,,,,,5,5,80,14,,,,,15.30985600000713,,15.298675600031856,15.30985600000713,15.30985600000713,15.479271100019105,2.0052083333333335,0.1637528999708593,,,,,,,,,,,,,,,,4,001,2025-10-16_16h59.44.869,untitled,,2025.1.1,59.99437253389583,2025-10-16 16h59.50.088672 +0530,
T-shirt,81,6,5,2.0052083333333335,0.17982999997911975,,,,,,,,,,,,5,6,81,7,,,,,15.510712900024373,,15.482656400010455,15.510712900024373,15.510712900024373,15.67833869997412,2.0052083333333335,0.17982999997911975,,,,,,,,,,,,,,,,4,001,2025-10-16_16h59.44.869,untitled,,2025.1.1,59.99437253389583,2025-10-16 16h59.50.088672 +0530,
Keys,82,7,5,2.0052083333333335,0.16451289999531582,,,,,,,,,,,,5,7,82,13,,,,,15.69370980001986,,15.681082300026901,15.69370980001986,15.69370980001986,15.861387000011746,2.0052083333333335,0.16451289999531582,,,,,,,,,,,,,,,,4,001,2025-10-16_16h59.44.869,untitled,,2025.1.1,59.99437253389583,2025-10-16 16h59.50.088672 +0530,
marble,83,8,5,2.0052083333333335,0.18170310003915802,,,,,,,,,,,,5,8,83,3,,,,,15.876856999995653,,15.86425759998383,15.876856999995653,15.876856999995653,16.061876700026914,2.0052083333333335,0.18170310003915802,,,,,,,,,,,,,,,,4,001,2025-10-16_16h59.44.869,untitled,,2025.1.1,59.99437253389583,2025-10-16 16h59.50.088672 +0530,
Laptop,84,9,5,2.0052083333333335,0.1636362000135705,,,,,,,,,,,,5,9,84,5,,,,,16.077268699998967,,16.06490820000181,16.077268699998967,16.077268699998967,16.24426669999957,2.0052083333333335,0.1636362000135705,,,,,,,,,,,,,,,,4,001,2025-10-16_16h59.44.869,untitled,,2025.1.1,59.99437253389583,2025-10-16 16h59.50.088672 +0530,
board,85,10,5,2.0052083333333335,0.1635713999858126,,,,,,,,,,,,5,10,85,4,,,,,16.261802299995907,,16.24858569999924,16.261802299995907,16.261802299995907,16.42802120000124,2.0052083333333335,0.1635713999858126,,,,,,,,,,,,,,,,4,001,2025-10-16_16h59.44.869,untitled,,2025.1.1,59.99437253389583,2025-10-16 16h59.50.088672 +0530,
book,86,11,5,2.0052083333333335,0.16412800003308803,,,,,,,,,,,,5,11,86,0,,,,,16.44402809999883,,16.430848599993624,16.44402809999883,16.44402809999883,16.611684400006197,2.0052083333333335,0.16412800003308803,,,,,,,,,,,,,,,,4,001,2025-10-16_16h59.44.869,untitled,,2025.1.1,59.99437253389583,2025-10-16 16h59.50.088672 +0530,
Pastry,87,12,5,2.0052083333333335,0.16609610000159591,,,,,,,,,,,,5,12,87,9,,,,,16.626885399979074,,16.614510699990205,16.626885399979074,16.626885399979074,16.79464849998476,2.0052083333333335,0.16609610000159591,,,,,,,,,,,,,,,,4,001,2025-10-16_16h59.44.869,untitled,,2025.1.1,59.99437253389583,2025-10-16 16h59.50.088672 +0530,
Police,88,13,5,2.0052083333333335,0.18114440003409982,,,,,,,,,,,,5,13,88,12,,,,,16.810731099976692,,16.797492299985606,16.810731099976692,16.810731099976692,16.99612630001502,2.0052083333333335,0.18114440003409982,,,,,,,,,,,,,,,,4,001,2025-10-16_16h59.44.869,untitled,,2025.1.1,59.99437253389583,2025-10-16 16h59.50.088672 +0530,
Cruise,89,14,5,2.0052083333333335,0.1642106999643147,,,,,,,,,,,,5,14,89,11,,,,,17.010035699990112,,16.999087999982294,17.010035699990112,17.010035699990112,17.17785219999496,2.0052083333333335,0.1642106999643147,,,,,,,,,,,,,,,,4,001,2025-10-16_16h59.44.869,untitled,,2025.1.1,59.99437253389583,2025-10-16 16h59.50.088672 +0530,
board,90,0,6,2.0052083333333335,0.16520889999810606,,,,,,,,,,,,6,0,90,4,,,,,17.19345570000587,,17.180664799991064,17.19345570000587,17.19345570000587,17.361427999974694,2.0052083333333335,0.16520889999810606,,,,,,,,,,,,,,,,4,001,2025-10-16_16h59.44.869,untitled,,2025.1.1,59.99437253389583,2025-10-16 16h59.50.088672 +0530,
Cruise,91,1,6,2.0052083333333335,0.1480967999668792,,,,,,,,,,,,6,1,91,11,,,,,17.37664999999106,,17.365359399991576,17.37664999999106,17.37664999999106,17.5288736000075,2.0052083333333335,0.1480967999668792,,,,,,,,,,,,,,,,4,001,2025-10-16_16h59.44.869,untitled,,2025.1.1,59.99437253389583,2025-10-16 16h59.50.088672 +0530,
mouse,92,2,6,2.0052083333333335,0.18058290000772104,,,,,,,,,,,,6,2,92,8,,,,,17.544269800011534,,17.531664600013755,17.544269800011534,17.544269800011534,17.72991049999837,2.0052083333333335,0.18058290000772104,,,,,,,,,,,,,,,,4,001,2025-10-16_16h59.44.869,untitled,,2025.1.1,59.99437253389583,2025-10-16 16h59.50.088672 +0530,
Poster,93,3,6,2.0052083333333335,0.1460656999843195,,,,,,,,,,,,6,3,93,14,,,,,17.743541800009552,,17.732775099982973,17.743541800009552,17.743541800009552,17.895340499992017,2.0052083333333335,0.1460656999843195,,,,,,,,,,,,,,,,4,001,2025-10-16_16h59.44.869,untitled,,2025.1.1,59.99437253389583,2025-10-16 16h59.50.088672 +0530,
Chart,94,4,6,2.0052083333333335,0.16438800003379583,,,,,,,,,,,,6,4,94,6,,,,,17.91064479999477,,17.898216400004458,17.91064479999477,17.91064479999477,18.07873379997909,2.0052083333333335,0.16438800003379583,,,,,,,,,,,,,,,,4,001,2025-10-16_16h59.44.869,untitled,,2025.1.1,59.99437253389583,2025-10-16 16h59.50.088672 +0530,
Police,95,5,6,2.0052083333333335,0.1806988999596797,,,,,,,,,,,,6,5,95,12,,,,,18.093744900019374,,18.081638399977237,18.093744900019374,18.093744900019374,18.27759100002004,2.0052083333333335,0.1806988999596797,,,,,,,,,,,,,,,,4,001,2025-10-16_16h59.44.869,untitled,,2025.1.1,59.99437253389583,2025-10-16 16h59.50.088672 +0530,
marble,96,6,6,2.0052083333333335,0.16577150003286079,,,,,,,,,,,,6,6,96,3,,,,,18.29384579998441,,18.280556400015485,18.29384579998441,18.29384579998441,18.461822199984454,2.0052083333333335,0.16577150003286079,,,,,,,,,,,,,,,,4,001,2025-10-16_16h59.44.869,untitled,,2025.1.1,59.99437253389583,2025-10-16 16h59.50.088672 +0530,
book,97,7,6,2.0052083333333335,0.16353850002633408,,,,,,,,,,,,6,7,97,0,,,,,18.477259600011166,,18.464546900009736,18.477259600011166,18.477259600011166,18.64617530000396,2.0052083333333335,0.16353850002633408,,,,,,,,,,,,,,,,4,001,2025-10-16_16h59.44.869,untitled,,2025.1.1,59.99437253389583,2025-10-16 16h59.50.088672 +0530,
Laptop,98,8,6,2.0052083333333335,0.17984549998072907,,,,,,,,,,,,6,8,98,5,,,,,18.6605961000314,,18.649029700027313,18.6605961000314,18.6605961000314,18.845310000004247,2.0052083333333335,0.17984549998072907,,,,,,,,,,,,,,,,4,001,2025-10-16_16h59.44.869,untitled,,2025.1.1,59.99437253389583,2025-10-16 16h59.50.088672 +0530,
phone,99,9,6,2.0052083333333335,0.14768900000490248,,,,,,,,,,,,6,9,99,2,,,,,18.860451099986676,,18.848578399978578,18.860451099986676,18.860451099986676,19.01156820001779,2.0052083333333335,0.14768900000490248,,,,,,,,,,,,,,,,4,001,2025-10-16_16h59.44.869,untitled,,2025.1.1,59.99437253389583,2025-10-16 16h59.50.088672 +0530,
Keys,100,10,6,2.0052083333333335,0.18144680000841618,,,,,,,,,,,,6,10,100,13,,,,,19.027499000017997,,19.014234700007364,19.027499000017997,19.027499000017997,19.212721800024156,2.0052083333333335,0.18144680000841618,,,,,,,,,,,,,,,,4,001,2025-10-16_16h59.44.869,untitled,,2025.1.1,59.99437253389583,2025-10-16 16h59.50.088672 +0530,
Pastry,101,11,6,2.0052083333333335,0.17929900001036003,,,,,,,,,,,,6,11,101,9,,,,,19.226723500003573,,19.215946800017264,19.226723500003573,19.226723500003573,19.412184900022112,2.0052083333333335,0.17929900001036003,,,,,,,,,,,,,,,,4,001,2025-10-16_16h59.44.869,untitled,,2025.1.1,59.99437253389583,2025-10-16 16h59.50.088672 +0530,
T-shirt,102,12,6,2.0052083333333335,0.1633235000190325,,,,,,,,,,,,6,12,102,7,,,,,19.426589499984402,,19.415110300004017,19.426589499984402,19.426589499984402,19.59561949997442,2.0052083333333335,0.1633235000190325,,,,,,,,,,,,,,,,4,001,2025-10-16_16h59.44.869,untitled,,2025.1.1,59.99437253389583,2025-10-16 16h59.50.088672 +0530,
Case,103,13,6,2.0052083333333335,0.17967460001818836,,,,,,,,,,,,6,13,103,10,,,,,19.610069099988323,,19.59921379998559,19.610069099988323,19.610069099988323,19.795126100012567,2.0052083333333335,0.17967460001818836,,,,,,,,,,,,,,,,4,001,2025-10-16_16h59.44.869,untitled,,2025.1.1,59.99437253389583,2025-10-16 16h59.50.088672 +0530,
cushion,104,14,6,2.0052083333333335,0.18059569998877123,,,,,,,,,,,,6,14,104,1,,,,,19.81025540002156,,19.79841679998208,19.81025540002156,19.81025540002156,19.996755100029986,2.0052083333333335,0.18059569998877123,,,,,,,,,,,,,,,,4,001,2025-10-16_16h59.44.869,untitled,,2025.1.1,59.99437253389583,2025-10-16 16h59.50.088672 +0530,
mouse,105,0,7,2.0052083333333335,0.16232120001222938,,,,,,,,,,,,7,0,105,8,,,,,20.01089829998091,,19.99996550002834,20.01089829998091,20.01089829998091,20.177767299988773,2.0052083333333335,0.16232120001222938,,,,,,,,,,,,,,,,4,001,2025-10-16_16h59.44.869,untitled,,2025.1.1,59.99437253389583,2025-10-16 16h59.50.088672 +0530,
Chart,106,1,7,2.0052083333333335,0.16594370000530034,,,,,,,,,,,,7,1,106,6,,,,,20.1930933999829,,20.181249600020237,20.1930933999829,20.1930933999829,20.361281400022563,2.0052083333333335,0.16594370000530034,,,,,,,,,,,,,,,,4,001,2025-10-16_16h59.44.869,untitled,,2025.1.1,59.99437253389583,2025-10-16 16h59.50.088672 +0530,
Police,107,2,7,2.0052083333333335,0.1810916000395082,,,,,,,,,,,,7,2,107,12,,,,,20.377259799977764,,20.36423659999855,20.377259799977764,20.377259799977764,20.561920700012706,2.0052083333333335,0.1810916000395082,,,,,,,,,,,,,,,,4,001,2025-10-16_16h59.44.869,untitled,,2025.1.1,59.99437253389583,2025-10-16 16h59.50.088672 +0530,
marble,108,3,7,2.0052083333333335,0.16507990000536665,,,,,,,,,,,,7,3,108,3,,,,,20.576728100015316,,20.56494960002601,20.576728100015316,20.576728100015316,20.744149199977983,2.0052083333333335,0.16507990000536665,,,,,,,,,,,,,,,,4,001,2025-10-16_16h59.44.869,untitled,,2025.1.1,59.99437253389583,2025-10-16 16h59.50.088672 +0530,
Case,109,4,7,2.0052083333333335,0.18109369999729097,,,,,,,,,,,,7,4,109,10,,,,,20.76000449998537,,20.7475909999921,20.76000449998537,20.76000449998537,20.94582939997781,2.0052083333333335,0.18109369999729097,,,,,,,,,,,,,,,,4,001,2025-10-16_16h59.44.869,untitled,,2025.1.1,59.99437253389583,2025-10-16 16h59.50.088672 +0530,
Laptop,110,5,7,2.0052083333333335,0.14656109997304156,,,,,,,,,,,,7,5,110,5,,,,,20.959689699986484,,20.948892600019462,20.959689699986484,20.959689699986484,21.112150000000838,2.0052083333333335,0.14656109997304156,,,,,,,,,,,,,,,,4,001,2025-10-16_16h59.44.869,untitled,,2025.1.1,59.99437253389583,2025-10-16 16h59.50.088672 +0530,
phone,111,6,7,2.0052083333333335,0.18032800004584715,,,,,,,,,,,,7,6,111,2,,,,,21.14341299998341,,21.11517449998064,21.14341299998341,21.14341299998341,21.31130260002101,2.0052083333333335,0.18032800004584715,,,,,,,,,,,,,,,,4,001,2025-10-16_16h59.44.869,untitled,,2025.1.1,59.99437253389583,2025-10-16 16h59.50.088672 +0530,
Poster,112,7,7,2.0052083333333335,0.18211150000570342,,,,,,,,,,,,7,7,112,14,,,,,21.32648160000099,,21.314163899980485,21.32648160000099,21.32648160000099,21.51153359998716,2.0052083333333335,0.18211150000570342,,,,,,,,,,,,,,,,4,001,2025-10-16_16h59.44.869,untitled,,2025.1.1,59.99437253389583,2025-10-16 16h59.50.088672 +0530,
T-shirt,113,8,7,2.0052083333333335,0.2150344999972731,,,,,,,,,,,,7,8,113,7,,,,,21.526698000030592,,21.514567599981092,21.526698000030592,21.526698000030592,21.744848000002094,2.0052083333333335,0.2150344999972731,,,,,,,,,,,,,,,,4,001,2025-10-16_16h59.44.869,untitled,,2025.1.1,59.99437253389583,2025-10-16 16h59.50.088672 +0530,
board,114,9,7,2.0052083333333335,0.1630005000042729,,,,,,,,,,,,7,9,114,4,,,,,21.760314400016796,,21.748970600019675,21.760314400016796,21.760314400016796,21.927611500024796,2.0052083333333335,0.1630005000042729,,,,,,,,,,,,,,,,4,001,2025-10-16_16h59.44.869,untitled,,2025.1.1,59.99437253389583,2025-10-16 16h59.50.088672 +0530,
Keys,115,10,7,2.0052083333333335,0.1970939000020735,,,,,,,,,,,,7,10,115,13,,,,,21.94501929997932,,21.930913500022143,21.94501929997932,21.94501929997932,22.145553099981043,2.0052083333333335,0.1970939000020735,,,,,,,,,,,,,,,,4,001,2025-10-16_16h59.44.869,untitled,,2025.1.1,59.99437253389583,2025-10-16 16h59.50.088672 +0530,
Pastry,116,11,7,2.0052083333333335,0.14656039996771142,,,,,,,,,,,,7,11,116,9,,,,,22.159932799986564,,22.14840240002377,22.159932799986564,22.159932799986564,22.31105800002115,2.0052083333333335,0.14656039996771142,,,,,,,,,,,,,,,,4,001,2025-10-16_16h59.44.869,untitled,,2025.1.1,59.99437253389583,2025-10-16 16h59.50.088672 +0530,
book,117,12,7,2.0052083333333335,0.1646218000096269,,,,,,,,,,,,7,12,117,0,,,,,22.326741700002458,,22.313933899975382,22.326741700002458,22.326741700002458,22.495404699991923,2.0052083333333335,0.1646218000096269,,,,,,,,,,,,,,,,4,001,2025-10-16_16h59.44.869,untitled,,2025.1.1,59.99437253389583,2025-10-16 16h59.50.088672 +0530,
cushion,118,13,7,2.0052083333333335,0.1973154000006616,,,,,,,,,,,,7,13,118,1,,,,,22.510109500028193,,22.498379500000738,22.510109500028193,22.510109500028193,22.712298900005408,2.0052083333333335,0.1973154000006616,,,,,,,,,,,,,,,,4,001,2025-10-16_16h59.44.869,untitled,,2025.1.1,59.99437253389583,2025-10-16 16h59.50.088672 +0530,
Cruise,119,14,7,2.0052083333333335,0.1643390999524854,,,,,,,,,,,,7,14,119,11,,,,,22.72686659998726,,22.71521679998841,22.72686659998726,22.72686659998726,22.89404139999533,2.0052083333333335,0.1643390999524854,,,,,,,,,,,,,,,,4,001,2025-10-16_16h59.44.869,untitled,,2025.1.1,59.99437253389583,2025-10-16 16h59.50.088672 +0530,
Police,120,0,8,2.0052083333333335,0.14844990003621206,,,,,,,,,,,,8,0,120,12,,,,,22.910496000025887,,22.89740840002196,22.910496000025887,22.910496000025887,23.061067899980117,2.0052083333333335,0.14844990003621206,,,,,,,,,,,,,,,,4,001,2025-10-16_16h59.44.869,untitled,,2025.1.1,59.99437253389583,2025-10-16 16h59.50.088672 +0530,
Keys,121,1,8,2.0052083333333335,0.1811221999814734,,,,,,,,,,,,8,1,121,13,,,,,23.076580499997362,,23.063809100014623,23.076580499997362,23.076580499997362,23.261524599976838,2.0052083333333335,0.1811221999814734,,,,,,,,,,,,,,,,4,001,2025-10-16_16h59.44.869,untitled,,2025.1.1,59.99437253389583,2025-10-16 16h59.50.088672 +0530,
board,122,2,8,2.0052083333333335,0.1807797999936156,,,,,,,,,,,,8,2,122,4,,,,,23.27692420000676,,23.264710300019942,23.27692420000676,23.27692420000676,23.461084400012624,2.0052083333333335,0.1807797999936156,,,,,,,,,,,,,,,,4,001,2025-10-16_16h59.44.869,untitled,,2025.1.1,59.99437253389583,2025-10-16 16h59.50.088672 +0530,
marble,123,3,8,2.0052083333333335,0.18147370003862306,,,,,,,,,,,,8,3,123,3,,,,,23.47644910000963,,23.46394769998733,23.47644910000963,23.47644910000963,23.6628989999881,2.0052083333333335,0.18147370003862306,,,,,,,,,,,,,,,,4,001,2025-10-16_16h59.44.869,untitled,,2025.1.1,59.99437253389583,2025-10-16 16h59.50.088672 +0530,
Laptop,124,4,8,2.0052083333333335,0.16308399999979883,,,,,,,,,,,,8,4,124,5,,,,,23.676390299980994,,23.665745400008745,23.676390299980994,23.676390299980994,23.844444999995176,2.0052083333333335,0.16308399999979883,,,,,,,,,,,,,,,,4,001,2025-10-16_16h59.44.869,untitled,,2025.1.1,59.99437253389583,2025-10-16 16h59.50.088672 +0530,
Pastry,125,5,8,2.0052083333333335,0.19763740000780672,,,,,,,,,,,,8,5,125,9,,,,,23.860626499983482,,23.84725009999238,23.860626499983482,23.860626499983482,24.06160880002426,2.0052083333333335,0.19763740000780672,,,,,,,,,,,,,,,,4,001,2025-10-16_16h59.44.869,untitled,,2025.1.1,59.99437253389583,2025-10-16 16h59.50.088672 +0530,
Case,126,6,8,2.0052083333333335,0.1636694999760948,,,,,,,,,,,,8,6,126,10,,,,,24.077378100017086,,24.06509550003102,24.077378100017086,24.077378100017086,24.24564179999288,2.0052083333333335,0.1636694999760948,,,,,,,,,,,,,,,,4,001,2025-10-16_16h59.44.869,untitled,,2025.1.1,59.99437253389583,2025-10-16 16h59.50.088672 +0530,
mouse,127,7,8,2.0052083333333335,0.21362200001021847,,,,,,,,,,,,8,7,127,8,,,,,24.259779700019863,,24.248678200005088,24.259779700019863,24.259779700019863,24.477626400010195,2.0052083333333335,0.21362200001021847,,,,,,,,,,,,,,,,4,001,2025-10-16_16h59.44.869,untitled,,2025.1.1,59.99437253389583,2025-10-16 16h59.50.088672 +0530,
cushion,128,8,8,2.0052083333333335,0.1970506000216119,,,,,,,,,,,,8,8,128,1,,,,,24.493041699985042,,24.48162749997573,24.493041699985042,24.493041699985042,24.69474080001237,2.0052083333333335,0.1970506000216119,,,,,,,,,,,,,,,,4,001,2025-10-16_16h59.44.869,untitled,,2025.1.1,59.99437253389583,2025-10-16 16h59.50.088672 +0530,
book,129,9,8,2.0052083333333335,0.18028919998323545,,,,,,,,,,,,8,9,129,0,,,,,24.709610800025985,,24.698218300007284,24.709610800025985,24.709610800025985,24.89422800001921,2.0052083333333335,0.18028919998323545,,,,,,,,,,,,,,,,4,001,2025-10-16_16h59.44.869,untitled,,2025.1.1,59.99437253389583,2025-10-16 16h59.50.088672 +0530,
Cruise,130,10,8,2.0052083333333335,0.16340870002750307,,,,,,,,,,,,8,10,130,11,,,,,24.909737500012852,,24.898362100007944,24.909737500012852,24.909737500012852,25.07819179998478,2.0052083333333335,0.16340870002750307,,,,,,,,,,,,,,,,4,001,2025-10-16_16h59.44.869,untitled,,2025.1.1,59.99437253389583,2025-10-16 16h59.50.088672 +0530,
Poster,131,11,8,2.0052083333333335,0.19710639998083934,,,,,,,,,,,,8,11,131,14,,,,,25.10974869999336,,25.081838899990544,25.10974869999336,25.10974869999336,25.29501739999978,2.0052083333333335,0.19710639998083934,,,,,,,,,,,,,,,,4,001,2025-10-16_16h59.44.869,untitled,,2025.1.1,59.99437253389583,2025-10-16 16h59.50.088672 +0530,
T-shirt,132,12,8,2.0052083333333335,0.14643129997421056,,,,,,,,,,,,8,12,132,7,,,,,25.311374799988698,,25.29846289998386,25.311374799988698,25.311374799988698,25.461679900006857,2.0052083333333335,0.14643129997421056,,,,,,,,,,,,,,,,4,001,2025-10-16_16h59.44.869,untitled,,2025.1.1,59.99437253389583,2025-10-16 16h59.50.088672 +0530,
phone,133,13,8,2.0052083333333335,0.14858039998216555,,,,,,,,,,,,8,13,133,2,,,,,25.476866199984215,,25.464454100001603,25.476866199984215,25.476866199984215,25.627393500006292,2.0052083333333335,0.14858039998216555,,,,,,,,,,,,,,,,4,001,2025-10-16_16h59.44.869,untitled,,2025.1.1,59.99437253389583,2025-10-16 16h59.50.088672 +0530,
Chart,134,14,8,2.0052083333333335,0.19939960003830492,,,,,,,,,,,,8,14,134,6,,,,,25.643168799986597,,25.630291100009345,25.643168799986597,25.643168799986597,25.844679999980144,2.0052083333333335,0.19939960003830492,,,,,,,,,,,,,,,,4,001,2025-10-16_16h59.44.869,untitled,,2025.1.1,59.99437253389583,2025-10-16 16h59.50.088672 +0530,
Laptop,135,0,9,2.0052083333333335,0.18038150004576892,,,,,,,,,,,,9,0,135,5,,,,,25.859842900012154,,25.8477542999899,25.859842900012154,25.859842900012154,26.044791500025894,2.0052083333333335,0.18038150004576892,,,,,,,,,,,,,,,,4,001,2025-10-16_16h59.44.869,untitled,,2025.1.1,59.99437253389583,2025-10-16 16h59.50.088672 +0530,
cushion,136,1,9,2.0052083333333335,0.19705189997330308,,,,,,,,,,,,9,1,136,1,,,,,26.0602808999829,,26.047942299977876,26.0602808999829,26.0602808999829,26.26773600000888,2.0052083333333335,0.19705189997330308,,,,,,,,,,,,,,,,4,001,2025-10-16_16h59.44.869,untitled,,2025.1.1,59.99437253389583,2025-10-16 16h59.50.088672 +0530,
T-shirt,137,2,9,2.0052083333333335,0.17559009999968112,,,,,,,,,,,,9,2,137,7,,,,,26.292596300016157,,26.270911999978125,26.292596300016157,26.292596300016157,26.460642100020777,2.0052083333333335,0.17559009999968112,,,,,,,,,,,,,,,,4,001,2025-10-16_16h59.44.869,untitled,,2025.1.1,59.99437253389583,2025-10-16 16h59.50.088672 +0530,
Chart,138,3,9,2.0052083333333335,0.18120039999485016,,,,,,,,,,,,9,3,138,6,,,,,26.47686860000249,,26.463823699974455,26.47686860000249,26.47686860000249,26.66040160000557,2.0052083333333335,0.18120039999485016,,,,,,,,,,,,,,,,4,001,2025-10-16_16h59.44.869,untitled,,2025.1.1,59.99437253389583,2025-10-16 16h59.50.088672 +0530,
marble,139,4,9,2.0052083333333335,0.19877550000092015,,,,,,,,,,,,9,4,139,3,,,,,26.676405199978035,,26.663230400008615,26.676405199978035,26.676405199978035,26.87786419998156,2.0052083333333335,0.19877550000092015,,,,,,,,,,,,,,,,4,001,2025-10-16_16h59.44.869,untitled,,2025.1.1,59.99437253389583,2025-10-16 16h59.50.088672 +0530,
board,140,5,9,2.0052083333333335,0.1960111999651417,,,,,,,,,,,,9,5,140,4,,,,,26.91019000002416,,26.881833799998276,26.91019000002416,26.91019000002416,27.094005700026173,2.0052083333333335,0.1960111999651417,,,,,,,,,,,,,,,,4,001,2025-10-16_16h59.44.869,untitled,,2025.1.1,59.99437253389583,2025-10-16 16h59.50.088672 +0530,
book,141,6,9,2.0052083333333335,0.18105120002292097,,,,,,,,,,,,9,6,141,0,,,,,27.10994330001995,,27.09689950000029,27.10994330001995,27.10994330001995,27.2951078999904,2.0052083333333335,0.18105120002292097,,,,,,,,,,,,,,,,4,001,2025-10-16_16h59.44.869,untitled,,2025.1.1,59.99437253389583,2025-10-16 16h59.50.088672 +0530,
Case,142,7,9,2.0052083333333335,0.2480906000128016,,,,,,,,,,,,9,7,142,10,,,,,27.309872600017115,,27.297886900021695,27.309872600017115,27.309872600017115,27.560629500017967,2.0052083333333335,0.2480906000128016,,,,,,,,,,,,,,,,4,001,2025-10-16_16h59.44.869,untitled,,2025.1.1,59.99437253389583,2025-10-16 16h59.50.088672 +0530,
Pastry,143,8,9,2.0052083333333335,0.18205699999816716,,,,,,,,,,,,9,8,143,9,,,,,27.576203099975828,,27.56367310002679,27.576203099975828,27.576203099975828,27.7606585000176,2.0052083333333335,0.18205699999816716,,,,,,,,,,,,,,,,4,001,2025-10-16_16h59.44.869,untitled,,2025.1.1,59.99437253389583,2025-10-16 16h59.50.088672 +0530,
Keys,144,9,9,2.0052083333333335,0.21733950002817437,,,,,,,,,,,,9,9,144,13,,,,,27.776628600026015,,27.76332430000184,27.776628600026015,27.776628600026015,27.99444370000856,2.0052083333333335,0.21733950002817437,,,,,,,,,,,,,,,,4,001,2025-10-16_16h59.44.869,untitled,,2025.1.1,59.99437253389583,2025-10-16 16h59.50.088672 +0530,
Poster,145,10,9,2.0052083333333335,0.19863690005149692,,,,,,,,,,,,9,10,145,14,,,,,28.010655599995516,,27.99726949998876,28.010655599995516,28.010655599995516,28.211940600012895,2.0052083333333335,0.19863690005149692,,,,,,,,,,,,,,,,4,001,2025-10-16_16h59.44.869,untitled,,2025.1.1,59.99437253389583,2025-10-16 16h59.50.088672 +0530,
Cruise,146,11,9,2.0052083333333335,0.16299309994792566,,,,,,,,,,,,9,11,146,11,,,,,28.226460199977737,,28.214904099993873,28.226460199977737,28.226460199977737,28.395207400026266,2.0052083333333335,0.16299309994792566,,,,,,,,,,,,,,,,4,001,2025-10-16_16h59.44.869,untitled,,2025.1.1,59.99437253389583,2025-10-16 16h59.50.088672 +0530,
Police,147,12,9,2.0052083333333335,0.1806106999865733,,,,,,,,,,,,9,12,147,12,,,,,28.4097960999934,,28.398526099976152,28.4097960999934,28.4097960999934,28.594874600006733,2.0052083333333335,0.1806106999865733,,,,,,,,,,,,,,,,4,001,2025-10-16_16h59.44.869,untitled,,2025.1.1,59.99437253389583,2025-10-16 16h59.50.088672 +0530,
phone,148,13,9,2.0052083333333335,0.19619419996161014,,,,,,,,,,,,9,13,148,2,,,,,28.610786299977917,,28.59840959997382,28.610786299977917,28.610786299977917,28.81208509998396,2.0052083333333335,0.19619419996161014,,,,,,,,,,,,,,,,4,001,2025-10-16_16h59.44.869,untitled,,2025.1.1,59.99437253389583,2025-10-16 16h59.50.088672 +0530,
mouse,149,14,9,2.0052083333333335,0.1797245999914594,,,,,,,,,,,,9,14,149,8,,,,,28.826395299984142,,28.814961099997163,28.826395299984142,28.826395299984142,29.01129639998544,2.0052083333333335,0.1797245999914594,,,,,,,,,,,,,,,,4,001,2025-10-16_16h59.44.869,untitled,,2025.1.1,59.99437253389583,2025-10-16 16h59.50.088672 +0530,
Case,150,0,10,2.0052083333333335,0.17897760000778362,,,,,,,,,,,,10,0,150,10,,,,,29.045306899992283,,29.01658190001035,29.045306899992283,29.045306899992283,29.21101379999891,2.0052083333333335,0.17897760000778362,,,,,,,,,,,,,,,,4,001,2025-10-16_16h59.44.869,untitled,,2025.1.1,59.99437253389583,2025-10-16 16h59.50.088672 +0530,
T-shirt,151,1,10,2.0052083333333335,0.19791550002992153,,,,,,,,,,,,10,1,151,7,,,,,29.227117599977646,,29.214283199980855,29.227117599977646,29.227117599977646,29.42754300002707,2.0052083333333335,0.19791550002992153,,,,,,,,,,,,,,,,4,001,2025-10-16_16h59.44.869,untitled,,2025.1.1,59.99437253389583,2025-10-16 16h59.50.088672 +0530,
Cruise,152,2,10,2.0052083333333335,0.16414180002175272,,,,,,,,,,,,10,2,152,11,,,,,29.44285009999294,,29.43087620002916,29.44285009999294,29.44285009999294,29.61155630002031,2.0052083333333335,0.16414180002175272,,,,,,,,,,,,,,,,4,001,2025-10-16_16h59.44.869,untitled,,2025.1.1,59.99437253389583,2025-10-16 16h59.50.088672 +0530,
Chart,153,3,10,2.0052083333333335,0.2135728999855928,,,,,,,,,,,,10,3,153,6,,,,,29.626115399994887,,29.61440209997818,29.626115399994887,29.626115399994887,29.844455300015397,2.0052083333333335,0.2135728999855928,,,,,,,,,,,,,,,,4,001,2025-10-16_16h59.44.869,untitled,,2025.1.1,59.99437253389583,2025-10-16 16h59.50.088672 +0530,
Laptop,154,4,10,2.0052083333333335,0.16461310000158846,,,,,,,,,,,,10,4,154,5,,,,,29.859661300026346,,29.847320200002287,29.859661300026346,29.859661300026346,30.028767000010703,2.0052083333333335,0.16461310000158846,,,,,,,,,,,,,,,,4,001,2025-10-16_16h59.44.869,untitled,,2025.1.1,59.99437253389583,2025-10-16 16h59.50.088672 +0530,
Pastry,155,5,10,2.0052083333333335,0.2127065000240691,,,,,,,,,,,,10,5,155,9,,,,,30.0435782999848,,30.031664800015278,30.0435782999848,30.0435782999848,30.261882900027558,2.0052083333333335,0.2127065000240691,,,,,,,,,,,,,,,,4,001,2025-10-16_16h59.44.869,untitled,,2025.1.1,59.99437253389583,2025-10-16 16h59.50.088672 +0530,
phone,156,6,10,2.0052083333333335,0.18275129998801276,,,,,,,,,,,,10,6,156,2,,,,,30.27635449997615,,30.26466950000031,30.27635449997615,30.27635449997615,30.460633200011216,2.0052083333333335,0.18275129998801276,,,,,,,,,,,,,,,,4,001,2025-10-16_16h59.44.869,untitled,,2025.1.1,59.99437253389583,2025-10-16 16h59.50.088672 +0530,
Poster,157,7,10,2.0052083333333335,0.1646963999955915,,,,,,,,,,,,10,7,157,14,,,,,30.477068100008182,,30.463905600016005,30.477068100008182,30.477068100008182,30.64407029998256,2.0052083333333335,0.1646963999955915,,,,,,,,,,,,,,,,4,001,2025-10-16_16h59.44.869,untitled,,2025.1.1,59.99437253389583,2025-10-16 16h59.50.088672 +0530,
Police,158,8,10,2.0052083333333335,0.18072200001915917,,,,,,,,,,,,10,8,158,12,,,,,30.65947730001062,,30.647508900030516,30.65947730001062,30.65947730001062,30.84456900000805,2.0052083333333335,0.18072200001915917,,,,,,,,,,,,,,,,4,001,2025-10-16_16h59.44.869,untitled,,2025.1.1,59.99437253389583,2025-10-16 16h59.50.088672 +0530,
marble,159,9,10,2.0052083333333335,0.18127439997624606,,,,,,,,,,,,10,9,159,3,,,,,30.86021409998648,,30.847528400016017,30.86021409998648,30.86021409998648,31.04383169999346,2.0052083333333335,0.18127439997624606,,,,,,,,,,,,,,,,4,001,2025-10-16_16h59.44.869,untitled,,2025.1.1,59.99437253389583,2025-10-16 16h59.50.088672 +0530,
mouse,160,10,10,2.0052083333333335,0.1674159000394866,,,,,,,,,,,,10,10,160,8,,,,,31.060074299981352,,31.046614399994723,31.060074299981352,31.060074299981352,31.22900779999327,2.0052083333333335,0.1674159000394866,,,,,,,,,,,,,,,,4,001,2025-10-16_16h59.44.869,untitled,,2025.1.1,59.99437253389583,2025-10-16 16h59.50.088672 +0530,
cushion,161,11,10,2.0052083333333335,0.19728329998906702,,,,,,,,,,,,10,11,161,1,,,,,31.26028350001434,,31.232438599981833,31.26028350001434,31.26028350001434,31.44581270002527,2.0052083333333335,0.19728329998906702,,,,,,,,,,,,,,,,4,001,2025-10-16_16h59.44.869,untitled,,2025.1.1,59.99437253389583,2025-10-16 16h59.50.088672 +0530,
Keys,162,12,10,2.0052083333333335,0.18097110005328432,,,,,,,,,,,,10,12,162,13,,,,,31.47730580001371,,31.448858299991116,31.47730580001371,31.47730580001371,31.64657059998717,2.0052083333333335,0.18097110005328432,,,,,,,,,,,,,,,,4,001,2025-10-16_16h59.44.869,untitled,,2025.1.1,59.99437253389583,2025-10-16 16h59.50.088672 +0530,
book,163,13,10,2.0052083333333335,0.178824300004635,,,,,,,,,,,,10,13,163,0,,,,,31.67808669997612,,31.65018019999843,31.67808669997612,31.67808669997612,31.844492300006095,2.0052083333333335,0.178824300004635,,,,,,,,,,,,,,,,4,001,2025-10-16_16h59.44.869,untitled,,2025.1.1,59.99437253389583,2025-10-16 16h59.50.088672 +0530,
board,164,14,10,2.0052083333333335,0.18065629998454824,,,,,,,,,,,,10,14,164,4,,,,,31.859580799995456,,31.8473317999742,31.859580799995456,31.859580799995456,32.04479369998444,2.0052083333333335,0.18065629998454824,,,,,,,,,,,,,,,,4,001,2025-10-16_16h59.44.869,untitled,,2025.1.1,59.99437253389583,2025-10-16 16h59.50.088672 +0530,
Keys,165,0,11,2.0052083333333335,0.196974600024987,,,,,,,,,,,,11,0,165,13,,,,,32.059867799980566,,32.04789560002973,32.059867799980566,32.059867799980566,32.26061420002952,2.0052083333333335,0.196974600024987,,,,,,,,,,,,,,,,4,001,2025-10-16_16h59.44.869,untitled,,2025.1.1,59.99437253389583,2025-10-16 16h59.50.088672 +0530,
Police,166,1,11,2.0052083333333335,0.18133059999672696,,,,,,,,,,,,11,1,166,12,,,,,32.27691279997816,,32.26399050001055,32.27691279997816,32.27691279997816,32.46071180002764,2.0052083333333335,0.18133059999672696,,,,,,,,,,,,,,,,4,001,2025-10-16_16h59.44.869,untitled,,2025.1.1,59.99437253389583,2025-10-16 16h59.50.088672 +0530,
Pastry,167,2,11,2.0052083333333335,0.1806366000091657,,,,,,,,,,,,11,2,167,9,,,,,32.47632130002603,,32.46393790002912,32.47632130002603,32.47632130002603,32.66110409999965,2.0052083333333335,0.1806366000091657,,,,,,,,,,,,,,,,4,001,2025-10-16_16h59.44.869,untitled,,2025.1.1,59.99437253389583,2025-10-16 16h59.50.088672 +0530,
cushion,168,3,11,2.0052083333333335,0.1806749000097625,,,,,,,,,,,,11,3,168,1,,,,,32.67617240000982,,32.66439699998591,32.67617240000982,32.67617240000982,32.861643599986564,2.0052083333333335,0.1806749000097625,,,,,,,,,,,,,,,,4,001,2025-10-16_16h59.44.869,untitled,,2025.1.1,59.99437253389583,2025-10-16 16h59.50.088672 +0530,
book,169,4,11,2.0052083333333335,0.16424360004020855,,,,,,,,,,,,11,4,169,0,,,,,32.87673070002347,,32.86439840000821,32.87673070002347,32.87673070002347,33.04447909997543,2.0052083333333335,0.16424360004020855,,,,,,,,,,,,,,,,4,001,2025-10-16_16h59.44.869,untitled,,2025.1.1,59.99437253389583,2025-10-16 16h59.50.088672 +0530,
Case,170,5,11,2.0052083333333335,0.17998870002338663,,,,,,,,,,,,11,5,170,10,,,,,33.05954729998484,,33.04793489997974,33.05954729998484,33.05954729998484,33.243731900001876,2.0052083333333335,0.17998870002338663,,,,,,,,,,,,,,,,4,001,2025-10-16_16h59.44.869,untitled,,2025.1.1,59.99437253389583,2025-10-16 16h59.50.088672 +0530,
Cruise,171,6,11,2.0052083333333335,0.19825190003030002,,,,,,,,,,,,11,6,171,11,,,,,33.27590050001163,,33.246913000009954,33.27590050001163,33.27590050001163,33.46157400001539,2.0052083333333335,0.19825190003030002,,,,,,,,,,,,,,,,4,001,2025-10-16_16h59.44.869,untitled,,2025.1.1,59.99437253389583,2025-10-16 16h59.50.088672 +0530,
Poster,172,7,11,2.0052083333333335,0.16403040004661307,,,,,,,,,,,,11,7,172,14,,,,,33.492360099975485,,33.464508900011424,33.492360099975485,33.492360099975485,33.643957899999805,2.0052083333333335,0.16403040004661307,,,,,,,,,,,,,,,,4,001,2025-10-16_16h59.44.869,untitled,,2025.1.1,59.99437253389583,2025-10-16 16h59.50.088672 +0530,
marble,173,8,11,2.0052083333333335,0.19664270000066608,,,,,,,,,,,,11,8,173,3,,,,,33.65942789998371,,33.648110900016036,33.65942789998371,33.65942789998371,33.860847599979024,2.0052083333333335,0.19664270000066608,,,,,,,,,,,,,,,,4,001,2025-10-16_16h59.44.869,untitled,,2025.1.1,59.99437253389583,2025-10-16 16h59.50.088672 +0530,
Chart,174,9,11,2.0052083333333335,0.18256250000558794,,,,,,,,,,,,11,9,174,6,,,,,33.87685519998195,,33.863659400027245,33.87685519998195,33.87685519998195,34.06093300000066,2.0052083333333335,0.18256250000558794,,,,,,,,,,,,,,,,4,001,2025-10-16_16h59.44.869,untitled,,2025.1.1,59.99437253389583,2025-10-16 16h59.50.088672 +0530,
Laptop,175,10,11,2.0052083333333335,0.18029230000684038,,,,,,,,,,,,11,10,175,5,,,,,34.07585670001572,,34.06376819999423,34.07585670001572,34.07585670001572,34.26147369999671,2.0052083333333335,0.18029230000684038,,,,,,,,,,,,,,,,4,001,2025-10-16_16h59.44.869,untitled,,2025.1.1,59.99437253389583,2025-10-16 16h59.50.088672 +0530,
phone,176,11,11,2.0052083333333335,0.19753269996726885,,,,,,,,,,,,11,11,176,2,,,,,34.27626680000685,,34.264529199979734,34.27626680000685,34.27626680000685,34.4777661000262,2.0052083333333335,0.19753269996726885,,,,,,,,,,,,,,,,4,001,2025-10-16_16h59.44.869,untitled,,2025.1.1,59.99437253389583,2025-10-16 16h59.50.088672 +0530,
board,177,12,11,2.0052083333333335,0.19782619999023154,,,,,,,,,,,,11,12,177,4,,,,,34.49338310002349,,34.480576600006316,34.49338310002349,34.49338310002349,34.69495420000749,2.0052083333333335,0.19782619999023154,,,,,,,,,,,,,,,,4,001,2025-10-16_16h59.44.869,untitled,,2025.1.1,59.99437253389583,2025-10-16 16h59.50.088672 +0530,
mouse,178,13,11,2.0052083333333335,0.19525910000083968,,,,,,,,,,,,11,13,178,8,,,,,34.70911719999276,,34.69912230002228,34.70911719999276,34.70911719999276,34.91144549997989,2.0052083333333335,0.19525910000083968,,,,,,,,,,,,,,,,4,001,2025-10-16_16h59.44.869,untitled,,2025.1.1,59.99437253389583,2025-10-16 16h59.50.088672 +0530,
T-shirt,179,14,11,2.0052083333333335,0.19676260004052892,,,,,,,,,,,,11,14,179,7,,,,,34.92599670001073,,34.914574399997946,34.92599670001073,34.92599670001073,35.12829600000987,2.0052083333333335,0.19676260004052892,,,,,,,,,,,,,,,,4,001,2025-10-16_16h59.44.869,untitled,,2025.1.1,59.99437253389583,2025-10-16 16h59.50.088672 +0530,
Police,180,0,12,2.0052083333333335,0.19773110002279282,,,,,,,,,,,,12,0,180,12,,,,,35.14274590002606,,35.131191799999215,35.14274590002606,35.14274590002606,35.34399860003032,2.0052083333333335,0.19773110002279282,,,,,,,,,,,,,,,,4,001,2025-10-16_16h59.44.869,untitled,,2025.1.1,59.99437253389583,2025-10-16 16h59.50.088672 +0530,
marble,181,1,12,2.0052083333333335,0.16502780001610518,,,,,,,,,,,,12,1,181,3,,,,,35.35922990000108,,35.347791599982884,35.35922990000108,35.35922990000108,35.52712699997937,2.0052083333333335,0.16502780001610518,,,,,,,,,,,,,,,,4,001,2025-10-16_16h59.44.869,untitled,,2025.1.1,59.99437253389583,2025-10-16 16h59.50.088672 +0530,
T-shirt,182,2,12,2.0052083333333335,0.19733220001216978,,,,,,,,,,,,12,2,182,7,,,,,35.542783199984115,,35.53062510001473,35.542783199984115,35.542783199984115,35.74517529999139,2.0052083333333335,0.19733220001216978,,,,,,,,,,,,,,,,4,001,2025-10-16_16h59.44.869,untitled,,2025.1.1,59.99437253389583,2025-10-16 16h59.50.088672 +0530,
Cruise,183,3,12,2.0052083333333335,0.18082439998397604,,,,,,,,,,,,12,3,183,11,,,,,35.77686789998552,,35.74958370003151,35.77686789998552,35.77686789998552,35.94404019997455,2.0052083333333335,0.18082439998397604,,,,,,,,,,,,,,,,4,001,2025-10-16_16h59.44.869,untitled,,2025.1.1,59.99437253389583,2025-10-16 16h59.50.088672 +0530,
Pastry,184,4,12,2.0052083333333335,0.16479890001937747,,,,,,,,,,,,12,4,184,9,,,,,35.96245019999333,,35.94704180001281,35.96245019999333,35.96245019999333,36.12840550002875,2.0052083333333335,0.16479890001937747,,,,,,,,,,,,,,,,4,001,2025-10-16_16h59.44.869,untitled,,2025.1.1,59.99437253389583,2025-10-16 16h59.50.088672 +0530,
Case,185,5,12,2.0052083333333335,0.19832429999951273,,,,,,,,,,,,12,5,185,10,,,,,36.14328239997849,,36.1310365999816,36.14328239997849,36.14328239997849,36.344655100023374,2.0052083333333335,0.19832429999951273,,,,,,,,,,,,,,,,4,001,2025-10-16_16h59.44.869,untitled,,2025.1.1,59.99437253389583,2025-10-16 16h59.50.088672 +0530,
Chart,186,6,12,2.0052083333333335,0.16423220001161098,,,,,,,,,,,,12,6,186,6,,,,,36.359679299988784,,36.34751520003192,36.359679299988784,36.359679299988784,36.52726589998929,2.0052083333333335,0.16423220001161098,,,,,,,,,,,,,,,,4,001,2025-10-16_16h59.44.869,untitled,,2025.1.1,59.99437253389583,2025-10-16 16h59.50.088672 +0530,
Keys,187,7,12,2.0052083333333335,0.19696979998843744,,,,,,,,,,,,12,7,187,13,,,,,36.542740800010506,,36.530819799983874,36.542740800010506,36.542740800010506,36.74347119999584,2.0052083333333335,0.19696979998843744,,,,,,,,,,,,,,,,4,001,2025-10-16_16h59.44.869,untitled,,2025.1.1,59.99437253389583,2025-10-16 16h59.50.088672 +0530,
phone,188,8,12,2.0052083333333335,0.19775390002178028,,,,,,,,,,,,12,8,188,2,,,,,36.75936810002895,,36.74830390000716,36.75936810002895,36.75936810002895,36.96027069998672,2.0052083333333335,0.19775390002178028,,,,,,,,,,,,,,,,4,001,2025-10-16_16h59.44.869,untitled,,2025.1.1,59.99437253389583,2025-10-16 16h59.50.088672 +0530,
board,189,9,12,2.0052083333333335,0.19954060000600293,,,,,,,,,,,,12,9,189,4,,,,,36.97612040000968,,36.96310100000119,36.97612040000968,36.97612040000968,37.177770300011616,2.0052083333333335,0.19954060000600293,,,,,,,,,,,,,,,,4,001,2025-10-16_16h59.44.869,untitled,,2025.1.1,59.99437253389583,2025-10-16 16h59.50.088672 +0530,
cushion,190,10,12,2.0052083333333335,0.18016330001410097,,,,,,,,,,,,12,10,190,1,,,,,37.208472799975425,,37.18105349998223,37.208472799975425,37.208472799975425,37.37664339999901,2.0052083333333335,0.18016330001410097,,,,,,,,,,,,,,,,4,001,2025-10-16_16h59.44.869,untitled,,2025.1.1,59.99437253389583,2025-10-16 16h59.50.088672 +0530,
Poster,191,11,12,2.0052083333333335,0.18045640003401786,,,,,,,,,,,,12,11,191,14,,,,,37.39251089998288,,37.38023820001399,37.39251089998288,37.39251089998288,37.57761510001728,2.0052083333333335,0.18045640003401786,,,,,,,,,,,,,,,,4,001,2025-10-16_16h59.44.869,untitled,,2025.1.1,59.99437253389583,2025-10-16 16h59.50.088672 +0530,
mouse,192,12,12,2.0052083333333335,0.1640320000005886,,,,,,,,,,,,12,12,192,8,,,,,37.592413900012616,,37.580564600008074,37.592413900012616,37.592413900012616,37.76017119997414,2.0052083333333335,0.1640320000005886,,,,,,,,,,,,,,,,4,001,2025-10-16_16h59.44.869,untitled,,2025.1.1,59.99437253389583,2025-10-16 16h59.50.088672 +0530,
Laptop,193,13,12,2.0052083333333335,0.19794380001258105,,,,,,,,,,,,12,13,193,5,,,,,37.77590050001163,,37.76335060002748,37.77590050001163,37.77590050001163,37.976911499979906,2.0052083333333335,0.19794380001258105,,,,,,,,,,,,,,,,4,001,2025-10-16_16h59.44.869,untitled,,2025.1.1,59.99437253389583,2025-10-16 16h59.50.088672 +0530,
book,194,14,12,2.0052083333333335,0.16399710002588108,,,,,,,,,,,,12,14,194,0,,,,,37.99275259999558,,37.98018750001211,37.99275259999558,37.99275259999558,38.1609014000278,2.0052083333333335,0.16399710002588108,,,,,,,,,,,,,,,,4,001,2025-10-16_16h59.44.869,untitled,,2025.1.1,59.99437253389583,2025-10-16 16h59.50.088672 +0530,
cushion,195,0,13,2.0052083333333335,0.21326579997548833,,,,,,,,,,,,13,0,195,1,,,,,38.17617370001972,,38.1638624999905,38.17617370001972,38.17617370001972,38.394546499999706,2.0052083333333335,0.21326579997548833,,,,,,,,,,,,,,,,4,001,2025-10-16_16h59.44.869,untitled,,2025.1.1,59.99437253389583,2025-10-16 16h59.50.088672 +0530,
Pastry,196,1,13,2.0052083333333335,0.1814898000448011,,,,,,,,,,,,13,1,196,9,,,,,38.409124099998735,,38.39748210000107,38.409124099998735,38.409124099998735,38.59402780001983,2.0052083333333335,0.1814898000448011,,,,,,,,,,,,,,,,4,001,2025-10-16_16h59.44.869,untitled,,2025.1.1,59.99437253389583,2025-10-16 16h59.50.088672 +0530,
book,197,2,13,2.0052083333333335,0.19848930003354326,,,,,,,,,,,,13,2,197,0,,,,,38.6102257000166,,38.59672670002328,38.6102257000166,38.6102257000166,38.810656999994535,2.0052083333333335,0.19848930003354326,,,,,,,,,,,,,,,,4,001,2025-10-16_16h59.44.869,untitled,,2025.1.1,59.99437253389583,2025-10-16 16h59.50.088672 +0530,
board,198,3,13,2.0052083333333335,0.16440690000308678,,,,,,,,,,,,13,3,198,4,,,,,38.82593910000287,,38.813666100031696,38.82593910000287,38.82593910000287,38.99524920003023,2.0052083333333335,0.16440690000308678,,,,,,,,,,,,,,,,4,001,2025-10-16_16h59.44.869,untitled,,2025.1.1,59.99437253389583,2025-10-16 16h59.50.088672 +0530,
Keys,199,4,13,2.0052083333333335,0.1630087000085041,,,,,,,,,,,,13,4,199,13,,,,,39.0100091000204,,38.99804680002853,39.0100091000204,39.0100091000204,39.17842389998259,2.0052083333333335,0.1630087000085041,,,,,,,,,,,,,,,,4,001,2025-10-16_16h59.44.869,untitled,,2025.1.1,59.99437253389583,2025-10-16 16h59.50.088672 +0530,
Case,200,5,13,2.0052083333333335,0.1970679000369273,,,,,,,,,,,,13,5,200,10,,,,,39.19262450002134,,39.181359499983955,39.19262450002134,39.19262450002134,39.39335010002833,2.0052083333333335,0.1970679000369273,,,,,,,,,,,,,,,,4,001,2025-10-16_16h59.44.869,untitled,,2025.1.1,59.99437253389583,2025-10-16 16h59.50.088672 +0530,
mouse,201,6,13,2.0052083333333335,0.1636152000282891,,,,,,,,,,,,13,6,201,8,,,,,39.409751900006086,,39.39784079999663,39.409751900006086,39.409751900006086,39.57723250001436,2.0052083333333335,0.1636152000282891,,,,,,,,,,,,,,,,4,001,2025-10-16_16h59.44.869,untitled,,2025.1.1,59.99437253389583,2025-10-16 16h59.50.088672 +0530,
Police,202,7,13,2.0052083333333335,0.1635332999867387,,,,,,,,,,,,13,7,202,12,,,,,39.59233800001675,,39.580541600007564,39.59233800001675,39.59233800001675,39.761014899995644,2.0052083333333335,0.1635332999867387,,,,,,,,,,,,,,,,4,001,2025-10-16_16h59.44.869,untitled,,2025.1.1,59.99437253389583,2025-10-16 16h59.50.088672 +0530,
phone,203,8,13,2.0052083333333335,0.19702740001957864,,,,,,,,,,,,13,8,203,2,,,,,39.77585440000985,,39.76382039999589,39.77585440000985,39.77585440000985,39.97731119999662,2.0052083333333335,0.19702740001957864,,,,,,,,,,,,,,,,4,001,2025-10-16_16h59.44.869,untitled,,2025.1.1,59.99437253389583,2025-10-16 16h59.50.088672 +0530,
Chart,204,9,13,2.0052083333333335,0.18037110002478585,,,,,,,,,,,,13,9,204,6,,,,,39.992212900018785,,39.98042149998946,39.992212900018785,39.992212900018785,40.1792306000134,2.0052083333333335,0.18037110002478585,,,,,,,,,,,,,,,,4,001,2025-10-16_16h59.44.869,untitled,,2025.1.1,59.99437253389583,2025-10-16 16h59.50.088672 +0530,
Poster,205,10,13,2.0052083333333335,0.162492600036785,,,,,,,,,,,,13,10,205,14,,,,,40.192983700020704,,40.182242800015956,40.192983700020704,40.192983700020704,40.36017330002505,2.0052083333333335,0.162492600036785,,,,,,,,,,,,,,,,4,001,2025-10-16_16h59.44.869,untitled,,2025.1.1,59.99437253389583,2025-10-16 16h59.50.088672 +0530,
Laptop,206,11,13,2.0052083333333335,0.1814808999770321,,,,,,,,,,,,13,11,206,5,,,,,40.3756225000252,,40.36307379999198,40.3756225000252,40.3756225000252,40.56066760001704,2.0052083333333335,0.1814808999770321,,,,,,,,,,,,,,,,4,001,2025-10-16_16h59.44.869,untitled,,2025.1.1,59.99437253389583,2025-10-16 16h59.50.088672 +0530,
T-shirt,207,12,13,2.0052083333333335,0.18207639997126535,,,,,,,,,,,,13,12,207,7,,,,,40.575833400012925,,40.56354449997889,40.575833400012925,40.575833400012925,40.76188930001808,2.0052083333333335,0.18207639997126535,,,,,,,,,,,,,,,,4,001,2025-10-16_16h59.44.869,untitled,,2025.1.1,59.99437253389583,2025-10-16 16h59.50.088672 +0530,
Cruise,208,13,13,2.0052083333333335,0.1624559000483714,,,,,,,,,,,,13,13,208,11,,,,,40.77595919999294,,40.765074599999934,40.77595919999294,40.77595919999294,40.94693700002972,2.0052083333333335,0.1624559000483714,,,,,,,,,,,,,,,,4,001,2025-10-16_16h59.44.869,untitled,,2025.1.1,59.99437253389583,2025-10-16 16h59.50.088672 +0530,
marble,209,14,13,2.0052083333333335,0.21232679998502135,,,,,,,,,,,,13,14,209,3,,,,,40.97654409997631,,40.94978550000815,40.97654409997631,40.97654409997631,41.17813610000303,2.0052083333333335,0.21232679998502135,,,,,,,,,,,,,,,,4,001,2025-10-16_16h59.44.869,untitled,,2025.1.1,59.99437253389583,2025-10-16 16h59.50.088672 +0530,
Laptop,210,0,14,2.0052083333333335,0.18087219999870285,,,,,,,,,,,,14,0,210,5,,,,,41.19302649999736,,41.18104430002859,41.19302649999736,41.19302649999736,41.37659810000332,2.0052083333333335,0.18087219999870285,,,,,,,,,,,,,,,,4,001,2025-10-16_16h59.44.869,untitled,,2025.1.1,59.99437253389583,2025-10-16 16h59.50.088672 +0530,
Keys,211,1,14,2.0052083333333335,0.1811384999891743,,,,,,,,,,,,14,1,211,13,,,,,41.39266720000887,,41.37957049999386,41.39266720000887,41.39266720000887,41.5773138999939,2.0052083333333335,0.1811384999891743,,,,,,,,,,,,,,,,4,001,2025-10-16_16h59.44.869,untitled,,2025.1.1,59.99437253389583,2025-10-16 16h59.50.088672 +0530,
Police,212,2,14,2.0052083333333335,0.16423420002683997,,,,,,,,,,,,14,2,212,12,,,,,41.59282700001495,,41.580380800005514,41.59282700001495,41.59282700001495,41.760502099990845,2.0052083333333335,0.16423420002683997,,,,,,,,,,,,,,,,4,001,2025-10-16_16h59.44.869,untitled,,2025.1.1,59.99437253389583,2025-10-16 16h59.50.088672 +0530,
board,213,3,14,2.0052083333333335,0.18278770003234968,,,,,,,,,,,,14,3,213,4,,,,,41.777398800011724,,41.76338279998163,41.777398800011724,41.777398800011724,41.96022050001193,2.0052083333333335,0.18278770003234968,,,,,,,,,,,,,,,,4,001,2025-10-16_16h59.44.869,untitled,,2025.1.1,59.99437253389583,2025-10-16 16h59.50.088672 +0530,
Pastry,214,4,14,2.0052083333333335,0.16481659997953102,,,,,,,,,,,,14,4,214,9,,,,,41.975639100011904,,41.96305670001311,41.975639100011904,41.975639100011904,42.14373010001145,2.0052083333333335,0.16481659997953102,,,,,,,,,,,,,,,,4,001,2025-10-16_16h59.44.869,untitled,,2025.1.1,59.99437253389583,2025-10-16 16h59.50.088672 +0530,
Cruise,215,5,14,2.0052083333333335,0.19826839998131618,,,,,,,,,,,,14,5,215,11,,,,,42.15914379997412,,42.1465726000024,42.15914379997412,42.15914379997412,42.3603385000024,2.0052083333333335,0.19826839998131618,,,,,,,,,,,,,,,,4,001,2025-10-16_16h59.44.869,untitled,,2025.1.1,59.99437253389583,2025-10-16 16h59.50.088672 +0530,
Poster,216,6,14,2.0052083333333335,0.18107450002571568,,,,,,,,,,,,14,6,216,14,,,,,42.37624900002265,,42.36366500001168,42.37624900002265,42.37624900002265,42.56086339999456,2.0052083333333335,0.18107450002571568,,,,,,,,,,,,,,,,4,001,2025-10-16_16h59.44.869,untitled,,2025.1.1,59.99437253389583,2025-10-16 16h59.50.088672 +0530,
marble,217,7,14,2.0052083333333335,0.19698870001593605,,,,,,,,,,,,14,7,217,3,,,,,42.576367800007574,,42.56381229998078,42.576367800007574,42.576367800007574,42.77725460001966,2.0052083333333335,0.19698870001593605,,,,,,,,,,,,,,,,4,001,2025-10-16_16h59.44.869,untitled,,2025.1.1,59.99437253389583,2025-10-16 16h59.50.088672 +0530,
book,218,8,14,2.0052083333333335,0.1653274000273086,,,,,,,,,,,,14,8,218,0,,,,,42.79246169998078,,42.780794200021774,42.79246169998078,42.79246169998078,42.96011919999728,2.0052083333333335,0.1653274000273086,,,,,,,,,,,,,,,,4,001,2025-10-16_16h59.44.869,untitled,,2025.1.1,59.99437253389583,2025-10-16 16h59.50.088672 +0530,
Case,219,9,14,2.0052083333333335,0.182360399980098,,,,,,,,,,,,14,9,219,10,,,,,42.97642449999694,,42.96286670002155,42.97642449999694,42.97642449999694,43.15999600000214,2.0052083333333335,0.182360399980098,,,,,,,,,,,,,,,,4,001,2025-10-16_16h59.44.869,untitled,,2025.1.1,59.99437253389583,2025-10-16 16h59.50.088672 +0530,
mouse,220,10,14,2.0052083333333335,0.1821420999476686,,,,,,,,,,,,14,10,220,8,,,,,43.17583520000335,,43.16288279998116,43.17583520000335,43.17583520000335,43.36128369998187,2.0052083333333335,0.1821420999476686,,,,,,,,,,,,,,,,4,001,2025-10-16_16h59.44.869,untitled,,2025.1.1,59.99437253389583,2025-10-16 16h59.50.088672 +0530,
Chart,221,11,14,2.0052083333333335,0.18041939998511225,,,,,,,,,,,,14,11,221,6,,,,,43.376413199992385,,43.3645692000282,43.376413199992385,43.376413199992385,43.560671099985484,2.0052083333333335,0.18041939998511225,,,,,,,,,,,,,,,,4,001,2025-10-16_16h59.44.869,untitled,,2025.1.1,59.99437253389583,2025-10-16 16h59.50.088672 +0530,
T-shirt,222,12,14,2.0052083333333335,0.18038640002487227,,,,,,,,,,,,14,12,222,7,,,,,43.57646070001647,,43.563718800025526,43.57646070001647,43.57646070001647,43.76093839999521,2.0052083333333335,0.18038640002487227,,,,,,,,,,,,,,,,4,001,2025-10-16_16h59.44.869,untitled,,2025.1.1,59.99437253389583,2025-10-16 16h59.50.088672 +0530,
cushion,223,13,14,2.0052083333333335,0.19751019997056574,,,,,,,,,,,,14,13,223,1,,,,,43.77581800002372,,43.76379330002237,43.77581800002372,43.77581800002372,43.97731659997953,2.0052083333333335,0.19751019997056574,,,,,,,,,,,,,,,,4,001,2025-10-16_16h59.44.869,untitled,,2025.1.1,59.99437253389583,2025-10-16 16h59.50.088672 +0530,
phone,224,14,14,2.0052083333333335,0.1800968000316061,,,,,,,,,,,,14,14,224,2,,,,,43.9928558000247,,43.98064460000023,43.9928558000247,43.9928558000247,44.17803529999219,2.0052083333333335,0.1800968000316061,,,,,,,,,,,,,,,,4,001,2025-10-16_16h59.44.869,untitled,,2025.1.1,59.99437253389583,2025-10-16 16h59.50.088672 +0530,
,0,0,0,,,l_pt_p,Laptop,old,laptop,"[np.float64(-0.24869791666666666), np.float64(-0.24869791666666666), np.float64(-0.24869791666666666), np.float64(-0.015625)]","[np.float64(-0.2942708333333333), np.float64(-0.2942708333333333), np.float64(-0.2942708333333333), np.float64(-0.2903645833333333)]","[1, 1, 1, 1]","[0, 0, 0, 0]","[0, 0, 0, 0]","[0.017118999967351556, 0.23383719997946173, 0.45108530001016334, 3.4848856999888085]","[None, None, None, 'submit_text']",,,,,0,0,0,0,44.22556300001452,,,,,,,,44.20975819998421,44.22556300001452,44.22556300001452,44.22556300001452,0.03174049995141104,47.6949464000063,laptop,"[np.float64(-0.24869791666666666), np.float64(-0.24869791666666666), np.float64(-0.24869791666666666), np.float64(-0.015625)]","[np.float64(-0.2942708333333333), np.float64(-0.2942708333333333), np.float64(-0.2942708333333333), np.float64(-0.2903645833333333)]","[1, 1, 1, 1]","[0, 0, 0, 0]","[0, 0, 0, 0]","[0.017118999967351556, 0.23383719997946173, 0.45108530001016334, 3.4848856999888085]","[None, None, None, 'submit_text']",,4,001,2025-10-16_16h59.44.869,untitled,,2025.1.1,59.99437253389583,2025-10-16 16h59.50.088672 +0530,
,1,1,0,,,T_hi_t,Tshirt,old,tshirt,[np.float64(-0.015625)],[np.float64(-0.2903645833333333)],[1],[0],[0],[6.730242700024974],['submit_text'],,,,,0,1,1,2,47.70869240001775,,,,,,,,47.69773740001256,47.70869240001775,47.70869240001775,47.70869240001775,0.0026147000025957823,54.42830030003097,tshirt,[np.float64(-0.015625)],[np.float64(-0.2903645833333333)],[1],[0],[0],[6.730242700024974],['submit_text'],,4,001,2025-10-16_16h59.44.869,untitled,,2025.1.1,59.99437253389583,2025-10-16 16h59.50.088672 +0530,
,2,2,0,,,K_y_,Keys,old,keys,[np.float64(-0.015625)],[np.float64(-0.2903645833333333)],[1],[0],[0],[2.6462079000193626],['submit_text'],,,,,0,2,2,8,54.459373000019696,,,,,,,,54.431160199979786,54.459373000019696,54.459373000019696,54.459373000019696,0.0027040999848395586,57.07771029998548,keys,[np.float64(-0.015625)],[np.float64(-0.2903645833333333)],[1],[0],[0],[2.6462079000193626],['submit_text'],,4,001,2025-10-16_16h59.44.869,untitled,,2025.1.1,59.99437253389583,2025-10-16 16h59.50.088672 +0530,
,3,3,0,,,a_bl,Marble,old,marble,[np.float64(0.0703125)],[np.float64(-0.30078125)],[1],[0],[0],[10.414354300010018],['submit_text'],,,,,0,3,3,11,57.09303699998418,,,,,,,,57.08059129997855,57.09303699998418,57.09303699998418,57.09303699998418,0.0027949000359512866,67.49543369997991,marble,[np.float64(0.0703125)],[np.float64(-0.30078125)],[1],[0],[0],[10.414354300010018],['submit_text'],67.09332139999606,4,001,2025-10-16_16h59.44.869,untitled,,2025.1.1,59.99437253389583,2025-10-16 16h59.50.088672 +0530,
,4,4,0,,,_o_rd,Board,old,board,[np.float64(0.0703125)],[np.float64(-0.30078125)],[1],[0],[0],[3.9960901999729685],['submit_text'],,,,,0,4,4,10,67.52590930002043,,,,,,,,67.49829620000673,67.52590930002043,67.52590930002043,67.52590930002043,0.0026946000289171934,71.49474069999997,board,[np.float64(0.0703125)],[np.float64(-0.30078125)],[1],[0],[0],[3.9960901999729685],['submit_text'],,4,001,2025-10-16_16h59.44.869,untitled,,2025.1.1,59.99437253389583,2025-10-16 16h59.50.088672 +0530,
,5,5,0,,,c_s_io_,Cushion,old,cushion,[np.float64(0.0703125)],[np.float64(-0.30078125)],[1],[0],[0],[2.8616356999846175],['submit_text'],,,,,0,5,5,14,71.52626349998172,,,,,,,,71.49874790001195,71.52626349998172,71.52626349998172,71.52626349998172,0.0038933000178076327,74.36083640001016,cushion,[np.float64(0.0703125)],[np.float64(-0.30078125)],[1],[0],[0],[2.8616356999846175],['submit_text'],,4,001,2025-10-16_16h59.44.869,untitled,,2025.1.1,59.99437253389583,2025-10-16 16h59.50.088672 +0530,
,6,6,0,,,ru_is,Cruise,old,,[np.float64(0.0703125)],[np.float64(-0.30078125)],[1],[0],[0],[6.229054800001904],['submit_text'],,,,,0,6,6,6,74.39254299999448,,,,,,,,74.36460879998049,74.39254299999448,74.39254299999448,74.39254299999448,0.0036518999841064215,80.59405130002415,,[np.float64(0.0703125)],[np.float64(-0.30078125)],[1],[0],[0],[6.229054800001904],['submit_text'],,4,001,2025-10-16_16h59.44.869,untitled,,2025.1.1,59.99437253389583,2025-10-16 16h59.50.088672 +0530,
,7,7,0,,,_ho_e,Phone,old,,[np.float64(0.0703125)],[np.float64(-0.30078125)],[1],[0],[0],[17.645941499969922],['submit_text'],,,,,0,7,7,12,80.6253899000003,,,,,,,,80.59682069998235,80.6253899000003,80.6253899000003,80.6253899000003,0.002633799973409623,98.24309659999562,,[np.float64(0.0703125)],[np.float64(-0.30078125)],[1],[0],[0],[17.645941499969922],['submit_text'],90.62621979997493,4,001,2025-10-16_16h59.44.869,untitled,,2025.1.1,59.99437253389583,2025-10-16 16h59.50.088672 +0530,
,8,8,0,,,oo,Book,old,book,[np.float64(0.0703125)],[np.float64(-0.30078125)],[1],[0],[0],[2.5643154000281356],['submit_text'],,,,,0,8,8,13,98.25829869997688,,,,,,,,98.24598160001915,98.25829869997688,98.25829869997688,98.25829869997688,0.0027510999934747815,100.81067069998244,book,[np.float64(0.0703125)],[np.float64(-0.30078125)],[1],[0],[0],[2.5643154000281356],['submit_text'],,4,001,2025-10-16_16h59.44.869,untitled,,2025.1.1,59.99437253389583,2025-10-16 16h59.50.088672 +0530,
,9,9,0,,,c_s_,Case,old,case,[np.float64(0.0703125)],[np.float64(-0.30078125)],[1],[0],[0],[2.796701800019946],['submit_text'],,,,,0,9,9,5,100.84039239998674,,,,,,,,100.81309359997977,100.84039239998674,100.84039239998674,100.84039239998674,0.0022797000128775835,103.6101821999764,case,[np.float64(0.0703125)],[np.float64(-0.30078125)],[1],[0],[0],[2.796701800019946],['submit_text'],,4,001,2025-10-16_16h59.44.869,untitled,,2025.1.1,59.99437253389583,2025-10-16 16h59.50.088672 +0530,
,10,10,0,,,c_m_ra,Camera,new,camera,[np.float64(0.0703125)],[np.float64(-0.30078125)],[1],[0],[0],[2.7123445000033826],['submit_text'],,,,,0,10,10,19,103.64115949999541,,,,,,,,103.61298510001507,103.64115949999541,103.64115949999541,103.64115949999541,0.0026643999735824764,106.32573689997662,camera,[np.float64(0.0703125)],[np.float64(-0.30078125)],[1],[0],[0],[2.7123445000033826],['submit_text'],,4,001,2025-10-16_16h59.44.869,untitled,,2025.1.1,59.99437253389583,2025-10-16 16h59.50.088672 +0530,
,11,11,0,,,_ha_t,Chart,old,chart,[np.float64(0.0703125)],[np.float64(-0.30078125)],[1],[0],[0],[3.380843500024639],['submit_text'],,,,,0,11,11,1,106.34135130001232,,,,,,,,106.32852909999201,106.34135130001232,106.34135130001232,106.34135130001232,0.0026492999750189483,109.70980090001831,chart,[np.float64(0.0703125)],[np.float64(-0.30078125)],[1],[0],[0],[3.380843500024639],['submit_text'],,4,001,2025-10-16_16h59.44.869,untitled,,2025.1.1,59.99437253389583,2025-10-16 16h59.50.088672 +0530,
,12,12,0,,,P_li_e,Police,old,police,[np.float64(0.0703125)],[np.float64(-0.30078125)],[1],[0],[0],[2.9299941000062972],['submit_text'],,,,,0,12,12,7,109.74082730000373,,,,,,,,109.71281450003153,109.74082730000373,109.74082730000373,109.74082730000373,0.0028814999968744814,112.6431957000168,police,[np.float64(0.0703125)],[np.float64(-0.30078125)],[1],[0],[0],[2.9299941000062972],['submit_text'],,4,001,2025-10-16_16h59.44.869,untitled,,2025.1.1,59.99437253389583,2025-10-16 16h59.50.088672 +0530,
,13,13,0,,,P_st_r,Poster,old,poster,[np.float64(0.0703125)],[np.float64(-0.30078125)],[1],[0],[0],[4.862248199991882],['submit_text'],,,,,0,13,13,9,112.67431179998675,,,,,,,,112.64680480002426,112.67431179998675,112.67431179998675,112.67431179998675,0.00345209997612983,117.5095183000085,poster,[np.float64(0.0703125)],[np.float64(-0.30078125)],[1],[0],[0],[4.862248199991882],['submit_text'],,4,001,2025-10-16_16h59.44.869,untitled,,2025.1.1,59.99437253389583,2025-10-16 16h59.50.088672 +0530,
,14,14,0,,,ta_l_,Table,new,table,[np.float64(0.0703125)],[np.float64(-0.30078125)],[1],[0],[0],[2.545963800046593],['submit_text'],,,,,0,14,14,15,117.54058480000822,,,,,,,,117.51279980002437,117.54058480000822,117.54058480000822,117.54058480000822,0.003159700019750744,120.05922599998303,table,[np.float64(0.0703125)],[np.float64(-0.30078125)],[1],[0],[0],[2.545963800046593],['submit_text'],,4,001,2025-10-16_16h59.44.869,untitled,,2025.1.1,59.99437253389583,2025-10-16 16h59.50.088672 +0530,
,15,15,0,,,P_as_tr_,Pastry,old,pastry,[np.float64(0.0703125)],[np.float64(-0.30078125)],[1],[0],[0],[5.862388699955773],['submit_text'],,,,,0,15,15,4,120.07402360002743,,,,,,,,120.06209339998895,120.07402360002743,120.07402360002743,120.07402360002743,0.0027545999619178474,125.92483480001101,pastry,[np.float64(0.0703125)],[np.float64(-0.30078125)],[1],[0],[0],[5.862388699955773],['submit_text'],,4,001,2025-10-16_16h59.44.869,untitled,,2025.1.1,59.99437253389583,2025-10-16 16h59.50.088672 +0530,
,16,16,0,,,_ou_se,mouse,old,mouse,[np.float64(0.0703125)],[np.float64(-0.30078125)],[1],[0],[0],[2.564644199970644],['submit_text'],,,,,0,16,16,3,125.94102389999898,,,,,,,,125.92715529998532,125.94102389999898,125.94102389999898,125.94102389999898,0.0022031000116840005,128.4922252999968,mouse,[np.float64(0.0703125)],[np.float64(-0.30078125)],[1],[0],[0],[2.564644199970644],['submit_text'],,4,001,2025-10-16_16h59.44.869,untitled,,2025.1.1,59.99437253389583,2025-10-16 16h59.50.088672 +0530,
,17,17,0,,,p_nc_l,Pencil,new,pencil,[np.float64(0.0703125)],[np.float64(-0.30078125)],[1],[0],[0],[2.6303086999687366],['submit_text'],,,,,0,17,17,16,128.5241449000314,,,,,,,,128.4953894999926,128.5241449000314,128.5241449000314,128.5241449000314,0.0030226000235415995,131.12614619999658,pencil,[np.float64(0.0703125)],[np.float64(-0.30078125)],[1],[0],[0],[2.6303086999687366],['submit_text'],,4,001,2025-10-16_16h59.44.869,untitled,,2025.1.1,59.99437253389583,2025-10-16 16h59.50.088672 +0530,
,18,18,0,,,bo_t_e,Bottle,new,bottle,[np.float64(0.0703125)],[np.float64(-0.30078125)],[1],[0],[0],[3.445397600007709],['submit_text'],,,,,0,18,18,18,131.1563152000308,,,,,,,,131.12961200001882,131.1563152000308,131.1563152000308,131.1563152000308,0.0033660000190138817,134.57557609997457,bottle,[np.float64(0.0703125)],[np.float64(-0.30078125)],[1],[0],[0],[3.445397600007709],['submit_text'],,4,001,2025-10-16_16h59.44.869,untitled,,2025.1.1,59.99437253389583,2025-10-16 16h59.50.088672 +0530,
,19,19,0,,,v_s_,Vase,new,vase,[np.float64(0.0703125)],[np.float64(-0.30078125)],[1],[0],[0],[2.3476816000184044],['submit_text'],,,,,0,19,19,17,134.6224822999793,,,,,,,,134.59576090000337,134.6224822999793,134.6224822999793,134.6224822999793,0.020071999984793365,136.9439642999787,vase,[np.float64(0.0703125)],[np.float64(-0.30078125)],[1],[0],[0],[2.3476816000184044],['submit_text'],,4,001,2025-10-16_16h59.44.869,untitled,,2025.1.1,59.99437253389583,2025-10-16 16h59.50.088672 +0530,
,20,0,1,,,bo_t_e,Bottle,new,bottle,[np.float64(0.0703125)],[np.float64(-0.30078125)],[1],[0],[0],[2.9445674999733455],['submit_text'],,,,,1,0,20,18,136.97300659999019,,,,,,,,136.94681609998224,136.97300659999019,136.97300659999019,136.97300659999019,0.0027088000206276774,139.89184870000463,bottle,[np.float64(0.0703125)],[np.float64(-0.30078125)],[1],[0],[0],[2.9445674999733455],['submit_text'],,4,001,2025-10-16_16h59.44.869,untitled,,2025.1.1,59.99437253389583,2025-10-16 16h59.50.088672 +0530,
,21,1,1,,,c_s_io_,Cushion,old,cushion,[np.float64(0.0703125)],[np.float64(-0.30078125)],[1],[0],[0],[3.3461933999788016],['submit_text'],,,,,1,1,21,14,139.9223340000026,,,,,,,,139.895048699982,139.9223340000026,139.9223340000026,139.9223340000026,0.003057299996726215,143.2417336999788,cushion,[np.float64(0.0703125)],[np.float64(-0.30078125)],[1],[0],[0],[3.3461933999788016],['submit_text'],,4,001,2025-10-16_16h59.44.869,untitled,,2025.1.1,59.99437253389583,2025-10-16 16h59.50.088672 +0530,
,22,2,1,,,_ho_e,Phone,old,horse,[np.float64(0.0703125)],[np.float64(-0.30078125)],[1],[0],[0],[6.979127599974163],['submit_text'],,,,,1,2,22,12,143.273131199996,,,,,,,,143.24487519997638,143.273131199996,143.273131199996,143.273131199996,0.0030052000074647367,150.22448480001185,horse,[np.float64(0.0703125)],[np.float64(-0.30078125)],[1],[0],[0],[6.979127599974163],['submit_text'],,4,001,2025-10-16_16h59.44.869,untitled,,2025.1.1,59.99437253389583,2025-10-16 16h59.50.088672 +0530,
,23,3,1,,,l_pt_p,Laptop,old,laptop,[np.float64(0.0703125)],[np.float64(-0.30078125)],[1],[0],[0],[4.196192200004589],['submit_text'],,,,,1,3,23,0,150.2394118999946,,,,,,,,150.22733939997852,150.2394118999946,150.2394118999946,150.2394118999946,0.0027182999765500426,154.42402620002395,laptop,[np.float64(0.0703125)],[np.float64(-0.30078125)],[1],[0],[0],[4.196192200004589],['submit_text'],,4,001,2025-10-16_16h59.44.869,untitled,,2025.1.1,59.99437253389583,2025-10-16 16h59.50.088672 +0530,
,24,4,1,,,v_s_,Vase,new,vase,[np.float64(0.0703125)],[np.float64(-0.30078125)],[1],[0],[0],[3.0131921999854967],['submit_text'],,,,,1,4,24,17,154.45486719999462,,,,,,,,154.42732770001749,154.45486719999462,154.45486719999462,154.45486719999462,0.0031775999814271927,157.44106959999772,vase,[np.float64(0.0703125)],[np.float64(-0.30078125)],[1],[0],[0],[3.0131921999854967],['submit_text'],,4,001,2025-10-16_16h59.44.869,untitled,,2025.1.1,59.99437253389583,2025-10-16 16h59.50.088672 +0530,
,25,5,1,,,P_st_r,Poster,old,poster,[np.float64(0.0703125)],[np.float64(-0.30078125)],[1],[0],[0],[3.612023700028658],['submit_text'],,,,,1,5,25,9,157.47212890000083,,,,,,,,157.44451810000464,157.47212890000083,157.47212890000083,157.47212890000083,0.003322900040075183,161.05710229999386,poster,[np.float64(0.0703125)],[np.float64(-0.30078125)],[1],[0],[0],[3.612023700028658],['submit_text'],,4,001,2025-10-16_16h59.44.869,untitled,,2025.1.1,59.99437253389583,2025-10-16 16h59.50.088672 +0530,
,26,6,1,,,_ou_se,mouse,old,mouse,[np.float64(0.0703125)],[np.float64(-0.30078125)],[1],[0],[0],[2.997129200026393],['submit_text'],,,,,1,6,26,3,161.08779939997476,,,,,,,,161.06001810001908,161.08779939997476,161.08779939997476,161.08779939997476,0.002775200002361089,164.05771919997642,mouse,[np.float64(0.0703125)],[np.float64(-0.30078125)],[1],[0],[0],[2.997129200026393],['submit_text'],,4,001,2025-10-16_16h59.44.869,untitled,,2025.1.1,59.99437253389583,2025-10-16 16h59.50.088672 +0530,
,27,7,1,,,P_li_e,Police,old,police,[np.float64(0.0703125)],[np.float64(-0.30078125)],[1],[0],[0],[2.595536799984984],['submit_text'],,,,,1,7,27,7,164.0728811000008,,,,,,,,164.06092610000633,164.0728811000008,164.0728811000008,164.0728811000008,0.0030663999496027827,166.65705500001786,police,[np.float64(0.0703125)],[np.float64(-0.30078125)],[1],[0],[0],[2.595536799984984],['submit_text'],,4,001,2025-10-16_16h59.44.869,untitled,,2025.1.1,59.99437253389583,2025-10-16 16h59.50.088672 +0530,
,28,8,1,,,a_bl,Marble,old,table,[np.float64(0.0703125)],[np.float64(-0.30078125)],[1],[0],[0],[2.8131969000096433],['submit_text'],,,,,1,8,28,11,166.67195940000238,,,,,,,,166.65972579998197,166.67195940000238,166.67195940000238,166.67195940000238,0.0024674999876879156,169.47356730001047,table,[np.float64(0.0703125)],[np.float64(-0.30078125)],[1],[0],[0],[2.8131969000096433],['submit_text'],,4,001,2025-10-16_16h59.44.869,untitled,,2025.1.1,59.99437253389583,2025-10-16 16h59.50.088672 +0530,
,29,9,1,,,P_as_tr_,Pastry,old,pastry,[np.float64(0.0703125)],[np.float64(-0.30078125)],[1],[0],[0],[3.062991599959787],['submit_text'],,,,,1,9,29,4,169.5046704999986,,,,,,,,169.47703850001562,169.5046704999986,169.5046704999986,169.5046704999986,0.0033158999867737293,172.54059889999917,pastry,[np.float64(0.0703125)],[np.float64(-0.30078125)],[1],[0],[0],[3.062991599959787],['submit_text'],,4,001,2025-10-16_16h59.44.869,untitled,,2025.1.1,59.99437253389583,2025-10-16 16h59.50.088672 +0530,
,30,10,1,,,_ha_t,Chart,old,chart,[np.float64(0.0703125)],[np.float64(-0.30078125)],[1],[0],[0],[2.663716100039892],['submit_text'],,,,,1,10,30,1,172.57161610003095,,,,,,,,172.54340580001008,172.57161610003095,172.57161610003095,172.57161610003095,0.0026505999849177897,175.2076627999777,chart,[np.float64(0.0703125)],[np.float64(-0.30078125)],[1],[0],[0],[2.663716100039892],['submit_text'],,4,001,2025-10-16_16h59.44.869,untitled,,2025.1.1,59.99437253389583,2025-10-16 16h59.50.088672 +0530,
,31,11,1,,,ru_is,Cruise,old,,[np.float64(0.0703125)],[np.float64(-0.30078125)],[1],[0],[0],[1.8291607000282966],['submit_text'],,,,,1,11,31,6,175.23765419999836,,,,,,,,175.21050480002305,175.23765419999836,175.23765419999836,175.23765419999836,0.002704799990169704,177.04020290001063,,[np.float64(0.0703125)],[np.float64(-0.30078125)],[1],[0],[0],[1.8291607000282966],['submit_text'],,4,001,2025-10-16_16h59.44.869,untitled,,2025.1.1,59.99437253389583,2025-10-16 16h59.50.088672 +0530,
,32,12,1,,,c_m_ra,Camera,new,camera,[np.float64(0.0703125)],[np.float64(-0.30078125)],[1],[0],[0],[3.080407700035721],['submit_text'],,,,,1,12,32,19,177.05487110000104,,,,,,,,177.0431936000241,177.05487110000104,177.05487110000104,177.05487110000104,0.002861600019969046,180.12411660002545,camera,[np.float64(0.0703125)],[np.float64(-0.30078125)],[1],[0],[0],[3.080407700035721],['submit_text'],,4,001,2025-10-16_16h59.44.869,untitled,,2025.1.1,59.99437253389583,2025-10-16 16h59.50.088672 +0530,
,33,13,1,,,c_s_,Case,old,case,[np.float64(0.0703125)],[np.float64(-0.30078125)],[1],[0],[0],[2.679281099990476],['submit_text'],,,,,1,13,33,5,180.15395710000303,,,,,,,,180.1265411999775,180.15395710000303,180.15395710000303,180.15395710000303,0.0023030000156722963,182.80632799997693,case,[np.float64(0.0703125)],[np.float64(-0.30078125)],[1],[0],[0],[2.679281099990476],['submit_text'],,4,001,2025-10-16_16h59.44.869,untitled,,2025.1.1,59.99437253389583,2025-10-16 16h59.50.088672 +0530,
,34,14,1,,,p_nc_l,Pencil,new,pencil,[np.float64(0.0703125)],[np.float64(-0.30078125)],[1],[0],[0],[2.997156099998392],['submit_text'],,,,,1,14,34,16,182.83751059998758,,,,,,,,182.80934889998753,182.83751059998758,182.83751059998758,182.83751059998758,0.0029052000027149916,185.80708679999225,pencil,[np.float64(0.0703125)],[np.float64(-0.30078125)],[1],[0],[0],[2.997156099998392],['submit_text'],,4,001,2025-10-16_16h59.44.869,untitled,,2025.1.1,59.99437253389583,2025-10-16 16h59.50.088672 +0530,
,35,15,1,,,T_hi_t,Tshirt,old,tshirt,[np.float64(0.0703125)],[np.float64(-0.30078125)],[1],[0],[0],[5.64554630004568],['submit_text'],,,,,1,15,35,2,185.83753030002117,,,,,,,,185.81014110002434,185.83753030002117,185.83753030002117,185.83753030002117,0.0029209000058472157,191.45629190001637,tshirt,[np.float64(0.0703125)],[np.float64(-0.30078125)],[1],[0],[0],[5.64554630004568],['submit_text'],,4,001,2025-10-16_16h59.44.869,untitled,,2025.1.1,59.99437253389583,2025-10-16 16h59.50.088672 +0530,
,36,16,1,,,_o_rd,Board,old,board,[np.float64(0.0703125)],[np.float64(-0.30078125)],[1],[0],[0],[5.146888800023589],['submit_text'],,,,,1,16,36,10,191.48775329999626,,,,,,,,191.4591092999908,191.48775329999626,191.48775329999626,191.48775329999626,0.0026793000288307667,196.60652859997936,board,[np.float64(0.0703125)],[np.float64(-0.30078125)],[1],[0],[0],[5.146888800023589],['submit_text'],,4,001,2025-10-16_16h59.44.869,untitled,,2025.1.1,59.99437253389583,2025-10-16 16h59.50.088672 +0530,
,37,17,1,,,ta_l_,Table,new,table,[np.float64(0.0703125)],[np.float64(-0.30078125)],[1],[0],[0],[2.396353599964641],['submit_text'],,,,,1,17,37,15,196.6366070000222,,,,,,,,196.60972589999437,196.6366070000222,196.6366070000222,196.6366070000222,0.0030944000463932753,199.0067380000255,table,[np.float64(0.0703125)],[np.float64(-0.30078125)],[1],[0],[0],[2.396353599964641],['submit_text'],,4,001,2025-10-16_16h59.44.869,untitled,,2025.1.1,59.99437253389583,2025-10-16 16h59.50.088672 +0530,
,38,18,1,,,oo,Book,old,book,[np.float64(0.0703125)],[np.float64(-0.30078125)],[1],[0],[0],[3.2462457999936305],['submit_text'],,,,,1,18,38,13,199.0366824999801,,,,,,,,199.00926279998384,199.0366824999801,199.0366824999801,199.0366824999801,0.0023878999636508524,202.25610739999684,book,[np.float64(0.0703125)],[np.float64(-0.30078125)],[1],[0],[0],[3.2462457999936305],['submit_text'],,4,001,2025-10-16_16h59.44.869,untitled,,2025.1.1,59.99437253389583,2025-10-16 16h59.50.088672 +0530,
,39,19,1,,,K_y_,Keys,old,keys,[np.float64(0.0703125)],[np.float64(-0.30078125)],[1],[0],[0],[2.263458499975968],['submit_text'],,,,,1,19,39,8,202.27089019998675,,,,,,,,202.25882250000723,202.27089019998675,202.27089019998675,202.27089019998675,0.0025650999741628766,204.52283219998935,keys,[np.float64(0.0703125)],[np.float64(-0.30078125)],[1],[0],[0],[2.263458499975968],['submit_text'],,4,001,2025-10-16_16h59.44.869,untitled,,2025.1.1,59.99437253389583,2025-10-16 16h59.50.088672 +0530,
,40,0,2,,,v_s_,Vase,new,vase,[np.float64(0.0703125)],[np.float64(-0.30078125)],[1],[0],[0],[2.3299878000398166],['submit_text'],,,,,2,0,40,17,204.5527561000199,,,,,,,,204.52556899999036,204.5527561000199,204.5527561000199,204.5527561000199,0.0026127000455744565,206.8561909000273,vase,[np.float64(0.0703125)],[np.float64(-0.30078125)],[1],[0],[0],[2.3299878000398166],['submit_text'],,4,001,2025-10-16_16h59.44.869,untitled,,2025.1.1,59.99437253389583,2025-10-16 16h59.50.088672 +0530,
,41,1,2,,,P_st_r,Poster,old,poster,[np.float64(0.0703125)],[np.float64(-0.30078125)],[1],[0],[0],[3.2455506999976933],['submit_text'],,,,,2,1,41,9,206.88653770001838,,,,,,,,206.85900599998422,206.88653770001838,206.88653770001838,206.88653770001838,0.002676700009033084,210.10522520000814,poster,[np.float64(0.0703125)],[np.float64(-0.30078125)],[1],[0],[0],[3.2455506999976933],['submit_text'],,4,001,2025-10-16_16h59.44.869,untitled,,2025.1.1,59.99437253389583,2025-10-16 16h59.50.088672 +0530,
,42,2,2,,,c_m_ra,Camera,new,camera,[np.float64(0.0703125)],[np.float64(-0.30078125)],[1],[0],[0],[3.012738699966576],['submit_text'],,,,,2,2,42,19,210.13650209998013,,,,,,,,210.10857640003087,210.13650209998013,210.13650209998013,210.13650209998013,0.0031561999931000173,213.1218896000064,camera,[np.float64(0.0703125)],[np.float64(-0.30078125)],[1],[0],[0],[3.012738699966576],['submit_text'],,4,001,2025-10-16_16h59.44.869,untitled,,2025.1.1,59.99437253389583,2025-10-16 16h59.50.088672 +0530,
,43,3,2,,,P_as_tr_,Pastry,old,pastry,[np.float64(0.0703125)],[np.float64(-0.30078125)],[1],[0],[0],[3.379757599963341],['submit_text'],,,,,2,3,43,4,213.13696540001547,,,,,,,,213.124743900029,213.13696540001547,213.13696540001547,213.13696540001547,0.002722599951084703,216.50524969998514,pastry,[np.float64(0.0703125)],[np.float64(-0.30078125)],[1],[0],[0],[3.379757599963341],['submit_text'],,4,001,2025-10-16_16h59.44.869,untitled,,2025.1.1,59.99437253389583,2025-10-16 16h59.50.088672 +0530,
,44,4,2,,,K_y_,Keys,old,keys,[np.float64(0.0703125)],[np.float64(-0.30078125)],[1],[0],[0],[2.313546299992595],['submit_text'],,,,,2,4,44,8,216.536282200017,,,,,,,,216.5081662000157,216.536282200017,216.536282200017,216.536282200017,0.0027065000031143427,218.82238450000295,keys,[np.float64(0.0703125)],[np.float64(-0.30078125)],[1],[0],[0],[2.313546299992595],['submit_text'],,4,001,2025-10-16_16h59.44.869,untitled,,2025.1.1,59.99437253389583,2025-10-16 16h59.50.088672 +0530,
,45,5,2,,,_ho_e,Phone,old,,[np.float64(0.0703125)],[np.float64(-0.30078125)],[1],[0],[0],[2.0968599999905564],['submit_text'],,,,,2,5,45,12,218.8531182000297,,,,,,,,218.825213300006,218.8531182000297,218.8531182000297,218.8531182000297,0.0026633000234141946,220.92285360000096,,[np.float64(0.0703125)],[np.float64(-0.30078125)],[1],[0],[0],[2.0968599999905564],['submit_text'],,4,001,2025-10-16_16h59.44.869,untitled,,2025.1.1,59.99437253389583,2025-10-16 16h59.50.088672 +0530,
,46,6,2,,,_ou_se,mouse,old,mouse,[np.float64(0.0703125)],[np.float64(-0.30078125)],[1],[0],[0],[2.9458735999651253],['submit_text'],,,,,2,6,46,3,220.95379729999695,,,,,,,,220.9257911000168,220.95379729999695,220.95379729999695,220.95379729999695,0.0027765000122599304,223.87225459999172,mouse,[np.float64(0.0703125)],[np.float64(-0.30078125)],[1],[0],[0],[2.9458735999651253],['submit_text'],,4,001,2025-10-16_16h59.44.869,untitled,,2025.1.1,59.99437253389583,2025-10-16 16h59.50.088672 +0530,
,47,7,2,,,ru_is,Cruise,old,,[np.float64(0.0703125)],[np.float64(-0.30078125)],[1],[0],[0],[1.3786466000019573],['submit_text'],,,,,2,7,47,6,223.90205179998884,,,,,,,,223.87518650002312,223.90205179998884,223.90205179998884,223.90205179998884,0.0028219999512657523,225.25451050000265,,[np.float64(0.0703125)],[np.float64(-0.30078125)],[1],[0],[0],[1.3786466000019573],['submit_text'],,4,001,2025-10-16_16h59.44.869,untitled,,2025.1.1,59.99437253389583,2025-10-16 16h59.50.088672 +0530,
,48,8,2,,,c_s_io_,Cushion,old,cushion,[np.float64(0.0703125)],[np.float64(-0.30078125)],[1],[0],[0],[2.9136203000089154],['submit_text'],,,,,2,8,48,14,225.2680779999937,,,,,,,,225.25740830000723,225.2680779999937,225.2680779999937,225.2680779999937,0.002744099998380989,228.17170130001614,cushion,[np.float64(0.0703125)],[np.float64(-0.30078125)],[1],[0],[0],[2.9136203000089154],['submit_text'],,4,001,2025-10-16_16h59.44.869,untitled,,2025.1.1,59.99437253389583,2025-10-16 16h59.50.088672 +0530,
,49,9,2,,,p_nc_l,Pencil,new,pencil,[np.float64(0.0703125)],[np.float64(-0.30078125)],[1],[0],[0],[2.6120985000161454],['submit_text'],,,,,2,9,49,16,228.20194250001805,,,,,,,,228.1751077999943,228.20194250001805,228.20194250001805,228.20194250001805,0.003312300017569214,230.7879998999997,pencil,[np.float64(0.0703125)],[np.float64(-0.30078125)],[1],[0],[0],[2.6120985000161454],['submit_text'],,4,001,2025-10-16_16h59.44.869,untitled,,2025.1.1,59.99437253389583,2025-10-16 16h59.50.088672 +0530,
,50,10,2,,,c_s_,Case,old,case,[np.float64(0.0703125)],[np.float64(-0.30078125)],[1],[0],[0],[2.329649800027255],['submit_text'],,,,,2,10,50,5,230.81823119998444,,,,,,,,230.79054359998554,230.81823119998444,230.81823119998444,230.81823119998444,0.0024173000128939748,233.12088449997827,case,[np.float64(0.0703125)],[np.float64(-0.30078125)],[1],[0],[0],[2.329649800027255],['submit_text'],,4,001,2025-10-16_16h59.44.869,untitled,,2025.1.1,59.99437253389583,2025-10-16 16h59.50.088672 +0530,
,51,11,2,,,_ha_t,Chart,old,chart,[np.float64(0.0703125)],[np.float64(-0.30078125)],[1],[0],[0],[3.130425399984233],['submit_text'],,,,,2,11,51,1,233.13649710000027,,,,,,,,233.12374760000966,233.13649710000027,233.13649710000027,233.13649710000027,0.002725199970882386,236.2548003999982,chart,[np.float64(0.0703125)],[np.float64(-0.30078125)],[1],[0],[0],[3.130425399984233],['submit_text'],,4,001,2025-10-16_16h59.44.869,untitled,,2025.1.1,59.99437253389583,2025-10-16 16h59.50.088672 +0530,
,52,12,2,,,oo,Book,old,book,[np.float64(0.0703125)],[np.float64(-0.30078125)],[1],[0],[0],[2.7285227999673225],['submit_text'],,,,,2,12,52,13,236.26954489998752,,,,,,,,236.2571742000291,236.26954489998752,236.26954489998752,236.26954489998752,0.0022600999800488353,238.98623789998237,book,[np.float64(0.0703125)],[np.float64(-0.30078125)],[1],[0],[0],[2.7285227999673225],['submit_text'],,4,001,2025-10-16_16h59.44.869,untitled,,2025.1.1,59.99437253389583,2025-10-16 16h59.50.088672 +0530,
,53,13,2,,,_o_rd,Board,old,board,[np.float64(0.0703125)],[np.float64(-0.30078125)],[1],[0],[0],[6.0984431999968365],['submit_text'],,,,,2,13,53,10,239.00100779999048,,,,,,,,238.9889758999925,239.00100779999048,239.00100779999048,239.00100779999048,0.0026356999878771603,245.08806049998384,board,[np.float64(0.0703125)],[np.float64(-0.30078125)],[1],[0],[0],[6.0984431999968365],['submit_text'],,4,001,2025-10-16_16h59.44.869,untitled,,2025.1.1,59.99437253389583,2025-10-16 16h59.50.088672 +0530,
,54,14,2,,,ta_l_,Table,new,table,[np.float64(0.0703125)],[np.float64(-0.30078125)],[1],[0],[0],[2.479372800036799],['submit_text'],,,,,2,14,54,15,245.11798640002962,,,,,,,,245.09068090002984,245.11798640002962,245.11798640002962,245.11798640002962,0.0025001000030897558,247.5707637000014,table,[np.float64(0.0703125)],[np.float64(-0.30078125)],[1],[0],[0],[2.479372800036799],['submit_text'],,4,001,2025-10-16_16h59.44.869,untitled,,2025.1.1,59.99437253389583,2025-10-16 16h59.50.088672 +0530,
,55,15,2,,,a_bl,Marble,old,table,[np.float64(0.0703125)],[np.float64(-0.30078125)],[1],[0],[0],[2.879557800013572],['submit_text'],,,,,2,15,55,11,247.60235719999764,,,,,,,,247.57351379998727,247.60235719999764,247.60235719999764,247.60235719999764,0.0026345999795012176,250.45399469998665,table,[np.float64(0.0703125)],[np.float64(-0.30078125)],[1],[0],[0],[2.879557800013572],['submit_text'],,4,001,2025-10-16_16h59.44.869,untitled,,2025.1.1,59.99437253389583,2025-10-16 16h59.50.088672 +0530,
,56,16,2,,,l_pt_p,Laptop,old,laptop,[np.float64(0.0703125)],[np.float64(-0.30078125)],[1],[0],[0],[2.4985417000134476],['submit_text'],,,,,2,16,56,0,250.48441370000364,,,,,,,,250.4568914999836,250.48441370000364,250.48441370000364,250.48441370000364,0.002743299992289394,252.95616120001068,laptop,[np.float64(0.0703125)],[np.float64(-0.30078125)],[1],[0],[0],[2.4985417000134476],['submit_text'],,4,001,2025-10-16_16h59.44.869,untitled,,2025.1.1,59.99437253389583,2025-10-16 16h59.50.088672 +0530,
,57,17,2,,,bo_t_e,Bottle,new,bottle,[np.float64(0.0703125)],[np.float64(-0.30078125)],[1],[0],[0],[2.745088699972257],['submit_text'],,,,,2,17,57,18,252.9849987999769,,,,,,,,252.95905830000993,252.9849987999769,252.9849987999769,252.9849987999769,0.0027546000201255083,255.7049855000223,bottle,[np.float64(0.0703125)],[np.float64(-0.30078125)],[1],[0],[0],[2.745088699972257],['submit_text'],,4,001,2025-10-16_16h59.44.869,untitled,,2025.1.1,59.99437253389583,2025-10-16 16h59.50.088672 +0530,
,58,18,2,,,P_li_e,Police,old,police,[np.float64(0.0703125)],[np.float64(-0.30078125)],[1],[0],[0],[2.674965299956966],['submit_text'],,,,,2,18,58,7,255.73423429997638,,,,,,,,255.71101580001414,255.73423429997638,255.73423429997638,255.73423429997638,0.005821400030981749,258.38685760000953,police,[np.float64(0.0703125)],[np.float64(-0.30078125)],[1],[0],[0],[2.674965299956966],['submit_text'],,4,001,2025-10-16_16h59.44.869,untitled,,2025.1.1,59.99437253389583,2025-10-16 16h59.50.088672 +0530,
,59,19,2,,,T_hi_t,Tshirt,old,tshirt,[np.float64(0.0703125)],[np.float64(-0.30078125)],[1],[0],[0],[2.680102000012994],['submit_text'],,,,,2,19,59,2,258.4177872000146,,,,,,,,258.3897351999767,258.4177872000146,258.4177872000146,258.4177872000146,0.0027383999549783766,261.0705679000239,tshirt,[np.float64(0.0703125)],[np.float64(-0.30078125)],[1],[0],[0],[2.680102000012994],['submit_text'],,4,001,2025-10-16_16h59.44.869,untitled,,2025.1.1,59.99437253389583,2025-10-16 16h59.50.088672 +0530,
,60,0,3,,,_ou_se,mouse,old,mouse,[np.float64(0.0703125)],[np.float64(-0.30078125)],[1],[0],[0],[2.562548199959565],['submit_text'],,,,,3,0,60,3,261.10114400001476,,,,,,,,261.0737072000047,261.10114400001476,261.10114400001476,261.10114400001476,0.002895499987062067,263.63703370001167,mouse,[np.float64(0.0703125)],[np.float64(-0.30078125)],[1],[0],[0],[2.562548199959565],['submit_text'],,4,001,2025-10-16_16h59.44.869,untitled,,2025.1.1,59.99437253389583,2025-10-16 16h59.50.088672 +0530,
,61,1,3,,,_o_rd,Board,old,board,[np.float64(0.0703125)],[np.float64(-0.30078125)],[1],[0],[0],[3.5467255000257865],['submit_text'],,,,,3,1,61,10,263.6670413999818,,,,,,,,263.6399086000165,263.6670413999818,263.6670413999818,263.6670413999818,0.002725799975451082,267.1873149999883,board,[np.float64(0.0703125)],[np.float64(-0.30078125)],[1],[0],[0],[3.5467255000257865],['submit_text'],,4,001,2025-10-16_16h59.44.869,untitled,,2025.1.1,59.99437253389583,2025-10-16 16h59.50.088672 +0530,
,62,2,3,,,ru_is,Cruise,old,,[np.float64(0.0703125)],[np.float64(-0.30078125)],[1],[0],[0],[1.2943223000038415],['submit_text'],,,,,3,2,62,6,267.21727359999204,,,,,,,,267.18993190000765,267.21727359999204,267.21727359999204,267.21727359999204,0.0024944000178948045,268.48483849997865,,[np.float64(0.0703125)],[np.float64(-0.30078125)],[1],[0],[0],[1.2943223000038415],['submit_text'],,4,001,2025-10-16_16h59.44.869,untitled,,2025.1.1,59.99437253389583,2025-10-16 16h59.50.088672 +0530,
,63,3,3,,,p_nc_l,Pencil,new,pencil,[np.float64(0.0703125)],[np.float64(-0.30078125)],[1],[0],[0],[9.098601300036535],['submit_text'],,,,,3,3,63,16,268.5001451999997,,,,,,,,268.4874521000311,268.5001451999997,268.5001451999997,268.5001451999997,0.0025035999715328217,277.58682349999435,pencil,[np.float64(0.0703125)],[np.float64(-0.30078125)],[1],[0],[0],[9.098601300036535],['submit_text'],,4,001,2025-10-16_16h59.44.869,untitled,,2025.1.1,59.99437253389583,2025-10-16 16h59.50.088672 +0530,
,64,4,3,,,a_bl,Marble,old,table,[np.float64(0.0703125)],[np.float64(-0.30078125)],[1],[0],[0],[4.028663100034464],['submit_text'],,,,,3,4,64,11,277.6173591000261,,,,,,,,277.589948799985,277.6173591000261,277.6173591000261,277.6173591000261,0.0029861999792046845,281.6193100999808,table,[np.float64(0.0703125)],[np.float64(-0.30078125)],[1],[0],[0],[4.028663100034464],['submit_text'],,4,001,2025-10-16_16h59.44.869,untitled,,2025.1.1,59.99437253389583,2025-10-16 16h59.50.088672 +0530,
,65,5,3,,,c_s_io_,Cushion,old,cushion,[np.float64(0.0703125)],[np.float64(-0.30078125)],[1],[0],[0],[2.8472131000016816],['submit_text'],,,,,3,5,65,14,281.6501924999757,,,,,,,,281.6219849999761,281.6501924999757,281.6501924999757,281.6501924999757,0.002539800014346838,284.4699124000035,cushion,[np.float64(0.0703125)],[np.float64(-0.30078125)],[1],[0],[0],[2.8472131000016816],['submit_text'],,4,001,2025-10-16_16h59.44.869,untitled,,2025.1.1,59.99437253389583,2025-10-16 16h59.50.088672 +0530,
,66,6,3,,,_ha_t,Chart,old,chart,[np.float64(0.0703125)],[np.float64(-0.30078125)],[1],[0],[0],[5.196138700004667],['submit_text'],,,,,3,6,66,1,284.49959060002584,,,,,,,,284.47247759997845,284.49959060002584,284.49959060002584,284.49959060002584,0.0024548000073991716,289.66942089999793,chart,[np.float64(0.0703125)],[np.float64(-0.30078125)],[1],[0],[0],[5.196138700004667],['submit_text'],,4,001,2025-10-16_16h59.44.869,untitled,,2025.1.1,59.99437253389583,2025-10-16 16h59.50.088672 +0530,
,67,7,3,,,c_s_,Case,old,case,[np.float64(0.0703125)],[np.float64(-0.30078125)],[1],[0],[0],[2.6460733999847434],['submit_text'],,,,,3,7,67,5,289.69948379998095,,,,,,,,289.6720811999985,289.69948379998095,289.69948379998095,289.69948379998095,0.0025200999807566404,292.31894550001016,case,[np.float64(0.0703125)],[np.float64(-0.30078125)],[1],[0],[0],[2.6460733999847434],['submit_text'],,4,001,2025-10-16_16h59.44.869,untitled,,2025.1.1,59.99437253389583,2025-10-16 16h59.50.088672 +0530,
,68,8,3,,,P_as_tr_,Pastry,old,pastry,[np.float64(0.0703125)],[np.float64(-0.30078125)],[1],[0],[0],[2.679580399999395],['submit_text'],,,,,3,8,68,4,292.3493813999812,,,,,,,,292.3218557999935,292.3493813999812,292.3493813999812,292.3493813999812,0.0027686000103130937,295.00222979998216,pastry,[np.float64(0.0703125)],[np.float64(-0.30078125)],[1],[0],[0],[2.679580399999395],['submit_text'],,4,001,2025-10-16_16h59.44.869,untitled,,2025.1.1,59.99437253389583,2025-10-16 16h59.50.088672 +0530,
,69,9,3,,,bo_t_e,Bottle,new,bottle,[np.float64(0.0703125)],[np.float64(-0.30078125)],[1],[0],[0],[2.8630761000094935],['submit_text'],,,,,3,9,69,18,295.03279269998893,,,,,,,,295.0051364999963,295.03279269998893,295.03279269998893,295.03279269998893,0.0027729999856092036,297.869080799981,bottle,[np.float64(0.0703125)],[np.float64(-0.30078125)],[1],[0],[0],[2.8630761000094935],['submit_text'],,4,001,2025-10-16_16h59.44.869,untitled,,2025.1.1,59.99437253389583,2025-10-16 16h59.50.088672 +0530,
,70,10,3,,,l_pt_p,Laptop,old,laptop,[np.float64(0.0703125)],[np.float64(-0.30078125)],[1],[0],[0],[2.54518920002738],['submit_text'],,,,,3,10,70,0,297.8993725000182,,,,,,,,297.872588200029,297.8993725000182,297.8993725000182,297.8993725000182,0.0033719000057317317,300.4186816000147,laptop,[np.float64(0.0703125)],[np.float64(-0.30078125)],[1],[0],[0],[2.54518920002738],['submit_text'],,4,001,2025-10-16_16h59.44.869,untitled,,2025.1.1,59.99437253389583,2025-10-16 16h59.50.088672 +0530,
,71,11,3,,,oo,Book,old,book,[np.float64(0.0703125)],[np.float64(-0.30078125)],[1],[0],[0],[3.0802548000356182],['submit_text'],,,,,3,11,71,13,300.44882220000727,,,,,,,,300.42169039999135,300.44882220000727,300.44882220000727,300.44882220000727,0.0028962999931536615,303.50292350002564,book,[np.float64(0.0703125)],[np.float64(-0.30078125)],[1],[0],[0],[3.0802548000356182],['submit_text'],,4,001,2025-10-16_16h59.44.869,untitled,,2025.1.1,59.99437253389583,2025-10-16 16h59.50.088672 +0530,
,72,12,3,,,ta_l_,Table,new,table,[np.float64(0.0703125)],[np.float64(-0.30078125)],[1],[0],[0],[2.5289858000469394],['submit_text'],,,,,3,12,72,15,303.53221420000773,,,,,,,,303.50584609998623,303.53221420000773,303.53221420000773,303.53221420000773,0.002778800029773265,306.0357845000108,table,[np.float64(0.0703125)],[np.float64(-0.30078125)],[1],[0],[0],[2.5289858000469394],['submit_text'],,4,001,2025-10-16_16h59.44.869,untitled,,2025.1.1,59.99437253389583,2025-10-16 16h59.50.088672 +0530,
,73,13,3,,,P_st_r,Poster,old,poster,[np.float64(0.0703125)],[np.float64(-0.30078125)],[1],[0],[0],[3.3625706000020728],['submit_text'],,,,,3,13,73,9,306.0651165000163,,,,,,,,306.0390191000188,306.0651165000163,306.0651165000163,306.0651165000163,0.002976000017952174,309.40249710000353,poster,[np.float64(0.0703125)],[np.float64(-0.30078125)],[1],[0],[0],[3.3625706000020728],['submit_text'],,4,001,2025-10-16_16h59.44.869,untitled,,2025.1.1,59.99437253389583,2025-10-16 16h59.50.088672 +0530,
,74,14,3,,,c_m_ra,Camera,new,camera,[np.float64(0.0703125)],[np.float64(-0.30078125)],[1],[0],[0],[3.0955008000019006],['submit_text'],,,,,3,14,74,19,309.43193179997616,,,,,,,,309.40536919998704,309.43193179997616,309.43193179997616,309.43193179997616,0.002725500031374395,312.5017281000037,camera,[np.float64(0.0703125)],[np.float64(-0.30078125)],[1],[0],[0],[3.0955008000019006],['submit_text'],,4,001,2025-10-16_16h59.44.869,untitled,,2025.1.1,59.99437253389583,2025-10-16 16h59.50.088672 +0530,
,75,15,3,,,v_s_,Vase,new,vase,[np.float64(0.0703125)],[np.float64(-0.30078125)],[1],[0],[0],[2.3123151000472717],['submit_text'],,,,,3,15,75,17,312.53246560000116,,,,,,,,312.50455190002685,312.53246560000116,312.53246560000116,312.53246560000116,0.0026902000536210835,314.81775849999394,vase,[np.float64(0.0703125)],[np.float64(-0.30078125)],[1],[0],[0],[2.3123151000472717],['submit_text'],,4,001,2025-10-16_16h59.44.869,untitled,,2025.1.1,59.99437253389583,2025-10-16 16h59.50.088672 +0530,
,76,16,3,,,K_y_,Keys,old,keys,[np.float64(0.0703125)],[np.float64(-0.30078125)],[1],[0],[0],[2.313277199980803],['submit_text'],,,,,3,16,76,8,314.84865090000676,,,,,,,,314.8205691999756,314.84865090000676,314.84865090000676,314.84865090000676,0.0026728000375442207,317.134741100017,keys,[np.float64(0.0703125)],[np.float64(-0.30078125)],[1],[0],[0],[2.313277199980803],['submit_text'],,4,001,2025-10-16_16h59.44.869,untitled,,2025.1.1,59.99437253389583,2025-10-16 16h59.50.088672 +0530,
,77,17,3,,,P_li_e,Police,old,police,[np.float64(0.12630208333333334)],[np.float64(-0.2864583333333333)],[1],[0],[0],[14.031089700001758],['submit_text'],,,,,3,17,77,7,317.1502908000257,,,,,,,,317.13764690002427,317.1502908000257,317.1502908000257,317.1502908000257,0.002758899994660169,331.16962810000405,police,[np.float64(0.12630208333333334)],[np.float64(-0.2864583333333333)],[1],[0],[0],[14.031089700001758],['submit_text'],327.1638825000264,4,001,2025-10-16_16h59.44.869,untitled,,2025.1.1,59.99437253389583,2025-10-16 16h59.50.088672 +0530,
,78,18,3,,,T_hi_t,Tshirt,old,tshirt,[np.float64(0.12630208333333334)],[np.float64(-0.2864583333333333)],[1],[0],[0],[3.295259199978318],['submit_text'],,,,,3,18,78,2,331.1987561000278,,,,,,,,331.17252429999644,331.1987561000278,331.1987561000278,331.1987561000278,0.0027814999921247363,334.4688194000046,tshirt,[np.float64(0.12630208333333334)],[np.float64(-0.2864583333333333)],[1],[0],[0],[3.295259199978318],['submit_text'],,4,001,2025-10-16_16h59.44.869,untitled,,2025.1.1,59.99437253389583,2025-10-16 16h59.50.088672 +0530,
,79,19,3,,,_ho_e,Phone,old,horse,[np.float64(0.12630208333333334)],[np.float64(-0.2864583333333333)],[1],[0],[0],[3.1786989999818616],['submit_text'],,,,,3,19,79,12,334.4988662999822,,,,,,,,334.4718645000248,334.4988662999822,334.4988662999822,334.4988662999822,0.0028695999644696712,337.6513851999771,horse,[np.float64(0.12630208333333334)],[np.float64(-0.2864583333333333)],[1],[0],[0],[3.1786989999818616],['submit_text'],,4,001,2025-10-16_16h59.44.869,untitled,,2025.1.1,59.99437253389583,2025-10-16 16h59.50.088672 +0530,
,80,0,4,,,_ha_t,Chart,old,chart,[np.float64(0.12630208333333334)],[np.float64(-0.2864583333333333)],[1],[0],[0],[2.979451199993491],['submit_text'],,,,,4,0,80,1,337.68159729999024,,,,,,,,337.65397849999135,337.68159729999024,337.68159729999024,337.68159729999024,0.002472400024998933,340.63433029997395,chart,[np.float64(0.12630208333333334)],[np.float64(-0.2864583333333333)],[1],[0],[0],[2.979451199993491],['submit_text'],,4,001,2025-10-16_16h59.44.869,untitled,,2025.1.1,59.99437253389583,2025-10-16 16h59.50.088672 +0530,
,81,1,4,,,T_hi_t,Tshirt,old,tshirt,[np.float64(0.12630208333333334)],[np.float64(-0.2864583333333333)],[1],[0],[0],[2.513048799999524],['submit_text'],,,,,4,1,81,2,340.66463359998306,,,,,,,,340.6372108000214,340.66463359998306,340.66463359998306,340.66463359998306,0.0027298000059090555,343.1511789999786,tshirt,[np.float64(0.12630208333333334)],[np.float64(-0.2864583333333333)],[1],[0],[0],[2.513048799999524],['submit_text'],,4,001,2025-10-16_16h59.44.869,untitled,,2025.1.1,59.99437253389583,2025-10-16 16h59.50.088672 +0530,
,82,2,4,,,a_bl,Marble,old,table,[np.float64(0.12630208333333334)],[np.float64(-0.2864583333333333)],[1],[0],[0],[2.880285700026434],['submit_text'],,,,,4,2,82,11,343.18155799998203,,,,,,,,343.153867200017,343.18155799998203,343.18155799998203,343.18155799998203,0.0025449999957345426,346.03504749998683,table,[np.float64(0.12630208333333334)],[np.float64(-0.2864583333333333)],[1],[0],[0],[2.880285700026434],['submit_text'],,4,001,2025-10-16_16h59.44.869,untitled,,2025.1.1,59.99437253389583,2025-10-16 16h59.50.088672 +0530,
,83,3,4,,,ta_l_,Table,new,table,[np.float64(0.12630208333333334)],[np.float64(-0.2864583333333333)],[1],[0],[0],[2.296221200027503],['submit_text'],,,,,4,3,83,15,346.065291100007,,,,,,,,346.03801870002644,346.065291100007,346.065291100007,346.065291100007,0.0028389999642968178,348.3351963000023,table,[np.float64(0.12630208333333334)],[np.float64(-0.2864583333333333)],[1],[0],[0],[2.296221200027503],['submit_text'],,4,001,2025-10-16_16h59.44.869,untitled,,2025.1.1,59.99437253389583,2025-10-16 16h59.50.088672 +0530,
,84,4,4,,,p_nc_l,Pencil,new,pencil,[np.float64(0.12630208333333334)],[np.float64(-0.2864583333333333)],[1],[0],[0],[2.6290875999839045],['submit_text'],,,,,4,4,84,16,348.364594499988,,,,,,,,348.33827320003184,348.364594499988,348.364594499988,348.364594499988,0.002942299994174391,350.96822159999283,pencil,[np.float64(0.12630208333333334)],[np.float64(-0.2864583333333333)],[1],[0],[0],[2.6290875999839045],['submit_text'],,4,001,2025-10-16_16h59.44.869,untitled,,2025.1.1,59.99437253389583,2025-10-16 16h59.50.088672 +0530,
,85,5,4,,,P_li_e,Police,old,police,[np.float64(0.12630208333333334)],[np.float64(-0.2864583333333333)],[1],[0],[0],[3.012403499975335],['submit_text'],,,,,4,5,85,7,350.99798619997455,,,,,,,,350.97129890002543,350.99798619997455,350.99798619997455,350.99798619997455,0.002883100009057671,353.9848939999938,police,[np.float64(0.12630208333333334)],[np.float64(-0.2864583333333333)],[1],[0],[0],[3.012403499975335],['submit_text'],,4,001,2025-10-16_16h59.44.869,untitled,,2025.1.1,59.99437253389583,2025-10-16 16h59.50.088672 +0530,
,86,6,4,,,oo,Book,old,book,[np.float64(0.12630208333333334)],[np.float64(-0.2864583333333333)],[1],[0],[0],[2.5090053000021726],['submit_text'],,,,,4,6,86,13,354.0147423000308,,,,,,,,353.9889753999887,354.0147423000308,354.0147423000308,354.0147423000308,0.0038449999992735684,356.4990873999777,book,[np.float64(0.12630208333333334)],[np.float64(-0.2864583333333333)],[1],[0],[0],[2.5090053000021726],['submit_text'],,4,001,2025-10-16_16h59.44.869,untitled,,2025.1.1,59.99437253389583,2025-10-16 16h59.50.088672 +0530,
,87,7,4,,,bo_t_e,Bottle,new,bottle,[np.float64(0.12630208333333334)],[np.float64(-0.2864583333333333)],[1],[0],[0],[5.948218500008807],['submit_text'],,,,,4,7,87,18,356.5135306000011,,,,,,,,356.5019106999971,356.5135306000011,356.5135306000011,356.5135306000011,0.002638300007674843,362.4511048999848,bottle,[np.float64(0.12630208333333334)],[np.float64(-0.2864583333333333)],[1],[0],[0],[5.948218500008807],['submit_text'],,4,001,2025-10-16_16h59.44.869,untitled,,2025.1.1,59.99437253389583,2025-10-16 16h59.50.088672 +0530,
,88,8,4,,,_ho_e,Phone,old,,[np.float64(0.12630208333333334)],[np.float64(-0.2864583333333333)],[1],[0],[0],[1.496493200014811],['submit_text'],,,,,4,8,88,12,362.4807815999957,,,,,,,,362.45392559998436,362.4807815999957,362.4807815999957,362.4807815999957,0.0026632999652065337,363.95126210001763,,[np.float64(0.12630208333333334)],[np.float64(-0.2864583333333333)],[1],[0],[0],[1.496493200014811],['submit_text'],,4,001,2025-10-16_16h59.44.869,untitled,,2025.1.1,59.99437253389583,2025-10-16 16h59.50.088672 +0530,
,89,9,4,,,v_s_,Vase,new,vase,[np.float64(0.12630208333333334)],[np.float64(-0.2864583333333333)],[1],[0],[0],[2.612699400051497],['submit_text'],,,,,4,9,89,17,363.98046659998363,,,,,,,,363.95342989999335,363.98046659998363,363.98046659998363,363.98046659998363,0.002044999971985817,366.5670795000042,vase,[np.float64(0.12630208333333334)],[np.float64(-0.2864583333333333)],[1],[0],[0],[2.612699400051497],['submit_text'],,4,001,2025-10-16_16h59.44.869,untitled,,2025.1.1,59.99437253389583,2025-10-16 16h59.50.088672 +0530,
,90,10,4,,,_o_rd,Board,old,board,[np.float64(0.12630208333333334)],[np.float64(-0.2864583333333333)],[1],[0],[0],[3.695501799986232],['submit_text'],,,,,4,10,90,10,366.5969817999867,,,,,,,,366.5702878999873,366.5969817999867,366.5969817999867,366.5969817999867,0.0030722999945282936,370.26693189999787,board,[np.float64(0.12630208333333334)],[np.float64(-0.2864583333333333)],[1],[0],[0],[3.695501799986232],['submit_text'],,4,001,2025-10-16_16h59.44.869,untitled,,2025.1.1,59.99437253389583,2025-10-16 16h59.50.088672 +0530,
,91,11,4,,,c_s_,Case,old,case,[np.float64(0.12630208333333334)],[np.float64(-0.2864583333333333)],[1],[0],[0],[2.712892100040335],['submit_text'],,,,,4,11,91,5,370.2970123999985,,,,,,,,370.26960180001333,370.2970123999985,370.2970123999985,370.2970123999985,0.002527699980419129,372.9833623000304,case,[np.float64(0.12630208333333334)],[np.float64(-0.2864583333333333)],[1],[0],[0],[2.712892100040335],['submit_text'],,4,001,2025-10-16_16h59.44.869,untitled,,2025.1.1,59.99437253389583,2025-10-16 16h59.50.088672 +0530,
,92,12,4,,,l_pt_p,Laptop,old,laptop,[np.float64(0.12630208333333334)],[np.float64(-0.2864583333333333)],[1],[0],[0],[2.6454500000108965],['submit_text'],,,,,4,12,92,0,373.01337499998044,,,,,,,,372.9862181000062,373.01337499998044,373.01337499998044,373.01337499998044,0.002745300007518381,375.6326858000248,laptop,[np.float64(0.12630208333333334)],[np.float64(-0.2864583333333333)],[1],[0],[0],[2.6454500000108965],['submit_text'],,4,001,2025-10-16_16h59.44.869,untitled,,2025.1.1,59.99437253389583,2025-10-16 16h59.50.088672 +0530,
,93,13,4,,,ru_is,Cruise,old,,[np.float64(0.12630208333333334)],[np.float64(-0.2864583333333333)],[1],[0],[0],[2.430029899987858],['submit_text'],,,,,4,13,93,6,375.6635398999788,,,,,,,,375.6360086000059,375.6635398999788,375.6635398999788,375.6635398999788,0.003181900014169514,378.0669276000117,,[np.float64(0.12630208333333334)],[np.float64(-0.2864583333333333)],[1],[0],[0],[2.430029899987858],['submit_text'],,4,001,2025-10-16_16h59.44.869,untitled,,2025.1.1,59.99437253389583,2025-10-16 16h59.50.088672 +0530,
,94,14,4,,,P_st_r,Poster,old,poster,[np.float64(0.12630208333333334)],[np.float64(-0.2864583333333333)],[1],[0],[0],[2.779807599959895],['submit_text'],,,,,4,14,94,9,378.09798259998206,,,,,,,,378.0695511000231,378.09798259998206,378.09798259998206,378.09798259998206,0.0024914999958127737,380.8502383999876,poster,[np.float64(0.12630208333333334)],[np.float64(-0.2864583333333333)],[1],[0],[0],[2.779807599959895],['submit_text'],,4,001,2025-10-16_16h59.44.869,untitled,,2025.1.1,59.99437253389583,2025-10-16 16h59.50.088672 +0530,
,95,15,4,,,_ou_se,mouse,old,mouse,[np.float64(0.12630208333333334)],[np.float64(-0.2864583333333333)],[1],[0],[0],[2.629405500018038],['submit_text'],,,,,4,15,95,3,380.8801281999913,,,,,,,,380.8530521999928,380.8801281999913,380.8801281999913,380.8801281999913,0.0026983999996446073,383.48346620000666,mouse,[np.float64(0.12630208333333334)],[np.float64(-0.2864583333333333)],[1],[0],[0],[2.629405500018038],['submit_text'],,4,001,2025-10-16_16h59.44.869,untitled,,2025.1.1,59.99437253389583,2025-10-16 16h59.50.088672 +0530,
,96,16,4,,,c_s_io_,Cushion,old,cushion,[np.float64(0.12630208333333334)],[np.float64(-0.2864583333333333)],[1],[0],[0],[2.811561000009533],['submit_text'],,,,,4,16,96,14,383.51358530001016,,,,,,,,383.4867762000067,383.51358530001016,383.51358530001016,383.51358530001016,0.0031754999654367566,386.29936170001747,cushion,[np.float64(0.12630208333333334)],[np.float64(-0.2864583333333333)],[1],[0],[0],[2.811561000009533],['submit_text'],,4,001,2025-10-16_16h59.44.869,untitled,,2025.1.1,59.99437253389583,2025-10-16 16h59.50.088672 +0530,
,97,17,4,,,K_y_,Keys,old,keys,[np.float64(0.12630208333333334)],[np.float64(-0.2864583333333333)],[1],[0],[0],[2.2139339999994263],['submit_text'],,,,,4,17,97,8,386.32966579997446,,,,,,,,386.30236480000895,386.32966579997446,386.32966579997446,386.32966579997446,0.002882000000681728,388.5173709000228,keys,[np.float64(0.12630208333333334)],[np.float64(-0.2864583333333333)],[1],[0],[0],[2.2139339999994263],['submit_text'],,4,001,2025-10-16_16h59.44.869,untitled,,2025.1.1,59.99437253389583,2025-10-16 16h59.50.088672 +0530,
,98,18,4,,,P_as_tr_,Pastry,old,pastry,[np.float64(0.12630208333333334)],[np.float64(-0.2864583333333333)],[1],[0],[0],[3.06112219998613],['submit_text'],,,,,4,18,98,4,388.54591470002197,,,,,,,,388.52053420001175,388.54591470002197,388.54591470002197,388.54591470002197,0.003033400047570467,391.58261450001737,pastry,[np.float64(0.12630208333333334)],[np.float64(-0.2864583333333333)],[1],[0],[0],[3.06112219998613],['submit_text'],,4,001,2025-10-16_16h59.44.869,untitled,,2025.1.1,59.99437253389583,2025-10-16 16h59.50.088672 +0530,
,99,19,4,,,c_m_ra,Camera,new,camera,[np.float64(0.12630208333333334)],[np.float64(-0.2864583333333333)],[1],[0],[0],[3.262746100022923],['submit_text'],,,,,4,19,99,19,391.6128233000054,,,,,,,,391.585283900029,391.6128233000054,391.6128233000054,391.6128233000054,0.0025533000007271767,394.849052399979,camera,[np.float64(0.12630208333333334)],[np.float64(-0.2864583333333333)],[1],[0],[0],[3.262746100022923],['submit_text'],,4,001,2025-10-16_16h59.44.869,untitled,,2025.1.1,59.99437253389583,2025-10-16 16h59.50.088672 +0530,
,100,0,5,,,P_st_r,Poster,old,poster,[np.float64(0.12630208333333334)],[np.float64(-0.2864583333333333)],[1],[0],[0],[3.128886300022714],['submit_text'],,,,,5,0,100,9,394.87964840000495,,,,,,,,394.85207979998086,394.87964840000495,394.87964840000495,394.87964840000495,0.0028883000486530364,397.9820627000299,poster,[np.float64(0.12630208333333334)],[np.float64(-0.2864583333333333)],[1],[0],[0],[3.128886300022714],['submit_text'],,4,001,2025-10-16_16h59.44.869,untitled,,2025.1.1,59.99437253389583,2025-10-16 16h59.50.088672 +0530,
,101,1,5,,,oo,Book,old,book,[np.float64(0.12630208333333334)],[np.float64(-0.2864583333333333)],[1],[0],[0],[2.43099429999711],['submit_text'],,,,,5,1,101,13,398.0143904000288,,,,,,,,397.98474789998727,398.0143904000288,398.0143904000288,398.0143904000288,0.002545700001064688,400.4168269999791,book,[np.float64(0.12630208333333334)],[np.float64(-0.2864583333333333)],[1],[0],[0],[2.43099429999711],['submit_text'],,4,001,2025-10-16_16h59.44.869,untitled,,2025.1.1,59.99437253389583,2025-10-16 16h59.50.088672 +0530,
,102,2,5,,,ta_l_,Table,new,table,[np.float64(0.12630208333333334)],[np.float64(-0.2864583333333333)],[1],[0],[0],[2.511000400001649],['submit_text'],,,,,5,2,102,15,400.44581459998153,,,,,,,,400.4197862999863,400.44581459998153,400.44581459998153,400.44581459998153,0.002806600008625537,402.93187520001084,table,[np.float64(0.12630208333333334)],[np.float64(-0.2864583333333333)],[1],[0],[0],[2.511000400001649],['submit_text'],,4,001,2025-10-16_16h59.44.869,untitled,,2025.1.1,59.99437253389583,2025-10-16 16h59.50.088672 +0530,
,103,3,5,,,P_li_e,Police,old,police,[np.float64(0.12630208333333334)],[np.float64(-0.2864583333333333)],[1],[0],[0],[2.7970700000296347],['submit_text'],,,,,5,3,103,7,402.9624322000309,,,,,,,,402.9351029000245,402.9624322000309,402.9624322000309,402.9624322000309,0.0030785000417381525,405.73323309997795,police,[np.float64(0.12630208333333334)],[np.float64(-0.2864583333333333)],[1],[0],[0],[2.7970700000296347],['submit_text'],,4,001,2025-10-16_16h59.44.869,untitled,,2025.1.1,59.99437253389583,2025-10-16 16h59.50.088672 +0530,
,104,4,5,,,P_as_tr_,Pastry,old,pastry,[np.float64(0.12630208333333334)],[np.float64(-0.2864583333333333)],[1],[0],[0],[3.844662299961783],['submit_text'],,,,,5,4,104,4,405.7623199999798,,,,,,,,405.73617849999573,405.7623199999798,405.7623199999798,405.7623199999798,0.0027993000112473965,409.58179959998233,pastry,[np.float64(0.12630208333333334)],[np.float64(-0.2864583333333333)],[1],[0],[0],[3.844662299961783],['submit_text'],,4,001,2025-10-16_16h59.44.869,untitled,,2025.1.1,59.99437253389583,2025-10-16 16h59.50.088672 +0530,
,105,5,5,,,ru_is,Cruise,old,,[np.float64(0.12630208333333334)],[np.float64(-0.2864583333333333)],[1],[0],[0],[1.1105101000284776],['submit_text'],,,,,5,5,105,6,409.61183850001544,,,,,,,,409.58503209997434,409.61183850001544,409.61183850001544,409.61183850001544,0.003114699968136847,410.69640650000656,,[np.float64(0.12630208333333334)],[np.float64(-0.2864583333333333)],[1],[0],[0],[1.1105101000284776],['submit_text'],,4,001,2025-10-16_16h59.44.869,untitled,,2025.1.1,59.99437253389583,2025-10-16 16h59.50.088672 +0530,
,106,6,5,,,_o_rd,Board,old,board,[np.float64(0.12630208333333334)],[np.float64(-0.2864583333333333)],[1],[0],[0],[3.631941100000404],['submit_text'],,,,,5,6,106,10,410.7110183999757,,,,,,,,410.6991155000287,410.7110183999757,410.7110183999757,410.7110183999757,0.0025830999948084354,414.3320229999954,board,[np.float64(0.12630208333333334)],[np.float64(-0.2864583333333333)],[1],[0],[0],[3.631941100000404],['submit_text'],,4,001,2025-10-16_16h59.44.869,untitled,,2025.1.1,59.99437253389583,2025-10-16 16h59.50.088672 +0530,
,107,7,5,,,bo_t_e,Bottle,new,bottle,[np.float64(0.12630208333333334)],[np.float64(-0.2864583333333333)],[1],[0],[0],[2.678325999993831],['submit_text'],,,,,5,7,107,18,414.3619635999785,,,,,,,,414.3354218000313,414.3619635999785,414.3619635999785,414.3619635999785,0.003280899953097105,417.01473509997595,bottle,[np.float64(0.12630208333333334)],[np.float64(-0.2864583333333333)],[1],[0],[0],[2.678325999993831],['submit_text'],,4,001,2025-10-16_16h59.44.869,untitled,,2025.1.1,59.99437253389583,2025-10-16 16h59.50.088672 +0530,
,108,8,5,,,p_nc_l,Pencil,new,pencil,[np.float64(0.12630208333333334)],[np.float64(-0.2864583333333333)],[1],[0],[0],[2.578890699951444],['submit_text'],,,,,5,8,108,16,417.04561620001914,,,,,,,,417.0182064999826,417.04561620001914,417.04561620001914,417.04561620001914,0.0033604000345803797,419.5983100000303,pencil,[np.float64(0.12630208333333334)],[np.float64(-0.2864583333333333)],[1],[0],[0],[2.578890699951444],['submit_text'],,4,001,2025-10-16_16h59.44.869,untitled,,2025.1.1,59.99437253389583,2025-10-16 16h59.50.088672 +0530,
,109,9,5,,,_ou_se,mouse,old,mouse,[np.float64(0.12630208333333334)],[np.float64(-0.2864583333333333)],[1],[0],[0],[2.527494999987539],['submit_text'],,,,,5,9,109,3,419.62843699997757,,,,,,,,419.60192819999065,419.62843699997757,419.62843699997757,419.62843699997757,0.0034272000193595886,422.1305750000174,mouse,[np.float64(0.12630208333333334)],[np.float64(-0.2864583333333333)],[1],[0],[0],[2.527494999987539],['submit_text'],,4,001,2025-10-16_16h59.44.869,untitled,,2025.1.1,59.99437253389583,2025-10-16 16h59.50.088672 +0530,
,110,10,5,,,c_m_ra,Camera,new,camera,[np.float64(0.12630208333333334)],[np.float64(-0.2864583333333333)],[1],[0],[0],[2.731325900007505],['submit_text'],,,,,5,10,110,19,422.1619308000081,,,,,,,,422.1335748999845,422.1619308000081,422.1619308000081,422.1619308000081,0.0028439000016078353,424.86601150000934,camera,[np.float64(0.12630208333333334)],[np.float64(-0.2864583333333333)],[1],[0],[0],[2.731325900007505],['submit_text'],,4,001,2025-10-16_16h59.44.869,untitled,,2025.1.1,59.99437253389583,2025-10-16 16h59.50.088672 +0530,
,111,11,5,,,c_s_,Case,old,case,[np.float64(0.12630208333333334)],[np.float64(-0.2864583333333333)],[1],[0],[0],[2.260976199992001],['submit_text'],,,,,5,11,111,5,424.8946680999943,,,,,,,,424.869489100005,424.8946680999943,424.8946680999943,424.8946680999943,0.003350399958435446,427.13148669997463,case,[np.float64(0.12630208333333334)],[np.float64(-0.2864583333333333)],[1],[0],[0],[2.260976199992001],['submit_text'],,4,001,2025-10-16_16h59.44.869,untitled,,2025.1.1,59.99437253389583,2025-10-16 16h59.50.088672 +0530,
,112,12,5,,,T_hi_t,Tshirt,old,tshirt,[np.float64(0.12630208333333334)],[np.float64(-0.2864583333333333)],[1],[0],[0],[3.2121763000031933],['submit_text'],,,,,5,12,112,2,427.16143089998513,,,,,,,,427.1341664000065,427.16143089998513,427.16143089998513,427.16143089998513,0.0025597999920137227,430.3475402999902,tshirt,[np.float64(0.12630208333333334)],[np.float64(-0.2864583333333333)],[1],[0],[0],[3.2121763000031933],['submit_text'],,4,001,2025-10-16_16h59.44.869,untitled,,2025.1.1,59.99437253389583,2025-10-16 16h59.50.088672 +0530,
,113,13,5,,,K_y_,Keys,old,keys,[np.float64(0.12630208333333334)],[np.float64(-0.2864583333333333)],[1],[0],[0],[2.179678899992723],['submit_text'],,,,,5,13,113,8,430.3781673000194,,,,,,,,430.35017789999256,430.3781673000194,430.3781673000194,430.3781673000194,0.0024961999733932316,432.5309318000218,keys,[np.float64(0.12630208333333334)],[np.float64(-0.2864583333333333)],[1],[0],[0],[2.179678899992723],['submit_text'],,4,001,2025-10-16_16h59.44.869,untitled,,2025.1.1,59.99437253389583,2025-10-16 16h59.50.088672 +0530,
,114,14,5,,,_ha_t,Chart,old,chart,[np.float64(0.12630208333333334)],[np.float64(-0.2864583333333333)],[1],[0],[0],[2.6785776000469923],['submit_text'],,,,,5,14,114,1,432.56123549997574,,,,,,,,432.5335719999857,432.56123549997574,432.56123549997574,432.56123549997574,0.0025221999967470765,435.2133018000168,chart,[np.float64(0.12630208333333334)],[np.float64(-0.2864583333333333)],[1],[0],[0],[2.6785776000469923],['submit_text'],,4,001,2025-10-16_16h59.44.869,untitled,,2025.1.1,59.99437253389583,2025-10-16 16h59.50.088672 +0530,
,115,15,5,,,a_bl,Marble,old,table,[np.float64(0.12630208333333334)],[np.float64(-0.2864583333333333)],[1],[0],[0],[2.446762600040529],['submit_text'],,,,,5,15,115,11,435.24438400001964,,,,,,,,435.2165439000237,435.24438400001964,435.24438400001964,435.24438400001964,0.0031128000118769705,437.66434750001645,table,[np.float64(0.12630208333333334)],[np.float64(-0.2864583333333333)],[1],[0],[0],[2.446762600040529],['submit_text'],,4,001,2025-10-16_16h59.44.869,untitled,,2025.1.1,59.99437253389583,2025-10-16 16h59.50.088672 +0530,
,116,16,5,,,l_pt_p,Laptop,old,laptop,[np.float64(0.12630208333333334)],[np.float64(-0.2864583333333333)],[1],[0],[0],[2.5466177000198513],['submit_text'],,,,,5,16,116,0,437.6941867999849,,,,,,,,437.6669648999814,437.6941867999849,437.6941867999849,437.6941867999849,0.002501400012988597,440.21467210003175,laptop,[np.float64(0.12630208333333334)],[np.float64(-0.2864583333333333)],[1],[0],[0],[2.5466177000198513],['submit_text'],,4,001,2025-10-16_16h59.44.869,untitled,,2025.1.1,59.99437253389583,2025-10-16 16h59.50.088672 +0530,
,117,17,5,,,v_s_,Vase,new,vase,[np.float64(0.12630208333333334)],[np.float64(-0.2864583333333333)],[1],[0],[0],[2.379202499985695],['submit_text'],,,,,5,17,117,17,440.2438603999908,,,,,,,,440.2172478000284,440.2438603999908,440.2438603999908,440.2438603999908,0.0024606999941170216,442.59749229997396,vase,[np.float64(0.12630208333333334)],[np.float64(-0.2864583333333333)],[1],[0],[0],[2.379202499985695],['submit_text'],,4,001,2025-10-16_16h59.44.869,untitled,,2025.1.1,59.99437253389583,2025-10-16 16h59.50.088672 +0530,
,118,18,5,,,_ho_e,Phone,old,,[np.float64(0.12630208333333334)],[np.float64(-0.2864583333333333)],[1],[0],[0],[2.676635400042869],['submit_text'],,,,,5,18,118,12,442.62762360001216,,,,,,,,442.60012620000634,442.62762360001216,442.62762360001216,442.62762360001216,0.0025151000008918345,445.27762359997723,,[np.float64(0.12630208333333334)],[np.float64(-0.2864583333333333)],[1],[0],[0],[2.676635400042869],['submit_text'],,4,001,2025-10-16_16h59.44.869,untitled,,2025.1.1,59.99437253389583,2025-10-16 16h59.50.088672 +0530,
,119,19,5,,,c_s_io_,Cushion,old,cushion,[np.float64(0.12630208333333334)],[np.float64(-0.2864583333333333)],[1],[0],[0],[2.8487833000253886],['submit_text'],,,,,5,19,119,14,445.2925594000262,,,,,,,,445.2800457000267,445.2925594000262,445.2925594000262,445.2925594000262,0.002320400031749159,448.129875499988,cushion,[np.float64(0.12630208333333334)],[np.float64(-0.2864583333333333)],[1],[0],[0],[2.8487833000253886],['submit_text'],,4,001,2025-10-16_16h59.44.869,untitled,,2025.1.1,59.99437253389583,2025-10-16 16h59.50.088672 +0530,
,120,0,6,,,_ou_se,mouse,old,mouse,[np.float64(0.12630208333333334)],[np.float64(-0.2864583333333333)],[1],[0],[0],[2.89661039999919],['submit_text'],,,,,6,0,120,3,448.16052269999636,,,,,,,,448.1332286000252,448.16052269999636,448.16052269999636,448.16052269999636,0.0032404999947175384,451.0310344999889,mouse,[np.float64(0.12630208333333334)],[np.float64(-0.2864583333333333)],[1],[0],[0],[2.89661039999919],['submit_text'],,4,001,2025-10-16_16h59.44.869,untitled,,2025.1.1,59.99437253389583,2025-10-16 16h59.50.088672 +0530,
,121,1,6,,,K_y_,Keys,old,keys,[np.float64(0.12630208333333334)],[np.float64(-0.2864583333333333)],[1],[0],[0],[2.7494812999502756],['submit_text'],,,,,6,1,121,8,451.0603228000109,,,,,,,,451.03391709999414,451.0603228000109,451.0603228000109,451.0603228000109,0.002737600007094443,453.7849224000238,keys,[np.float64(0.12630208333333334)],[np.float64(-0.2864583333333333)],[1],[0],[0],[2.7494812999502756],['submit_text'],,4,001,2025-10-16_16h59.44.869,untitled,,2025.1.1,59.99437253389583,2025-10-16 16h59.50.088672 +0530,
,122,2,6,,,P_li_e,Police,old,police,[np.float64(0.12630208333333334)],[np.float64(-0.2864583333333333)],[1],[0],[0],[2.568797399988398],['submit_text'],,,,,6,2,122,7,453.81018610001775,,,,,,,,453.7917921000044,453.81018610001775,453.81018610001775,453.81018610001775,0.006674800009932369,456.3619650999899,police,[np.float64(0.12630208333333334)],[np.float64(-0.2864583333333333)],[1],[0],[0],[2.568797399988398],['submit_text'],,4,001,2025-10-16_16h59.44.869,untitled,,2025.1.1,59.99437253389583,2025-10-16 16h59.50.088672 +0530,
,123,3,6,,,c_s_io_,Cushion,old,cushion,[np.float64(0.12630208333333334)],[np.float64(-0.2864583333333333)],[1],[0],[0],[2.781932700017933],['submit_text'],,,,,6,3,123,14,456.391903700016,,,,,,,,456.36494830000447,456.391903700016,456.391903700016,456.391903700016,0.0028623000252991915,459.1482271000277,cushion,[np.float64(0.12630208333333334)],[np.float64(-0.2864583333333333)],[1],[0],[0],[2.781932700017933],['submit_text'],,4,001,2025-10-16_16h59.44.869,untitled,,2025.1.1,59.99437253389583,2025-10-16 16h59.50.088672 +0530,
,124,4,6,,,p_nc_l,Pencil,new,pencil,[np.float64(0.12630208333333334)],[np.float64(-0.2864583333333333)],[1],[0],[0],[3.8951784999808297],['submit_text'],,,,,6,4,124,16,459.1798302999814,,,,,,,,459.15121189999627,459.1798302999814,459.1798302999814,459.1798302999814,0.0028345000464469194,463.0477172000101,pencil,[np.float64(0.12630208333333334)],[np.float64(-0.2864583333333333)],[1],[0],[0],[3.8951784999808297],['submit_text'],,4,001,2025-10-16_16h59.44.869,untitled,,2025.1.1,59.99437253389583,2025-10-16 16h59.50.088672 +0530,
,125,5,6,,,T_hi_t,Tshirt,old,tshirt,[np.float64(0.12630208333333334)],[np.float64(-0.2864583333333333)],[1],[0],[0],[2.9116974999778904],['submit_text'],,,,,6,5,125,2,463.0767674000235,,,,,,,,463.0506355999969,463.0767674000235,463.0767674000235,463.0767674000235,0.002779000031296164,465.96356030000607,tshirt,[np.float64(0.12630208333333334)],[np.float64(-0.2864583333333333)],[1],[0],[0],[2.9116974999778904],['submit_text'],,4,001,2025-10-16_16h59.44.869,untitled,,2025.1.1,59.99437253389583,2025-10-16 16h59.50.088672 +0530,
,126,6,6,,,_ha_t,Chart,old,chart,[np.float64(0.12630208333333334)],[np.float64(-0.2864583333333333)],[1],[0],[0],[2.6953616999671794],['submit_text'],,,,,6,6,126,1,465.9930824000039,,,,,,,,465.96650979999686,465.9930824000039,465.9930824000039,465.9930824000039,0.002795300038997084,468.66311090003,chart,[np.float64(0.12630208333333334)],[np.float64(-0.2864583333333333)],[1],[0],[0],[2.6953616999671794],['submit_text'],,4,001,2025-10-16_16h59.44.869,untitled,,2025.1.1,59.99437253389583,2025-10-16 16h59.50.088672 +0530,
,127,7,6,,,v_s_,Vase,new,vase,[np.float64(0.12630208333333334)],[np.float64(-0.2864583333333333)],[1],[0],[0],[2.5472821000148542],['submit_text'],,,,,6,7,127,17,468.6930938999867,,,,,,,,468.666037100018,468.6930938999867,468.6930938999867,468.6930938999867,0.002789399994071573,471.2144559000153,vase,[np.float64(0.12630208333333334)],[np.float64(-0.2864583333333333)],[1],[0],[0],[2.5472821000148542],['submit_text'],,4,001,2025-10-16_16h59.44.869,untitled,,2025.1.1,59.99437253389583,2025-10-16 16h59.50.088672 +0530,
,128,8,6,,,c_s_,Case,old,case,[np.float64(0.12630208333333334)],[np.float64(-0.2864583333333333)],[1],[0],[0],[2.577627599996049],['submit_text'],,,,,6,8,128,5,471.24348459998146,,,,,,,,471.2170393000124,471.24348459998146,471.24348459998146,471.24348459998146,0.0024406000156886876,473.79577349999454,case,[np.float64(0.12630208333333334)],[np.float64(-0.2864583333333333)],[1],[0],[0],[2.577627599996049],['submit_text'],,4,001,2025-10-16_16h59.44.869,untitled,,2025.1.1,59.99437253389583,2025-10-16 16h59.50.088672 +0530,
,129,9,6,,,ta_l_,Table,new,table,[np.float64(0.12630208333333334)],[np.float64(-0.2864583333333333)],[1],[0],[0],[2.41505369998049],['submit_text'],,,,,6,9,129,15,473.827068899991,,,,,,,,473.79846860002726,473.827068899991,473.827068899991,473.827068899991,0.002579400024842471,476.2146613000077,table,[np.float64(0.12630208333333334)],[np.float64(-0.2864583333333333)],[1],[0],[0],[2.41505369998049],['submit_text'],,4,001,2025-10-16_16h59.44.869,untitled,,2025.1.1,59.99437253389583,2025-10-16 16h59.50.088672 +0530,
,130,10,6,,,l_pt_p,Laptop,old,laptop,[np.float64(0.12630208333333334)],[np.float64(-0.2864583333333333)],[1],[0],[0],[2.5450815000222065],['submit_text'],,,,,6,10,130,0,476.2449526999844,,,,,,,,476.21777909999946,476.2449526999844,476.2449526999844,476.2449526999844,0.0030023999861441553,478.7641538999742,laptop,[np.float64(0.12630208333333334)],[np.float64(-0.2864583333333333)],[1],[0],[0],[2.5450815000222065],['submit_text'],,4,001,2025-10-16_16h59.44.869,untitled,,2025.1.1,59.99437253389583,2025-10-16 16h59.50.088672 +0530,
,131,11,6,,,_o_rd,Board,old,,[np.float64(0.12630208333333334)],[np.float64(-0.2864583333333333)],[1],[0],[0],[1.4605868000071496],['submit_text'],,,,,6,11,131,10,478.7962052000221,,,,,,,,478.7669629000011,478.7962052000221,478.7962052000221,478.7962052000221,0.0026712999679148197,480.22847859998,,[np.float64(0.12630208333333334)],[np.float64(-0.2864583333333333)],[1],[0],[0],[1.4605868000071496],['submit_text'],,4,001,2025-10-16_16h59.44.869,untitled,,2025.1.1,59.99437253389583,2025-10-16 16h59.50.088672 +0530,
,132,12,6,,,bo_t_e,Bottle,new,bottle,[np.float64(0.12630208333333334)],[np.float64(-0.2864583333333333)],[1],[0],[0],[3.2660701000131667],['submit_text'],,,,,6,12,132,18,480.2618152999785,,,,,,,,480.23098370002117,480.2618152999785,480.2618152999785,480.2618152999785,0.0023919999948702753,483.4981702999794,bottle,[np.float64(0.12630208333333334)],[np.float64(-0.2864583333333333)],[1],[0],[0],[3.2660701000131667],['submit_text'],,4,001,2025-10-16_16h59.44.869,untitled,,2025.1.1,59.99437253389583,2025-10-16 16h59.50.088672 +0530,
,133,13,6,,,c_m_ra,Camera,new,camera,[np.float64(0.12630208333333334)],[np.float64(-0.2864583333333333)],[1],[0],[0],[3.1438221999560483],['submit_text'],,,,,6,13,133,19,483.52675610000733,,,,,,,,483.50104850000935,483.52675610000733,483.52675610000733,483.52675610000733,0.002735000045504421,486.6458222999936,camera,[np.float64(0.12630208333333334)],[np.float64(-0.2864583333333333)],[1],[0],[0],[3.1438221999560483],['submit_text'],,4,001,2025-10-16_16h59.44.869,untitled,,2025.1.1,59.99437253389583,2025-10-16 16h59.50.088672 +0530,
,134,14,6,,,oo,Book,old,book,[np.float64(0.12630208333333334)],[np.float64(-0.2864583333333333)],[1],[0],[0],[2.478329700010363],['submit_text'],,,,,6,14,134,13,486.6749212000286,,,,,,,,486.64786690002074,486.6749212000286,486.6749212000286,486.6749212000286,0.001940299989655614,489.1271435000235,book,[np.float64(0.12630208333333334)],[np.float64(-0.2864583333333333)],[1],[0],[0],[2.478329700010363],['submit_text'],,4,001,2025-10-16_16h59.44.869,untitled,,2025.1.1,59.99437253389583,2025-10-16 16h59.50.088672 +0530,
,135,15,6,,,a_bl,Marble,old,table,[np.float64(0.12630208333333334)],[np.float64(-0.2864583333333333)],[1],[0],[0],[2.450125300034415],['submit_text'],,,,,6,15,135,11,489.14160730002914,,,,,,,,489.1294348000083,489.14160730002914,489.14160730002914,489.14160730002914,0.002172999957110733,491.58071339997696,table,[np.float64(0.12630208333333334)],[np.float64(-0.2864583333333333)],[1],[0],[0],[2.450125300034415],['submit_text'],,4,001,2025-10-16_16h59.44.869,untitled,,2025.1.1,59.99437253389583,2025-10-16 16h59.50.088672 +0530,
,136,16,6,,,ru_is,Cruise,old,,[np.float64(0.12630208333333334)],[np.float64(-0.2864583333333333)],[1],[0],[0],[0.991222899989225],['submit_text'],,,,,6,16,136,6,491.6111517000245,,,,,,,,491.58364169998094,491.6111517000245,491.6111517000245,491.6111517000245,0.0027860000263899565,492.5758096000063,,[np.float64(0.12630208333333334)],[np.float64(-0.2864583333333333)],[1],[0],[0],[0.991222899989225],['submit_text'],,4,001,2025-10-16_16h59.44.869,untitled,,2025.1.1,59.99437253389583,2025-10-16 16h59.50.088672 +0530,
,137,17,6,,,P_as_tr_,Pastry,old,pastry,[np.float64(0.12630208333333334)],[np.float64(-0.2864583333333333)],[1],[0],[0],[2.500252600002568],['submit_text'],,,,,6,17,137,4,492.5909979999997,,,,,,,,492.5783340000198,492.5909979999997,492.5909979999997,492.5909979999997,0.0024216000456362963,495.07974860002287,pastry,[np.float64(0.12630208333333334)],[np.float64(-0.2864583333333333)],[1],[0],[0],[2.500252600002568],['submit_text'],,4,001,2025-10-16_16h59.44.869,untitled,,2025.1.1,59.99437253389583,2025-10-16 16h59.50.088672 +0530,
,138,18,6,,,_ho_e,Phone,old,,[np.float64(0.12630208333333334)],[np.float64(-0.2864583333333333)],[1],[0],[0],[3.260219599993434],['submit_text'],,,,,6,18,138,12,495.11179140000604,,,,,,,,495.0823459000094,495.11179140000604,495.11179140000604,495.11179140000604,0.002474800043273717,498.34350870002527,,[np.float64(0.12630208333333334)],[np.float64(-0.2864583333333333)],[1],[0],[0],[3.260219599993434],['submit_text'],,4,001,2025-10-16_16h59.44.869,untitled,,2025.1.1,59.99437253389583,2025-10-16 16h59.50.088672 +0530,
,139,19,6,,,P_st_r,Poster,old,poster,[np.float64(0.12630208333333334)],[np.float64(-0.2864583333333333)],[1],[0],[0],[5.063680100021884],['submit_text'],,,,,6,19,139,9,498.3577962000272,,,,,,,,498.3459445000044,498.3577962000272,498.3577962000272,498.3577962000272,0.002307099988684058,503.4109408999793,poster,[np.float64(0.12630208333333334)],[np.float64(-0.2864583333333333)],[1],[0],[0],[5.063680100021884],['submit_text'],,4,001,2025-10-16_16h59.44.869,untitled,,2025.1.1,59.99437253389583,2025-10-16 16h59.50.088672 +0530,
,140,0,7,,,c_s_io_,Cushion,old,cushion,[np.float64(0.12630208333333334)],[np.float64(-0.2864583333333333)],[1],[0],[0],[2.843521900009364],['submit_text'],,,,,7,0,140,14,503.4425263000303,,,,,,,,503.41402800002834,503.4425263000303,503.4425263000303,503.4425263000303,0.002949699992313981,506.2586184000247,cushion,[np.float64(0.12630208333333334)],[np.float64(-0.2864583333333333)],[1],[0],[0],[2.843521900009364],['submit_text'],,4,001,2025-10-16_16h59.44.869,untitled,,2025.1.1,59.99437253389583,2025-10-16 16h59.50.088672 +0530,
,141,1,7,,,p_nc_l,Pencil,new,pencil,[np.float64(0.12630208333333334)],[np.float64(-0.2864583333333333)],[1],[0],[0],[3.7487083000014536],['submit_text'],,,,,7,1,141,16,506.2735271999845,,,,,,,,506.26134369999636,506.2735271999845,506.2735271999845,506.2735271999845,0.0026073000044561923,510.0110149999964,pencil,[np.float64(0.12630208333333334)],[np.float64(-0.2864583333333333)],[1],[0],[0],[3.7487083000014536],['submit_text'],,4,001,2025-10-16_16h59.44.869,untitled,,2025.1.1,59.99437253389583,2025-10-16 16h59.50.088672 +0530,
,142,2,7,,,ru_is,Cruise,old,,[np.float64(0.12630208333333334)],[np.float64(-0.2864583333333333)],[1],[0],[0],[1.1129783000214957],['submit_text'],,,,,7,2,142,6,510.03968879999593,,,,,,,,510.0138426999911,510.03968879999593,510.03968879999593,510.03968879999593,0.0027480999706313014,511.1278532000142,,[np.float64(0.12630208333333334)],[np.float64(-0.2864583333333333)],[1],[0],[0],[1.1129783000214957],['submit_text'],,4,001,2025-10-16_16h59.44.869,untitled,,2025.1.1,59.99437253389583,2025-10-16 16h59.50.088672 +0530,
,143,3,7,,,T_hi_t,Tshirt,old,tshirt,[np.float64(0.12630208333333334)],[np.float64(-0.2864583333333333)],[1],[0],[0],[2.6114414999610744],['submit_text'],,,,,7,3,143,2,511.15820250002434,,,,,,,,511.1309698999976,511.15820250002434,511.15820250002434,511.15820250002434,0.0030143000185489655,513.7436382999877,tshirt,[np.float64(0.12630208333333334)],[np.float64(-0.2864583333333333)],[1],[0],[0],[2.6114414999610744],['submit_text'],,4,001,2025-10-16_16h59.44.869,untitled,,2025.1.1,59.99437253389583,2025-10-16 16h59.50.088672 +0530,
,144,4,7,,,_ha_t,Chart,old,chart,[np.float64(0.12630208333333334)],[np.float64(-0.2864583333333333)],[1],[0],[0],[2.8276608999585733],['submit_text'],,,,,7,4,144,1,513.774754300015,,,,,,,,513.7462851000018,513.774754300015,513.774754300015,513.774754300015,0.0025200999807566404,516.57491939998,chart,[np.float64(0.12630208333333334)],[np.float64(-0.2864583333333333)],[1],[0],[0],[2.8276608999585733],['submit_text'],,4,001,2025-10-16_16h59.44.869,untitled,,2025.1.1,59.99437253389583,2025-10-16 16h59.50.088672 +0530,
,145,5,7,,,_o_rd,Board,old,board,[np.float64(0.12630208333333334)],[np.float64(-0.2864583333333333)],[1],[0],[0],[3.632146999996621],['submit_text'],,,,,7,5,145,10,516.5899611000204,,,,,,,,516.5771986999898,516.5899611000204,516.5899611000204,516.5899611000204,0.0021767999860458076,520.2107251000125,board,[np.float64(0.12630208333333334)],[np.float64(-0.2864583333333333)],[1],[0],[0],[3.632146999996621],['submit_text'],,4,001,2025-10-16_16h59.44.869,untitled,,2025.1.1,59.99437253389583,2025-10-16 16h59.50.088672 +0530,
,146,6,7,,,_ou_se,mouse,old,mouse,[np.float64(0.12630208333333334)],[np.float64(-0.2864583333333333)],[1],[0],[0],[2.4777700999984518],['submit_text'],,,,,7,6,146,3,520.2414791000192,,,,,,,,520.2145204999833,520.2414791000192,520.2414791000192,520.2414791000192,0.0036000999971292913,522.6936888999771,mouse,[np.float64(0.12630208333333334)],[np.float64(-0.2864583333333333)],[1],[0],[0],[2.4777700999984518],['submit_text'],,4,001,2025-10-16_16h59.44.869,untitled,,2025.1.1,59.99437253389583,2025-10-16 16h59.50.088672 +0530,
,147,7,7,,,bo_t_e,Bottle,new,bottle,[np.float64(0.12630208333333334)],[np.float64(-0.2864583333333333)],[1],[0],[0],[2.648360999999568],['submit_text'],,,,,7,7,147,18,522.7245901999995,,,,,,,,522.6965547000291,522.7245901999995,522.7245901999995,522.7245901999995,0.002722299948800355,525.3461488999892,bottle,[np.float64(0.12630208333333334)],[np.float64(-0.2864583333333333)],[1],[0],[0],[2.648360999999568],['submit_text'],,4,001,2025-10-16_16h59.44.869,untitled,,2025.1.1,59.99437253389583,2025-10-16 16h59.50.088672 +0530,
,148,8,7,,,P_as_tr_,Pastry,old,pastry,[np.float64(0.12630208333333334)],[np.float64(-0.2864583333333333)],[1],[0],[0],[3.0933775000157766],['submit_text'],,,,,7,8,148,4,525.3768596000155,,,,,,,,525.3495230000117,525.3768596000155,525.3768596000155,525.3768596000155,0.003249800007324666,528.4441425999976,pastry,[np.float64(0.12630208333333334)],[np.float64(-0.2864583333333333)],[1],[0],[0],[3.0933775000157766],['submit_text'],,4,001,2025-10-16_16h59.44.869,untitled,,2025.1.1,59.99437253389583,2025-10-16 16h59.50.088672 +0530,
,149,9,7,,,oo,Book,old,book,[np.float64(0.12630208333333334)],[np.float64(-0.2864583333333333)],[1],[0],[0],[2.295437299995683],['submit_text'],,,,,7,9,149,13,528.4743569000275,,,,,,,,528.4466944999876,528.4743569000275,528.4743569000275,528.4743569000275,0.0024093000101856887,530.7434021999943,book,[np.float64(0.12630208333333334)],[np.float64(-0.2864583333333333)],[1],[0],[0],[2.295437299995683],['submit_text'],,4,001,2025-10-16_16h59.44.869,untitled,,2025.1.1,59.99437253389583,2025-10-16 16h59.50.088672 +0530,
,150,10,7,,,a_bl,Marble,old,table,[np.float64(0.12630208333333334)],[np.float64(-0.2864583333333333)],[1],[0],[0],[2.329662100004498],['submit_text'],,,,,7,10,150,11,530.7741522000288,,,,,,,,530.7464928000118,530.7741522000288,530.7741522000288,530.7741522000288,0.0029851000290364027,533.0774291999987,table,[np.float64(0.12630208333333334)],[np.float64(-0.2864583333333333)],[1],[0],[0],[2.329662100004498],['submit_text'],,4,001,2025-10-16_16h59.44.869,untitled,,2025.1.1,59.99437253389583,2025-10-16 16h59.50.088672 +0530,
,151,11,7,,,ta_l_,Table,new,table,[np.float64(0.12630208333333334)],[np.float64(-0.2864583333333333)],[1],[0],[0],[2.3140946999774314],['submit_text'],,,,,7,11,151,15,533.1073447000235,,,,,,,,533.0800130999996,533.1073447000235,533.1073447000235,533.1073447000235,0.0024556000134907663,535.3955690999865,table,[np.float64(0.12630208333333334)],[np.float64(-0.2864583333333333)],[1],[0],[0],[2.3140946999774314],['submit_text'],,4,001,2025-10-16_16h59.44.869,untitled,,2025.1.1,59.99437253389583,2025-10-16 16h59.50.088672 +0530,
,152,12,7,,,c_s_,Case,old,case,[np.float64(0.12630208333333334)],[np.float64(-0.2864583333333333)],[1],[0],[0],[2.9249718000064604],['submit_text'],,,,,7,12,152,5,535.4240984999924,,,,,,,,535.3982714000158,535.4240984999924,535.4240984999924,535.4240984999924,0.0025616000057198107,538.3243482999969,case,[np.float64(0.12630208333333334)],[np.float64(-0.2864583333333333)],[1],[0],[0],[2.9249718000064604],['submit_text'],,4,001,2025-10-16_16h59.44.869,untitled,,2025.1.1,59.99437253389583,2025-10-16 16h59.50.088672 +0530,
,153,13,7,,,v_s_,Vase,new,vase,[np.float64(0.12630208333333334)],[np.float64(-0.2864583333333333)],[1],[0],[0],[2.4139140999759547],['submit_text'],,,,,7,13,153,17,538.3568419999792,,,,,,,,538.3272289999877,538.3568419999792,538.3568419999792,538.3568419999792,0.002694200025871396,540.742275000026,vase,[np.float64(0.12630208333333334)],[np.float64(-0.2864583333333333)],[1],[0],[0],[2.4139140999759547],['submit_text'],,4,001,2025-10-16_16h59.44.869,untitled,,2025.1.1,59.99437253389583,2025-10-16 16h59.50.088672 +0530,
,154,14,7,,,c_m_ra,Camera,new,camera,[np.float64(0.12630208333333334)],[np.float64(-0.2864583333333333)],[1],[0],[0],[3.6282362999627367],['submit_text'],,,,,7,14,154,19,540.7727580000064,,,,,,,,540.7461055999738,540.7727580000064,540.7727580000064,540.7727580000064,0.0037152000004425645,544.3758785999962,camera,[np.float64(0.12630208333333334)],[np.float64(-0.2864583333333333)],[1],[0],[0],[3.6282362999627367],['submit_text'],,4,001,2025-10-16_16h59.44.869,untitled,,2025.1.1,59.99437253389583,2025-10-16 16h59.50.088672 +0530,
,155,15,7,,,K_y_,Keys,old,keys,[np.float64(0.12630208333333334)],[np.float64(-0.2864583333333333)],[1],[0],[0],[2.7629107999964617],['submit_text'],,,,,7,15,155,8,544.4064053000184,,,,,,,,544.379144400009,544.4064053000184,544.4064053000184,544.4064053000184,0.0031159999780356884,547.1434894999838,keys,[np.float64(0.12630208333333334)],[np.float64(-0.2864583333333333)],[1],[0],[0],[2.7629107999964617],['submit_text'],,4,001,2025-10-16_16h59.44.869,untitled,,2025.1.1,59.99437253389583,2025-10-16 16h59.50.088672 +0530,
,156,16,7,,,_ho_e,Phone,old,,[np.float64(0.06510416666666667)],[np.float64(-0.2864583333333333)],[1],[0],[0],[6.362107999972068],['submit_text'],,,,,7,16,156,12,547.1733839000226,,,,,,,,547.1462887999951,547.1733839000226,547.1733839000226,547.1733839000226,0.0026594999944791198,553.5096975999768,,[np.float64(0.06510416666666667)],[np.float64(-0.2864583333333333)],[1],[0],[0],[6.362107999972068],['submit_text'],,4,001,2025-10-16_16h59.44.869,untitled,,2025.1.1,59.99437253389583,2025-10-16 16h59.50.088672 +0530,
,157,17,7,,,l_pt_p,Laptop,old,laptop,[np.float64(0.06510416666666667)],[np.float64(-0.2864583333333333)],[1],[0],[0],[2.9450548000168055],['submit_text'],,,,,7,17,157,0,553.5388683999772,,,,,,,,553.5122326000128,553.5388683999772,553.5388683999772,553.5388683999772,0.0023636999540030956,556.4587239000248,laptop,[np.float64(0.06510416666666667)],[np.float64(-0.2864583333333333)],[1],[0],[0],[2.9450548000168055],['submit_text'],,4,001,2025-10-16_16h59.44.869,untitled,,2025.1.1,59.99437253389583,2025-10-16 16h59.50.088672 +0530,
,158,18,7,,,P_li_e,Police,old,police,[np.float64(0.06510416666666667)],[np.float64(-0.2864583333333333)],[1],[0],[0],[3.1459146999986842],['submit_text'],,,,,7,18,158,7,556.4893084000214,,,,,,,,556.4616211000248,556.4893084000214,556.4893084000214,556.4893084000214,0.0027592999977059662,559.608970500005,police,[np.float64(0.06510416666666667)],[np.float64(-0.2864583333333333)],[1],[0],[0],[3.1459146999986842],['submit_text'],,4,001,2025-10-16_16h59.44.869,untitled,,2025.1.1,59.99437253389583,2025-10-16 16h59.50.088672 +0530,
,159,19,7,,,P_st_r,Poster,old,poster,[np.float64(0.06510416666666667)],[np.float64(-0.2864583333333333)],[1],[0],[0],[3.1468072999850847],['submit_text'],,,,,7,19,159,9,559.6398201999837,,,,,,,,559.6124408000032,559.6398201999837,559.6398201999837,559.6398201999837,0.0032872000010684133,562.7607564000064,poster,[np.float64(0.06510416666666667)],[np.float64(-0.2864583333333333)],[1],[0],[0],[3.1468072999850847],['submit_text'],,4,001,2025-10-16_16h59.44.869,untitled,,2025.1.1,59.99437253389583,2025-10-16 16h59.50.088672 +0530,
,160,0,8,,,P_st_r,Poster,old,,[np.float64(0.06510416666666667)],[np.float64(-0.2864583333333333)],[1],[0],[0],[1.0793811999610625],['submit_text'],,,,,8,0,160,9,562.7892474000109,,,,,,,,562.7614184999838,562.7892474000109,562.7892474000109,562.7892474000109,0.0005032000481151044,563.8421735999873,,[np.float64(0.06510416666666667)],[np.float64(-0.2864583333333333)],[1],[0],[0],[1.0793811999610625],['submit_text'],,4,001,2025-10-16_16h59.44.869,untitled,,2025.1.1,59.99437253389583,2025-10-16 16h59.50.088672 +0530,
,161,1,8,,,l_pt_p,Laptop,old,laptop,[np.float64(0.06510416666666667)],[np.float64(-0.2864583333333333)],[1],[0],[0],[2.845138999982737],['submit_text'],,,,,8,1,161,0,563.874748400005,,,,,,,,563.8455479000113,563.874748400005,563.874748400005,563.874748400005,0.003276499977800995,566.6921552999993,laptop,[np.float64(0.06510416666666667)],[np.float64(-0.2864583333333333)],[1],[0],[0],[2.845138999982737],['submit_text'],,4,001,2025-10-16_16h59.44.869,untitled,,2025.1.1,59.99437253389583,2025-10-16 16h59.50.088672 +0530,
,162,2,8,,,c_m_ra,Camera,new,camera,[np.float64(0.06510416666666667)],[np.float64(-0.2864583333333333)],[1],[0],[0],[2.948094899998978],['submit_text'],,,,,8,2,162,19,566.72486940003,,,,,,,,566.6949104000232,566.72486940003,566.72486940003,566.72486940003,0.002591500000562519,569.6443453999818,camera,[np.float64(0.06510416666666667)],[np.float64(-0.2864583333333333)],[1],[0],[0],[2.948094899998978],['submit_text'],,4,001,2025-10-16_16h59.44.869,untitled,,2025.1.1,59.99437253389583,2025-10-16 16h59.50.088672 +0530,
,163,3,8,,,_ho_e,Phone,old,,[np.float64(0.06510416666666667)],[np.float64(-0.2864583333333333)],[1],[0],[0],[1.595658199978061],['submit_text'],,,,,8,3,163,12,569.6728406000184,,,,,,,,569.647097899986,569.6728406000184,569.6728406000184,569.6728406000184,0.0026335999718867242,571.2441037999815,,[np.float64(0.06510416666666667)],[np.float64(-0.2864583333333333)],[1],[0],[0],[1.595658199978061],['submit_text'],,4,001,2025-10-16_16h59.44.869,untitled,,2025.1.1,59.99437253389583,2025-10-16 16h59.50.088672 +0530,
,164,4,8,,,_ou_se,mouse,old,mouse,[np.float64(0.06510416666666667)],[np.float64(-0.2864583333333333)],[1],[0],[0],[2.960786800016649],['submit_text'],,,,,8,4,164,3,571.2722759000026,,,,,,,,571.2472665000241,571.2722759000026,571.2722759000026,571.2722759000026,0.003050300001632422,574.2091308999807,mouse,[np.float64(0.06510416666666667)],[np.float64(-0.2864583333333333)],[1],[0],[0],[2.960786800016649],['submit_text'],,4,001,2025-10-16_16h59.44.869,untitled,,2025.1.1,59.99437253389583,2025-10-16 16h59.50.088672 +0530,
,165,5,8,,,c_s_,Case,old,case,[np.float64(0.06510416666666667)],[np.float64(-0.2864583333333333)],[1],[0],[0],[2.476667599985376],['submit_text'],,,,,8,5,165,5,574.2375234999927,,,,,,,,574.2116099999985,574.2375234999927,574.2375234999927,574.2375234999927,0.0023740999749861658,576.6893451000215,case,[np.float64(0.06510416666666667)],[np.float64(-0.2864583333333333)],[1],[0],[0],[2.476667599985376],['submit_text'],,4,001,2025-10-16_16h59.44.869,untitled,,2025.1.1,59.99437253389583,2025-10-16 16h59.50.088672 +0530,
,166,6,8,,,c_s_io_,Cushion,old,cushion,[np.float64(0.06510416666666667)],[np.float64(-0.2864583333333333)],[1],[0],[0],[4.249459400016349],['submit_text'],,,,,8,6,166,14,576.7049024000298,,,,,,,,576.6916905000107,576.7049024000298,576.7049024000298,576.7049024000298,0.0022379999863915145,580.9426619000151,cushion,[np.float64(0.06510416666666667)],[np.float64(-0.2864583333333333)],[1],[0],[0],[4.249459400016349],['submit_text'],,4,001,2025-10-16_16h59.44.869,untitled,,2025.1.1,59.99437253389583,2025-10-16 16h59.50.088672 +0530,
,167,7,8,,,K_y_,Keys,old,keys,[np.float64(0.06510416666666667)],[np.float64(-0.2864583333333333)],[1],[0],[0],[2.19565780000994],['submit_text'],,,,,8,7,167,8,580.9721974999993,,,,,,,,580.9452855000272,580.9721974999993,580.9721974999993,580.9721974999993,0.0024429999757558107,583.1431898000301,keys,[np.float64(0.06510416666666667)],[np.float64(-0.2864583333333333)],[1],[0],[0],[2.19565780000994],['submit_text'],,4,001,2025-10-16_16h59.44.869,untitled,,2025.1.1,59.99437253389583,2025-10-16 16h59.50.088672 +0530,
,168,8,8,,,P_li_e,Police,old,police,[np.float64(0.06510416666666667)],[np.float64(-0.2864583333333333)],[1],[0],[0],[2.7765289999661036],['submit_text'],,,,,8,8,168,7,583.1723997999798,,,,,,,,583.1489004999748,583.1723997999798,583.1723997999798,583.1723997999798,0.005427800002507865,585.9268753000069,police,[np.float64(0.06510416666666667)],[np.float64(-0.2864583333333333)],[1],[0],[0],[2.7765289999661036],['submit_text'],,4,001,2025-10-16_16h59.44.869,untitled,,2025.1.1,59.99437253389583,2025-10-16 16h59.50.088672 +0530,
,169,9,8,,,ru_is,Cruise,old,,[np.float64(0.06510416666666667)],[np.float64(-0.2864583333333333)],[1],[0],[0],[1.041754400008358],['submit_text'],,,,,8,9,169,6,585.9552703999798,,,,,,,,585.9295186999952,585.9552703999798,585.9552703999798,585.9552703999798,0.00252759997965768,586.9723511000047,,[np.float64(0.06510416666666667)],[np.float64(-0.2864583333333333)],[1],[0],[0],[1.041754400008358],['submit_text'],,4,001,2025-10-16_16h59.44.869,untitled,,2025.1.1,59.99437253389583,2025-10-16 16h59.50.088672 +0530,
,170,10,8,,,bo_t_e,Bottle,new,bottle,[np.float64(0.06510416666666667)],[np.float64(-0.2864583333333333)],[1],[0],[0],[3.7321016999776475],['submit_text'],,,,,8,10,170,18,586.9871809000033,,,,,,,,586.975033499999,586.9871809000033,586.9871809000033,586.9871809000033,0.0025818999856710434,590.708675700007,bottle,[np.float64(0.06510416666666667)],[np.float64(-0.2864583333333333)],[1],[0],[0],[3.7321016999776475],['submit_text'],,4,001,2025-10-16_16h59.44.869,untitled,,2025.1.1,59.99437253389583,2025-10-16 16h59.50.088672 +0530,
,171,11,8,,,ta_l_,Table,new,table,[np.float64(0.06510416666666667)],[np.float64(-0.2864583333333333)],[1],[0],[0],[3.6973981999908574],['submit_text'],,,,,8,11,171,15,590.7385643000016,,,,,,,,590.7114474999835,590.7385643000016,590.7385643000016,590.7385643000016,0.002631399955134839,594.4102187000099,table,[np.float64(0.06510416666666667)],[np.float64(-0.2864583333333333)],[1],[0],[0],[3.6973981999908574],['submit_text'],,4,001,2025-10-16_16h59.44.869,untitled,,2025.1.1,59.99437253389583,2025-10-16 16h59.50.088672 +0530,
,172,12,8,,,a_bl,Marble,old,table,[np.float64(0.06510416666666667)],[np.float64(-0.2864583333333333)],[1],[0],[0],[2.6080908000003546],['submit_text'],,,,,8,12,172,11,594.4389871000312,,,,,,,,594.4134298000135,594.4389871000312,594.4389871000312,594.4389871000312,0.0030527999624609947,597.0226198000018,table,[np.float64(0.06510416666666667)],[np.float64(-0.2864583333333333)],[1],[0],[0],[2.6080908000003546],['submit_text'],,4,001,2025-10-16_16h59.44.869,untitled,,2025.1.1,59.99437253389583,2025-10-16 16h59.50.088672 +0530,
,173,13,8,,,P_as_tr_,Pastry,old,pastry,[np.float64(0.06510416666666667)],[np.float64(-0.2864583333333333)],[1],[0],[0],[2.8644315999699757],['submit_text'],,,,,8,13,173,4,597.0374613999738,,,,,,,,597.0253255999996,597.0374613999738,597.0374613999738,597.0374613999738,0.002603999979328364,599.8908739999752,pastry,[np.float64(0.06510416666666667)],[np.float64(-0.2864583333333333)],[1],[0],[0],[2.8644315999699757],['submit_text'],,4,001,2025-10-16_16h59.44.869,untitled,,2025.1.1,59.99437253389583,2025-10-16 16h59.50.088672 +0530,
,174,14,8,,,T_hi_t,Tshirt,old,tshirt,[np.float64(0.06510416666666667)],[np.float64(-0.2864583333333333)],[1],[0],[0],[2.860811599995941],['submit_text'],,,,,8,14,174,2,599.9200830999762,,,,,,,,599.8931664000265,599.9200830999762,599.9200830999762,599.9200830999762,0.0021892000222578645,602.7550805999781,tshirt,[np.float64(0.06510416666666667)],[np.float64(-0.2864583333333333)],[1],[0],[0],[2.860811599995941],['submit_text'],,4,001,2025-10-16_16h59.44.869,untitled,,2025.1.1,59.99437253389583,2025-10-16 16h59.50.088672 +0530,
,175,15,8,,,v_s_,Vase,new,vase,[np.float64(0.06510416666666667)],[np.float64(-0.2864583333333333)],[1],[0],[0],[2.2675312000210397],['submit_text'],,,,,8,15,175,17,602.771698400029,,,,,,,,602.7572601999855,602.771698400029,602.771698400029,602.771698400029,0.002076899982057512,605.0263527000207,vase,[np.float64(0.06510416666666667)],[np.float64(-0.2864583333333333)],[1],[0],[0],[2.2675312000210397],['submit_text'],,4,001,2025-10-16_16h59.44.869,untitled,,2025.1.1,59.99437253389583,2025-10-16 16h59.50.088672 +0530,
,176,16,8,,,oo,Book,old,book,[np.float64(0.06510416666666667)],[np.float64(-0.2864583333333333)],[1],[0],[0],[2.4099477999843657],['submit_text'],,,,,8,16,176,13,605.0572817000211,,,,,,,,605.0293744999799,605.0572817000211,605.0572817000211,605.0572817000211,0.0029019000357948244,607.4407728000078,book,[np.float64(0.06510416666666667)],[np.float64(-0.2864583333333333)],[1],[0],[0],[2.4099477999843657],['submit_text'],,4,001,2025-10-16_16h59.44.869,untitled,,2025.1.1,59.99437253389583,2025-10-16 16h59.50.088672 +0530,
,177,17,8,,,p_nc_l,Pencil,new,pencil,[np.float64(0.06510416666666667)],[np.float64(-0.2864583333333333)],[1],[0],[0],[2.6650142000289634],['submit_text'],,,,,8,17,177,16,607.4707274999819,,,,,,,,607.4433995999862,607.4707274999819,607.4707274999819,607.4707274999819,0.0025053999852389097,610.1099623999908,pencil,[np.float64(0.06510416666666667)],[np.float64(-0.2864583333333333)],[1],[0],[0],[2.6650142000289634],['submit_text'],,4,001,2025-10-16_16h59.44.869,untitled,,2025.1.1,59.99437253389583,2025-10-16 16h59.50.088672 +0530,
,178,18,8,,,_o_rd,Board,old,board,[np.float64(0.06510416666666667)],[np.float64(-0.2864583333333333)],[1],[0],[0],[3.0903250000556],['submit_text'],,,,,8,18,178,10,610.1402119999984,,,,,,,,610.1133268999984,610.1402119999984,610.1402119999984,610.1402119999984,0.0032134000211954117,613.204895599978,board,[np.float64(0.06510416666666667)],[np.float64(-0.2864583333333333)],[1],[0],[0],[3.0903250000556],['submit_text'],,4,001,2025-10-16_16h59.44.869,untitled,,2025.1.1,59.99437253389583,2025-10-16 16h59.50.088672 +0530,
,179,19,8,,,_ha_t,Chart,old,chart,[np.float64(0.06510416666666667)],[np.float64(-0.2864583333333333)],[1],[0],[0],[2.5955874999635853],['submit_text'],,,,,8,19,179,1,613.2358562999871,,,,,,,,613.2073388000135,613.2358562999871,613.2358562999871,613.2358562999871,0.0023118999670259655,615.8037314999965,chart,[np.float64(0.06510416666666667)],[np.float64(-0.2864583333333333)],[1],[0],[0],[2.5955874999635853],['submit_text'],,4,001,2025-10-16_16h59.44.869,untitled,,2025.1.1,59.99437253389583,2025-10-16 16h59.50.088672 +0530,
,180,0,9,,,oo,Book,old,book,[np.float64(0.06510416666666667)],[np.float64(-0.2864583333333333)],[1],[0],[0],[3.4670706000179052],['submit_text'],,,,,9,0,180,13,615.821320499992,,,,,,,,615.8050131999771,615.821320499992,615.821320499992,615.821320499992,0.0012153999996371567,619.2734486000263,book,[np.float64(0.06510416666666667)],[np.float64(-0.2864583333333333)],[1],[0],[0],[3.4670706000179052],['submit_text'],,4,001,2025-10-16_16h59.44.869,untitled,,2025.1.1,59.99437253389583,2025-10-16 16h59.50.088672 +0530,
,181,1,9,,,ru_is,Cruise,old,,[np.float64(0.06510416666666667)],[np.float64(-0.2864583333333333)],[1],[0],[0],[1.1938394000171684],['submit_text'],,,,,9,1,181,6,619.3033828000189,,,,,,,,619.2760389000177,619.3033828000189,619.3033828000189,619.3033828000189,0.002470899955369532,620.4710156000219,,[np.float64(0.06510416666666667)],[np.float64(-0.2864583333333333)],[1],[0],[0],[1.1938394000171684],['submit_text'],,4,001,2025-10-16_16h59.44.869,untitled,,2025.1.1,59.99437253389583,2025-10-16 16h59.50.088672 +0530,
,182,2,9,,,P_as_tr_,Pastry,old,pastry,[np.float64(0.06510416666666667)],[np.float64(-0.2864583333333333)],[1],[0],[0],[2.8972174000227824],['submit_text'],,,,,9,2,182,4,620.5040281999973,,,,,,,,620.4745104999747,620.5040281999973,620.5040281999973,620.5040281999973,0.003394200000911951,623.3733361000195,pastry,[np.float64(0.06510416666666667)],[np.float64(-0.2864583333333333)],[1],[0],[0],[2.8972174000227824],['submit_text'],,4,001,2025-10-16_16h59.44.869,untitled,,2025.1.1,59.99437253389583,2025-10-16 16h59.50.088672 +0530,
,183,3,9,,,c_s_io_,Cushion,old,cushion,[np.float64(0.06510416666666667)],[np.float64(-0.2864583333333333)],[1],[0],[0],[2.747127999959048],['submit_text'],,,,,9,3,183,14,623.4067568000173,,,,,,,,623.3766400000313,623.4067568000173,623.4067568000173,623.4067568000173,0.003171799995470792,626.125222600007,cushion,[np.float64(0.06510416666666667)],[np.float64(-0.2864583333333333)],[1],[0],[0],[2.747127999959048],['submit_text'],,4,001,2025-10-16_16h59.44.869,untitled,,2025.1.1,59.99437253389583,2025-10-16 16h59.50.088672 +0530,
,184,4,9,,,c_m_ra,Camera,new,camera,[np.float64(0.06510416666666667)],[np.float64(-0.2864583333333333)],[1],[0],[0],[3.6288284999900497],['submit_text'],,,,,9,4,184,19,626.1558447999996,,,,,,,,626.12820560002,626.1558447999996,626.1558447999996,626.1558447999996,0.002869800024200231,629.7585697000031,camera,[np.float64(0.06510416666666667)],[np.float64(-0.2864583333333333)],[1],[0],[0],[3.6288284999900497],['submit_text'],,4,001,2025-10-16_16h59.44.869,untitled,,2025.1.1,59.99437253389583,2025-10-16 16h59.50.088672 +0530,
,185,5,9,,,a_bl,Marble,old,table,[np.float64(0.06510416666666667)],[np.float64(-0.2864583333333333)],[1],[0],[0],[2.7276211000280455],['submit_text'],,,,,9,5,185,11,629.7866382999928,,,,,,,,629.760976199992,629.7866382999928,629.7866382999928,629.7866382999928,0.002282500034198165,632.4902414000244,table,[np.float64(0.06510416666666667)],[np.float64(-0.2864583333333333)],[1],[0],[0],[2.7276211000280455],['submit_text'],,4,001,2025-10-16_16h59.44.869,untitled,,2025.1.1,59.99437253389583,2025-10-16 16h59.50.088672 +0530,
,186,6,9,,,ta_l_,Table,new,table,[np.float64(0.06510416666666667)],[np.float64(-0.2864583333333333)],[1],[0],[0],[2.5959126999950968],['submit_text'],,,,,9,6,186,15,632.520138700027,,,,,,,,632.4938825999852,632.520138700027,632.520138700027,632.520138700027,0.0035158999962732196,635.0913369000191,table,[np.float64(0.06510416666666667)],[np.float64(-0.2864583333333333)],[1],[0],[0],[2.5959126999950968],['submit_text'],,4,001,2025-10-16_16h59.44.869,untitled,,2025.1.1,59.99437253389583,2025-10-16 16h59.50.088672 +0530,
,187,7,9,,,_ha_t,Chart,old,chart,[np.float64(0.06510416666666667)],[np.float64(-0.2864583333333333)],[1],[0],[0],[2.294492300017737],['submit_text'],,,,,9,7,187,1,635.1225026000175,,,,,,,,635.094253999996,635.1225026000175,635.1225026000175,635.1225026000175,0.0028024999774061143,637.3902776999748,chart,[np.float64(0.06510416666666667)],[np.float64(-0.2864583333333333)],[1],[0],[0],[2.294492300017737],['submit_text'],,4,001,2025-10-16_16h59.44.869,untitled,,2025.1.1,59.99437253389583,2025-10-16 16h59.50.088672 +0530,
,188,8,9,,,K_y_,Keys,old,keys,[np.float64(0.06510416666666667)],[np.float64(-0.2864583333333333)],[1],[0],[0],[2.2604615000309423],['submit_text'],,,,,9,8,188,8,637.4205294999992,,,,,,,,637.3929333999986,637.4205294999992,637.4205294999992,637.4205294999992,0.0024786999565549195,639.655117199989,keys,[np.float64(0.06510416666666667)],[np.float64(-0.2864583333333333)],[1],[0],[0],[2.2604615000309423],['submit_text'],,4,001,2025-10-16_16h59.44.869,untitled,,2025.1.1,59.99437253389583,2025-10-16 16h59.50.088672 +0530,
,189,9,9,,,p_nc_l,Pencil,new,pencil,[np.float64(0.06510416666666667)],[np.float64(-0.2864583333333333)],[1],[0],[0],[2.5618075999664143],['submit_text'],,,,,9,9,189,16,639.6896615999867,,,,,,,,639.6583458000096,639.6896615999867,639.6896615999867,639.6896615999867,0.0029560999828390777,642.2218373999931,pencil,[np.float64(0.06510416666666667)],[np.float64(-0.2864583333333333)],[1],[0],[0],[2.5618075999664143],['submit_text'],,4,001,2025-10-16_16h59.44.869,untitled,,2025.1.1,59.99437253389583,2025-10-16 16h59.50.088672 +0530,
,190,10,9,,,P_li_e,Police,old,police,[np.float64(0.06510416666666667)],[np.float64(-0.2864583333333333)],[1],[0],[0],[2.580634000012651],['submit_text'],,,,,9,10,190,7,642.2528308000183,,,,,,,,642.2249849999789,642.2528308000183,642.2528308000183,642.2528308000183,0.003030999971088022,644.8071914999746,police,[np.float64(0.06510416666666667)],[np.float64(-0.2864583333333333)],[1],[0],[0],[2.580634000012651],['submit_text'],,4,001,2025-10-16_16h59.44.869,untitled,,2025.1.1,59.99437253389583,2025-10-16 16h59.50.088672 +0530,
,191,11,9,,,bo_t_e,Bottle,new,bottle,[np.float64(0.06510416666666667)],[np.float64(-0.2864583333333333)],[1],[0],[0],[3.3955468999920413],['submit_text'],,,,,9,11,191,18,644.8375309000257,,,,,,,,644.8105496999924,644.8375309000257,644.8375309000257,644.8375309000257,0.0032068000291474164,648.2077675000182,bottle,[np.float64(0.06510416666666667)],[np.float64(-0.2864583333333333)],[1],[0],[0],[3.3955468999920413],['submit_text'],,4,001,2025-10-16_16h59.44.869,untitled,,2025.1.1,59.99437253389583,2025-10-16 16h59.50.088672 +0530,
,192,12,9,,,P_st_r,Poster,old,poster,[np.float64(0.06510416666666667)],[np.float64(-0.2864583333333333)],[1],[0],[0],[3.2255452999961562],['submit_text'],,,,,9,12,192,9,648.2348673000233,,,,,,,,648.211597400019,648.2348673000233,648.2348673000233,648.2348673000233,0.003648200014140457,651.4389390000142,poster,[np.float64(0.06510416666666667)],[np.float64(-0.2864583333333333)],[1],[0],[0],[3.2255452999961562],['submit_text'],,4,001,2025-10-16_16h59.44.869,untitled,,2025.1.1,59.99437253389583,2025-10-16 16h59.50.088672 +0530,
,193,13,9,,,_o_rd,Board,old,board,[np.float64(0.06510416666666667)],[np.float64(-0.2864583333333333)],[1],[0],[0],[3.39535489998525],['submit_text'],,,,,9,13,193,10,651.4696053999942,,,,,,,,651.4418706999859,651.4696053999942,651.4696053999942,651.4696053999942,0.002776700013782829,654.8388054000097,board,[np.float64(0.06510416666666667)],[np.float64(-0.2864583333333333)],[1],[0],[0],[3.39535489998525],['submit_text'],,4,001,2025-10-16_16h59.44.869,untitled,,2025.1.1,59.99437253389583,2025-10-16 16h59.50.088672 +0530,
,194,14,9,,,_ou_se,mouse,old,mouse,[np.float64(0.06510416666666667)],[np.float64(-0.2864583333333333)],[1],[0],[0],[2.945454200031236],['submit_text'],,,,,9,14,194,3,654.8694280000054,,,,,,,,654.8415901000262,654.8694280000054,654.8694280000054,654.8694280000054,0.0026585000450722873,657.7887767999782,mouse,[np.float64(0.06510416666666667)],[np.float64(-0.2864583333333333)],[1],[0],[0],[2.945454200031236],['submit_text'],,4,001,2025-10-16_16h59.44.869,untitled,,2025.1.1,59.99437253389583,2025-10-16 16h59.50.088672 +0530,
,195,15,9,,,_ho_e,Phone,old,horse,[np.float64(0.06510416666666667)],[np.float64(-0.2864583333333333)],[1],[0],[0],[4.014286299992818],['submit_text'],,,,,9,15,195,12,657.8190215000068,,,,,,,,657.7915541999973,657.8190215000068,657.8190215000068,657.8190215000068,0.002619699982460588,661.8074428000255,horse,[np.float64(0.06510416666666667)],[np.float64(-0.2864583333333333)],[1],[0],[0],[4.014286299992818],['submit_text'],,4,001,2025-10-16_16h59.44.869,untitled,,2025.1.1,59.99437253389583,2025-10-16 16h59.50.088672 +0530,
,196,16,9,,,v_s_,Vase,new,vase,[np.float64(0.06510416666666667)],[np.float64(-0.2864583333333333)],[1],[0],[0],[2.6955097999889404],['submit_text'],,,,,9,16,196,17,661.835683799989,,,,,,,,661.8101485000225,661.835683799989,661.835683799989,661.835683799989,0.002521200047340244,664.5072286999784,vase,[np.float64(0.06510416666666667)],[np.float64(-0.2864583333333333)],[1],[0],[0],[2.6955097999889404],['submit_text'],,4,001,2025-10-16_16h59.44.869,untitled,,2025.1.1,59.99437253389583,2025-10-16 16h59.50.088672 +0530,
,197,17,9,,,T_hi_t,Tshirt,old,tshirt,[np.float64(0.06510416666666667)],[np.float64(-0.2864583333333333)],[1],[0],[0],[2.777712800016161],['submit_text'],,,,,9,17,197,2,664.5356101000216,,,,,,,,664.5098959999741,664.5356101000216,664.5356101000216,664.5356101000216,0.00253060000250116,667.2892473000102,tshirt,[np.float64(0.06510416666666667)],[np.float64(-0.2864583333333333)],[1],[0],[0],[2.777712800016161],['submit_text'],,4,001,2025-10-16_16h59.44.869,untitled,,2025.1.1,59.99437253389583,2025-10-16 16h59.50.088672 +0530,
,198,18,9,,,l_pt_p,Laptop,old,laptop,[np.float64(0.06510416666666667)],[np.float64(-0.2864583333333333)],[1],[0],[0],[2.5455633999663405],['submit_text'],,,,,9,18,198,0,667.3200281999889,,,,,,,,667.2917564000236,667.3200281999889,667.3200281999889,667.3200281999889,0.0023143000435084105,669.838661900023,laptop,[np.float64(0.06510416666666667)],[np.float64(-0.2864583333333333)],[1],[0],[0],[2.5455633999663405],['submit_text'],,4,001,2025-10-16_16h59.44.869,untitled,,2025.1.1,59.99437253389583,2025-10-16 16h59.50.088672 +0530,
,199,19,9,,,c_s_,Case,old,case,[np.float64(0.06510416666666667)],[np.float64(-0.2864583333333333)],[1],[0],[0],[2.71224570000777],['submit_text'],,,,,9,19,199,5,669.8684467999847,,,,,,,,669.8408185000299,669.8684467999847,669.8684467999847,669.8684467999847,0.002028800023254007,672.5546137000201,case,[np.float64(0.06510416666666667)],[np.float64(-0.2864583333333333)],[1],[0],[0],[2.71224570000777],['submit_text'],,4,001,2025-10-16_16h59.44.869,untitled,,2025.1.1,59.99437253389583,2025-10-16 16h59.50.088672 +0530,
,200,0,10,,,K_y_,Keys,old,keys,[np.float64(0.06510416666666667)],[np.float64(-0.2864583333333333)],[1],[0],[0],[2.311095800017938],['submit_text'],,,,,10,0,200,8,672.5851310000289,,,,,,,,672.5578143000021,672.5851310000289,672.5851310000289,672.5851310000289,0.0031154000316746533,674.8707266999991,keys,[np.float64(0.06510416666666667)],[np.float64(-0.2864583333333333)],[1],[0],[0],[2.311095800017938],['submit_text'],,4,001,2025-10-16_16h59.44.869,untitled,,2025.1.1,59.99437253389583,2025-10-16 16h59.50.088672 +0530,
,201,1,10,,,_o_rd,Board,old,board,[np.float64(0.06510416666666667)],[np.float64(-0.2864583333333333)],[1],[0],[0],[2.9790371999843046],['submit_text'],,,,,10,1,201,10,674.9015431000153,,,,,,,,674.8738945000223,674.9015431000153,674.9015431000153,674.9015431000153,0.0030372999608516693,677.8542363999877,board,[np.float64(0.06510416666666667)],[np.float64(-0.2864583333333333)],[1],[0],[0],[2.9790371999843046],['submit_text'],,4,001,2025-10-16_16h59.44.869,untitled,,2025.1.1,59.99437253389583,2025-10-16 16h59.50.088672 +0530,
,202,2,10,,,P_as_tr_,Pastry,old,pastry,[np.float64(0.06510416666666667)],[np.float64(-0.2864583333333333)],[1],[0],[0],[2.814296299999114],['submit_text'],,,,,10,2,202,4,677.8850866000284,,,,,,,,677.8568741999916,677.8850866000284,677.8850866000284,677.8850866000284,0.0025255000218749046,680.6728239000076,pastry,[np.float64(0.06510416666666667)],[np.float64(-0.2864583333333333)],[1],[0],[0],[2.814296299999114],['submit_text'],,4,001,2025-10-16_16h59.44.869,untitled,,2025.1.1,59.99437253389583,2025-10-16 16h59.50.088672 +0530,
,203,3,10,,,p_nc_l,Pencil,new,pencil,[np.float64(0.06510416666666667)],[np.float64(-0.2864583333333333)],[1],[0],[0],[2.660383499984164],['submit_text'],,,,,10,3,203,16,680.7043750000303,,,,,,,,680.6754418999772,680.7043750000303,680.7043750000303,680.7043750000303,0.00250250002136454,683.3376551999827,pencil,[np.float64(0.06510416666666667)],[np.float64(-0.2864583333333333)],[1],[0],[0],[2.660383499984164],['submit_text'],,4,001,2025-10-16_16h59.44.869,untitled,,2025.1.1,59.99437253389583,2025-10-16 16h59.50.088672 +0530,
,204,4,10,,,ta_l_,Table,new,table,[np.float64(0.06510416666666667)],[np.float64(-0.2864583333333333)],[1],[0],[0],[2.5962014000397176],['submit_text'],,,,,10,4,204,15,683.3680520000053,,,,,,,,683.3408727999777,683.3680520000053,683.3680520000053,683.3680520000053,0.003021600015927106,685.9387071999954,table,[np.float64(0.06510416666666667)],[np.float64(-0.2864583333333333)],[1],[0],[0],[2.5962014000397176],['submit_text'],,4,001,2025-10-16_16h59.44.869,untitled,,2025.1.1,59.99437253389583,2025-10-16 16h59.50.088672 +0530,
,205,5,10,,,T_hi_t,Tshirt,old,tshirt,[np.float64(0.06510416666666667)],[np.float64(-0.2864583333333333)],[1],[0],[0],[5.892352299997583],['submit_text'],,,,,10,5,205,2,685.9677623999887,,,,,,,,685.9413254000247,685.9677623999887,685.9677623999887,685.9677623999887,0.002497799985576421,691.8349709999748,tshirt,[np.float64(0.06510416666666667)],[np.float64(-0.2864583333333333)],[1],[0],[0],[5.892352299997583],['submit_text'],,4,001,2025-10-16_16h59.44.869,untitled,,2025.1.1,59.99437253389583,2025-10-16 16h59.50.088672 +0530,
,206,6,10,,,P_li_e,Police,old,police,[np.float64(0.06510416666666667)],[np.float64(-0.2864583333333333)],[1],[0],[0],[2.7123499999870546],['submit_text'],,,,,10,6,206,7,691.8667839000118,,,,,,,,691.8376097999862,691.8667839000118,691.8667839000118,691.8667839000118,0.0025320000131614506,694.551257700019,police,[np.float64(0.06510416666666667)],[np.float64(-0.2864583333333333)],[1],[0],[0],[2.7123499999870546],['submit_text'],,4,001,2025-10-16_16h59.44.869,untitled,,2025.1.1,59.99437253389583,2025-10-16 16h59.50.088672 +0530,
,207,7,10,,,P_st_r,Poster,old,poster,[np.float64(0.06510416666666667)],[np.float64(-0.2864583333333333)],[1],[0],[0],[2.8500125999562442],['submit_text'],,,,,10,7,207,9,694.5660574000212,,,,,,,,694.5536075999844,694.5660574000212,694.5660574000212,694.5660574000212,0.0022416000138036907,697.404898800014,poster,[np.float64(0.06510416666666667)],[np.float64(-0.2864583333333333)],[1],[0],[0],[2.8500125999562442],['submit_text'],,4,001,2025-10-16_16h59.44.869,untitled,,2025.1.1,59.99437253389583,2025-10-16 16h59.50.088672 +0530,
,208,8,10,,,c_m_ra,Camera,new,camera,[np.float64(0.06510416666666667)],[np.float64(-0.2864583333333333)],[1],[0],[0],[2.7419602000154555],['submit_text'],,,,,10,8,208,19,697.4323540999903,,,,,,,,697.4076719000004,697.4323540999903,697.4323540999903,697.4323540999903,0.002643900050316006,700.150947200018,camera,[np.float64(0.06510416666666667)],[np.float64(-0.2864583333333333)],[1],[0],[0],[2.7419602000154555],['submit_text'],,4,001,2025-10-16_16h59.44.869,untitled,,2025.1.1,59.99437253389583,2025-10-16 16h59.50.088672 +0530,
,209,9,10,,,bo_t_e,Bottle,new,bottle,[np.float64(0.06510416666666667)],[np.float64(-0.2864583333333333)],[1],[0],[0],[2.715402100002393],['submit_text'],,,,,10,9,209,18,700.167676299985,,,,,,,,700.1535502999905,700.167676299985,700.167676299985,700.167676299985,0.0024648000253364444,702.87060319999,bottle,[np.float64(0.06510416666666667)],[np.float64(-0.2864583333333333)],[1],[0],[0],[2.715402100002393],['submit_text'],,4,001,2025-10-16_16h59.44.869,untitled,,2025.1.1,59.99437253389583,2025-10-16 16h59.50.088672 +0530,
,210,10,10,,,l_pt_p,Laptop,old,laptop,[np.float64(0.06510416666666667)],[np.float64(-0.2864583333333333)],[1],[0],[0],[3.962758900015615],['submit_text'],,,,,10,10,210,0,702.9007814999786,,,,,,,,702.8746582000167,702.9007814999786,702.9007814999786,702.9007814999786,0.00376920000417158,706.839326700021,laptop,[np.float64(0.06510416666666667)],[np.float64(-0.2864583333333333)],[1],[0],[0],[3.962758900015615],['submit_text'],,4,001,2025-10-16_16h59.44.869,untitled,,2025.1.1,59.99437253389583,2025-10-16 16h59.50.088672 +0530,
,211,11,10,,,_ou_se,mouse,old,mouse,[np.float64(0.06510416666666667)],[np.float64(-0.2864583333333333)],[1],[0],[0],[2.5246980999945663],['submit_text'],,,,,10,11,211,3,706.8693062000093,,,,,,,,706.8430076999939,706.8693062000093,706.8693062000093,706.8693062000093,0.003527900029439479,709.3695710999891,mouse,[np.float64(0.06510416666666667)],[np.float64(-0.2864583333333333)],[1],[0],[0],[2.5246980999945663],['submit_text'],,4,001,2025-10-16_16h59.44.869,untitled,,2025.1.1,59.99437253389583,2025-10-16 16h59.50.088672 +0530,
,212,12,10,,,oo,Book,old,book,[np.float64(0.06510416666666667)],[np.float64(-0.2864583333333333)],[1],[0],[0],[2.563309900055174],['submit_text'],,,,,10,12,212,13,709.4003218000289,,,,,,,,709.372219300014,709.4003218000289,709.4003218000289,709.4003218000289,0.002487400022801012,711.9373492000159,book,[np.float64(0.06510416666666667)],[np.float64(-0.2864583333333333)],[1],[0],[0],[2.563309900055174],['submit_text'],,4,001,2025-10-16_16h59.44.869,untitled,,2025.1.1,59.99437253389583,2025-10-16 16h59.50.088672 +0530,
,213,13,10,,,_ha_t,Chart,old,chart,[np.float64(0.06510416666666667)],[np.float64(-0.2864583333333333)],[1],[0],[0],[3.8265487999888137],['submit_text'],,,,,10,13,213,1,711.9668485000147,,,,,,,,711.9414423999842,711.9668485000147,711.9668485000147,711.9668485000147,0.0038386000087484717,715.7699181999778,chart,[np.float64(0.06510416666666667)],[np.float64(-0.2864583333333333)],[1],[0],[0],[3.8265487999888137],['submit_text'],,4,001,2025-10-16_16h59.44.869,untitled,,2025.1.1,59.99437253389583,2025-10-16 16h59.50.088672 +0530,
,214,14,10,,,a_bl,Marble,old,table,[np.float64(0.06510416666666667)],[np.float64(-0.2864583333333333)],[1],[0],[0],[2.425755099975504],['submit_text'],,,,,10,14,214,11,715.7999968000222,,,,,,,,715.7729781999951,715.7999968000222,715.7999968000222,715.7999968000222,0.0028880999889224768,718.2000581999891,table,[np.float64(0.06510416666666667)],[np.float64(-0.2864583333333333)],[1],[0],[0],[2.425755099975504],['submit_text'],,4,001,2025-10-16_16h59.44.869,untitled,,2025.1.1,59.99437253389583,2025-10-16 16h59.50.088672 +0530,
,215,15,10,,,_ho_e,Phone,old,,[np.float64(0.06510416666666667)],[np.float64(-0.2864583333333333)],[1],[0],[0],[1.230309100006707],['submit_text'],,,,,10,15,215,12,718.2155788000091,,,,,,,,718.2024409000296,718.2155788000091,718.2155788000091,718.2155788000091,0.0022686999873258173,719.434111599985,,[np.float64(0.06510416666666667)],[np.float64(-0.2864583333333333)],[1],[0],[0],[1.230309100006707],['submit_text'],,4,001,2025-10-16_16h59.44.869,untitled,,2025.1.1,59.99437253389583,2025-10-16 16h59.50.088672 +0530,
,216,16,10,,,c_s_io_,Cushion,old,cushion,[np.float64(0.06510416666666667)],[np.float64(-0.2864583333333333)],[1],[0],[0],[2.897937500034459],['submit_text'],,,,,10,16,216,14,719.4482454999816,,,,,,,,719.4367345999926,719.4482454999816,719.4482454999816,719.4482454999816,0.0025017999578267336,722.3366435000207,cushion,[np.float64(0.06510416666666667)],[np.float64(-0.2864583333333333)],[1],[0],[0],[2.897937500034459],['submit_text'],,4,001,2025-10-16_16h59.44.869,untitled,,2025.1.1,59.99437253389583,2025-10-16 16h59.50.088672 +0530,
,217,17,10,,,c_s_,Case,old,case,[np.float64(0.06510416666666667)],[np.float64(-0.2864583333333333)],[1],[0],[0],[4.978309600031935],['submit_text'],,,,,10,17,217,5,722.3674562000087,,,,,,,,722.3398116999888,722.3674562000087,722.3674562000087,722.3674562000087,0.002973099995870143,727.3198127999785,case,[np.float64(0.06510416666666667)],[np.float64(-0.2864583333333333)],[1],[0],[0],[4.978309600031935],['submit_text'],,4,001,2025-10-16_16h59.44.869,untitled,,2025.1.1,59.99437253389583,2025-10-16 16h59.50.088672 +0530,
,218,18,10,,,v_s_,Vase,new,vase,[np.float64(0.06510416666666667)],[np.float64(-0.2864583333333333)],[1],[0],[0],[3.112895399972331],['submit_text'],,,,,10,18,218,17,727.3485722999903,,,,,,,,727.3227381000179,727.3485722999903,727.3485722999903,727.3485722999903,0.0028092999709770083,730.4378594000009,vase,[np.float64(0.06510416666666667)],[np.float64(-0.2864583333333333)],[1],[0],[0],[3.112895399972331],['submit_text'],,4,001,2025-10-16_16h59.44.869,untitled,,2025.1.1,59.99437253389583,2025-10-16 16h59.50.088672 +0530,
,219,19,10,,,ru_is,Cruise,old,,[np.float64(0.06510416666666667)],[np.float64(-0.2864583333333333)],[1],[0],[0],[0.9576539000263438],['submit_text'],,,,,10,19,219,6,730.4653237999883,,,,,,,,730.4416660999996,730.4653237999883,730.4653237999883,730.4653237999883,0.003551499976310879,731.4007797000231,,[np.float64(0.06510416666666667)],[np.float64(-0.2864583333333333)],[1],[0],[0],[0.9576539000263438],['submit_text'],,4,001,2025-10-16_16h59.44.869,untitled,,2025.1.1,59.99437253389583,2025-10-16 16h59.50.088672 +0530,
,220,0,11,,,P_st_r,Poster,old,poster,[np.float64(0.06510416666666667)],[np.float64(-0.2864583333333333)],[1],[0],[0],[2.7641912000253797],['submit_text'],,,,,11,0,220,9,731.4314740999835,,,,,,,,731.403381799988,731.4314740999835,731.4314740999835,731.4314740999835,0.002472100022714585,734.1696005000267,poster,[np.float64(0.06510416666666667)],[np.float64(-0.2864583333333333)],[1],[0],[0],[2.7641912000253797],['submit_text'],,4,001,2025-10-16_16h59.44.869,untitled,,2025.1.1,59.99437253389583,2025-10-16 16h59.50.088672 +0530,
,221,1,11,,,p_nc_l,Pencil,new,pencil,[np.float64(0.06510416666666667)],[np.float64(-0.2864583333333333)],[1],[0],[0],[3.710582300031092],['submit_text'],,,,,11,1,221,16,734.1987974999938,,,,,,,,734.1726549000014,734.1987974999938,734.1987974999938,734.1987974999938,0.002867800008971244,737.8851607000106,pencil,[np.float64(0.06510416666666667)],[np.float64(-0.2864583333333333)],[1],[0],[0],[3.710582300031092],['submit_text'],,4,001,2025-10-16_16h59.44.869,untitled,,2025.1.1,59.99437253389583,2025-10-16 16h59.50.088672 +0530,
,222,2,11,,,bo_t_e,Bottle,new,bottle,[np.float64(0.06510416666666667)],[np.float64(-0.2864583333333333)],[1],[0],[0],[2.846999700006563],['submit_text'],,,,,11,2,222,18,737.9159182999865,,,,,,,,737.8879969000118,737.9159182999865,737.9159182999865,737.9159182999865,0.002688599983230233,740.7366769000073,bottle,[np.float64(0.06510416666666667)],[np.float64(-0.2864583333333333)],[1],[0],[0],[2.846999700006563],['submit_text'],,4,001,2025-10-16_16h59.44.869,untitled,,2025.1.1,59.99437253389583,2025-10-16 16h59.50.088672 +0530,
,223,3,11,,,P_li_e,Police,old,police,[np.float64(0.06510416666666667)],[np.float64(-0.2864583333333333)],[1],[0],[0],[2.8275487000355497],['submit_text'],,,,,11,3,223,7,740.7652277000016,,,,,,,,740.7398619999876,740.7652277000016,740.7652277000016,740.7652277000016,0.0030879999976605177,743.5694622999872,police,[np.float64(0.06510416666666667)],[np.float64(-0.2864583333333333)],[1],[0],[0],[2.8275487000355497],['submit_text'],,4,001,2025-10-16_16h59.44.869,untitled,,2025.1.1,59.99437253389583,2025-10-16 16h59.50.088672 +0530,
,224,4,11,,,c_s_io_,Cushion,old,cushion,[np.float64(0.06510416666666667)],[np.float64(-0.2864583333333333)],[1],[0],[0],[2.7119283000356518],['submit_text'],,,,,11,4,224,14,743.5984307000181,,,,,,,,743.5723888999783,743.5984307000181,743.5984307000181,743.5984307000181,0.0027743999962694943,746.2862755000242,cushion,[np.float64(0.06510416666666667)],[np.float64(-0.2864583333333333)],[1],[0],[0],[2.7119283000356518],['submit_text'],,4,001,2025-10-16_16h59.44.869,untitled,,2025.1.1,59.99437253389583,2025-10-16 16h59.50.088672 +0530,
,225,5,11,,,v_s_,Vase,new,vase,[np.float64(0.06510416666666667)],[np.float64(-0.2864583333333333)],[1],[0],[0],[2.8108897999627516],['submit_text'],,,,,11,5,225,17,746.314764300012,,,,,,,,746.2891223999904,746.314764300012,746.314764300012,746.314764300012,0.0027123999898321927,749.1021030999837,vase,[np.float64(0.06510416666666667)],[np.float64(-0.2864583333333333)],[1],[0],[0],[2.8108897999627516],['submit_text'],,4,001,2025-10-16_16h59.44.869,untitled,,2025.1.1,59.99437253389583,2025-10-16 16h59.50.088672 +0530,
,226,6,11,,,ta_l_,Table,new,table,[np.float64(0.06510416666666667)],[np.float64(-0.2864583333333333)],[1],[0],[0],[2.5614375000004657],['submit_text'],,,,,11,6,226,15,749.1312111000298,,,,,,,,749.1054806999746,749.1312111000298,749.1312111000298,749.1312111000298,0.0032599999685771763,751.6687254999997,table,[np.float64(0.06510416666666667)],[np.float64(-0.2864583333333333)],[1],[0],[0],[2.5614375000004657],['submit_text'],,4,001,2025-10-16_16h59.44.869,untitled,,2025.1.1,59.99437253389583,2025-10-16 16h59.50.088672 +0530,
,227,7,11,,,K_y_,Keys,old,keys,[np.float64(0.06510416666666667)],[np.float64(-0.2864583333333333)],[1],[0],[0],[2.344510100025218],['submit_text'],,,,,11,7,227,8,751.6980403999914,,,,,,,,751.6714799000183,751.6980403999914,751.6980403999914,751.6980403999914,0.002631699957419187,754.0179756000289,keys,[np.float64(0.06510416666666667)],[np.float64(-0.2864583333333333)],[1],[0],[0],[2.344510100025218],['submit_text'],,4,001,2025-10-16_16h59.44.869,untitled,,2025.1.1,59.99437253389583,2025-10-16 16h59.50.088672 +0530,
,228,8,11,,,l_pt_p,Laptop,old,laptop,[np.float64(0.06510416666666667)],[np.float64(-0.2864583333333333)],[1],[0],[0],[2.710919300036039],['submit_text'],,,,,11,8,228,0,754.0480564000318,,,,,,,,754.0208964999765,754.0480564000318,754.0480564000318,754.0480564000318,0.0027883999864570796,756.7336811000132,laptop,[np.float64(0.06510416666666667)],[np.float64(-0.2864583333333333)],[1],[0],[0],[2.710919300036039],['submit_text'],,4,001,2025-10-16_16h59.44.869,untitled,,2025.1.1,59.99437253389583,2025-10-16 16h59.50.088672 +0530,
,229,9,11,,,P_as_tr_,Pastry,old,pastry,[np.float64(0.06510416666666667)],[np.float64(-0.2864583333333333)],[1],[0],[0],[5.028681399999186],['submit_text'],,,,,11,9,229,4,756.7632268000161,,,,,,,,756.7372875000001,756.7632268000161,756.7632268000161,756.7632268000161,0.003409500000998378,761.7679350000108,pastry,[np.float64(0.06510416666666667)],[np.float64(-0.2864583333333333)],[1],[0],[0],[5.028681399999186],['submit_text'],,4,001,2025-10-16_16h59.44.869,untitled,,2025.1.1,59.99437253389583,2025-10-16 16h59.50.088672 +0530,
,230,10,11,,,c_s_,Case,old,case,[np.float64(0.06510416666666667)],[np.float64(-0.2864583333333333)],[1],[0],[0],[2.2788320999825373],['submit_text'],,,,,11,10,230,5,761.7976514999755,,,,,,,,761.7711019000271,761.7976514999755,761.7976514999755,761.7976514999755,0.0030333000468090177,764.051930000016,case,[np.float64(0.06510416666666667)],[np.float64(-0.2864583333333333)],[1],[0],[0],[2.2788320999825373],['submit_text'],,4,001,2025-10-16_16h59.44.869,untitled,,2025.1.1,59.99437253389583,2025-10-16 16h59.50.088672 +0530,
,231,11,11,,,ru_is,Cruise,old,,[np.float64(0.06510416666666667)],[np.float64(-0.2864583333333333)],[1],[0],[0],[1.0110504000331275],['submit_text'],,,,,11,11,231,6,764.0809748999891,,,,,,,,764.0547232999816,764.0809748999891,764.0809748999891,764.0809748999891,0.0026469999575056136,765.0671406000038,,[np.float64(0.06510416666666667)],[np.float64(-0.2864583333333333)],[1],[0],[0],[1.0110504000331275],['submit_text'],,4,001,2025-10-16_16h59.44.869,untitled,,2025.1.1,59.99437253389583,2025-10-16 16h59.50.088672 +0530,
,232,12,11,,,T_hi_t,Tshirt,old,tshirt,[np.float64(0.06510416666666667)],[np.float64(-0.2864583333333333)],[1],[0],[0],[3.3971844000043347],['submit_text'],,,,,11,12,232,2,765.0972395000281,,,,,,,,765.0694425000111,765.0972395000281,765.0972395000281,765.0972395000281,0.0021912999800406396,768.4685871999827,tshirt,[np.float64(0.06510416666666667)],[np.float64(-0.2864583333333333)],[1],[0],[0],[3.3971844000043347],['submit_text'],,4,001,2025-10-16_16h59.44.869,untitled,,2025.1.1,59.99437253389583,2025-10-16 16h59.50.088672 +0530,
,233,13,11,,,c_m_ra,Camera,new,camera,[np.float64(0.06510416666666667)],[np.float64(-0.2864583333333333)],[1],[0],[0],[2.8784254000056535],['submit_text'],,,,,11,13,233,19,768.4975757999928,,,,,,,,768.4714062000276,768.4975757999928,768.4975757999928,768.4975757999928,0.0026788999675773084,771.3518094000174,camera,[np.float64(0.06510416666666667)],[np.float64(-0.2864583333333333)],[1],[0],[0],[2.8784254000056535],['submit_text'],,4,001,2025-10-16_16h59.44.869,untitled,,2025.1.1,59.99437253389583,2025-10-16 16h59.50.088672 +0530,
,234,14,11,,,oo,Book,old,book,[np.float64(0.06510416666666667)],[np.float64(-0.2864583333333333)],[1],[0],[0],[2.5120382999884896],['submit_text'],,,,,11,14,234,13,771.3804130000062,,,,,,,,771.354482099996,771.3804130000062,771.3804130000062,771.3804130000062,0.002539200009778142,773.8683285000152,book,[np.float64(0.06510416666666667)],[np.float64(-0.2864583333333333)],[1],[0],[0],[2.5120382999884896],['submit_text'],,4,001,2025-10-16_16h59.44.869,untitled,,2025.1.1,59.99437253389583,2025-10-16 16h59.50.088672 +0530,
,235,15,11,,,a_bl,Marble,old,table,[np.float64(0.06510416666666667)],[np.float64(-0.2864583333333333)],[1],[0],[0],[2.545007699984126],['submit_text'],,,,,11,15,235,11,773.8977855999838,,,,,,,,773.8710108000087,773.8977855999838,773.8977855999838,773.8977855999838,0.002568199997767806,776.4178417000221,table,[np.float64(0.06510416666666667)],[np.float64(-0.2864583333333333)],[1],[0],[0],[2.545007699984126],['submit_text'],,4,001,2025-10-16_16h59.44.869,untitled,,2025.1.1,59.99437253389583,2025-10-16 16h59.50.088672 +0530,
,236,16,11,,,_ou_se,mouse,old,mouse,[np.float64(0.06510416666666667)],[np.float64(-0.2864583333333333)],[1],[0],[0],[2.5610843000467867],['submit_text'],,,,,11,16,236,3,776.4474195999792,,,,,,,,776.4212447000318,776.4474195999792,776.4474195999792,776.4474195999792,0.0032446999684907496,778.9844471000251,mouse,[np.float64(0.06510416666666667)],[np.float64(-0.2864583333333333)],[1],[0],[0],[2.5610843000467867],['submit_text'],,4,001,2025-10-16_16h59.44.869,untitled,,2025.1.1,59.99437253389583,2025-10-16 16h59.50.088672 +0530,
,237,17,11,,,_o_rd,Board,old,board,[np.float64(0.06510416666666667)],[np.float64(-0.2864583333333333)],[1],[0],[0],[3.1274516999837942],['submit_text'],,,,,11,17,237,10,779.0144136000308,,,,,,,,778.9873442000244,779.0144136000308,779.0144136000308,779.0144136000308,0.002725799975451082,782.1168055000016,board,[np.float64(0.06510416666666667)],[np.float64(-0.2864583333333333)],[1],[0],[0],[3.1274516999837942],['submit_text'],,4,001,2025-10-16_16h59.44.869,untitled,,2025.1.1,59.99437253389583,2025-10-16 16h59.50.088672 +0530,
,238,18,11,,,_ho_e,Phone,old,,[np.float64(0.06510416666666667)],[np.float64(-0.2864583333333333)],[1],[0],[0],[1.3768090000376105],['submit_text'],,,,,11,18,238,12,782.1468244999996,,,,,,,,782.1202154000057,782.1468244999996,782.1468244999996,782.1468244999996,0.0032765999785624444,783.4985632000025,,[np.float64(0.06510416666666667)],[np.float64(-0.2864583333333333)],[1],[0],[0],[1.3768090000376105],['submit_text'],,4,001,2025-10-16_16h59.44.869,untitled,,2025.1.1,59.99437253389583,2025-10-16 16h59.50.088672 +0530,
,239,19,11,,,_ha_t,Chart,old,chart,[np.float64(0.06510416666666667)],[np.float64(-0.2864583333333333)],[1],[0],[0],[3.2140194000094198],['submit_text'],,,,,11,19,239,1,783.5292306999909,,,,,,,,783.5015125999926,783.5292306999909,783.5292306999909,783.5292306999909,0.0028076000162400305,786.7175736000063,chart,[np.float64(0.06510416666666667)],[np.float64(-0.2864583333333333)],[1],[0],[0],[3.2140194000094198],['submit_text'],,4,001,2025-10-16_16h59.44.869,untitled,,2025.1.1,59.99437253389583,2025-10-16 16h59.50.088672 +0530,
,240,0,12,,,l_pt_p,Laptop,old,laptop,[np.float64(0.06510416666666667)],[np.float64(-0.2864583333333333)],[1],[0],[0],[3.229525199974887],['submit_text'],,,,,12,0,240,0,786.7466335999779,,,,,,,,786.7204568000161,786.7466335999779,786.7466335999779,786.7466335999779,0.0026822000509127975,789.951942500018,laptop,[np.float64(0.06510416666666667)],[np.float64(-0.2864583333333333)],[1],[0],[0],[3.229525199974887],['submit_text'],,4,001,2025-10-16_16h59.44.869,untitled,,2025.1.1,59.99437253389583,2025-10-16 16h59.50.088672 +0530,
,241,1,12,,,T_hi_t,Tshirt,old,tshirt,[np.float64(0.06510416666666667)],[np.float64(-0.2864583333333333)],[1],[0],[0],[2.694358199951239],['submit_text'],,,,,12,1,241,2,789.9807226000121,,,,,,,,789.9550092000281,789.9807226000121,789.9807226000121,789.9807226000121,0.0029189999913796782,792.6514134000172,tshirt,[np.float64(0.06510416666666667)],[np.float64(-0.2864583333333333)],[1],[0],[0],[2.694358199951239],['submit_text'],,4,001,2025-10-16_16h59.44.869,untitled,,2025.1.1,59.99437253389583,2025-10-16 16h59.50.088672 +0530,
,242,2,12,,,_ha_t,Chart,old,chart,[np.float64(0.06510416666666667)],[np.float64(-0.2864583333333333)],[1],[0],[0],[2.4112875999999233],['submit_text'],,,,,12,2,242,1,792.679679199995,,,,,,,,792.6542773999972,792.679679199995,792.679679199995,792.679679199995,0.002718200033996254,795.0676930000191,chart,[np.float64(0.06510416666666667)],[np.float64(-0.2864583333333333)],[1],[0],[0],[2.4112875999999233],['submit_text'],,4,001,2025-10-16_16h59.44.869,untitled,,2025.1.1,59.99437253389583,2025-10-16 16h59.50.088672 +0530,
,243,3,12,,,_ho_e,Phone,old,,[np.float64(0.06510416666666667)],[np.float64(-0.2864583333333333)],[1],[0],[0],[1.242577099998016],['submit_text'],,,,,12,3,243,12,795.0961527000181,,,,,,,,795.0704929999774,795.0961527000181,795.0961527000181,795.0961527000181,0.002640599966980517,796.3145327999955,,[np.float64(0.06510416666666667)],[np.float64(-0.2864583333333333)],[1],[0],[0],[1.242577099998016],['submit_text'],,4,001,2025-10-16_16h59.44.869,untitled,,2025.1.1,59.99437253389583,2025-10-16 16h59.50.088672 +0530,
,244,4,12,,,p_nc_l,Pencil,new,pencil,[np.float64(0.06510416666666667)],[np.float64(-0.2864583333333333)],[1],[0],[0],[2.6812406000099145],['submit_text'],,,,,12,4,244,16,796.3462984000216,,,,,,,,796.3168680000235,796.3462984000216,796.3462984000216,796.3462984000216,0.0022218000376597047,798.999907999998,pencil,[np.float64(0.06510416666666667)],[np.float64(-0.2864583333333333)],[1],[0],[0],[2.6812406000099145],['submit_text'],,4,001,2025-10-16_16h59.44.869,untitled,,2025.1.1,59.99437253389583,2025-10-16 16h59.50.088672 +0530,
,245,5,12,,,P_li_e,Police,old,police,[np.float64(0.06510416666666667)],[np.float64(-0.2864583333333333)],[1],[0],[0],[4.661926899978425],['submit_text'],,,,,12,5,245,7,799.0293347000261,,,,,,,,799.0031577000045,799.0293347000261,799.0293347000261,799.0293347000261,0.0031393999815918505,803.667171899986,police,[np.float64(0.06510416666666667)],[np.float64(-0.2864583333333333)],[1],[0],[0],[4.661926899978425],['submit_text'],,4,001,2025-10-16_16h59.44.869,untitled,,2025.1.1,59.99437253389583,2025-10-16 16h59.50.088672 +0530,
,246,6,12,,,ru_is,Cruise,old,,[np.float64(0.06510416666666667)],[np.float64(-0.2864583333333333)],[1],[0],[0],[0.9606989999883808],['submit_text'],,,,,12,6,246,6,803.6958175000036,,,,,,,,803.6700583000202,803.6958175000036,803.6958175000036,803.6958175000036,0.0027257000328972936,804.6324734999798,,[np.float64(0.06510416666666667)],[np.float64(-0.2864583333333333)],[1],[0],[0],[0.9606989999883808],['submit_text'],,4,001,2025-10-16_16h59.44.869,untitled,,2025.1.1,59.99437253389583,2025-10-16 16h59.50.088672 +0530,
,247,7,12,,,P_as_tr_,Pastry,old,pastry,[np.float64(0.06510416666666667)],[np.float64(-0.2864583333333333)],[1],[0],[0],[2.712913600029424],['submit_text'],,,,,12,7,247,4,804.663175099995,,,,,,,,804.6349401000189,804.663175099995,804.663175099995,804.663175099995,0.0023631000076420605,807.350006600027,pastry,[np.float64(0.06510416666666667)],[np.float64(-0.2864583333333333)],[1],[0],[0],[2.712913600029424],['submit_text'],,4,001,2025-10-16_16h59.44.869,untitled,,2025.1.1,59.99437253389583,2025-10-16 16h59.50.088672 +0530,
,248,8,12,,,K_y_,Keys,old,keys,[np.float64(0.06510416666666667)],[np.float64(-0.2864583333333333)],[1],[0],[0],[2.428233199985698],['submit_text'],,,,,12,8,248,8,807.3802911000093,,,,,,,,807.3530624000123,807.3802911000093,807.3802911000093,807.3802911000093,0.0029010999714955688,809.7831320000114,keys,[np.float64(0.06510416666666667)],[np.float64(-0.2864583333333333)],[1],[0],[0],[2.428233199985698],['submit_text'],,4,001,2025-10-16_16h59.44.869,untitled,,2025.1.1,59.99437253389583,2025-10-16 16h59.50.088672 +0530,
,249,9,12,,,v_s_,Vase,new,vase,[np.float64(0.06510416666666667)],[np.float64(-0.2864583333333333)],[1],[0],[0],[2.4120085000176914],['submit_text'],,,,,12,9,249,17,809.8120677000261,,,,,,,,809.7857756000012,809.8120677000261,809.8120677000261,809.8120677000261,0.0025271999766118824,812.199649200018,vase,[np.float64(0.06510416666666667)],[np.float64(-0.2864583333333333)],[1],[0],[0],[2.4120085000176914],['submit_text'],,4,001,2025-10-16_16h59.44.869,untitled,,2025.1.1,59.99437253389583,2025-10-16 16h59.50.088672 +0530,
,250,10,12,,,_o_rd,Board,old,board,[np.float64(0.06510416666666667)],[np.float64(-0.2864583333333333)],[1],[0],[0],[3.129241200047545],['submit_text'],,,,,12,10,250,10,812.2290457999916,,,,,,,,812.2033627000055,812.2290457999916,812.2290457999916,812.2290457999916,0.0035958000225946307,815.3350821000058,board,[np.float64(0.06510416666666667)],[np.float64(-0.2864583333333333)],[1],[0],[0],[3.129241200047545],['submit_text'],,4,001,2025-10-16_16h59.44.869,untitled,,2025.1.1,59.99437253389583,2025-10-16 16h59.50.088672 +0530,
,251,11,12,,,_ou_se,mouse,old,mouse,[np.float64(0.06510416666666667)],[np.float64(-0.2864583333333333)],[1],[0],[0],[3.3917901000240818],['submit_text'],,,,,12,11,251,3,815.363586499996,,,,,,,,815.3393451999873,815.363586499996,815.363586499996,815.363586499996,0.004037600010633469,818.7331363999983,mouse,[np.float64(0.06510416666666667)],[np.float64(-0.2864583333333333)],[1],[0],[0],[3.3917901000240818],['submit_text'],,4,001,2025-10-16_16h59.44.869,untitled,,2025.1.1,59.99437253389583,2025-10-16 16h59.50.088672 +0530,
,252,12,12,,,bo_t_e,Bottle,new,bottle,[np.float64(0.06510416666666667)],[np.float64(-0.2864583333333333)],[1],[0],[0],[2.7782974999863654],['submit_text'],,,,,12,12,252,18,818.7621971999761,,,,,,,,818.7364049000316,818.7621971999761,818.7621971999761,818.7621971999761,0.003151999961119145,821.5165959000005,bottle,[np.float64(0.06510416666666667)],[np.float64(-0.2864583333333333)],[1],[0],[0],[2.7782974999863654],['submit_text'],,4,001,2025-10-16_16h59.44.869,untitled,,2025.1.1,59.99437253389583,2025-10-16 16h59.50.088672 +0530,
,253,13,12,,,c_s_,Case,old,case,[np.float64(0.06510416666666667)],[np.float64(-0.2864583333333333)],[1],[0],[0],[2.328773299988825],['submit_text'],,,,,12,13,253,5,821.5450063999742,,,,,,,,821.5193700999953,821.5450063999742,821.5450063999742,821.5450063999742,0.0026477999635972083,823.8502613999881,case,[np.float64(0.06510416666666667)],[np.float64(-0.2864583333333333)],[1],[0],[0],[2.328773299988825],['submit_text'],,4,001,2025-10-16_16h59.44.869,untitled,,2025.1.1,59.99437253389583,2025-10-16 16h59.50.088672 +0530,
,254,14,12,,,a_bl,Marble,old,table,[np.float64(0.06510416666666667)],[np.float64(-0.2864583333333333)],[1],[0],[0],[2.6286194000276737],['submit_text'],,,,,12,14,254,11,823.8786509999773,,,,,,,,823.8528923999984,823.8786509999773,823.8786509999773,823.8786509999773,0.0024892000365071,826.4834241999779,table,[np.float64(0.06510416666666667)],[np.float64(-0.2864583333333333)],[1],[0],[0],[2.6286194000276737],['submit_text'],,4,001,2025-10-16_16h59.44.869,untitled,,2025.1.1,59.99437253389583,2025-10-16 16h59.50.088672 +0530,
,255,15,12,,,c_s_io_,Cushion,old,cushion,[np.float64(0.06510416666666667)],[np.float64(-0.2864583333333333)],[1],[0],[0],[2.8107339999987744],['submit_text'],,,,,12,15,255,14,826.5126020000316,,,,,,,,826.4870889000013,826.5126020000316,826.5126020000316,826.5126020000316,0.0035151999909430742,829.2998932999908,cushion,[np.float64(0.06510416666666667)],[np.float64(-0.2864583333333333)],[1],[0],[0],[2.8107339999987744],['submit_text'],,4,001,2025-10-16_16h59.44.869,untitled,,2025.1.1,59.99437253389583,2025-10-16 16h59.50.088672 +0530,
,256,16,12,,,ta_l_,Table,new,table,[np.float64(0.06510416666666667)],[np.float64(-0.2864583333333333)],[1],[0],[0],[4.1106538999592885],['submit_text'],,,,,12,16,256,15,829.3283125000307,,,,,,,,829.303454399982,829.3283125000307,829.3283125000307,829.3283125000307,0.0034010999952442944,833.4163386999862,table,[np.float64(0.06510416666666667)],[np.float64(-0.2864583333333333)],[1],[0],[0],[4.1106538999592885],['submit_text'],,4,001,2025-10-16_16h59.44.869,untitled,,2025.1.1,59.99437253389583,2025-10-16 16h59.50.088672 +0530,
,257,17,12,,,oo,Book,old,"book
",[np.float64(0.078125)],[np.float64(-0.3046875)],[1],[0],[0],[3.560363699973095],['submit_text'],,,,,12,17,257,13,833.4448938000132,,,,,,,,833.4195450000116,833.4448938000132,833.4448938000132,833.4448938000132,0.0030402999836951494,836.9821071000188,"book
",[np.float64(0.078125)],[np.float64(-0.3046875)],[1],[0],[0],[3.560363699973095],['submit_text'],,4,001,2025-10-16_16h59.44.869,untitled,,2025.1.1,59.99437253389583,2025-10-16 16h59.50.088672 +0530,
,258,18,12,,,c_m_ra,Camera,new,camera,[np.float64(0.078125)],[np.float64(-0.3046875)],[1],[0],[0],[3.8437889000051655],['submit_text'],,,,,12,18,258,19,837.0111755999969,,,,,,,,836.9853392000077,837.0111755999969,837.0111755999969,837.0111755999969,0.003096100001130253,840.8307461999939,camera,[np.float64(0.078125)],[np.float64(-0.3046875)],[1],[0],[0],[3.8437889000051655],['submit_text'],,4,001,2025-10-16_16h59.44.869,untitled,,2025.1.1,59.99437253389583,2025-10-16 16h59.50.088672 +0530,
,259,19,12,,,P_st_r,Poster,old,poster,[np.float64(0.078125)],[np.float64(-0.3046875)],[1],[0],[0],[3.729815599974245],['submit_text'],,,,,12,19,259,9,840.8603285999852,,,,,,,,840.8332453999901,840.8603285999852,840.8603285999852,840.8603285999852,0.0023707000073045492,844.5653286000015,poster,[np.float64(0.078125)],[np.float64(-0.3046875)],[1],[0],[0],[3.729815599974245],['submit_text'],,4,001,2025-10-16_16h59.44.869,untitled,,2025.1.1,59.99437253389583,2025-10-16 16h59.50.088672 +0530,
,260,0,13,,,v_s_,Vase,new,vase,[np.float64(0.078125)],[np.float64(-0.3046875)],[1],[0],[0],[2.245014499989338],['submit_text'],,,,,13,0,260,17,844.5949995000265,,,,,,,,844.5680088999798,844.5949995000265,844.5949995000265,844.5949995000265,0.002527299977373332,846.8152203999925,vase,[np.float64(0.078125)],[np.float64(-0.3046875)],[1],[0],[0],[2.245014499989338],['submit_text'],,4,001,2025-10-16_16h59.44.869,untitled,,2025.1.1,59.99437253389583,2025-10-16 16h59.50.088672 +0530,
,261,1,13,,,P_st_r,Poster,old,pastry,[np.float64(0.078125)],[np.float64(-0.3046875)],[1],[0],[0],[2.6620354000478983],['submit_text'],,,,,13,1,261,9,846.8441520999768,,,,,,,,846.8181999999797,846.8441520999768,846.8441520999768,846.8441520999768,0.002842100046109408,849.4824752000277,pastry,[np.float64(0.078125)],[np.float64(-0.3046875)],[1],[0],[0],[2.6620354000478983],['submit_text'],,4,001,2025-10-16_16h59.44.869,untitled,,2025.1.1,59.99437253389583,2025-10-16 16h59.50.088672 +0530,
,262,2,13,,,_o_rd,Board,old,board,[np.float64(0.078125)],[np.float64(-0.3046875)],[1],[0],[0],[3.0280179999535903],['submit_text'],,,,,13,2,262,10,849.5108683999861,,,,,,,,849.485339100007,849.5108683999861,849.5108683999861,849.5108683999861,0.0027112000389024615,852.5153498,board,[np.float64(0.078125)],[np.float64(-0.3046875)],[1],[0],[0],[3.0280179999535903],['submit_text'],,4,001,2025-10-16_16h59.44.869,untitled,,2025.1.1,59.99437253389583,2025-10-16 16h59.50.088672 +0530,
,263,3,13,,,ta_l_,Table,new,table,[np.float64(0.078125)],[np.float64(-0.3046875)],[1],[0],[0],[4.660075500025414],['submit_text'],,,,,13,3,263,15,852.5449171999935,,,,,,,,852.51864319999,852.5449171999935,852.5449171999935,852.5449171999935,0.003094599989708513,857.1809503000113,table,[np.float64(0.078125)],[np.float64(-0.3046875)],[1],[0],[0],[4.660075500025414],['submit_text'],,4,001,2025-10-16_16h59.44.869,untitled,,2025.1.1,59.99437253389583,2025-10-16 16h59.50.088672 +0530,
,264,4,13,,,P_li_e,Police,old,police,[np.float64(0.078125)],[np.float64(-0.3046875)],[1],[0],[0],[4.66122449998511],['submit_text'],,,,,13,4,264,7,857.2103133000201,,,,,,,,857.1841736999922,857.2103133000201,857.2103133000201,857.2103133000201,0.0030792999896220863,861.8472884999937,police,[np.float64(0.078125)],[np.float64(-0.3046875)],[1],[0],[0],[4.66122449998511],['submit_text'],,4,001,2025-10-16_16h59.44.869,untitled,,2025.1.1,59.99437253389583,2025-10-16 16h59.50.088672 +0530,
,265,5,13,,,ru_is,Cruise,old,,[np.float64(0.078125)],[np.float64(-0.3046875)],[1],[0],[0],[1.0103946999879554],['submit_text'],,,,,13,5,265,6,861.8767857999774,,,,,,,,861.850198399974,861.8767857999774,861.8767857999774,861.8767857999774,0.002765199984423816,862.8622290000203,,[np.float64(0.078125)],[np.float64(-0.3046875)],[1],[0],[0],[1.0103946999879554],['submit_text'],,4,001,2025-10-16_16h59.44.869,untitled,,2025.1.1,59.99437253389583,2025-10-16 16h59.50.088672 +0530,
,266,6,13,,,_ou_se,mouse,old,mouse,[np.float64(0.078125)],[np.float64(-0.3046875)],[1],[0],[0],[5.297456000000238],['submit_text'],,,,,13,6,266,3,862.8940987000242,,,,,,,,862.8647075999761,862.8940987000242,862.8940987000242,862.8940987000242,0.0023180999560281634,868.1643997000065,mouse,[np.float64(0.078125)],[np.float64(-0.3046875)],[1],[0],[0],[5.297456000000238],['submit_text'],,4,001,2025-10-16_16h59.44.869,untitled,,2025.1.1,59.99437253389583,2025-10-16 16h59.50.088672 +0530,
,267,7,13,,,bo_t_e,Bottle,new,bottle,[np.float64(0.078125)],[np.float64(-0.3046875)],[1],[0],[0],[2.6946601000381634],['submit_text'],,,,,13,7,267,18,868.1932762999786,,,,,,,,868.1673112999997,868.1932762999786,868.1932762999786,868.1932762999786,0.0027067000046372414,870.8641831999994,bottle,[np.float64(0.078125)],[np.float64(-0.3046875)],[1],[0],[0],[2.6946601000381634],['submit_text'],,4,001,2025-10-16_16h59.44.869,untitled,,2025.1.1,59.99437253389583,2025-10-16 16h59.50.088672 +0530,
,268,8,13,,,oo,Book,old,book,[np.float64(0.078125)],[np.float64(-0.3046875)],[1],[0],[0],[2.4292900000000373],['submit_text'],,,,,13,8,268,13,870.893184399989,,,,,,,,870.8667209999985,870.893184399989,870.893184399989,870.893184399989,0.002345200045965612,873.2983182999888,book,[np.float64(0.078125)],[np.float64(-0.3046875)],[1],[0],[0],[2.4292900000000373],['submit_text'],,4,001,2025-10-16_16h59.44.869,untitled,,2025.1.1,59.99437253389583,2025-10-16 16h59.50.088672 +0530,
,269,9,13,,,c_s_,Case,old,case,[np.float64(0.078125)],[np.float64(-0.3046875)],[1],[0],[0],[2.325819500023499],['submit_text'],,,,,13,9,269,5,873.3271673999843,,,,,,,,873.3009717999958,873.3271673999843,873.3271673999843,873.3271673999843,0.0025064999936148524,875.6283707999974,case,[np.float64(0.078125)],[np.float64(-0.3046875)],[1],[0],[0],[2.325819500023499],['submit_text'],,4,001,2025-10-16_16h59.44.869,untitled,,2025.1.1,59.99437253389583,2025-10-16 16h59.50.088672 +0530,
,270,10,13,,,a_bl,Marble,old,table,[np.float64(0.078125)],[np.float64(-0.3046875)],[1],[0],[0],[2.4310145000345074],['submit_text'],,,,,13,10,270,11,875.6595716000302,,,,,,,,875.630691999977,875.6595716000302,875.6595716000302,875.6595716000302,0.002229199977591634,878.0639739999897,table,[np.float64(0.078125)],[np.float64(-0.3046875)],[1],[0],[0],[2.4310145000345074],['submit_text'],,4,001,2025-10-16_16h59.44.869,untitled,,2025.1.1,59.99437253389583,2025-10-16 16h59.50.088672 +0530,
,271,11,13,,,T_hi_t,Tshirt,old,tshirt,[np.float64(0.078125)],[np.float64(-0.3046875)],[1],[0],[0],[2.7447414999478497],['submit_text'],,,,,13,11,271,2,878.0930282999761,,,,,,,,878.0667054000078,878.0930282999761,878.0930282999761,878.0930282999761,0.002576800005044788,880.8137387000024,tshirt,[np.float64(0.078125)],[np.float64(-0.3046875)],[1],[0],[0],[2.7447414999478497],['submit_text'],,4,001,2025-10-16_16h59.44.869,untitled,,2025.1.1,59.99437253389583,2025-10-16 16h59.50.088672 +0530,
,272,12,13,,,l_pt_p,Laptop,old,laptop,[np.float64(0.078125)],[np.float64(-0.3046875)],[1],[0],[0],[2.460737399989739],['submit_text'],,,,,13,12,272,0,880.8426773999818,,,,,,,,880.8175128999865,880.8426773999818,880.8426773999818,880.8426773999818,0.003529700043145567,883.2804633000051,laptop,[np.float64(0.078125)],[np.float64(-0.3046875)],[1],[0],[0],[2.460737399989739],['submit_text'],,4,001,2025-10-16_16h59.44.869,untitled,,2025.1.1,59.99437253389583,2025-10-16 16h59.50.088672 +0530,
,273,13,13,,,p_nc_l,Pencil,new,pencil,[np.float64(0.078125)],[np.float64(-0.3046875)],[1],[0],[0],[2.611033400055021],['submit_text'],,,,,13,13,273,16,883.3091231000144,,,,,,,,883.2831969999825,883.3091231000144,883.3091231000144,883.3091231000144,0.0025775000103749335,885.8965941999923,pencil,[np.float64(0.078125)],[np.float64(-0.3046875)],[1],[0],[0],[2.611033400055021],['submit_text'],,4,001,2025-10-16_16h59.44.869,untitled,,2025.1.1,59.99437253389583,2025-10-16 16h59.50.088672 +0530,
,274,14,13,,,K_y_,Keys,old,keys,[np.float64(0.078125)],[np.float64(-0.3046875)],[1],[0],[0],[2.2779053999693133],['submit_text'],,,,,13,14,274,8,885.9265517999884,,,,,,,,885.8996374999988,885.9265517999884,885.9265517999884,885.9265517999884,0.002907999965827912,888.1799454999855,keys,[np.float64(0.078125)],[np.float64(-0.3046875)],[1],[0],[0],[2.2779053999693133],['submit_text'],,4,001,2025-10-16_16h59.44.869,untitled,,2025.1.1,59.99437253389583,2025-10-16 16h59.50.088672 +0530,
,275,15,13,,,c_s_io_,Cushion,old,cushion,[np.float64(0.078125)],[np.float64(-0.3046875)],[1],[0],[0],[3.428487800003495],['submit_text'],,,,,13,15,275,14,888.2093531999853,,,,,,,,888.183173700003,888.2093531999853,888.2093531999853,888.2093531999853,0.0030682000215165317,891.6137226999854,cushion,[np.float64(0.078125)],[np.float64(-0.3046875)],[1],[0],[0],[3.428487800003495],['submit_text'],,4,001,2025-10-16_16h59.44.869,untitled,,2025.1.1,59.99437253389583,2025-10-16 16h59.50.088672 +0530,
,276,16,13,,,P_as_tr_,Pastry,old,pastry,[np.float64(0.078125)],[np.float64(-0.3046875)],[1],[0],[0],[3.375787400000263],['submit_text'],,,,,13,16,276,4,891.6424821999972,,,,,,,,891.6168647999875,891.6424821999972,891.6424821999972,891.6424821999972,0.0029771000263281167,894.9942861000309,pastry,[np.float64(0.078125)],[np.float64(-0.3046875)],[1],[0],[0],[3.375787400000263],['submit_text'],,4,001,2025-10-16_16h59.44.869,untitled,,2025.1.1,59.99437253389583,2025-10-16 16h59.50.088672 +0530,
,277,17,13,,,_ho_e,Phone,old,,[np.float64(0.078125)],[np.float64(-0.3046875)],[1],[0],[0],[2.1956648000050336],['submit_text'],,,,,13,17,277,12,895.0077706000302,,,,,,,,894.9968085000291,895.0077706000302,895.0077706000302,895.0077706000302,0.0024143000482581556,897.1940931000281,,[np.float64(0.078125)],[np.float64(-0.3046875)],[1],[0],[0],[2.1956648000050336],['submit_text'],,4,001,2025-10-16_16h59.44.869,untitled,,2025.1.1,59.99437253389583,2025-10-16 16h59.50.088672 +0530,
,278,18,13,,,_ha_t,Chart,old,chart,[np.float64(0.078125)],[np.float64(-0.3046875)],[1],[0],[0],[2.7640484999865294],['submit_text'],,,,,13,18,278,1,897.2240463999915,,,,,,,,897.1966174999834,897.2240463999915,897.2240463999915,897.2240463999915,0.00242089998209849,899.9629763999837,chart,[np.float64(0.078125)],[np.float64(-0.3046875)],[1],[0],[0],[2.7640484999865294],['submit_text'],,4,001,2025-10-16_16h59.44.869,untitled,,2025.1.1,59.99437253389583,2025-10-16 16h59.50.088672 +0530,
,279,19,13,,,c_m_ra,Camera,new,camera,[np.float64(0.078125)],[np.float64(-0.3046875)],[1],[0],[0],[2.5442873000283726],['submit_text'],,,,,13,19,279,19,899.9921683000284,,,,,,,,899.9659430999891,899.9921683000284,899.9921683000284,899.9921683000284,0.00280030001886189,902.512573199987,camera,[np.float64(0.078125)],[np.float64(-0.3046875)],[1],[0],[0],[2.5442873000283726],['submit_text'],,4,001,2025-10-16_16h59.44.869,untitled,,2025.1.1,59.99437253389583,2025-10-16 16h59.50.088672 +0530,
,280,0,14,,,K_y_,Keys,old,keys,[np.float64(0.078125)],[np.float64(-0.3046875)],[1],[0],[0],[2.1612654000055045],['submit_text'],,,,,14,0,280,8,902.542176100018,,,,,,,,902.5156220999779,902.542176100018,902.542176100018,902.542176100018,0.0029003999661654234,904.6792569999816,keys,[np.float64(0.078125)],[np.float64(-0.3046875)],[1],[0],[0],[2.1612654000055045],['submit_text'],,4,001,2025-10-16_16h59.44.869,untitled,,2025.1.1,59.99437253389583,2025-10-16 16h59.50.088672 +0530,
,281,1,14,,,P_li_e,Police,old,police,[np.float64(0.078125)],[np.float64(-0.3046875)],[1],[0],[0],[3.1940376000129618],['submit_text'],,,,,14,1,281,7,904.7088157000253,,,,,,,,904.6828014000203,904.7088157000253,904.7088157000253,904.7088157000253,0.0034109000116586685,907.8792661000043,police,[np.float64(0.078125)],[np.float64(-0.3046875)],[1],[0],[0],[3.1940376000129618],['submit_text'],,4,001,2025-10-16_16h59.44.869,untitled,,2025.1.1,59.99437253389583,2025-10-16 16h59.50.088672 +0530,
,282,2,14,,,_ho_e,Phone,old,,[np.float64(0.078125)],[np.float64(-0.3046875)],[1],[0],[0],[1.4939163000090048],['submit_text'],,,,,14,2,282,12,907.9083502999856,,,,,,,,907.8826010000193,907.9083502999856,907.9083502999856,907.9083502999856,0.003176199970766902,909.3788486000267,,[np.float64(0.078125)],[np.float64(-0.3046875)],[1],[0],[0],[1.4939163000090048],['submit_text'],,4,001,2025-10-16_16h59.44.869,untitled,,2025.1.1,59.99437253389583,2025-10-16 16h59.50.088672 +0530,
,283,3,14,,,v_s_,Vase,new,vase,[np.float64(0.078125)],[np.float64(-0.3046875)],[1],[0],[0],[2.894051099952776],['submit_text'],,,,,14,3,283,17,909.4087747000158,,,,,,,,909.3820202000206,909.4087747000158,909.4087747000158,909.4087747000158,0.0030679000192321837,912.2785013000248,vase,[np.float64(0.078125)],[np.float64(-0.3046875)],[1],[0],[0],[2.894051099952776],['submit_text'],,4,001,2025-10-16_16h59.44.869,untitled,,2025.1.1,59.99437253389583,2025-10-16 16h59.50.088672 +0530,
,284,4,14,,,oo,Book,old,book,[np.float64(0.078125)],[np.float64(-0.3046875)],[1],[0],[0],[2.395841100020334],['submit_text'],,,,,14,4,284,13,912.3079999000183,,,,,,,,912.28166410001,912.3079999000183,912.3079999000183,912.3079999000183,0.0030319999787025154,914.6799855999998,book,[np.float64(0.078125)],[np.float64(-0.3046875)],[1],[0],[0],[2.395841100020334],['submit_text'],,4,001,2025-10-16_16h59.44.869,untitled,,2025.1.1,59.99437253389583,2025-10-16 16h59.50.088672 +0530,
,285,5,14,,,c_s_,Case,old,case,[np.float64(0.078125)],[np.float64(-0.3046875)],[1],[0],[0],[2.97760380001273],['submit_text'],,,,,14,5,285,5,914.7080261000083,,,,,,,,914.6830487999832,914.7080261000083,914.7080261000083,914.7080261000083,0.002905000001192093,917.6629935000092,case,[np.float64(0.078125)],[np.float64(-0.3046875)],[1],[0],[0],[2.97760380001273],['submit_text'],,4,001,2025-10-16_16h59.44.869,untitled,,2025.1.1,59.99437253389583,2025-10-16 16h59.50.088672 +0530,
,286,6,14,,,_ha_t,Chart,old,chart,[np.float64(0.078125)],[np.float64(-0.3046875)],[1],[0],[0],[4.094070899998769],['submit_text'],,,,,14,6,286,1,917.6913774000132,,,,,,,,917.666091400024,917.6913774000132,917.6913774000132,917.6913774000132,0.0029719999874942005,921.7622656000312,chart,[np.float64(0.078125)],[np.float64(-0.3046875)],[1],[0],[0],[4.094070899998769],['submit_text'],,4,001,2025-10-16_16h59.44.869,untitled,,2025.1.1,59.99437253389583,2025-10-16 16h59.50.088672 +0530,
,287,7,14,,,ru_is,Cruise,old,,[np.float64(0.078125)],[np.float64(-0.3046875)],[1],[0],[0],[1.0782176000066102],['submit_text'],,,,,14,7,287,6,921.790907800023,,,,,,,,921.7650985000073,921.790907800023,921.790907800023,921.790907800023,0.0027189000393263996,922.8454141999828,,[np.float64(0.078125)],[np.float64(-0.3046875)],[1],[0],[0],[1.0782176000066102],['submit_text'],,4,001,2025-10-16_16h59.44.869,untitled,,2025.1.1,59.99437253389583,2025-10-16 16h59.50.088672 +0530,
,288,8,14,,,T_hi_t,Tshirt,old,tshirt,[np.float64(0.078125)],[np.float64(-0.3046875)],[1],[0],[0],[2.7606327999965288],['submit_text'],,,,,14,8,288,2,922.8748742999742,,,,,,,,922.8487565999967,922.8748742999742,922.8748742999742,922.8748742999742,0.0032449999707750976,925.6116529999999,tshirt,[np.float64(0.078125)],[np.float64(-0.3046875)],[1],[0],[0],[2.7606327999965288],['submit_text'],,4,001,2025-10-16_16h59.44.869,untitled,,2025.1.1,59.99437253389583,2025-10-16 16h59.50.088672 +0530,
,289,9,14,,,a_bl,Marble,old,table,[np.float64(0.078125)],[np.float64(-0.3046875)],[1],[0],[0],[2.9135177999851294],['submit_text'],,,,,14,9,289,11,925.6407834999845,,,,,,,,925.6139190000249,925.6407834999845,925.6407834999845,925.6407834999845,0.0021514000254683197,928.5295264000306,table,[np.float64(0.078125)],[np.float64(-0.3046875)],[1],[0],[0],[2.9135177999851294],['submit_text'],,4,001,2025-10-16_16h59.44.869,untitled,,2025.1.1,59.99437253389583,2025-10-16 16h59.50.088672 +0530,
,290,10,14,,,c_m_ra,Camera,new,camera,[np.float64(0.078125)],[np.float64(-0.3046875)],[1],[0],[0],[2.944131499971263],['submit_text'],,,,,14,10,290,19,928.5577421999769,,,,,,,,928.5322993000154,928.5577421999769,928.5577421999769,928.5577421999769,0.002602799970190972,931.4785370000172,camera,[np.float64(0.078125)],[np.float64(-0.3046875)],[1],[0],[0],[2.944131499971263],['submit_text'],,4,001,2025-10-16_16h59.44.869,untitled,,2025.1.1,59.99437253389583,2025-10-16 16h59.50.088672 +0530,
,291,11,14,,,l_pt_p,Laptop,old,laptop,[np.float64(0.078125)],[np.float64(-0.3046875)],[1],[0],[0],[3.059646400040947],['submit_text'],,,,,14,11,291,0,931.5074146999978,,,,,,,,931.4825393999927,931.5074146999978,931.5074146999978,931.5074146999978,0.0038791000260971487,934.5448027999955,laptop,[np.float64(0.078125)],[np.float64(-0.3046875)],[1],[0],[0],[3.059646400040947],['submit_text'],,4,001,2025-10-16_16h59.44.869,untitled,,2025.1.1,59.99437253389583,2025-10-16 16h59.50.088672 +0530,
,292,12,14,,,bo_t_e,Bottle,new,bottle,[np.float64(0.078125)],[np.float64(-0.3046875)],[1],[0],[0],[2.7112498999922536],['submit_text'],,,,,14,12,292,18,934.5738459000131,,,,,,,,934.54814790003,934.5738459000131,934.5738459000131,934.5738459000131,0.0031932999845594168,937.2615574999945,bottle,[np.float64(0.078125)],[np.float64(-0.3046875)],[1],[0],[0],[2.7112498999922536],['submit_text'],,4,001,2025-10-16_16h59.44.869,untitled,,2025.1.1,59.99437253389583,2025-10-16 16h59.50.088672 +0530,
,293,13,14,,,_ou_se,mouse,old,mouse,[np.float64(0.078125)],[np.float64(-0.3046875)],[1],[0],[0],[2.527897700027097],['submit_text'],,,,,14,13,293,3,937.2909017999773,,,,,,,,937.264975099999,937.2909017999773,937.2909017999773,937.2909017999773,0.0032980000250972807,939.7952739999746,mouse,[np.float64(0.078125)],[np.float64(-0.3046875)],[1],[0],[0],[2.527897700027097],['submit_text'],,4,001,2025-10-16_16h59.44.869,untitled,,2025.1.1,59.99437253389583,2025-10-16 16h59.50.088672 +0530,
,294,14,14,,,P_as_tr_,Pastry,old,pastry,[np.float64(0.078125)],[np.float64(-0.3046875)],[1],[0],[0],[6.393789499998093],['submit_text'],,,,,14,14,294,4,939.8236921000062,,,,,,,,939.7986260000034,939.8236921000062,939.8236921000062,939.8236921000062,0.0032131000189110637,946.1948275999748,pastry,[np.float64(0.078125)],[np.float64(-0.3046875)],[1],[0],[0],[6.393789499998093],['submit_text'],,4,001,2025-10-16_16h59.44.869,untitled,,2025.1.1,59.99437253389583,2025-10-16 16h59.50.088672 +0530,
,295,15,14,,,P_st_r,Poster,old,poster,[np.float64(0.078125)],[np.float64(-0.3046875)],[1],[0],[0],[3.5610562000074424],['submit_text'],,,,,14,15,295,9,946.2238368000253,,,,,,,,946.1977589000016,946.2238368000253,946.2238368000253,946.2238368000253,0.0027854000218212605,949.7609875000198,poster,[np.float64(0.078125)],[np.float64(-0.3046875)],[1],[0],[0],[3.5610562000074424],['submit_text'],,4,001,2025-10-16_16h59.44.869,untitled,,2025.1.1,59.99437253389583,2025-10-16 16h59.50.088672 +0530,
,296,16,14,,,ta_l_,Table,new,table,[np.float64(0.078125)],[np.float64(-0.3046875)],[1],[0],[0],[3.061895699996967],['submit_text'],,,,,14,16,296,15,949.7907234000158,,,,,,,,949.763769400015,949.7907234000158,949.7907234000158,949.7907234000158,0.0026609000051394105,952.8279390999814,table,[np.float64(0.078125)],[np.float64(-0.3046875)],[1],[0],[0],[3.061895699996967],['submit_text'],,4,001,2025-10-16_16h59.44.869,untitled,,2025.1.1,59.99437253389583,2025-10-16 16h59.50.088672 +0530,
,297,17,14,,,p_nc_l,Pencil,new,pencil,[np.float64(0.078125)],[np.float64(-0.3046875)],[1],[0],[0],[2.8608942999853753],['submit_text'],,,,,14,17,297,16,952.8565660999739,,,,,,,,952.8308353999746,952.8565660999739,952.8565660999739,952.8565660999739,0.0027753000031225383,955.6939467000193,pencil,[np.float64(0.078125)],[np.float64(-0.3046875)],[1],[0],[0],[2.8608942999853753],['submit_text'],,4,001,2025-10-16_16h59.44.869,untitled,,2025.1.1,59.99437253389583,2025-10-16 16h59.50.088672 +0530,
,298,18,14,,,c_s_io_,Cushion,old,cushion,[np.float64(0.078125)],[np.float64(-0.3046875)],[1],[0],[0],[7.826660600025207],['submit_text'],,,,,14,18,298,14,955.7228056999738,,,,,,,,955.697341400024,955.7228056999738,955.7228056999738,955.7228056999738,0.003289799962658435,963.5267227999866,cushion,[np.float64(0.078125)],[np.float64(-0.3046875)],[1],[0],[0],[7.826660600025207],['submit_text'],,4,001,2025-10-16_16h59.44.869,untitled,,2025.1.1,59.99437253389583,2025-10-16 16h59.50.088672 +0530,
,299,19,14,,,_o_rd,Board,old,board,[np.float64(0.078125)],[np.float64(-0.3046875)],[1],[0],[0],[3.061527899990324],['submit_text'],,,,,14,19,299,10,963.556828700006,,,,,,,,963.5300083999755,963.556828700006,963.556828700006,963.556828700006,0.0031355000101029873,966.5932837,board,[np.float64(0.078125)],[np.float64(-0.3046875)],[1],[0],[0],[3.061527899990324],['submit_text'],,4,001,2025-10-16_16h59.44.869,untitled,,2025.1.1,59.99437253389583,2025-10-16 16h59.50.088672 +0530,
,300,0,15,,,_ha_t,Chart,old,chart,[np.float64(0.078125)],[np.float64(-0.3046875)],[1],[0],[0],[2.6446996000013314],['submit_text'],,,,,15,0,300,1,966.6237803000258,,,,,,,,966.5960791999823,966.6237803000258,966.6237803000258,966.6237803000258,0.002704800048377365,969.2432925999747,chart,[np.float64(0.078125)],[np.float64(-0.3046875)],[1],[0],[0],[2.6446996000013314],['submit_text'],,4,001,2025-10-16_16h59.44.869,untitled,,2025.1.1,59.99437253389583,2025-10-16 16h59.50.088672 +0530,
,301,1,15,,,_ho_e,Phone,old,,[np.float64(0.078125)],[np.float64(-0.3046875)],[1],[0],[0],[1.3784152999869548],['submit_text'],,,,,15,1,301,12,969.2731065999833,,,,,,,,969.2462147999904,969.2731065999833,969.2731065999833,969.2731065999833,0.0027715000323951244,970.6264323000214,,[np.float64(0.078125)],[np.float64(-0.3046875)],[1],[0],[0],[1.3784152999869548],['submit_text'],,4,001,2025-10-16_16h59.44.869,untitled,,2025.1.1,59.99437253389583,2025-10-16 16h59.50.088672 +0530,
,302,2,15,,,K_y_,Keys,old,keys,[np.float64(0.078125)],[np.float64(-0.3046875)],[1],[0],[0],[2.645045300014317],['submit_text'],,,,,15,2,302,8,970.6585627000313,,,,,,,,970.6290173000307,970.6585627000313,970.6585627000313,970.6585627000313,0.0024733999744057655,973.2765937999939,keys,[np.float64(0.078125)],[np.float64(-0.3046875)],[1],[0],[0],[2.645045300014317],['submit_text'],,4,001,2025-10-16_16h59.44.869,untitled,,2025.1.1,59.99437253389583,2025-10-16 16h59.50.088672 +0530,
,303,3,15,,,_ou_se,mouse,old,mouse,[np.float64(0.078125)],[np.float64(-0.3046875)],[1],[0],[0],[3.076246100012213],['submit_text'],,,,,15,3,303,3,973.3047656000126,,,,,,,,973.279503000027,973.3047656000126,973.3047656000126,973.3047656000126,0.0027532000094652176,976.357541800011,mouse,[np.float64(0.078125)],[np.float64(-0.3046875)],[1],[0],[0],[3.076246100012213],['submit_text'],,4,001,2025-10-16_16h59.44.869,untitled,,2025.1.1,59.99437253389583,2025-10-16 16h59.50.088672 +0530,
,304,4,15,,,oo,Book,old,book,[np.float64(0.078125)],[np.float64(-0.3046875)],[1],[0],[0],[3.4459330000099726],['submit_text'],,,,,15,4,304,13,976.3883313999977,,,,,,,,976.3602003999986,976.3883313999977,976.3883313999977,976.3883313999977,0.0025394000113010406,979.8078845000127,book,[np.float64(0.078125)],[np.float64(-0.3046875)],[1],[0],[0],[3.4459330000099726],['submit_text'],,4,001,2025-10-16_16h59.44.869,untitled,,2025.1.1,59.99437253389583,2025-10-16 16h59.50.088672 +0530,
,305,5,15,,,_o_rd,Board,old,board,[np.float64(0.078125)],[np.float64(-0.3046875)],[1],[0],[0],[4.5947476999717765],['submit_text'],,,,,15,5,305,10,979.839255400002,,,,,,,,979.8101516999886,979.839255400002,979.839255400002,979.839255400002,0.002160699979867786,984.4073095999775,board,[np.float64(0.078125)],[np.float64(-0.3046875)],[1],[0],[0],[4.5947476999717765],['submit_text'],,4,001,2025-10-16_16h59.44.869,untitled,,2025.1.1,59.99437253389583,2025-10-16 16h59.50.088672 +0530,
,306,6,15,,,P_st_r,Poster,old,poster,[np.float64(0.078125)],[np.float64(-0.3046875)],[1],[0],[0],[3.3303595000179484],['submit_text'],,,,,15,6,306,9,984.4393532000249,,,,,,,,984.4103459999897,984.4393532000249,984.4393532000249,984.4393532000249,0.0028475000290200114,987.7426921000006,poster,[np.float64(0.078125)],[np.float64(-0.3046875)],[1],[0],[0],[3.3303595000179484],['submit_text'],,4,001,2025-10-16_16h59.44.869,untitled,,2025.1.1,59.99437253389583,2025-10-16 16h59.50.088672 +0530,
,307,7,15,,,ta_l_,Table,new,table,[np.float64(0.078125)],[np.float64(-0.3046875)],[1],[0],[0],[2.693191799975466],['submit_text'],,,,,15,7,307,15,987.7736302000121,,,,,,,,987.7456894000061,987.7736302000121,987.7736302000121,987.7736302000121,0.0028728999895974994,990.440680700005,table,[np.float64(0.078125)],[np.float64(-0.3046875)],[1],[0],[0],[2.693191799975466],['submit_text'],,4,001,2025-10-16_16h59.44.869,untitled,,2025.1.1,59.99437253389583,2025-10-16 16h59.50.088672 +0530,
,308,8,15,,,v_s_,Vase,new,vase,[np.float64(0.078125)],[np.float64(-0.3046875)],[1],[0],[0],[2.6784874000004493],['submit_text'],,,,,15,8,308,17,990.4714174999972,,,,,,,,990.4430295000202,990.4714174999972,990.4714174999972,990.4714174999972,0.002237600041553378,993.1233813000144,vase,[np.float64(0.078125)],[np.float64(-0.3046875)],[1],[0],[0],[2.6784874000004493],['submit_text'],,4,001,2025-10-16_16h59.44.869,untitled,,2025.1.1,59.99437253389583,2025-10-16 16h59.50.088672 +0530,
,309,9,15,,,c_m_ra,Camera,new,camera,[np.float64(0.078125)],[np.float64(-0.3046875)],[1],[0],[0],[3.879612599965185],['submit_text'],,,,,15,9,309,19,993.1541168999975,,,,,,,,993.1259099000017,993.1541168999975,993.1541168999975,993.1541168999975,0.0024154999991878867,997.007333800022,camera,[np.float64(0.078125)],[np.float64(-0.3046875)],[1],[0],[0],[3.879612599965185],['submit_text'],,4,001,2025-10-16_16h59.44.869,untitled,,2025.1.1,59.99437253389583,2025-10-16 16h59.50.088672 +0530,
,310,10,15,,,c_s_io_,Cushion,old,cushion,[np.float64(0.078125)],[np.float64(-0.3046875)],[1],[0],[0],[3.0942323000053875],['submit_text'],,,,,15,10,310,14,997.0368341000285,,,,,,,,997.0102914000163,997.0368341000285,997.0368341000285,997.0368341000285,0.0028394999681040645,1000.1067728999769,cushion,[np.float64(0.078125)],[np.float64(-0.3046875)],[1],[0],[0],[3.0942323000053875],['submit_text'],,4,001,2025-10-16_16h59.44.869,untitled,,2025.1.1,59.99437253389583,2025-10-16 16h59.50.088672 +0530,
,311,11,15,,,T_hi_t,Tshirt,old,tshirt,[np.float64(0.078125)],[np.float64(-0.3046875)],[1],[0],[0],[2.928419300005771],['submit_text'],,,,,15,11,311,2,1000.1371504000272,,,,,,,,1000.1100613999879,1000.1371504000272,1000.1371504000272,1000.1371504000272,0.003099000023212284,1003.0403138999827,tshirt,[np.float64(0.078125)],[np.float64(-0.3046875)],[1],[0],[0],[2.928419300005771],['submit_text'],,4,001,2025-10-16_16h59.44.869,untitled,,2025.1.1,59.99437253389583,2025-10-16 16h59.50.088672 +0530,
,312,12,15,,,bo_t_e,Bottle,new,bottle,[np.float64(0.078125)],[np.float64(-0.3046875)],[1],[0],[0],[2.7115371999680065],['submit_text'],,,,,15,12,312,18,1003.0705863999901,,,,,,,,1003.0428017000086,1003.0705863999901,1003.0705863999901,1003.0705863999901,0.0023598999832756817,1005.7562710000202,bottle,[np.float64(0.078125)],[np.float64(-0.3046875)],[1],[0],[0],[2.7115371999680065],['submit_text'],,4,001,2025-10-16_16h59.44.869,untitled,,2025.1.1,59.99437253389583,2025-10-16 16h59.50.088672 +0530,
,313,13,15,,,p_nc_l,Pencil,new,pencil,[np.float64(0.078125)],[np.float64(-0.3046875)],[1],[0],[0],[2.79453710000962],['submit_text'],,,,,15,13,313,16,1005.789477000013,,,,,,,,1005.7593536999775,1005.789477000013,1005.789477000013,1005.789477000013,0.002968299959320575,1008.5557588000083,pencil,[np.float64(0.078125)],[np.float64(-0.3046875)],[1],[0],[0],[2.79453710000962],['submit_text'],,4,001,2025-10-16_16h59.44.869,untitled,,2025.1.1,59.99437253389583,2025-10-16 16h59.50.088672 +0530,
,314,14,15,,,c_s_,Case,old,case,[np.float64(0.078125)],[np.float64(-0.3046875)],[1],[0],[0],[3.313365999958478],['submit_text'],,,,,15,14,314,5,1008.5903807000141,,,,,,,,1008.5578448000015,1008.5903807000141,1008.5903807000141,1008.5903807000141,0.001978199987206608,1011.873102499987,case,[np.float64(0.078125)],[np.float64(-0.3046875)],[1],[0],[0],[3.313365999958478],['submit_text'],,4,001,2025-10-16_16h59.44.869,untitled,,2025.1.1,59.99437253389583,2025-10-16 16h59.50.088672 +0530,
,315,15,15,,,P_as_tr_,Pastry,old,pastry,[np.float64(0.078125)],[np.float64(-0.3046875)],[1],[0],[0],[3.430918500002008],['submit_text'],,,,,15,15,315,4,1011.9080177000142,,,,,,,,1011.8755487999879,1011.9080177000142,1011.9080177000142,1011.9080177000142,0.002355600008741021,1015.3083233999787,pastry,[np.float64(0.078125)],[np.float64(-0.3046875)],[1],[0],[0],[3.430918500002008],['submit_text'],,4,001,2025-10-16_16h59.44.869,untitled,,2025.1.1,59.99437253389583,2025-10-16 16h59.50.088672 +0530,
,316,16,15,,,ru_is,Cruise,old,,[np.float64(0.078125)],[np.float64(-0.3046875)],[1],[0],[0],[1.110298999992665],['submit_text'],,,,,15,16,316,6,1015.3358812999795,,,,,,,,1015.3106435000082,1015.3358812999795,1015.3358812999795,1015.3358812999795,0.0022188000148162246,1016.4228517999873,,[np.float64(0.078125)],[np.float64(-0.3046875)],[1],[0],[0],[1.110298999992665],['submit_text'],,4,001,2025-10-16_16h59.44.869,untitled,,2025.1.1,59.99437253389583,2025-10-16 16h59.50.088672 +0530,
,317,17,15,,,l_pt_p,Laptop,old,laptop,[np.float64(0.078125)],[np.float64(-0.3046875)],[1],[0],[0],[2.6451131000067107],['submit_text'],,,,,15,17,317,0,1016.4545930000022,,,,,,,,1016.4252294999897,1016.4545930000022,1016.4545930000022,1016.4545930000022,0.002247299998998642,1019.0723291999893,laptop,[np.float64(0.078125)],[np.float64(-0.3046875)],[1],[0],[0],[2.6451131000067107],['submit_text'],,4,001,2025-10-16_16h59.44.869,untitled,,2025.1.1,59.99437253389583,2025-10-16 16h59.50.088672 +0530,
,318,18,15,,,P_li_e,Police,old,police,[np.float64(0.078125)],[np.float64(-0.3046875)],[1],[0],[0],[2.545801299973391],['submit_text'],,,,,15,18,318,7,1019.1027918999898,,,,,,,,1019.0749041999807,1019.1027918999898,1019.1027918999898,1019.1027918999898,0.002446600003167987,1021.6225222999929,police,[np.float64(0.078125)],[np.float64(-0.3046875)],[1],[0],[0],[2.545801299973391],['submit_text'],,4,001,2025-10-16_16h59.44.869,untitled,,2025.1.1,59.99437253389583,2025-10-16 16h59.50.088672 +0530,
,319,19,15,,,a_bl,Marble,old,table,[np.float64(0.078125)],[np.float64(-0.3046875)],[1],[0],[0],[2.5140695000300184],['submit_text'],,,,,15,19,319,11,1021.654017199995,,,,,,,,1021.6246408000006,1021.654017199995,1021.654017199995,1021.654017199995,0.002014199970290065,1024.1411157000111,table,[np.float64(0.078125)],[np.float64(-0.3046875)],[1],[0],[0],[2.5140695000300184],['submit_text'],,4,001,2025-10-16_16h59.44.869,untitled,,2025.1.1,59.99437253389583,2025-10-16 16h59.50.088672 +0530,
,320,0,16,,,_o_rd,Board,old,board,[np.float64(0.078125)],[np.float64(-0.3046875)],[1],[0],[0],[3.043341899989173],['submit_text'],,,,,16,0,320,10,1024.1705157000106,,,,,,,,1024.1440522000194,1024.1705157000106,1024.1705157000106,1024.1705157000106,0.0028086999664083123,1027.189305900014,board,[np.float64(0.078125)],[np.float64(-0.3046875)],[1],[0],[0],[3.043341899989173],['submit_text'],,4,001,2025-10-16_16h59.44.869,untitled,,2025.1.1,59.99437253389583,2025-10-16 16h59.50.088672 +0530,
,321,1,16,,,l_pt_p,Laptop,old,laptop,[np.float64(0.078125)],[np.float64(-0.3046875)],[1],[0],[0],[2.5786613000091165],['submit_text'],,,,,16,1,321,0,1027.221179199987,,,,,,,,1027.19192870002,1027.221179199987,1027.221179199987,1027.221179199987,0.0024976000422611833,1029.772445700015,laptop,[np.float64(0.078125)],[np.float64(-0.3046875)],[1],[0],[0],[2.5786613000091165],['submit_text'],,4,001,2025-10-16_16h59.44.869,untitled,,2025.1.1,59.99437253389583,2025-10-16 16h59.50.088672 +0530,
,322,2,16,,,_ha_t,Chart,old,chart,[np.float64(0.078125)],[np.float64(-0.3046875)],[1],[0],[0],[2.7822390999644995],['submit_text'],,,,,16,2,322,1,1029.803894600016,,,,,,,,1029.7748366000014,1029.803894600016,1029.803894600016,1029.803894600016,0.002288400020916015,1032.559442800004,chart,[np.float64(0.078125)],[np.float64(-0.3046875)],[1],[0],[0],[2.7822390999644995],['submit_text'],,4,001,2025-10-16_16h59.44.869,untitled,,2025.1.1,59.99437253389583,2025-10-16 16h59.50.088672 +0530,
,323,3,16,,,v_s_,Vase,new,vase,[np.float64(0.078125)],[np.float64(-0.3046875)],[1],[0],[0],[2.6093310000142083],['submit_text'],,,,,16,3,323,17,1032.589134800015,,,,,,,,1032.5620252999943,1032.589134800015,1032.589134800015,1032.589134800015,0.0024227999965660274,1035.173311599996,vase,[np.float64(0.078125)],[np.float64(-0.3046875)],[1],[0],[0],[2.6093310000142083],['submit_text'],,4,001,2025-10-16_16h59.44.869,untitled,,2025.1.1,59.99437253389583,2025-10-16 16h59.50.088672 +0530,
,324,4,16,,,P_as_tr_,Pastry,old,pastry,[np.float64(0.078125)],[np.float64(-0.3046875)],[1],[0],[0],[3.6434522999916226],['submit_text'],,,,,16,4,324,4,1035.204006200016,,,,,,,,1035.1759385999758,1035.204006200016,1035.204006200016,1035.204006200016,0.002506699995137751,1038.821208600013,pastry,[np.float64(0.078125)],[np.float64(-0.3046875)],[1],[0],[0],[3.6434522999916226],['submit_text'],,4,001,2025-10-16_16h59.44.869,untitled,,2025.1.1,59.99437253389583,2025-10-16 16h59.50.088672 +0530,
,325,5,16,,,c_s_io_,Cushion,old,cushion,[np.float64(0.078125)],[np.float64(-0.3046875)],[1],[0],[0],[2.6153134000487626],['submit_text'],,,,,16,5,325,14,1038.852845699992,,,,,,,,1038.8236213999917,1038.852845699992,1038.852845699992,1038.852845699992,0.002299099985975772,1041.4407936999924,cushion,[np.float64(0.078125)],[np.float64(-0.3046875)],[1],[0],[0],[2.6153134000487626],['submit_text'],,4,001,2025-10-16_16h59.44.869,untitled,,2025.1.1,59.99437253389583,2025-10-16 16h59.50.088672 +0530,
,326,6,16,,,ru_is,Cruise,old,,[np.float64(0.078125)],[np.float64(-0.3046875)],[1],[0],[0],[1.1289171000244096],['submit_text'],,,,,16,6,326,6,1041.472380799998,,,,,,,,1041.4430579000036,1041.472380799998,1041.472380799998,1041.472380799998,0.002161799988243729,1042.5744162999908,,[np.float64(0.078125)],[np.float64(-0.3046875)],[1],[0],[0],[1.1289171000244096],['submit_text'],,4,001,2025-10-16_16h59.44.869,untitled,,2025.1.1,59.99437253389583,2025-10-16 16h59.50.088672 +0530,
,327,7,16,,,c_s_,Case,old,case,[np.float64(0.078125)],[np.float64(-0.3046875)],[1],[0],[0],[2.861603599973023],['submit_text'],,,,,16,7,327,5,1042.6029474000097,,,,,,,,1042.5770643000142,1042.6029474000097,1042.6029474000097,1042.6029474000097,0.002466499980073422,1045.440632599988,case,[np.float64(0.078125)],[np.float64(-0.3046875)],[1],[0],[0],[2.861603599973023],['submit_text'],,4,001,2025-10-16_16h59.44.869,untitled,,2025.1.1,59.99437253389583,2025-10-16 16h59.50.088672 +0530,
,328,8,16,,,K_y_,Keys,old,keys,[np.float64(0.078125)],[np.float64(-0.3046875)],[1],[0],[0],[2.2107653999701142],['submit_text'],,,,,16,8,328,8,1045.473209400021,,,,,,,,1045.4428830000106,1045.473209400021,1045.473209400021,1045.473209400021,0.002114000031724572,1047.6555411000154,keys,[np.float64(0.078125)],[np.float64(-0.3046875)],[1],[0],[0],[2.2107653999701142],['submit_text'],,4,001,2025-10-16_16h59.44.869,untitled,,2025.1.1,59.99437253389583,2025-10-16 16h59.50.088672 +0530,
,329,9,16,,,p_nc_l,Pencil,new,pencil,[np.float64(0.078125)],[np.float64(-0.3046875)],[1],[0],[0],[2.6467822000267915],['submit_text'],,,,,16,9,329,16,1047.6870455999742,,,,,,,,1047.6580716000171,1047.6870455999742,1047.6870455999742,1047.6870455999742,0.0024231999996118248,1050.3067265999853,pencil,[np.float64(0.078125)],[np.float64(-0.3046875)],[1],[0],[0],[2.6467822000267915],['submit_text'],,4,001,2025-10-16_16h59.44.869,untitled,,2025.1.1,59.99437253389583,2025-10-16 16h59.50.088672 +0530,
,330,10,16,,,P_li_e,Police,old,police,[np.float64(0.078125)],[np.float64(-0.3046875)],[1],[0],[0],[3.6629155999980867],['submit_text'],,,,,16,10,330,7,1050.3361685000127,,,,,,,,1050.309509499988,1050.3361685000127,1050.3361685000127,1050.3361685000127,0.002681099984329194,1053.9743164000101,police,[np.float64(0.078125)],[np.float64(-0.3046875)],[1],[0],[0],[3.6629155999980867],['submit_text'],,4,001,2025-10-16_16h59.44.869,untitled,,2025.1.1,59.99437253389583,2025-10-16 16h59.50.088672 +0530,
,331,11,16,,,_ho_e,Phone,old,,[np.float64(0.078125)],[np.float64(-0.3046875)],[1],[0],[0],[1.3085244999965653],['submit_text'],,,,,16,11,331,12,1054.003457600018,,,,,,,,1053.9766010000021,1054.003457600018,1054.003457600018,1054.003457600018,0.0021842000423930585,1055.2871073000133,,[np.float64(0.078125)],[np.float64(-0.3046875)],[1],[0],[0],[1.3085244999965653],['submit_text'],,4,001,2025-10-16_16h59.44.869,untitled,,2025.1.1,59.99437253389583,2025-10-16 16h59.50.088672 +0530,
,332,12,16,,,_ou_se,mouse,old,mouse,[np.float64(0.078125)],[np.float64(-0.3046875)],[1],[0],[0],[2.449700199998915],['submit_text'],,,,,16,12,332,3,1055.3182381999795,,,,,,,,1055.2898812000058,1055.3182381999795,1055.3182381999795,1055.3182381999795,0.0026502999826334417,1057.742201599991,mouse,[np.float64(0.078125)],[np.float64(-0.3046875)],[1],[0],[0],[2.449700199998915],['submit_text'],,4,001,2025-10-16_16h59.44.869,untitled,,2025.1.1,59.99437253389583,2025-10-16 16h59.50.088672 +0530,
,333,13,16,,,a_bl,Marble,old,table,[np.float64(0.078125)],[np.float64(-0.3046875)],[1],[0],[0],[2.442607999953907],['submit_text'],,,,,16,13,333,11,1057.7720626000082,,,,,,,,1057.744841000007,1057.7720626000082,1057.7720626000082,1057.7720626000082,0.002459699986502528,1060.1901914000046,table,[np.float64(0.078125)],[np.float64(-0.3046875)],[1],[0],[0],[2.442607999953907],['submit_text'],,4,001,2025-10-16_16h59.44.869,untitled,,2025.1.1,59.99437253389583,2025-10-16 16h59.50.088672 +0530,
,334,14,16,,,bo_t_e,Bottle,new,bottle,[np.float64(0.078125)],[np.float64(-0.3046875)],[1],[0],[0],[2.5435791999916546],['submit_text'],,,,,16,14,334,18,1060.220017899992,,,,,,,,1060.19310829998,1060.220017899992,1060.220017899992,1060.220017899992,0.0027541000163182616,1062.7392518999986,bottle,[np.float64(0.078125)],[np.float64(-0.3046875)],[1],[0],[0],[2.5435791999916546],['submit_text'],,4,001,2025-10-16_16h59.44.869,untitled,,2025.1.1,59.99437253389583,2025-10-16 16h59.50.088672 +0530,
,335,15,16,,,T_hi_t,Tshirt,old,tshirt,[np.float64(0.078125)],[np.float64(-0.3046875)],[1],[0],[0],[2.626181000028737],['submit_text'],,,,,16,15,335,2,1062.7680876000086,,,,,,,,1062.7430024999776,1062.7680876000086,1062.7680876000086,1062.7680876000086,0.003507099987473339,1065.3712781000067,tshirt,[np.float64(0.078125)],[np.float64(-0.3046875)],[1],[0],[0],[2.626181000028737],['submit_text'],,4,001,2025-10-16_16h59.44.869,untitled,,2025.1.1,59.99437253389583,2025-10-16 16h59.50.088672 +0530,
,336,16,16,,,oo,Book,old,book,[np.float64(0.078125)],[np.float64(-0.3046875)],[1],[0],[0],[2.7498131000320427],['submit_text'],,,,,16,16,336,13,1065.4026098999893,,,,,,,,1065.3733677000273,1065.4026098999893,1065.4026098999893,1065.4026098999893,0.001963699993211776,1068.1255958999973,book,[np.float64(0.078125)],[np.float64(-0.3046875)],[1],[0],[0],[2.7498131000320427],['submit_text'],,4,001,2025-10-16_16h59.44.869,untitled,,2025.1.1,59.99437253389583,2025-10-16 16h59.50.088672 +0530,
,337,17,16,,,ta_l_,Table,new,table,[np.float64(0.078125)],[np.float64(-0.3046875)],[1],[0],[0],[2.373900100006722],['submit_text'],,,,,16,17,337,15,1068.1547079000156,,,,,,,,1068.128239499987,1068.1547079000156,1068.1547079000156,1068.1547079000156,0.0024985999916680157,1070.5041006000247,table,[np.float64(0.078125)],[np.float64(-0.3046875)],[1],[0],[0],[2.373900100006722],['submit_text'],,4,001,2025-10-16_16h59.44.869,untitled,,2025.1.1,59.99437253389583,2025-10-16 16h59.50.088672 +0530,
,338,18,16,,,c_m_ra,Camera,new,camera,[np.float64(0.078125)],[np.float64(-0.3046875)],[1],[0],[0],[5.4281525000114925],['submit_text'],,,,,16,18,338,19,1070.5344568000291,,,,,,,,1070.5065807999927,1070.5344568000291,1070.5344568000291,1070.5344568000291,0.002336700039450079,1075.9366604000097,camera,[np.float64(0.078125)],[np.float64(-0.3046875)],[1],[0],[0],[5.4281525000114925],['submit_text'],,4,001,2025-10-16_16h59.44.869,untitled,,2025.1.1,59.99437253389583,2025-10-16 16h59.50.088672 +0530,
,339,19,16,,,P_st_r,Poster,old,poster,[np.float64(0.078125)],[np.float64(-0.3046875)],[1],[0],[0],[3.114516099973116],['submit_text'],,,,,16,19,339,9,1075.9710642999853,,,,,,,,1075.939215600025,1075.9710642999853,1075.9710642999853,1075.9710642999853,0.0024506000336259604,1079.0562981999828,poster,[np.float64(0.078125)],[np.float64(-0.3046875)],[1],[0],[0],[3.114516099973116],['submit_text'],,4,001,2025-10-16_16h59.44.869,untitled,,2025.1.1,59.99437253389583,2025-10-16 16h59.50.088672 +0530,
,340,0,17,,,oo,Book,old,book,[np.float64(0.078125)],[np.float64(-0.3046875)],[1],[0],[0],[2.327614999958314],['submit_text'],,,,,17,0,340,13,1079.0875966000021,,,,,,,,1079.0587846999988,1079.0875966000021,1079.0875966000021,1079.0875966000021,0.002318799961358309,1081.389492599992,book,[np.float64(0.078125)],[np.float64(-0.3046875)],[1],[0],[0],[2.327614999958314],['submit_text'],,4,001,2025-10-16_16h59.44.869,untitled,,2025.1.1,59.99437253389583,2025-10-16 16h59.50.088672 +0530,
,341,1,17,,,_ou_se,mouse,old,mouse,[np.float64(0.078125)],[np.float64(-0.3046875)],[1],[0],[0],[2.5105987999704666],['submit_text'],,,,,17,1,341,3,1081.4186566999997,,,,,,,,1081.392927000008,1081.4186566999997,1081.4186566999997,1081.4186566999997,0.0032575999503023922,1083.9060070000123,mouse,[np.float64(0.078125)],[np.float64(-0.3046875)],[1],[0],[0],[2.5105987999704666],['submit_text'],,4,001,2025-10-16_16h59.44.869,untitled,,2025.1.1,59.99437253389583,2025-10-16 16h59.50.088672 +0530,
,342,2,17,,,bo_t_e,Bottle,new,bottle,[np.float64(0.078125)],[np.float64(-0.3046875)],[1],[0],[0],[2.9583478999556974],['submit_text'],,,,,17,2,342,18,1083.9374212999828,,,,,,,,1083.9096996000153,1083.9374212999828,1083.9374212999828,1083.9374212999828,0.003611200023442507,1086.8702415000298,bottle,[np.float64(0.078125)],[np.float64(-0.3046875)],[1],[0],[0],[2.9583478999556974],['submit_text'],,4,001,2025-10-16_16h59.44.869,untitled,,2025.1.1,59.99437253389583,2025-10-16 16h59.50.088672 +0530,
,343,3,17,,,c_s_,Case,old,case,[np.float64(0.078125)],[np.float64(-0.3046875)],[1],[0],[0],[2.815605500014499],['submit_text'],,,,,17,3,343,5,1086.89988360001,,,,,,,,1086.872749299975,1086.89988360001,1086.89988360001,1086.89988360001,0.0023625000030733645,1089.6911021000124,case,[np.float64(0.078125)],[np.float64(-0.3046875)],[1],[0],[0],[2.815605500014499],['submit_text'],,4,001,2025-10-16_16h59.44.869,untitled,,2025.1.1,59.99437253389583,2025-10-16 16h59.50.088672 +0530,
,344,4,17,,,v_s_,Vase,new,vase,[np.float64(0.078125)],[np.float64(-0.3046875)],[1],[0],[0],[2.6746607000241056],['submit_text'],,,,,17,4,344,17,1089.7184174000286,,,,,,,,1089.6938248000224,1089.7184174000286,1089.7184174000286,1089.7184174000286,0.0025406000204384327,1092.3705400999752,vase,[np.float64(0.078125)],[np.float64(-0.3046875)],[1],[0],[0],[2.6746607000241056],['submit_text'],,4,001,2025-10-16_16h59.44.869,untitled,,2025.1.1,59.99437253389583,2025-10-16 16h59.50.088672 +0530,
,345,5,17,,,K_y_,Keys,old,keys,[np.float64(0.078125)],[np.float64(-0.3046875)],[1],[0],[0],[2.1980784000479616],['submit_text'],,,,,17,5,345,8,1092.4014900000184,,,,,,,,1092.3727498999797,1092.4014900000184,1092.4014900000184,1092.4014900000184,0.002070199989248067,1094.5736213999917,keys,[np.float64(0.078125)],[np.float64(-0.3046875)],[1],[0],[0],[2.1980784000479616],['submit_text'],,4,001,2025-10-16_16h59.44.869,untitled,,2025.1.1,59.99437253389583,2025-10-16 16h59.50.088672 +0530,
,346,6,17,,,ta_l_,Table,new,table,[np.float64(0.078125)],[np.float64(-0.3046875)],[1],[0],[0],[2.4072269999887794],['submit_text'],,,,,17,6,346,15,1094.6010064000147,,,,,,,,1094.5764995000209,1094.6010064000147,1094.6010064000147,1094.6010064000147,0.0027468999614939094,1096.9857302000164,table,[np.float64(0.078125)],[np.float64(-0.3046875)],[1],[0],[0],[2.4072269999887794],['submit_text'],,4,001,2025-10-16_16h59.44.869,untitled,,2025.1.1,59.99437253389583,2025-10-16 16h59.50.088672 +0530,
,347,7,17,,,_ho_e,Phone,old,,[np.float64(0.078125)],[np.float64(-0.3046875)],[1],[0],[0],[2.3003783999592997],['submit_text'],,,,,17,7,347,12,1096.9997681999812,,,,,,,,1096.9880485999747,1096.9997681999812,1096.9997681999812,1096.9997681999812,0.002203600015491247,1099.2911701999838,,[np.float64(0.078125)],[np.float64(-0.3046875)],[1],[0],[0],[2.3003783999592997],['submit_text'],,4,001,2025-10-16_16h59.44.869,untitled,,2025.1.1,59.99437253389583,2025-10-16 16h59.50.088672 +0530,
,348,8,17,,,P_li_e,Police,old,police,[np.float64(0.078125)],[np.float64(-0.3046875)],[1],[0],[0],[2.7086385000147857],['submit_text'],,,,,17,8,348,7,1099.3178654999938,,,,,,,,1099.2942734999815,1099.3178654999938,1099.3178654999938,1099.3178654999938,0.002901800035033375,1102.0055359000107,police,[np.float64(0.078125)],[np.float64(-0.3046875)],[1],[0],[0],[2.7086385000147857],['submit_text'],,4,001,2025-10-16_16h59.44.869,untitled,,2025.1.1,59.99437253389583,2025-10-16 16h59.50.088672 +0530,
,349,9,17,,,P_as_tr_,Pastry,old,pastry,[np.float64(0.078125)],[np.float64(-0.3046875)],[1],[0],[0],[2.994535999954678],['submit_text'],,,,,17,9,349,4,1102.034320799983,,,,,,,,1102.0083956000162,1102.034320799983,1102.034320799983,1102.034320799983,0.002668800007086247,1105.005797300022,pastry,[np.float64(0.078125)],[np.float64(-0.3046875)],[1],[0],[0],[2.994535999954678],['submit_text'],,4,001,2025-10-16_16h59.44.869,untitled,,2025.1.1,59.99437253389583,2025-10-16 16h59.50.088672 +0530,
,350,10,17,,,P_st_r,Poster,old,poster,[np.float64(0.078125)],[np.float64(-0.3046875)],[1],[0],[0],[2.64114600000903],['submit_text'],,,,,17,10,350,9,1105.0341311999946,,,,,,,,1105.0086822999874,1105.0341311999946,1105.0341311999946,1105.0341311999946,0.002754800021648407,1107.6518629000057,poster,[np.float64(0.078125)],[np.float64(-0.3046875)],[1],[0],[0],[2.64114600000903],['submit_text'],,4,001,2025-10-16_16h59.44.869,untitled,,2025.1.1,59.99437253389583,2025-10-16 16h59.50.088672 +0530,
,351,11,17,,,a_bl,Marble,old,table,[np.float64(0.078125)],[np.float64(-0.3046875)],[1],[0],[0],[2.3811479000141844],['submit_text'],,,,,17,11,351,11,1107.6839394000126,,,,,,,,1107.6540875000064,1107.6839394000126,1107.6839394000126,1107.6839394000126,0.002092899987474084,1110.037322100019,table,[np.float64(0.078125)],[np.float64(-0.3046875)],[1],[0],[0],[2.3811479000141844],['submit_text'],,4,001,2025-10-16_16h59.44.869,untitled,,2025.1.1,59.99437253389583,2025-10-16 16h59.50.088672 +0530,
,352,12,17,,,p_nc_l,Pencil,new,pencil,[np.float64(0.078125)],[np.float64(-0.3046875)],[1],[0],[0],[2.759953900007531],['submit_text'],,,,,17,12,352,16,1110.0679952999926,,,,,,,,1110.0396417999873,1110.0679952999926,1110.0679952999926,1110.0679952999926,0.002210300008300692,1112.8015885999775,pencil,[np.float64(0.078125)],[np.float64(-0.3046875)],[1],[0],[0],[2.759953900007531],['submit_text'],,4,001,2025-10-16_16h59.44.869,untitled,,2025.1.1,59.99437253389583,2025-10-16 16h59.50.088672 +0530,
,353,13,17,,,_ha_t,Chart,old,chart,[np.float64(0.078125)],[np.float64(-0.3046875)],[1],[0],[0],[2.6148993000388145],['submit_text'],,,,,17,13,353,1,1112.834027200006,,,,,,,,1112.8039650000283,1112.834027200006,1112.834027200006,1112.834027200006,0.0022702999995090067,1115.421620899986,chart,[np.float64(0.078125)],[np.float64(-0.3046875)],[1],[0],[0],[2.6148993000388145],['submit_text'],,4,001,2025-10-16_16h59.44.869,untitled,,2025.1.1,59.99437253389583,2025-10-16 16h59.50.088672 +0530,
,354,14,17,,,_o_rd,Board,old,board,[np.float64(0.078125)],[np.float64(-0.3046875)],[1],[0],[0],[3.8081187999923714],['submit_text'],,,,,17,14,354,10,1115.450878100004,,,,,,,,1115.4245602000155,1115.450878100004,1115.450878100004,1115.450878100004,0.0027922000153921545,1119.2347760000266,board,[np.float64(0.078125)],[np.float64(-0.3046875)],[1],[0],[0],[3.8081187999923714],['submit_text'],,4,001,2025-10-16_16h59.44.869,untitled,,2025.1.1,59.99437253389583,2025-10-16 16h59.50.088672 +0530,
,355,15,17,,,c_m_ra,Camera,new,camera,[np.float64(0.078125)],[np.float64(-0.3046875)],[1],[0],[0],[3.445340899983421],['submit_text'],,,,,17,15,355,19,1119.2490734999883,,,,,,,,1119.2372694999794,1119.2490734999883,1119.2490734999883,1119.2490734999883,0.002369499998167157,1122.6846931999899,camera,[np.float64(0.078125)],[np.float64(-0.3046875)],[1],[0],[0],[3.445340899983421],['submit_text'],,4,001,2025-10-16_16h59.44.869,untitled,,2025.1.1,59.99437253389583,2025-10-16 16h59.50.088672 +0530,
,356,16,17,,,c_s_io_,Cushion,old,cushion,[np.float64(0.078125)],[np.float64(-0.3046875)],[1],[0],[0],[2.7155199000262655],['submit_text'],,,,,17,16,356,14,1122.7174463000265,,,,,,,,1122.6870981000247,1122.7174463000265,1122.7174463000265,1122.7174463000265,0.002295500016771257,1125.4054417000152,cushion,[np.float64(0.078125)],[np.float64(-0.3046875)],[1],[0],[0],[2.7155199000262655],['submit_text'],,4,001,2025-10-16_16h59.44.869,untitled,,2025.1.1,59.99437253389583,2025-10-16 16h59.50.088672 +0530,
,357,17,17,,,l_pt_p,Laptop,old,laptop,[np.float64(0.078125)],[np.float64(-0.3046875)],[1],[0],[0],[2.5100885999854654],['submit_text'],,,,,17,17,357,0,1125.436106499983,,,,,,,,1125.4085869999835,1125.436106499983,1125.436106499983,1125.436106499983,0.0029559999820776284,1127.9208361000055,laptop,[np.float64(0.078125)],[np.float64(-0.3046875)],[1],[0],[0],[2.5100885999854654],['submit_text'],,4,001,2025-10-16_16h59.44.869,untitled,,2025.1.1,59.99437253389583,2025-10-16 16h59.50.088672 +0530,
,358,18,17,,,T_hi_t,Tshirt,old,tshirt,[np.float64(0.078125)],[np.float64(-0.3046875)],[1],[0],[0],[3.2945011000265367],['submit_text'],,,,,17,18,358,2,1127.9486707000178,,,,,,,,1127.9231565999798,1127.9486707000178,1127.9486707000178,1127.9486707000178,0.002195900015067309,1131.2205523999874,tshirt,[np.float64(0.078125)],[np.float64(-0.3046875)],[1],[0],[0],[3.2945011000265367],['submit_text'],,4,001,2025-10-16_16h59.44.869,untitled,,2025.1.1,59.99437253389583,2025-10-16 16h59.50.088672 +0530,
,359,19,17,,,ru_is,Cruise,old,,"[np.float64(0.28515625), np.float64(0.12109375)]","[np.float64(-0.23958333333333334), np.float64(-0.3059895833333333)]","[1, 1]","[0, 0]","[0, 0]","[6.226513200032059, 7.145754700002726]","[None, 'submit_text']",,,,,17,19,359,6,1131.2495679000276,,,,,,,,1131.2233731999877,1131.2495679000276,1131.2495679000276,1131.2495679000276,0.002653400006238371,1138.3712076999946,,"[np.float64(0.28515625), np.float64(0.12109375)]","[np.float64(-0.23958333333333334), np.float64(-0.3059895833333333)]","[1, 1]","[0, 0]","[0, 0]","[6.226513200032059, 7.145754700002726]","[None, 'submit_text']",,4,001,2025-10-16_16h59.44.869,untitled,,2025.1.1,59.99437253389583,2025-10-16 16h59.50.088672 +0530,
,360,0,18,,,c_s_io_,Cushion,old,cushion,[np.float64(0.12109375)],[np.float64(-0.3059895833333333)],[1],[0],[0],[3.3081630999804474],['submit_text'],,,,,18,0,360,14,1138.400480100012,,,,,,,,1138.374066199991,1138.400480100012,1138.400480100012,1138.400480100012,0.0027058999985456467,1141.6842882999917,cushion,[np.float64(0.12109375)],[np.float64(-0.3059895833333333)],[1],[0],[0],[3.3081630999804474],['submit_text'],,4,001,2025-10-16_16h59.44.869,untitled,,2025.1.1,59.99437253389583,2025-10-16 16h59.50.088672 +0530,
,361,1,18,,,c_m_ra,Camera,new,camera,[np.float64(0.12109375)],[np.float64(-0.3059895833333333)],[1],[0],[0],[3.1491773999878205],['submit_text'],,,,,18,1,361,19,1141.7155375999864,,,,,,,,1141.6866130999988,1141.7155375999864,1141.7155375999864,1141.7155375999864,0.002218600013293326,1144.8387044999981,camera,[np.float64(0.12109375)],[np.float64(-0.3059895833333333)],[1],[0],[0],[3.1491773999878205],['submit_text'],,4,001,2025-10-16_16h59.44.869,untitled,,2025.1.1,59.99437253389583,2025-10-16 16h59.50.088672 +0530,
,362,2,18,,,P_st_r,Poster,old,poster,[np.float64(0.12109375)],[np.float64(-0.3059895833333333)],[1],[0],[0],[3.55855109996628],['submit_text'],,,,,18,2,362,9,1144.8682651999989,,,,,,,,1144.8420496999752,1144.8682651999989,1144.8682651999989,1144.8682651999989,0.0032121999538503587,1148.402719900012,poster,[np.float64(0.12109375)],[np.float64(-0.3059895833333333)],[1],[0],[0],[3.55855109996628],['submit_text'],,4,001,2025-10-16_16h59.44.869,untitled,,2025.1.1,59.99437253389583,2025-10-16 16h59.50.088672 +0530,
,363,3,18,,,a_bl,Marble,old,table,[np.float64(0.12109375)],[np.float64(-0.3059895833333333)],[1],[0],[0],[2.5098378999973647],['submit_text'],,,,,18,3,363,11,1148.4348960000207,,,,,,,,1148.4048439000035,1148.4348960000207,1148.4348960000207,1148.4348960000207,0.0020169999916106462,1150.9168009000132,table,[np.float64(0.12109375)],[np.float64(-0.3059895833333333)],[1],[0],[0],[2.5098378999973647],['submit_text'],,4,001,2025-10-16_16h59.44.869,untitled,,2025.1.1,59.99437253389583,2025-10-16 16h59.50.088672 +0530,
,364,4,18,,,_o_rd,Board,old,board,[np.float64(0.12109375)],[np.float64(-0.3059895833333333)],[1],[0],[0],[3.4147756999591365],['submit_text'],,,,,18,4,364,10,1150.949464300007,,,,,,,,1150.919498400006,1150.949464300007,1150.949464300007,1150.949464300007,0.002591900003608316,1154.336416199978,board,[np.float64(0.12109375)],[np.float64(-0.3059895833333333)],[1],[0],[0],[3.4147756999591365],['submit_text'],,4,001,2025-10-16_16h59.44.869,untitled,,2025.1.1,59.99437253389583,2025-10-16 16h59.50.088672 +0530,
,365,5,18,,,T_hi_t,Tshirt,old,tshirt,[np.float64(0.12109375)],[np.float64(-0.3059895833333333)],[1],[0],[0],[2.642850600008387],['submit_text'],,,,,18,5,365,2,1154.3686761999852,,,,,,,,1154.338999599975,1154.3686761999852,1154.3686761999852,1154.3686761999852,0.0024664000375196338,1156.9839305999922,tshirt,[np.float64(0.12109375)],[np.float64(-0.3059895833333333)],[1],[0],[0],[2.642850600008387],['submit_text'],,4,001,2025-10-16_16h59.44.869,untitled,,2025.1.1,59.99437253389583,2025-10-16 16h59.50.088672 +0530,
,366,6,18,,,l_pt_p,Laptop,old,laptop,[np.float64(0.12109375)],[np.float64(-0.3059895833333333)],[1],[0],[0],[2.628147599985823],['submit_text'],,,,,18,6,366,0,1157.0152240000316,,,,,,,,1156.9864992999937,1157.0152240000316,1157.0152240000316,1157.0152240000316,0.002447500010021031,1159.6167197999894,laptop,[np.float64(0.12109375)],[np.float64(-0.3059895833333333)],[1],[0],[0],[2.628147599985823],['submit_text'],,4,001,2025-10-16_16h59.44.869,untitled,,2025.1.1,59.99437253389583,2025-10-16 16h59.50.088672 +0530,
,367,7,18,,,ru_is,Cruise,old,,[np.float64(0.12109375)],[np.float64(-0.3059895833333333)],[1],[0],[0],[1.1159506000112742],['submit_text'],,,,,18,7,367,6,1159.6486199999927,,,,,,,,1159.6193189999904,1159.6486199999927,1159.6486199999927,1159.6486199999927,0.0024850000045262277,1160.7382090999745,,[np.float64(0.12109375)],[np.float64(-0.3059895833333333)],[1],[0],[0],[1.1159506000112742],['submit_text'],,4,001,2025-10-16_16h59.44.869,untitled,,2025.1.1,59.99437253389583,2025-10-16 16h59.50.088672 +0530,
,368,8,18,,,_ha_t,Chart,old,chart,[np.float64(0.12109375)],[np.float64(-0.3059895833333333)],[1],[0],[0],[2.892294100020081],['submit_text'],,,,,18,8,368,1,1160.7677524000173,,,,,,,,1160.7412347000209,1160.7677524000173,1160.7677524000173,1160.7677524000173,0.0028765000170096755,1163.636246900016,chart,[np.float64(0.12109375)],[np.float64(-0.3059895833333333)],[1],[0],[0],[2.892294100020081],['submit_text'],,4,001,2025-10-16_16h59.44.869,untitled,,2025.1.1,59.99437253389583,2025-10-16 16h59.50.088672 +0530,
,369,9,18,,,_ou_se,mouse,old,mouse,[np.float64(0.12109375)],[np.float64(-0.3059895833333333)],[1],[0],[0],[6.076396599994041],['submit_text'],,,,,18,9,369,3,1163.6676940000034,,,,,,,,1163.6390560999862,1163.6676940000034,1163.6676940000034,1163.6676940000034,0.0026365999947302043,1169.7175788999884,mouse,[np.float64(0.12109375)],[np.float64(-0.3059895833333333)],[1],[0],[0],[6.076396599994041],['submit_text'],,4,001,2025-10-16_16h59.44.869,untitled,,2025.1.1,59.99437253389583,2025-10-16 16h59.50.088672 +0530,
,370,10,18,,,_ho_e,Phone,old,,[np.float64(0.12109375)],[np.float64(-0.3059895833333333)],[1],[0],[0],[1.4823498000041582],['submit_text'],,,,,18,10,370,12,1169.750274399994,,,,,,,,1169.719864499988,1169.750274399994,1169.750274399994,1169.750274399994,0.0021758999791927636,1171.2051490999875,,[np.float64(0.12109375)],[np.float64(-0.3059895833333333)],[1],[0],[0],[1.4823498000041582],['submit_text'],,4,001,2025-10-16_16h59.44.869,untitled,,2025.1.1,59.99437253389583,2025-10-16 16h59.50.088672 +0530,
,371,11,18,,,v_s_,Vase,new,vase,[np.float64(0.12109375)],[np.float64(-0.3059895833333333)],[1],[0],[0],[2.7728264999459498],['submit_text'],,,,,18,11,371,17,1171.234075299988,,,,,,,,1171.2077062000171,1171.234075299988,1171.234075299988,1171.234075299988,0.0023997999960556626,1173.9827638000133,vase,[np.float64(0.12109375)],[np.float64(-0.3059895833333333)],[1],[0],[0],[2.7728264999459498],['submit_text'],,4,001,2025-10-16_16h59.44.869,untitled,,2025.1.1,59.99437253389583,2025-10-16 16h59.50.088672 +0530,
,372,12,18,,,K_y_,Keys,old,keys,[np.float64(0.12109375)],[np.float64(-0.3059895833333333)],[1],[0],[0],[2.3169158999808133],['submit_text'],,,,,18,12,372,8,1174.015302099986,,,,,,,,1173.9853049999801,1174.015302099986,1174.015302099986,1174.015302099986,0.002403399965260178,1176.3045730000013,keys,[np.float64(0.12109375)],[np.float64(-0.3059895833333333)],[1],[0],[0],[2.3169158999808133],['submit_text'],,4,001,2025-10-16_16h59.44.869,untitled,,2025.1.1,59.99437253389583,2025-10-16 16h59.50.088672 +0530,
,373,13,18,,,p_nc_l,Pencil,new,pencil,[np.float64(0.12109375)],[np.float64(-0.3059895833333333)],[1],[0],[0],[2.790083899977617],['submit_text'],,,,,18,13,373,16,1176.3325093000312,,,,,,,,1176.3069095999817,1176.3325093000312,1176.3325093000312,1176.3325093000312,0.002219499961938709,1179.0992142999894,pencil,[np.float64(0.12109375)],[np.float64(-0.3059895833333333)],[1],[0],[0],[2.790083899977617],['submit_text'],,4,001,2025-10-16_16h59.44.869,untitled,,2025.1.1,59.99437253389583,2025-10-16 16h59.50.088672 +0530,
,374,14,18,,,bo_t_e,Bottle,new,bottle,[np.float64(0.12109375)],[np.float64(-0.3059895833333333)],[1],[0],[0],[2.764247900049668],['submit_text'],,,,,18,14,374,18,1179.1300928000128,,,,,,,,1179.1016323000076,1179.1300928000128,1179.1300928000128,1179.1300928000128,0.0022833000402897596,1181.8680328999762,bottle,[np.float64(0.12109375)],[np.float64(-0.3059895833333333)],[1],[0],[0],[2.764247900049668],['submit_text'],,4,001,2025-10-16_16h59.44.869,untitled,,2025.1.1,59.99437253389583,2025-10-16 16h59.50.088672 +0530,
,375,15,18,,,oo,Book,old,book,[np.float64(0.12109375)],[np.float64(-0.3059895833333333)],[1],[0],[0],[2.4301441999850795],['submit_text'],,,,,18,15,375,13,1181.9002349000075,,,,,,,,1181.8705477999756,1181.9002349000075,1181.9002349000075,1181.9002349000075,0.0023333000135608017,1184.3033928999794,book,[np.float64(0.12109375)],[np.float64(-0.3059895833333333)],[1],[0],[0],[2.4301441999850795],['submit_text'],,4,001,2025-10-16_16h59.44.869,untitled,,2025.1.1,59.99437253389583,2025-10-16 16h59.50.088672 +0530,
,376,16,18,,,ta_l_,Table,new,table,[np.float64(0.12109375)],[np.float64(-0.3059895833333333)],[1],[0],[0],[2.541337799979374],['submit_text'],,,,,18,16,376,15,1184.333496199979,,,,,,,,1184.3063462999999,1184.333496199979,1184.333496199979,1184.333496199979,0.002806799951940775,1186.8498137000133,table,[np.float64(0.12109375)],[np.float64(-0.3059895833333333)],[1],[0],[0],[2.541337799979374],['submit_text'],,4,001,2025-10-16_16h59.44.869,untitled,,2025.1.1,59.99437253389583,2025-10-16 16h59.50.088672 +0530,
,377,17,18,,,c_s_,Case,old,case,[np.float64(0.12109375)],[np.float64(-0.3059895833333333)],[1],[0],[0],[4.215672800026368],['submit_text'],,,,,18,17,377,5,1186.8809495000169,,,,,,,,1186.852479299996,1186.8809495000169,1186.8809495000169,1186.8809495000169,0.0025663000415079296,1191.0708889000234,case,[np.float64(0.12109375)],[np.float64(-0.3059895833333333)],[1],[0],[0],[4.215672800026368],['submit_text'],,4,001,2025-10-16_16h59.44.869,untitled,,2025.1.1,59.99437253389583,2025-10-16 16h59.50.088672 +0530,
,378,18,18,,,P_as_tr_,Pastry,old,pastry,[np.float64(0.12109375)],[np.float64(-0.3059895833333333)],[1],[0],[0],[3.4399875000235625],['submit_text'],,,,,18,18,378,4,1191.0997201999999,,,,,,,,1191.0735534999985,1191.0997201999999,1191.0997201999999,1191.0997201999999,0.002537399996072054,1194.5157085999963,pastry,[np.float64(0.12109375)],[np.float64(-0.3059895833333333)],[1],[0],[0],[3.4399875000235625],['submit_text'],,4,001,2025-10-16_16h59.44.869,untitled,,2025.1.1,59.99437253389583,2025-10-16 16h59.50.088672 +0530,
,379,19,18,,,P_li_e,Police,old,police,[np.float64(0.12109375)],[np.float64(-0.3059895833333333)],[1],[0],[0],[2.694889599981252],['submit_text'],,,,,18,19,379,7,1194.5462247999967,,,,,,,,1194.5186989000067,1194.5462247999967,1194.5462247999967,1194.5462247999967,0.002864800044335425,1197.2157438999857,police,[np.float64(0.12109375)],[np.float64(-0.3059895833333333)],[1],[0],[0],[2.694889599981252],['submit_text'],,4,001,2025-10-16_16h59.44.869,untitled,,2025.1.1,59.99437253389583,2025-10-16 16h59.50.088672 +0530,
,380,0,19,,,_ou_se,mouse,old,mouse,[np.float64(0.12109375)],[np.float64(-0.3059895833333333)],[1],[0],[0],[2.461579700000584],['submit_text'],,,,,19,0,380,3,1197.2459460999817,,,,,,,,1197.2181089000078,1197.2459460999817,1197.2459460999817,1197.2459460999817,0.002250900026410818,1199.6819248999818,mouse,[np.float64(0.12109375)],[np.float64(-0.3059895833333333)],[1],[0],[0],[2.461579700000584],['submit_text'],,4,001,2025-10-16_16h59.44.869,untitled,,2025.1.1,59.99437253389583,2025-10-16 16h59.50.088672 +0530,
,381,1,19,,,bo_t_e,Bottle,new,bottle,[np.float64(0.12109375)],[np.float64(-0.3059895833333333)],[1],[0],[0],[3.028989599959459],['submit_text'],,,,,19,1,381,18,1199.7137027999852,,,,,,,,1199.68458489998,1199.7137027999852,1199.7137027999852,1199.7137027999852,0.002535699983127415,1202.7159428999876,bottle,[np.float64(0.12109375)],[np.float64(-0.3059895833333333)],[1],[0],[0],[3.028989599959459],['submit_text'],,4,001,2025-10-16_16h59.44.869,untitled,,2025.1.1,59.99437253389583,2025-10-16 16h59.50.088672 +0530,
,382,2,19,,,c_m_ra,Camera,new,camera,[np.float64(0.12109375)],[np.float64(-0.3059895833333333)],[1],[0],[0],[2.8463149000308476],['submit_text'],,,,,19,2,382,19,1202.7478212999995,,,,,,,,1202.7185031999834,1202.7478212999995,1202.7478212999995,1202.7478212999995,0.002389299974311143,1205.5671873000101,camera,[np.float64(0.12109375)],[np.float64(-0.3059895833333333)],[1],[0],[0],[2.8463149000308476],['submit_text'],,4,001,2025-10-16_16h59.44.869,untitled,,2025.1.1,59.99437253389583,2025-10-16 16h59.50.088672 +0530,
,383,3,19,,,c_s_io_,Cushion,old,cushion,[np.float64(0.12109375)],[np.float64(-0.3059895833333333)],[1],[0],[0],[3.228974800033029],['submit_text'],,,,,19,3,383,14,1205.5996966999955,,,,,,,,1205.569839600008,1205.5996966999955,1205.5996966999955,1205.5996966999955,0.0024360999814234674,1208.8016279999865,cushion,[np.float64(0.12109375)],[np.float64(-0.3059895833333333)],[1],[0],[0],[3.228974800033029],['submit_text'],,4,001,2025-10-16_16h59.44.869,untitled,,2025.1.1,59.99437253389583,2025-10-16 16h59.50.088672 +0530,
,384,4,19,,,P_li_e,Police,old,police,[np.float64(0.12109375)],[np.float64(-0.3059895833333333)],[1],[0],[0],[3.2605140000232495],['submit_text'],,,,,19,4,384,7,1208.8296327000135,,,,,,,,1208.8052654999774,1208.8296327000135,1208.8296327000135,1208.8296327000135,0.0034696999937295914,1212.068116199982,police,[np.float64(0.12109375)],[np.float64(-0.3059895833333333)],[1],[0],[0],[3.2605140000232495],['submit_text'],,4,001,2025-10-16_16h59.44.869,untitled,,2025.1.1,59.99437253389583,2025-10-16 16h59.50.088672 +0530,
,385,5,19,,,_ho_e,Phone,old,,[np.float64(0.12109375)],[np.float64(-0.3059895833333333)],[1],[0],[0],[1.5631476999842562],['submit_text'],,,,,19,5,385,12,1212.09990869998,,,,,,,,1212.070457599999,1212.09990869998,1212.09990869998,1212.09990869998,0.0022163999965414405,1213.6369701999938,,[np.float64(0.12109375)],[np.float64(-0.3059895833333333)],[1],[0],[0],[1.5631476999842562],['submit_text'],,4,001,2025-10-16_16h59.44.869,untitled,,2025.1.1,59.99437253389583,2025-10-16 16h59.50.088672 +0530,
,386,6,19,,,ru_is,Cruise,old,,[np.float64(0.12109375)],[np.float64(-0.3059895833333333)],[1],[0],[0],[4.060252099996433],['submit_text'],,,,,19,6,386,6,1213.6651706999983,,,,,,,,1213.6399035999784,1213.6651706999983,1213.6651706999983,1213.6651706999983,0.0026091000181622803,1217.703256800014,,[np.float64(0.12109375)],[np.float64(-0.3059895833333333)],[1],[0],[0],[4.060252099996433],['submit_text'],,4,001,2025-10-16_16h59.44.869,untitled,,2025.1.1,59.99437253389583,2025-10-16 16h59.50.088672 +0530,
,387,7,19,,,T_hi_t,Tshirt,old,tshirt,[np.float64(0.12109375)],[np.float64(-0.3059895833333333)],[1],[0],[0],[2.7734407000243664],['submit_text'],,,,,19,7,387,2,1217.7317848000093,,,,,,,,1217.7060942000244,1217.7317848000093,1217.7317848000093,1217.7317848000093,0.0026822000509127975,1220.4817884999793,tshirt,[np.float64(0.12109375)],[np.float64(-0.3059895833333333)],[1],[0],[0],[2.7734407000243664],['submit_text'],,4,001,2025-10-16_16h59.44.869,untitled,,2025.1.1,59.99437253389583,2025-10-16 16h59.50.088672 +0530,
,388,8,19,,,a_bl,Marble,old,table,[np.float64(0.12109375)],[np.float64(-0.3059895833333333)],[1],[0],[0],[2.880162699962966],['submit_text'],,,,,19,8,388,11,1220.512752300012,,,,,,,,1220.484142100031,1220.512752300012,1220.512752300012,1220.512752300012,0.0022196999634616077,1223.366483699996,table,[np.float64(0.12109375)],[np.float64(-0.3059895833333333)],[1],[0],[0],[2.880162699962966],['submit_text'],,4,001,2025-10-16_16h59.44.869,untitled,,2025.1.1,59.99437253389583,2025-10-16 16h59.50.088672 +0530,
,389,9,19,,,ta_l_,Table,new,table,[np.float64(0.12109375)],[np.float64(-0.3059895833333333)],[1],[0],[0],[4.426741899980698],['submit_text'],,,,,19,9,389,15,1223.3985982000013,,,,,,,,1223.3688569000224,1223.3985982000013,1223.3985982000013,1223.3985982000013,0.0022624999983236194,1227.797859399987,table,[np.float64(0.12109375)],[np.float64(-0.3059895833333333)],[1],[0],[0],[4.426741899980698],['submit_text'],,4,001,2025-10-16_16h59.44.869,untitled,,2025.1.1,59.99437253389583,2025-10-16 16h59.50.088672 +0530,
,390,10,19,,,c_s_,Case,old,case,[np.float64(0.12109375)],[np.float64(-0.3059895833333333)],[1],[0],[0],[3.5656859999871813],['submit_text'],,,,,19,10,390,5,1227.8311914000078,,,,,,,,1227.8000377999851,1227.8311914000078,1227.8311914000078,1227.8311914000078,0.0020539999823085964,1231.36792769999,case,[np.float64(0.12109375)],[np.float64(-0.3059895833333333)],[1],[0],[0],[3.5656859999871813],['submit_text'],,4,001,2025-10-16_16h59.44.869,untitled,,2025.1.1,59.99437253389583,2025-10-16 16h59.50.088672 +0530,
,391,11,19,,,v_s_,Vase,new,vase,[np.float64(0.12109375)],[np.float64(-0.3059895833333333)],[1],[0],[0],[2.4944946999894455],['submit_text'],,,,,19,11,391,17,1231.3980441000313,,,,,,,,1231.3702192999772,1231.3980441000313,1231.3980441000313,1231.3980441000313,0.002163600001949817,1233.8670737000066,vase,[np.float64(0.12109375)],[np.float64(-0.3059895833333333)],[1],[0],[0],[2.4944946999894455],['submit_text'],,4,001,2025-10-16_16h59.44.869,untitled,,2025.1.1,59.99437253389583,2025-10-16 16h59.50.088672 +0530,
,392,12,19,,,P_st_r,Poster,old,poster,[np.float64(0.12109375)],[np.float64(-0.3059895833333333)],[1],[0],[0],[2.642250300035812],['submit_text'],,,,,19,12,392,9,1233.8984683000017,,,,,,,,1233.8695199000067,1233.8984683000017,1233.8984683000017,1233.8984683000017,0.0023147999891079962,1236.5139681000146,poster,[np.float64(0.12109375)],[np.float64(-0.3059895833333333)],[1],[0],[0],[2.642250300035812],['submit_text'],,4,001,2025-10-16_16h59.44.869,untitled,,2025.1.1,59.99437253389583,2025-10-16 16h59.50.088672 +0530,
,393,13,19,,,oo,Book,old,book,[np.float64(0.12109375)],[np.float64(-0.3059895833333333)],[1],[0],[0],[2.3807000999804586],['submit_text'],,,,,19,13,393,13,1236.545052499976,,,,,,,,1236.5161674999981,1236.545052499976,1236.545052499976,1236.545052499976,0.0020889000152237713,1238.8990676000249,book,[np.float64(0.12109375)],[np.float64(-0.3059895833333333)],[1],[0],[0],[2.3807000999804586],['submit_text'],,4,001,2025-10-16_16h59.44.869,untitled,,2025.1.1,59.99437253389583,2025-10-16 16h59.50.088672 +0530,
,394,14,19,,,P_as_tr_,Pastry,old,pastry,[np.float64(0.12109375)],[np.float64(-0.3059895833333333)],[1],[0],[0],[2.6764978999854065],['submit_text'],,,,,19,14,394,4,1238.9303960999823,,,,,,,,1238.9015926999855,1238.9303960999823,1238.9303960999823,1238.9303960999823,0.0024002999998629093,1241.5803330999915,pastry,[np.float64(0.12109375)],[np.float64(-0.3059895833333333)],[1],[0],[0],[2.6764978999854065],['submit_text'],,4,001,2025-10-16_16h59.44.869,untitled,,2025.1.1,59.99437253389583,2025-10-16 16h59.50.088672 +0530,
,395,15,19,,,_o_rd,Board,old,board,[np.float64(0.12109375)],[np.float64(-0.3059895833333333)],[1],[0],[0],[2.9635760000091977],['submit_text'],,,,,19,15,395,10,1241.6116344999755,,,,,,,,1241.5828881000052,1241.6116344999755,1241.6116344999755,1241.6116344999755,0.0024537999997846782,1244.5499546999927,board,[np.float64(0.12109375)],[np.float64(-0.3059895833333333)],[1],[0],[0],[2.9635760000091977],['submit_text'],,4,001,2025-10-16_16h59.44.869,untitled,,2025.1.1,59.99437253389583,2025-10-16 16h59.50.088672 +0530,
,396,16,19,,,p_nc_l,Pencil,new,pencil,[np.float64(0.12109375)],[np.float64(-0.3059895833333333)],[1],[0],[0],[3.177720700041391],['submit_text'],,,,,19,16,396,16,1244.57858760003,,,,,,,,1244.5530051999958,1244.57858760003,1244.57858760003,1244.57858760003,0.002864200039766729,1247.732931000006,pencil,[np.float64(0.12109375)],[np.float64(-0.3059895833333333)],[1],[0],[0],[3.177720700041391],['submit_text'],,4,001,2025-10-16_16h59.44.869,untitled,,2025.1.1,59.99437253389583,2025-10-16 16h59.50.088672 +0530,
,397,17,19,,,K_y_,Keys,old,keys,[np.float64(0.12109375)],[np.float64(-0.3059895833333333)],[1],[0],[0],[3.210932199959643],['submit_text'],,,,,19,17,397,8,1247.7646194000263,,,,,,,,1247.7350627999986,1247.7646194000263,1247.7646194000263,1247.7646194000263,0.0020217999699525535,1250.9482192000141,keys,[np.float64(0.12109375)],[np.float64(-0.3059895833333333)],[1],[0],[0],[3.210932199959643],['submit_text'],,4,001,2025-10-16_16h59.44.869,untitled,,2025.1.1,59.99437253389583,2025-10-16 16h59.50.088672 +0530,
,398,18,19,,,l_pt_p,Laptop,old,laptop,[np.float64(0.12109375)],[np.float64(-0.3059895833333333)],[1],[0],[0],[2.57555060001323],['submit_text'],,,,,19,18,398,0,1250.9790993999923,,,,,,,,1250.9518283000216,1250.9790993999923,1250.9790993999923,1250.9790993999923,0.003505899978335947,1253.5298095999751,laptop,[np.float64(0.12109375)],[np.float64(-0.3059895833333333)],[1],[0],[0],[2.57555060001323],['submit_text'],,4,001,2025-10-16_16h59.44.869,untitled,,2025.1.1,59.99437253389583,2025-10-16 16h59.50.088672 +0530,
,399,19,19,,,_ha_t,Chart,old,chart,[np.float64(0.12109375)],[np.float64(-0.3059895833333333)],[1],[0],[0],[2.5121385999955237],['submit_text'],,,,,19,19,399,1,1253.5639897999936,,,,,,,,1253.5322628000285,1253.5639897999936,1253.5639897999936,1253.5639897999936,0.0022786999470554292,1256.0467500999803,chart,[np.float64(0.12109375)],[np.float64(-0.3059895833333333)],[1],[0],[0],[2.5121385999955237],['submit_text'],,4,001,2025-10-16_16h59.44.869,untitled,,2025.1.1,59.99437253389583,2025-10-16 16h59.50.088672 +0530,
