reward_today,future_reward,delay,thisN,thisTrialN,thisRepN,key_resp.keys,key_resp.rt,key_resp.duration,trials.thisRepN,trials.thisTrialN,trials.thisN,trials.thisIndex,thisRow.t,notes,trial.started,fixation.started,text.started,key_resp.started,fixation.stopped,trial.stopped,trials.key_resp.keys,trials.key_resp.rt,trials.key_resp.duration,participant,session,date,expName,expVersion,psychopyVersion,frameRate,expStart,
78,80,162,0,0,0,t,6.270436899969354,None,0,0,0,6,0.08319440018385649,,0.07628030003979802,0.08319440018385649,0.9930736999958754,0.9930736999958754,1.076869900105521,7.274397500092164,t,6.270436899969354,None,4,001,2025-11-03_13h23.07.250,untitled,,2025.1.1,72.19836063456263,2025-11-03 13h23.14.146185 +0530,
40,55,62,1,1,0,l,0.22125039994716644,None,0,1,1,3,7.29441440012306,,7.282821200089529,7.29441440012306,8.265510300174356,8.265510300174356,8.286193000152707,8.48894890001975,l,0.22125039994716644,None,4,001,2025-11-03_13h23.07.250,untitled,,2025.1.1,72.19836063456263,2025-11-03 13h23.14.146185 +0530,
11,30,7,2,2,0,t,0.29050990007817745,None,0,2,2,0,8.505804000189528,,8.496338400058448,8.505804000189528,9.484877899987623,9.484877899987623,9.498494100058451,9.777062300127,t,0.29050990007817745,None,4,001,2025-11-03_13h23.07.250,untitled,,2025.1.1,72.19836063456263,2025-11-03 13h23.14.146185 +0530,
15,35,13,3,3,0,l,0.15013269986957312,None,0,3,3,1,9.785943000111729,,9.781703800195828,9.785943000111729,10.772480100160465,10.772480100160465,10.779498600168154,10.925791600020602,l,0.15013269986957312,None,4,001,2025-11-03_13h23.07.250,untitled,,2025.1.1,72.19836063456263,2025-11-03 13h23.14.146185 +0530,
67,75,119,4,4,0,t,0.3341653998941183,None,0,4,4,5,10.943352400092408,,10.93119730008766,10.943352400092408,11.915470400126651,11.915470400126651,11.936155800009146,12.256014500046149,t,0.3341653998941183,None,4,001,2025-11-03_13h23.07.250,untitled,,2025.1.1,72.19836063456263,2025-11-03 13h23.14.146185 +0530,
49,60,89,5,5,0,l,0.11394160008057952,None,0,5,5,4,12.264617300126702,,12.260006200056523,12.264617300126702,13.251011500135064,13.251011500135064,13.257556000025943,13.369624400045723,l,0.11394160008057952,None,4,001,2025-11-03_13h23.07.250,untitled,,2025.1.1,72.19836063456263,2025-11-03 13h23.14.146185 +0530,
27,50,21,6,6,0,t,0.10963349998928607,None,0,6,6,2,13.378958400106058,,13.37404360016808,13.378958400106058,14.365402800031006,14.365402800031006,14.372445899993181,14.477033000206575,t,0.10963349998928607,None,4,001,2025-11-03_13h23.07.250,untitled,,2025.1.1,72.19836063456263,2025-11-03 13h23.14.146185 +0530,
67,75,119,7,0,1,l,0.10501130018383265,None,1,0,7,5,14.485252000158653,,14.48055010009557,14.485252000158653,15.471680500078946,15.471680500078946,15.478638200089335,15.583044500090182,l,0.10501130018383265,None,4,001,2025-11-03_13h23.07.250,untitled,,2025.1.1,72.19836063456263,2025-11-03 13h23.14.146185 +0530,
40,55,62,8,1,1,l,0.16124129993841052,None,1,1,8,3,15.591744100209326,,15.587112600216642,15.591744100209326,16.581821700092405,16.581821700092405,16.581821700092405,16.74868499999866,l,0.16124129993841052,None,4,001,2025-11-03_13h23.07.250,untitled,,2025.1.1,72.19836063456263,2025-11-03 13h23.14.146185 +0530,
27,50,21,9,2,1,l,0.07440899987705052,None,1,2,9,2,16.757485500071198,,16.752698900178075,16.757485500071198,17.743795600021258,17.743795600021258,17.750858400017023,17.820764400064945,l,0.07440899987705052,None,4,001,2025-11-03_13h23.07.250,untitled,,2025.1.1,72.19836063456263,2025-11-03 13h23.14.146185 +0530,
78,80,162,10,3,1,l,0.013964900048449636,None,1,3,10,6,17.829417100176215,,17.82461650017649,17.829417100176215,18.81586440000683,18.81586440000683,18.823470100061968,18.830502700060606,l,0.013964900048449636,None,4,001,2025-11-03_13h23.07.250,untitled,,2025.1.1,72.19836063456263,2025-11-03 13h23.14.146185 +0530,
49,60,89,11,4,1,t,0.06266999989748001,None,1,4,11,4,18.839496500091627,,18.834359200205654,18.839496500091627,19.826624000212178,19.826624000212178,19.83262260002084,19.895607700105757,t,0.06266999989748001,None,4,001,2025-11-03_13h23.07.250,untitled,,2025.1.1,72.19836063456263,2025-11-03 13h23.14.146185 +0530,
15,35,13,12,5,1,t,0.04264990007504821,None,1,5,12,1,19.904447100125253,,19.90006130002439,19.904447100125253,20.890859400155023,20.890859400155023,20.897807800211012,20.93976730015129,t,0.04264990007504821,None,4,001,2025-11-03_13h23.07.250,untitled,,2025.1.1,72.19836063456263,2025-11-03 13h23.14.146185 +0530,
11,30,7,13,6,1,l,0.06574749993160367,None,1,6,13,0,20.94702840014361,,20.943388800136745,20.94702840014361,21.93363180011511,21.93363180011511,21.940238800132647,22.003458900144324,l,0.06574749993160367,None,4,001,2025-11-03_13h23.07.250,untitled,,2025.1.1,72.19836063456263,2025-11-03 13h23.14.146185 +0530,
49,60,89,14,0,2,t,0.0416357999201864,None,2,0,14,4,22.011387300211936,,22.007257900200784,22.011387300211936,22.99786110012792,22.99786110012792,23.004885900067165,23.046890000114217,t,0.0416357999201864,None,4,001,2025-11-03_13h23.07.250,untitled,,2025.1.1,72.19836063456263,2025-11-03 13h23.14.146185 +0530,
15,35,13,15,1,2,l,0.29614009987562895,None,2,1,15,1,23.054615600034595,,23.05084010004066,23.054615600034595,24.040945700136945,24.040945700136945,24.048451400129125,24.340183900203556,l,0.29614009987562895,None,4,001,2025-11-03_13h23.07.250,untitled,,2025.1.1,72.19836063456263,2025-11-03 13h23.14.146185 +0530,
27,50,21,16,2,2,l,0.1434769998304546,None,2,2,16,2,24.34814320015721,,24.344125700183213,24.34814320015721,25.335090400185436,25.335090400185436,25.342265400104225,25.48099509999156,l,0.1434769998304546,None,4,001,2025-11-03_13h23.07.250,untitled,,2025.1.1,72.19836063456263,2025-11-03 13h23.14.146185 +0530,
11,30,7,17,3,2,t,0.106720200041309,None,2,3,17,0,25.488364699995145,,25.48456530016847,25.488364699995145,26.47471460001543,26.47471460001543,26.481990500120446,26.586542300181463,t,0.106720200041309,None,4,001,2025-11-03_13h23.07.250,untitled,,2025.1.1,72.19836063456263,2025-11-03 13h23.14.146185 +0530,
40,55,62,18,4,2,t,0.22362420009449124,None,2,4,18,3,26.5963598000817,,26.591302199987695,26.5963598000817,27.58274000021629,27.58274000021629,27.589752200059593,27.81258220016025,t,0.22362420009449124,None,4,001,2025-11-03_13h23.07.250,untitled,,2025.1.1,72.19836063456263,2025-11-03 13h23.14.146185 +0530,
78,80,162,19,5,2,l,0.04470999981276691,None,2,5,19,6,27.82263830001466,,27.816743300063536,27.82263830001466,28.801985000027344,28.801985000027344,28.81595110008493,28.85117040015757,l,0.04470999981276691,None,4,001,2025-11-03_13h23.07.250,untitled,,2025.1.1,72.19836063456263,2025-11-03 13h23.14.146185 +0530,
67,75,119,20,6,2,l,0.16107439994812012,None,2,6,20,5,28.860852000070736,,28.856054300209507,28.860852000070736,29.847232200205326,29.847232200205326,29.854262500070035,30.014263699995354,l,0.16107439994812012,None,4,001,2025-11-03_13h23.07.250,untitled,,2025.1.1,72.19836063456263,2025-11-03 13h23.14.146185 +0530,
15,35,13,21,0,3,l,0.04422470019198954,None,3,0,21,1,30.023408900015056,,30.01897280011326,30.023408900015056,31.010346700204536,31.010346700204536,31.016708600101992,31.059174900176004,l,0.04422470019198954,None,4,001,2025-11-03_13h23.07.250,untitled,,2025.1.1,72.19836063456263,2025-11-03 13h23.14.146185 +0530,
67,75,119,22,1,3,l,0.1554813999682665,None,3,1,22,5,31.068143700016662,,31.06341200019233,31.068143700016662,32.054497100180015,32.054497100180015,32.06146610016003,32.21503960015252,l,0.1554813999682665,None,4,001,2025-11-03_13h23.07.250,untitled,,2025.1.1,72.19836063456263,2025-11-03 13h23.14.146185 +0530,
40,55,62,23,2,3,l,0.003915299894288182,None,3,2,23,3,32.224052800098434,,32.219287800136954,32.224052800098434,33.21049790014513,33.21049790014513,33.21765350014903,33.21829940006137,l,0.003915299894288182,None,4,001,2025-11-03_13h23.07.250,untitled,,2025.1.1,72.19836063456263,2025-11-03 13h23.14.146185 +0530,
49,60,89,24,3,3,l,0.06806499999947846,None,3,3,24,4,33.22803170001134,,33.22292289999314,33.22803170001134,34.20766900014132,34.20766900014132,34.221578900003806,34.27769130002707,l,0.06806499999947846,None,4,001,2025-11-03_13h23.07.250,untitled,,2025.1.1,72.19836063456263,2025-11-03 13h23.14.146185 +0530,
78,80,162,25,4,3,l,0.5284452000632882,None,3,4,25,6,34.28628440015018,,34.28145370003767,34.28628440015018,35.27279160008766,35.27279160008766,35.27932810015045,35.80751579999924,l,0.5284452000632882,None,4,001,2025-11-03_13h23.07.250,untitled,,2025.1.1,72.19836063456263,2025-11-03 13h23.14.146185 +0530,
27,50,21,26,5,3,t,0.20252589997835457,None,3,5,26,2,35.81573999999091,,35.811375100165606,35.81573999999091,36.80219600000419,36.80219600000419,36.80924260010943,37.0107429001946,t,0.20252589997835457,None,4,001,2025-11-03_13h23.07.250,untitled,,2025.1.1,72.19836063456263,2025-11-03 13h23.14.146185 +0530,
11,30,7,27,6,3,l,0.11856530001387,None,3,6,27,0,37.01885580015369,,37.01439920021221,37.01885580015369,38.00534770009108,38.00534770009108,38.012164500076324,38.13052690005861,l,0.11856530001387,None,4,001,2025-11-03_13h23.07.250,untitled,,2025.1.1,72.19836063456263,2025-11-03 13h23.14.146185 +0530,
11,30,7,28,0,4,t,0.2572991999331862,None,4,0,28,0,38.13716270006262,,38.13078510016203,38.13716270006262,39.123038300080225,39.123038300080225,39.130702200112864,39.38109690020792,t,0.2572991999331862,None,4,001,2025-11-03_13h23.07.250,untitled,,2025.1.1,72.19836063456263,2025-11-03 13h23.14.146185 +0530,
40,55,62,29,1,4,l,0.12987609999254346,None,4,1,29,3,39.38997170003131,,39.38513150019571,39.38997170003131,40.37633220013231,40.37633220013231,40.38334260019474,40.508914900012314,l,0.12987609999254346,None,4,001,2025-11-03_13h23.07.250,untitled,,2025.1.1,72.19836063456263,2025-11-03 13h23.14.146185 +0530,
15,35,13,30,2,4,t,0.20537450001575053,None,4,2,30,1,40.51796260010451,,40.51291690021753,40.51796260010451,41.49796180007979,41.49796180007979,41.51265850011259,41.70713570015505,t,0.20537450001575053,None,4,001,2025-11-03_13h23.07.250,untitled,,2025.1.1,72.19836063456263,2025-11-03 13h23.14.146185 +0530,
78,80,162,31,3,4,t,0.13674420001916587,None,4,3,31,6,41.71575020020828,,41.71098960004747,41.71575020020828,42.70219060010277,42.70219060010277,42.709433500189334,42.84159650001675,t,0.13674420001916587,None,4,001,2025-11-03_13h23.07.250,untitled,,2025.1.1,72.19836063456263,2025-11-03 13h23.14.146185 +0530,
27,50,21,32,4,4,l,0.38393229991197586,None,4,4,32,2,42.85132840019651,,42.845909300027415,42.85132840019651,43.83255870011635,43.83255870011635,43.846597800031304,44.222039700020105,l,0.38393229991197586,None,4,001,2025-11-03_13h23.07.250,untitled,,2025.1.1,72.19836063456263,2025-11-03 13h23.14.146185 +0530,
67,75,119,33,5,4,l,0.11210429994389415,None,4,5,33,5,44.23135290015489,,44.22608819999732,44.23135290015489,45.2143143999856,45.2143143999856,45.221341100055724,45.332959100138396,l,0.11210429994389415,None,4,001,2025-11-03_13h23.07.250,untitled,,2025.1.1,72.19836063456263,2025-11-03 13h23.14.146185 +0530,
49,60,89,34,6,4,t,1.0584647997748107,None,4,6,34,4,45.34211710002273,,45.337558900006115,45.34211710002273,46.32721370016225,46.32721370016225,46.33436040021479,47.39035990019329,t,1.0584647997748107,None,4,001,2025-11-03_13h23.07.250,untitled,,2025.1.1,72.19836063456263,2025-11-03 13h23.14.146185 +0530,
15,35,13,35,0,5,t,0.034103999845683575,None,5,0,35,1,47.40013810014352,,47.39502659998834,47.40013810014352,48.386509800096974,48.386509800096974,48.39348690002225,48.42162530007772,t,0.034103999845683575,None,4,001,2025-11-03_13h23.07.250,untitled,,2025.1.1,72.19836063456263,2025-11-03 13h23.14.146185 +0530,
11,30,7,36,1,5,t,0.28959290008060634,None,5,1,36,0,48.43155990005471,,48.42569619999267,48.43155990005471,49.4111353000626,49.4111353000626,49.42497210018337,49.70338530000299,t,0.28959290008060634,None,4,001,2025-11-03_13h23.07.250,untitled,,2025.1.1,72.19836063456263,2025-11-03 13h23.14.146185 +0530,
27,50,21,37,2,5,t,0.233912100084126,None,5,2,37,2,49.71220559999347,,49.707319100154564,49.71220559999347,50.69823420001194,50.69823420001194,50.705470100045204,50.935138600179926,t,0.233912100084126,None,4,001,2025-11-03_13h23.07.250,untitled,,2025.1.1,72.19836063456263,2025-11-03 13h23.14.146185 +0530,
49,60,89,38,3,5,l,0.10591910011135042,None,5,3,38,4,50.94452180014923,,50.93940270016901,50.94452180014923,51.93168340018019,51.93168340018019,51.938781700097024,52.04255750006996,l,0.10591910011135042,None,4,001,2025-11-03_13h23.07.250,untitled,,2025.1.1,72.19836063456263,2025-11-03 13h23.14.146185 +0530,
67,75,119,39,4,5,l,0.11751320003531873,None,5,4,39,5,52.05133180017583,,52.04705860000104,52.05133180017583,53.03753780014813,53.03753780014813,53.04474420007318,53.156556400004774,l,0.11751320003531873,None,4,001,2025-11-03_13h23.07.250,untitled,,2025.1.1,72.19836063456263,2025-11-03 13h23.14.146185 +0530,
40,55,62,40,5,5,l,0.0020393000449985266,None,5,5,40,3,53.16614650003612,,53.16093980008736,53.16614650003612,54.15259220008738,54.15259220008738,54.159258500207216,54.15992120001465,l,0.0020393000449985266,None,4,001,2025-11-03_13h23.07.250,untitled,,2025.1.1,72.19836063456263,2025-11-03 13h23.14.146185 +0530,
78,80,162,41,6,5,t,0.27175529999658465,None,5,6,41,6,54.16893839999102,,54.16398200020194,54.16893839999102,55.15551950014196,55.15551950014196,55.162417700048536,55.433400500100106,t,0.27175529999658465,None,4,001,2025-11-03_13h23.07.250,untitled,,2025.1.1,72.19836063456263,2025-11-03 13h23.14.146185 +0530,
49,60,89,42,0,6,t,0.15555869997479022,None,6,0,42,4,55.442270200001076,,55.43780340021476,55.442270200001076,56.4286987001542,56.4286987001542,56.43569660000503,56.58899010019377,t,0.15555869997479022,None,4,001,2025-11-03_13h23.07.250,untitled,,2025.1.1,72.19836063456263,2025-11-03 13h23.14.146185 +0530,
67,75,119,43,1,6,t,0.10058840014971793,None,6,1,43,5,56.59768730006181,,56.59271360002458,56.59768730006181,57.58391260006465,57.58391260006465,57.59114999999292,57.68895160011016,t,0.10058840014971793,None,4,001,2025-11-03_13h23.07.250,untitled,,2025.1.1,72.19836063456263,2025-11-03 13h23.14.146185 +0530,
78,80,162,44,2,6,l,0.03937999997287989,None,6,2,44,6,57.69811520003714,,57.69327190006152,57.69811520003714,58.68448070017621,58.68448070017621,58.691495300037786,58.72682260000147,l,0.03937999997287989,None,4,001,2025-11-03_13h23.07.250,untitled,,2025.1.1,72.19836063456263,2025-11-03 13h23.14.146185 +0530,
15,35,13,45,3,6,t,0.09649219992570579,None,6,3,45,1,58.735735800117254,,58.73097350005992,58.735735800117254,59.72232699999586,59.72232699999586,59.729457600042224,59.81994489999488,t,0.09649219992570579,None,4,001,2025-11-03_13h23.07.250,untitled,,2025.1.1,72.19836063456263,2025-11-03 13h23.14.146185 +0530,
11,30,7,46,4,6,l,0.1401404000353068,None,6,4,46,0,59.82887740014121,,59.82373770000413,59.82887740014121,60.815343800000846,60.815343800000846,60.82237760000862,60.961559700081125,l,0.1401404000353068,None,4,001,2025-11-03_13h23.07.250,untitled,,2025.1.1,72.19836063456263,2025-11-03 13h23.14.146185 +0530,
40,55,62,47,5,6,l,1.1525822000112385,None,6,5,47,3,60.96907510003075,,60.96530050016008,60.96907510003075,61.95566610014066,61.95566610014066,61.96256070001982,63.10915440018289,l,1.1525822000112385,None,4,001,2025-11-03_13h23.07.250,untitled,,2025.1.1,72.19836063456263,2025-11-03 13h23.14.146185 +0530,
27,50,21,48,6,6,t,0.027664100052788854,None,6,6,48,2,63.11800910020247,,63.1129579001572,63.11800910020247,64.10464630019851,64.10464630019851,64.11172640020959,64.1399769000709,t,0.027664100052788854,None,4,001,2025-11-03_13h23.07.250,untitled,,2025.1.1,72.19836063456263,2025-11-03 13h23.14.146185 +0530,
78,80,162,49,0,7,l,0.04264979995787144,None,7,0,49,6,64.14799680002034,,64.14347720006481,64.14799680002034,65.13443200010806,65.13443200010806,65.14141400018707,65.18315250007436,l,0.04264979995787144,None,4,001,2025-11-03_13h23.07.250,untitled,,2025.1.1,72.19836063456263,2025-11-03 13h23.14.146185 +0530,
49,60,89,50,1,7,t,0.10170440003275871,None,7,1,50,4,65.19188110018149,,65.18736590002663,65.19188110018149,66.17830600007437,66.17830600007437,66.18535260017961,66.28305299999192,t,0.10170440003275871,None,4,001,2025-11-03_13h23.07.250,untitled,,2025.1.1,72.19836063456263,2025-11-03 13h23.14.146185 +0530,
67,75,119,51,2,7,l,0.0257772000040859,None,7,2,51,5,66.2916904001031,,66.28682500007562,66.2916904001031,67.27785240020603,67.27785240020603,67.28498470014893,67.3063731000293,l,0.0257772000040859,None,4,001,2025-11-03_13h23.07.250,untitled,,2025.1.1,72.19836063456263,2025-11-03 13h23.14.146185 +0530,
15,35,13,52,3,7,t,0.060032499954104424,None,7,3,52,1,67.31525460002013,,67.31029210006818,67.31525460002013,68.30155350011773,68.30155350011773,68.30883010011166,68.36470800009556,t,0.060032499954104424,None,4,001,2025-11-03_13h23.07.250,untitled,,2025.1.1,72.19836063456263,2025-11-03 13h23.14.146185 +0530,
11,30,7,53,4,7,l,0.26116609992459416,None,7,4,53,0,68.3737561001908,,68.36897290009074,68.3737561001908,69.36031010001898,69.36031010001898,69.3673720001243,69.62484550010413,l,0.26116609992459416,None,4,001,2025-11-03_13h23.07.250,untitled,,2025.1.1,72.19836063456263,2025-11-03 13h23.14.146185 +0530,
27,50,21,54,5,7,l,0.05132830003276467,None,7,5,54,2,69.633788500214,,69.62900670012459,69.633788500214,70.62022010004148,70.62022010004148,70.6273788001854,70.6764766999986,l,0.05132830003276467,None,4,001,2025-11-03_13h23.07.250,untitled,,2025.1.1,72.19836063456263,2025-11-03 13h23.14.146185 +0530,
40,55,62,55,6,7,l,1.0122211000416428,None,7,6,55,3,70.68562430003658,,70.68041890021414,70.68562430003658,71.66978790005669,71.66978790005669,71.67651950009167,72.68652220000513,l,1.0122211000416428,None,4,001,2025-11-03_13h23.07.250,untitled,,2025.1.1,72.19836063456263,2025-11-03 13h23.14.146185 +0530,
11,30,7,56,0,8,t,0.11147989984601736,None,8,0,56,0,72.69639580021612,,72.6913698001299,72.69639580021612,73.67593020014465,73.67593020014465,73.68997440021485,73.79407549998723,t,0.11147989984601736,None,4,001,2025-11-03_13h23.07.250,untitled,,2025.1.1,72.19836063456263,2025-11-03 13h23.14.146185 +0530,
27,50,21,57,1,8,t,0.1706114001572132,None,8,1,57,2,73.80321710021235,,73.79855720000342,73.80321710021235,74.7896403002087,74.7896403002087,74.7963959001936,74.96372400014661,t,0.1706114001572132,None,4,001,2025-11-03_13h23.07.250,untitled,,2025.1.1,72.19836063456263,2025-11-03 13h23.14.146185 +0530,
15,35,13,58,2,8,t,0.14568409998901188,None,8,2,58,1,74.97282250015996,,74.96788570005447,74.97282250015996,75.95953120011836,75.95953120011836,75.96702450001612,76.10605500009842,t,0.14568409998901188,None,4,001,2025-11-03_13h23.07.250,untitled,,2025.1.1,72.19836063456263,2025-11-03 13h23.14.146185 +0530,
78,80,162,59,3,8,l,0.12152809998951852,None,8,3,59,6,76.11395280016586,,76.11005950020626,76.11395280016586,77.10039190016687,77.10039190016687,77.10745570017025,77.22598330001347,l,0.12152809998951852,None,4,001,2025-11-03_13h23.07.250,untitled,,2025.1.1,72.19836063456263,2025-11-03 13h23.14.146185 +0530,
67,75,119,60,4,8,t,0.010441399877890944,None,8,4,60,5,77.23402620013803,,77.22995910001919,77.23402620013803,78.2204975001514,78.2204975001514,78.22747460007668,78.23498060018755,t,0.010441399877890944,None,4,001,2025-11-03_13h23.07.250,untitled,,2025.1.1,72.19836063456263,2025-11-03 13h23.14.146185 +0530,
49,60,89,61,5,8,l,0.18898569978773594,None,8,5,61,4,78.24279910000041,,78.23849510005675,78.24279910000041,79.22948730015196,79.22948730015196,79.23638220014982,79.42453320021741,l,0.18898569978773594,None,4,001,2025-11-03_13h23.07.250,untitled,,2025.1.1,72.19836063456263,2025-11-03 13h23.14.146185 +0530,
40,55,62,62,6,8,t,0.41224900004453957,None,8,6,62,3,79.43273520004004,,79.42907010018826,79.43273520004004,80.41952880006284,80.41952880006284,80.42627550009638,80.8364527001977,t,0.41224900004453957,None,4,001,2025-11-03_13h23.07.250,untitled,,2025.1.1,72.19836063456263,2025-11-03 13h23.14.146185 +0530,
67,75,119,63,0,9,l,0.07638139999471605,None,9,0,63,5,80.84425510000437,,80.8404223001562,80.84425510000437,81.83091550017707,81.83091550017707,81.83769060019404,81.914269000059,l,0.07638139999471605,None,4,001,2025-11-03_13h23.07.250,untitled,,2025.1.1,72.19836063456263,2025-11-03 13h23.14.146185 +0530,
15,35,13,64,1,9,t,0.1392988001462072,None,9,1,64,1,81.92269470007159,,81.91814040020108,81.92269470007159,82.90880140010267,82.90880140010267,82.91594480001368,83.05514140008017,t,0.1392988001462072,None,4,001,2025-11-03_13h23.07.250,untitled,,2025.1.1,72.19836063456263,2025-11-03 13h23.14.146185 +0530,
40,55,62,65,2,9,t,0.26140930014662445,None,9,2,65,3,83.06377510004677,,83.05935280001722,83.06377510004677,84.05000360007398,84.05000360007398,84.05714859999716,84.31459470000118,t,0.26140930014662445,None,4,001,2025-11-03_13h23.07.250,untitled,,2025.1.1,72.19836063456263,2025-11-03 13h23.14.146185 +0530,
49,60,89,66,3,9,l,0.22908889991231263,None,9,3,66,4,84.32370420009829,,84.31886420003138,84.32370420009829,85.31015660008416,85.31015660008416,85.31711820000783,85.54012050013989,l,0.22908889991231263,None,4,001,2025-11-03_13h23.07.250,untitled,,2025.1.1,72.19836063456263,2025-11-03 13h23.14.146185 +0530,
78,80,162,67,4,9,t,0.39756230008788407,None,9,4,67,6,85.54934760020114,,85.54417030001059,85.54934760020114,86.53557060007006,86.53557060007006,86.54251560010016,86.93894450017251,t,0.39756230008788407,None,4,001,2025-11-03_13h23.07.250,untitled,,2025.1.1,72.19836063456263,2025-11-03 13h23.14.146185 +0530,
27,50,21,68,5,9,l,0.20300769992172718,None,9,5,68,2,86.94877960020676,,86.94378750002943,86.94877960020676,87.935143600218,87.935143600218,87.942211400019,88.14414500002749,l,0.20300769992172718,None,4,001,2025-11-03_13h23.07.250,untitled,,2025.1.1,72.19836063456263,2025-11-03 13h23.14.146185 +0530,
11,30,7,69,6,9,t,0.13026049989275634,None,9,6,69,0,88.15408640005626,,88.14894580002874,88.15408640005626,89.13349670008756,89.13349670008756,89.14749790006317,89.26602780004032,t,0.13026049989275634,None,4,001,2025-11-03_13h23.07.250,untitled,,2025.1.1,72.19836063456263,2025-11-03 13h23.14.146185 +0530,
67,75,119,70,0,10,l,0.23044950002804399,None,10,0,70,5,89.27475550002418,,89.26986500015482,89.27475550002418,90.26096230000257,90.26096230000257,90.26796210021712,90.49756280006841,l,0.23044950002804399,None,4,001,2025-11-03_13h23.07.250,untitled,,2025.1.1,72.19836063456263,2025-11-03 13h23.14.146185 +0530,
15,35,13,71,1,10,t,0.22596279997378588,None,10,1,71,1,90.5071158001665,,90.50225730007514,90.5071158001665,91.49324600002728,91.49324600002728,91.50023140013218,91.72317790007219,t,0.22596279997378588,None,4,001,2025-11-03_13h23.07.250,untitled,,2025.1.1,72.19836063456263,2025-11-03 13h23.14.146185 +0530,
78,80,162,72,2,10,l,0.03492859983816743,None,10,2,72,6,91.73219690006226,,91.72739840019494,91.73219690006226,92.71853830013424,92.71853830013424,92.72555100009777,92.76083020004444,l,0.03492859983816743,None,4,001,2025-11-03_13h23.07.250,untitled,,2025.1.1,72.19836063456263,2025-11-03 13h23.14.146185 +0530,
27,50,21,73,3,10,l,0.180705500068143,None,10,3,73,2,92.76915700011887,,92.76468730019405,92.76915700011887,93.75633060000837,93.75633060000837,93.76336250011809,93.94324390008114,l,0.180705500068143,None,4,001,2025-11-03_13h23.07.250,untitled,,2025.1.1,72.19836063456263,2025-11-03 13h23.14.146185 +0530,
40,55,62,74,4,10,l,0.10881270002573729,None,10,4,74,3,93.95169530017301,,93.94718700018711,93.95169530017301,94.93781760009006,94.93781760009006,94.94540990004316,95.04975430015475,l,0.10881270002573729,None,4,001,2025-11-03_13h23.07.250,untitled,,2025.1.1,72.19836063456263,2025-11-03 13h23.14.146185 +0530,
49,60,89,75,5,10,t,0.09182549989782274,None,10,5,75,4,95.05907399998978,,95.05378170008771,95.05907399998978,96.04075630009174,96.04075630009174,96.05483880010433,96.13847700017504,t,0.09182549989782274,None,4,001,2025-11-03_13h23.07.250,untitled,,2025.1.1,72.19836063456263,2025-11-03 13h23.14.146185 +0530,
11,30,7,76,6,10,t,0.20302819996140897,None,10,6,76,0,96.14820380019955,,96.14254999998957,96.14820380019955,97.13365010009147,97.13365010009147,97.14071940002032,97.34258050005883,t,0.20302819996140897,None,4,001,2025-11-03_13h23.07.250,untitled,,2025.1.1,72.19836063456263,2025-11-03 13h23.14.146185 +0530,
40,55,62,77,0,11,l,0.07107480010017753,None,11,0,77,3,97.35159030021168,,97.3465070000384,97.35159030021168,98.33800730016083,98.33800730016083,98.34508590004407,98.41469270014204,l,0.07107480010017753,None,4,001,2025-11-03_13h23.07.250,untitled,,2025.1.1,72.19836063456263,2025-11-03 13h23.14.146185 +0530,
15,35,13,78,1,11,l,0.18124049995094538,None,11,1,78,1,98.42383610014804,,98.41878639999777,98.42383610014804,99.41022499999963,99.41022499999963,99.41721230000257,99.59811820019968,l,0.18124049995094538,None,4,001,2025-11-03_13h23.07.250,untitled,,2025.1.1,72.19836063456263,2025-11-03 13h23.14.146185 +0530,
11,30,7,79,2,11,t,0.08839950012043118,None,11,2,79,0,99.6066209001001,,99.6019721000921,99.6066209001001,100.59271310013719,100.59271310013719,100.59976510005072,100.68378850002773,t,0.08839950012043118,None,4,001,2025-11-03_13h23.07.250,untitled,,2025.1.1,72.19836063456263,2025-11-03 13h23.14.146185 +0530,
78,80,162,80,3,11,l,0.13935300009325147,None,11,3,80,6,100.69241680018604,,100.68760850001127,100.69241680018604,101.67865070002154,101.67865070002154,101.68574730004184,101.82521210005507,l,0.13935300009325147,None,4,001,2025-11-03_13h23.07.250,untitled,,2025.1.1,72.19836063456263,2025-11-03 13h23.14.146185 +0530,
27,50,21,81,4,11,t,0.22642760002054274,None,11,4,81,2,101.8333609001711,,101.82888690009713,101.8333609001711,102.8197415000759,102.8197415000759,102.82674859999679,103.04948360007256,t,0.22642760002054274,None,4,001,2025-11-03_13h23.07.250,untitled,,2025.1.1,72.19836063456263,2025-11-03 13h23.14.146185 +0530,
49,60,89,82,5,11,l,0.056561300065368414,None,11,5,82,4,103.05858820001595,,103.05376510019414,103.05858820001595,104.04501180001535,104.04501180001535,104.05207299999893,104.10787220019847,l,0.056561300065368414,None,4,001,2025-11-03_13h23.07.250,untitled,,2025.1.1,72.19836063456263,2025-11-03 13h23.14.146185 +0530,
67,75,119,83,6,11,l,0.17415999993681908,None,11,6,83,5,104.11704540019855,,104.11226130020805,104.11704540019855,105.10306750005111,105.10306750005111,105.11029280000366,105.2847413001582,l,0.17415999993681908,None,4,001,2025-11-03_13h23.07.250,untitled,,2025.1.1,72.19836063456263,2025-11-03 13h23.14.146185 +0530,
11,30,7,84,0,12,t,0.08410450001247227,None,12,0,84,0,105.2936912002042,,105.28928210004233,105.2936912002042,106.28015870018862,106.28015870018862,106.28709380002692,106.37089670007117,t,0.08410450001247227,None,4,001,2025-11-03_13h23.07.250,untitled,,2025.1.1,72.19836063456263,2025-11-03 13h23.14.146185 +0530,
27,50,21,85,1,12,t,0.09917140007019043,None,12,1,85,2,106.37893670005724,,106.37548790010624,106.37893670005724,107.36567950015888,107.36567950015888,107.37259410019033,107.47035200009122,t,0.09917140007019043,None,4,001,2025-11-03_13h23.07.250,untitled,,2025.1.1,72.19836063456263,2025-11-03 13h23.14.146185 +0530,
67,75,119,86,2,12,t,0.09410670003853738,None,12,2,86,5,107.48001990001649,,107.47518420009874,107.48001990001649,108.46649500005879,108.46649500005879,108.47342600021511,108.56418540002778,t,0.09410670003853738,None,4,001,2025-11-03_13h23.07.250,untitled,,2025.1.1,72.19836063456263,2025-11-03 13h23.14.146185 +0530,
15,35,13,87,3,12,t,0.11782580008730292,None,12,3,87,1,108.58197130006738,,108.56942409998737,108.58197130006738,109.55379969999194,109.55379969999194,109.57478200015612,109.6725718001835,t,0.11782580008730292,None,4,001,2025-11-03_13h23.07.250,untitled,,2025.1.1,72.19836063456263,2025-11-03 13h23.14.146185 +0530,
78,80,162,88,4,12,l,0.2752147999126464,None,12,4,88,6,109.681466500042,,109.67634120001458,109.681466500042,110.66763280006126,110.66763280006126,110.67484500003047,110.9461217999924,l,0.2752147999126464,None,4,001,2025-11-03_13h23.07.250,untitled,,2025.1.1,72.19836063456263,2025-11-03 13h23.14.146185 +0530,
40,55,62,89,5,12,l,0.04202729999087751,None,12,5,89,3,110.95504730008543,,110.94985510013066,110.95504730008543,111.94130920013413,111.94130920013413,111.9483834002167,111.983944500098,l,0.04202729999087751,None,4,001,2025-11-03_13h23.07.250,untitled,,2025.1.1,72.19836063456263,2025-11-03 13h23.14.146185 +0530,
49,60,89,90,6,12,l,0.10061279986985028,None,12,6,90,4,111.99275760003366,,111.98779870010912,111.99275760003366,112.97909580008127,112.97909580008127,112.98613530001603,113.08386570005678,l,0.10061279986985028,None,4,001,2025-11-03_13h23.07.250,untitled,,2025.1.1,72.19836063456263,2025-11-03 13h23.14.146185 +0530,
11,30,7,91,0,13,l,0.07062750007025898,None,13,0,91,0,113.09307980001904,,113.0880842001643,113.09307980001904,114.07904190011322,114.07904190011322,114.08630450000055,114.15059060021304,l,0.07062750007025898,None,4,001,2025-11-03_13h23.07.250,untitled,,2025.1.1,72.19836063456263,2025-11-03 13h23.14.146185 +0530,
27,50,21,92,1,13,t,0.03957369993440807,None,13,1,92,2,114.15934480004944,,114.15442040003836,114.15934480004944,115.14535200013779,115.14535200013779,115.15255070012063,115.18797209998593,t,0.03957369993440807,None,4,001,2025-11-03_13h23.07.250,untitled,,2025.1.1,72.19836063456263,2025-11-03 13h23.14.146185 +0530,
49,60,89,93,2,13,l,0.3588336000684649,None,13,2,93,4,115.19658800004981,,115.1918430000078,115.19658800004981,116.17834770004265,116.17834770004265,116.19230840005912,116.54015530017205,l,0.3588336000684649,None,4,001,2025-11-03_13h23.07.250,untitled,,2025.1.1,72.19836063456263,2025-11-03 13h23.14.146185 +0530,
67,75,119,94,3,13,l,0.4475529999472201,None,13,3,94,5,116.55750430002809,,116.54531580000184,116.55750430002809,117.52972410013899,117.52972410013899,117.55066200019792,117.98171880003065,l,0.4475529999472201,None,4,001,2025-11-03_13h23.07.250,untitled,,2025.1.1,72.19836063456263,2025-11-03 13h23.14.146185 +0530,
78,80,162,95,4,13,t,0.1476170001551509,None,13,4,95,6,117.99120300007053,,117.98592580016702,117.99120300007053,118.97754840017296,118.97754840017296,118.98459320003167,119.13067730003968,t,0.1476170001551509,None,4,001,2025-11-03_13h23.07.250,untitled,,2025.1.1,72.19836063456263,2025-11-03 13h23.14.146185 +0530,
15,35,13,96,5,13,l,0.22444620006717741,None,13,5,96,1,119.13979640020989,,119.1350244001951,119.13979640020989,120.12604440003633,120.12604440003633,120.13301920006052,120.35590140009299,l,0.22444620006717741,None,4,001,2025-11-03_13h23.07.250,untitled,,2025.1.1,72.19836063456263,2025-11-03 13h23.14.146185 +0530,
40,55,62,97,6,13,t,0.45359910000115633,None,13,6,97,3,120.36653910018504,,120.36061149998568,120.36653910018504,121.35167670017108,121.35167670017108,121.35907490015961,121.81066850014031,t,0.45359910000115633,None,4,001,2025-11-03_13h23.07.250,untitled,,2025.1.1,72.19836063456263,2025-11-03 13h23.14.146185 +0530,
11,30,7,98,0,14,l,0.1807965999469161,None,14,0,98,0,121.82025290001184,,121.81506080017425,121.82025290001184,122.80669250013307,122.80669250013307,122.81368070002645,122.9944020002149,l,0.1807965999469161,None,4,001,2025-11-03_13h23.07.250,untitled,,2025.1.1,72.19836063456263,2025-11-03 13h23.14.146185 +0530,
49,60,89,99,1,14,t,0.03683859994634986,None,14,1,99,4,123.00391259999014,,122.99916220013984,123.00391259999014,123.99019470019266,123.99019470019266,123.99724040017463,124.03261260013096,t,0.03683859994634986,None,4,001,2025-11-03_13h23.07.250,untitled,,2025.1.1,72.19836063456263,2025-11-03 13h23.14.146185 +0530,
40,55,62,100,2,14,l,0.43258440005593,None,14,2,100,3,124.04188570007682,,124.03710449999198,124.04188570007682,125.02823930000886,125.02823930000886,125.03525310009718,125.46603270014748,l,0.43258440005593,None,4,001,2025-11-03_13h23.07.250,untitled,,2025.1.1,72.19836063456263,2025-11-03 13h23.14.146185 +0530,
78,80,162,101,3,14,t,0.20531549979932606,None,14,3,101,6,125.4756671001669,,125.47014630003832,125.4756671001669,126.46173580014147,126.46173580014147,126.46870600013062,126.67077319999225,t,0.20531549979932606,None,4,001,2025-11-03_13h23.07.250,untitled,,2025.1.1,72.19836063456263,2025-11-03 13h23.14.146185 +0530,
15,35,13,102,4,14,l,0.09775969991460443,None,14,4,102,1,126.67969960020855,,126.6746253001038,126.67969960020855,127.66594830015674,127.66594830015674,127.6730649000965,127.77064420003444,l,0.09775969991460443,None,4,001,2025-11-03_13h23.07.250,untitled,,2025.1.1,72.19836063456263,2025-11-03 13h23.14.146185 +0530,
27,50,21,103,5,14,t,0.13354070018976927,None,14,5,103,2,127.77927200007252,,127.77483750018291,127.77927200007252,128.76565360021777,128.76565360021777,128.7725192999933,128.90503910020925,t,0.13354070018976927,None,4,001,2025-11-03_13h23.07.250,untitled,,2025.1.1,72.19836063456263,2025-11-03 13h23.14.146185 +0530,
67,75,119,104,6,14,l,0.04351440002210438,None,14,6,104,5,128.91447750013322,,128.90967379999347,128.91447750013322,129.90056960005313,129.90056960005313,129.90805990016088,129.95010140002705,l,0.04351440002210438,None,4,001,2025-11-03_13h23.07.250,untitled,,2025.1.1,72.19836063456263,2025-11-03 13h23.14.146185 +0530,
40,55,62,105,0,15,t,0.11924609984271228,None,15,0,105,3,129.95985910017043,,129.95474040019326,129.95985910017043,130.94629100011662,130.94629100011662,130.95331680006348,131.07190050021745,t,0.11924609984271228,None,4,001,2025-11-03_13h23.07.250,untitled,,2025.1.1,72.19836063456263,2025-11-03 13h23.14.146185 +0530,
11,30,7,106,1,15,l,0.4422039999626577,None,15,1,106,0,131.08069670014083,,131.07617360004224,131.08069670014083,132.06791300000623,132.06791300000623,132.075354100205,132.51302519999444,l,0.4422039999626577,None,4,001,2025-11-03_13h23.07.250,untitled,,2025.1.1,72.19836063456263,2025-11-03 13h23.14.146185 +0530,
49,60,89,107,2,15,l,0.4560227000620216,None,15,2,107,4,132.52188810007647,,132.51693230005912,132.52188810007647,133.5082485000603,133.5082485000603,133.51518100011162,133.96704860008322,l,0.4560227000620216,None,4,001,2025-11-03_13h23.07.250,untitled,,2025.1.1,72.19836063456263,2025-11-03 13h23.14.146185 +0530,
78,80,162,108,3,15,l,0.35122559987939894,None,15,3,108,6,133.97572670015506,,133.97094880021177,133.97572670015506,134.96185380010866,134.96185380010866,134.9691467001103,135.3167098001577,l,0.35122559987939894,None,4,001,2025-11-03_13h23.07.250,untitled,,2025.1.1,72.19836063456263,2025-11-03 13h23.14.146185 +0530,
15,35,13,109,4,15,t,0.08636529999785125,None,15,4,109,1,135.32564350008033,,135.32039290014654,135.32564350008033,136.3118452001363,136.3118452001363,136.31877950020134,136.4027267000638,t,0.08636529999785125,None,4,001,2025-11-03_13h23.07.250,untitled,,2025.1.1,72.19836063456263,2025-11-03 13h23.14.146185 +0530,
27,50,21,110,5,15,t,0.07593140006065369,None,15,5,110,2,136.4119327000808,,136.4071085001342,136.4119327000808,137.39819140010513,137.39819140010513,137.40511930012144,137.4753012000583,t,0.07593140006065369,None,4,001,2025-11-03_13h23.07.250,untitled,,2025.1.1,72.19836063456263,2025-11-03 13h23.14.146185 +0530,
67,75,119,111,6,15,t,0.12091019982472062,None,15,6,111,5,137.48383949999698,,137.4790384999942,137.48383949999698,138.4701182001736,138.4701182001736,138.47709900001064,138.5958597001154,t,0.12091019982472062,None,4,001,2025-11-03_13h23.07.250,untitled,,2025.1.1,72.19836063456263,2025-11-03 13h23.14.146185 +0530,
15,35,13,112,0,16,t,0.021580400178208947,None,16,0,112,1,138.60515790013596,,138.60032180021517,138.60515790013596,139.59123920020647,139.59123920020647,139.59843960008584,139.61955420020968,t,0.021580400178208947,None,4,001,2025-11-03_13h23.07.250,untitled,,2025.1.1,72.19836063456263,2025-11-03 13h23.14.146185 +0530,
27,50,21,113,1,16,t,0.0663856000173837,None,16,1,113,2,139.62820760020986,,139.62370570003986,139.62820760020986,140.61474460014142,140.61474460014142,140.62170420004986,140.6846212001983,t,0.0663856000173837,None,4,001,2025-11-03_13h23.07.250,untitled,,2025.1.1,72.19836063456263,2025-11-03 13h23.14.146185 +0530,
49,60,89,114,2,16,l,1.1767140000592917,None,16,2,114,4,140.69395960005932,,140.68912980007008,140.69395960005932,141.68013580003753,141.68013580003753,141.68720630020835,142.86171269998886,l,1.1767140000592917,None,4,001,2025-11-03_13h23.07.250,untitled,,2025.1.1,72.19836063456263,2025-11-03 13h23.14.146185 +0530,
78,80,162,115,3,16,t,0.27537439996376634,None,16,3,115,6,142.87903619999997,,142.86728700017557,142.87903619999997,143.8510779000353,143.8510779000353,143.87188270012848,144.12917930004187,t,0.27537439996376634,None,4,001,2025-11-03_13h23.07.250,untitled,,2025.1.1,72.19836063456263,2025-11-03 13h23.14.146185 +0530,
11,30,7,116,4,16,l,0.4221766998525709,None,16,4,116,0,144.1383265000768,,144.13344140001573,144.1383265000768,145.12469530012459,145.12469530012459,145.13174790004268,145.54898860002868,l,0.4221766998525709,None,4,001,2025-11-03_13h23.07.250,untitled,,2025.1.1,72.19836063456263,2025-11-03 13h23.14.146185 +0530,
67,75,119,117,5,16,l,0.21582520008087158,None,16,5,117,5,145.5580440000631,,145.55322880018502,145.5580440000631,146.54453400010243,146.54453400010243,146.55164270009845,146.76685540005565,l,0.21582520008087158,None,4,001,2025-11-03_13h23.07.250,untitled,,2025.1.1,72.19836063456263,2025-11-03 13h23.14.146185 +0530,
40,55,62,118,6,16,l,0.06335649988614023,None,16,6,118,3,146.7755079001654,,146.77112620021217,146.7755079001654,147.7620104001835,147.7620104001835,147.7689295001328,147.83235090016387,l,0.06335649988614023,None,4,001,2025-11-03_13h23.07.250,untitled,,2025.1.1,72.19836063456263,2025-11-03 13h23.14.146185 +0530,
49,60,89,119,0,17,l,0.24537510005757213,None,17,0,119,4,147.84123330004513,,147.83675390016288,147.84123330004513,148.82767400005832,148.82767400005832,148.83465200010687,149.07835200009868,l,0.24537510005757213,None,4,001,2025-11-03_13h23.07.250,untitled,,2025.1.1,72.19836063456263,2025-11-03 13h23.14.146185 +0530,
67,75,119,120,1,17,l,0.32702660001814365,None,17,1,120,5,149.08756970008835,,149.08251600014046,149.08756970008835,150.0739347001072,150.0739347001072,150.0809550001286,150.40801860019565,l,0.32702660001814365,None,4,001,2025-11-03_13h23.07.250,untitled,,2025.1.1,72.19836063456263,2025-11-03 13h23.14.146185 +0530,
78,80,162,121,2,17,l,0.11351769999600947,None,17,2,121,6,150.41650670021772,,150.41211560019292,150.41650670021772,151.40279170009308,151.40279170009308,151.40996000007726,151.52176050003618,l,0.11351769999600947,None,4,001,2025-11-03_13h23.07.250,untitled,,2025.1.1,72.19836063456263,2025-11-03 13h23.14.146185 +0530,
27,50,21,122,3,17,t,0.352067899890244,None,17,3,122,2,151.53909840015694,,151.5272995000705,151.53909840015694,152.51782130007632,152.51782130007632,152.53193660010584,152.87294670008123,t,0.352067899890244,None,4,001,2025-11-03_13h23.07.250,untitled,,2025.1.1,72.19836063456263,2025-11-03 13h23.14.146185 +0530,
15,35,13,123,4,17,t,0.0002289998810738325,None,17,4,123,1,152.88258080021478,,152.87741200020537,152.88258080021478,153.86861410015263,153.86861410015263,153.87566100014374,153.87621380016208,t,0.0002289998810738325,None,4,001,2025-11-03_13h23.07.250,untitled,,2025.1.1,72.19836063456263,2025-11-03 13h23.14.146185 +0530,
40,55,62,124,5,17,t,0.3271838999353349,None,17,5,124,3,153.88378360006027,,153.88015550002456,153.88378360006027,154.87022510007955,154.87022510007955,154.87764309998602,155.2039936000947,t,0.3271838999353349,None,4,001,2025-11-03_13h23.07.250,untitled,,2025.1.1,72.19836063456263,2025-11-03 13h23.14.146185 +0530,
11,30,7,125,6,17,l,0.23724379995837808,None,17,6,125,0,155.21227170014754,,155.20791750005446,155.21227170014754,156.1987709000241,156.1987709000241,156.20580710005015,156.44196430011652,l,0.23724379995837808,None,4,001,2025-11-03_13h23.07.250,untitled,,2025.1.1,72.19836063456263,2025-11-03 13h23.14.146185 +0530,
27,50,21,126,0,18,t,0.06941160000860691,None,18,0,126,2,156.4505763000343,,156.4461325001903,156.4505763000343,157.4369935002178,157.4369935002178,157.4440580001101,157.50708260014653,t,0.06941160000860691,None,4,001,2025-11-03_13h23.07.250,untitled,,2025.1.1,72.19836063456263,2025-11-03 13h23.14.146185 +0530,
11,30,7,127,1,18,l,0.06333230016753078,None,18,1,127,0,157.51647720020264,,157.51134190009907,157.51647720020264,158.50282800011337,158.50282800011337,158.5095711001195,158.5725444999989,l,0.06333230016753078,None,4,001,2025-11-03_13h23.07.250,untitled,,2025.1.1,72.19836063456263,2025-11-03 13h23.14.146185 +0530,
49,60,89,128,2,18,t,0.1573763000778854,None,18,2,128,4,158.58126320014708,,158.57665760000236,158.58126320014708,159.5674963002093,159.5674963002093,159.57457580021583,159.72811030014418,t,0.1573763000778854,None,4,001,2025-11-03_13h23.07.250,untitled,,2025.1.1,72.19836063456263,2025-11-03 13h23.14.146185 +0530,
78,80,162,129,3,18,t,0.2108110999688506,None,18,3,129,6,159.73664280003868,,159.7318017000798,159.73664280003868,160.7231266000308,160.7231266000308,160.729694200214,160.93864140007645,t,0.2108110999688506,None,4,001,2025-11-03_13h23.07.250,untitled,,2025.1.1,72.19836063456263,2025-11-03 13h23.14.146185 +0530,
67,75,119,130,4,18,t,0.26265159994363785,None,18,4,130,5,160.94745430001058,,160.9427285999991,160.94745430001058,161.93383290013298,161.93383290013298,161.94079330004752,162.19872320001014,t,0.26265159994363785,None,4,001,2025-11-03_13h23.07.250,untitled,,2025.1.1,72.19836063456263,2025-11-03 13h23.14.146185 +0530,
15,35,13,131,5,18,t,0.2195629000198096,None,18,5,131,1,162.2075624000281,,162.2025607000105,162.2075624000281,163.19422370009124,163.19422370009124,163.2009774001781,163.41675410000607,t,0.2195629000198096,None,4,001,2025-11-03_13h23.07.250,untitled,,2025.1.1,72.19836063456263,2025-11-03 13h23.14.146185 +0530,
40,55,62,132,6,18,t,0.0367850000038743,None,18,6,132,3,163.4255290001165,,163.4207190000452,163.4255290001165,164.4117231001146,164.4117231001146,164.41877480014227,164.4539605001919,t,0.0367850000038743,None,4,001,2025-11-03_13h23.07.250,untitled,,2025.1.1,72.19836063456263,2025-11-03 13h23.14.146185 +0530,
11,30,7,133,0,19,t,0.02512810006737709,None,19,0,133,0,164.4626687001437,,164.45782330003567,164.4626687001437,165.44913090020418,165.44913090020418,165.4562067000661,165.47741190018132,t,0.02512810006737709,None,4,001,2025-11-03_13h23.07.250,untitled,,2025.1.1,72.19836063456263,2025-11-03 13h23.14.146185 +0530,
78,80,162,134,1,19,t,0.5031002000905573,None,19,1,134,6,165.486281900201,,165.48133610002697,165.486281900201,166.47244470007718,166.47244470007718,166.4797837000806,166.98020390002057,t,0.5031002000905573,None,4,001,2025-11-03_13h23.07.250,untitled,,2025.1.1,72.19836063456263,2025-11-03 13h23.14.146185 +0530,
27,50,21,135,2,19,l,0.17825909983366728,None,19,2,135,2,166.9898546000477,,166.98479920020327,166.9898546000477,167.97626790008508,167.97626790008508,167.9831492002122,168.15740530006588,l,0.17825909983366728,None,4,001,2025-11-03_13h23.07.250,untitled,,2025.1.1,72.19836063456263,2025-11-03 13h23.14.146185 +0530,
49,60,89,136,3,19,l,0.6263806000351906,None,19,3,136,4,168.16700780019164,,168.16178130009212,168.16700780019164,169.15345069998875,169.15345069998875,169.1604631000664,169.78569670021534,l,0.6263806000351906,None,4,001,2025-11-03_13h23.07.250,untitled,,2025.1.1,72.19836063456263,2025-11-03 13h23.14.146185 +0530,
15,35,13,137,4,19,l,0.28324140002951026,None,19,4,137,1,169.7941716001369,,169.78936360008083,169.7941716001369,170.78027840005234,170.78027840005234,170.78758220002055,171.06564910011366,l,0.28324140002951026,None,4,001,2025-11-03_13h23.07.250,untitled,,2025.1.1,72.19836063456263,2025-11-03 13h23.14.146185 +0530,
67,75,119,138,5,19,t,0.20582340005785227,None,19,5,138,5,171.0732193000149,,171.06931779999286,171.0732193000149,172.05994110018946,172.05994110018946,172.06682710000314,172.2688627000898,t,0.20582340005785227,None,4,001,2025-11-03_13h23.07.250,untitled,,2025.1.1,72.19836063456263,2025-11-03 13h23.14.146185 +0530,
40,55,62,139,6,19,t,0.06666210014373064,None,19,6,139,3,172.27774310018867,,172.27289350004867,172.27774310018867,173.26396750006825,173.26396750006825,173.27130650007166,173.33386790007353,t,0.06666210014373064,None,4,001,2025-11-03_13h23.07.250,untitled,,2025.1.1,72.19836063456263,2025-11-03 13h23.14.146185 +0530,
67,75,119,140,0,20,l,0.07881320011802018,None,20,0,140,5,173.34122790000401,,173.33729910012335,173.34122790000401,174.32761140004732,174.32761140004732,174.33486750000156,174.41162370005623,l,0.07881320011802018,None,4,001,2025-11-03_13h23.07.250,untitled,,2025.1.1,72.19836063456263,2025-11-03 13h23.14.146185 +0530,
40,55,62,141,1,20,l,41.890808399999514,None,20,1,141,3,174.42136620008387,,174.41601600009017,174.42136620008387,175.40753660001792,175.40753660001792,175.4144550000783,217.30450890003704,l,41.890808399999514,None,4,001,2025-11-03_13h23.07.250,untitled,,2025.1.1,72.19836063456263,2025-11-03 13h23.14.146185 +0530,
78,80,162,142,2,20,t,0.2315340000204742,None,20,2,142,6,217.3134827001486,,217.30902470019646,217.3134827001486,218.29997940012254,218.29997940012254,218.30676549999043,218.5365415001288,t,0.2315340000204742,None,4,001,2025-11-03_13h23.07.250,untitled,,2025.1.1,72.19836063456263,2025-11-03 13h23.14.146185 +0530,
15,35,13,143,3,20,l,0.21774489991366863,None,20,3,143,1,218.54693260020576,,218.54156809998676,218.54693260020576,219.5260732001625,219.5260732001625,219.54007089999504,219.74892839998938,l,0.21774489991366863,None,4,001,2025-11-03_13h23.07.250,untitled,,2025.1.1,72.19836063456263,2025-11-03 13h23.14.146185 +0530,
27,50,21,144,4,20,t,0.0653172000311315,None,20,4,144,2,219.7576037000399,,219.75279609998688,219.7576037000399,220.7441430001054,220.7441430001054,220.75097250007093,220.8140493000392,t,0.0653172000311315,None,4,001,2025-11-03_13h23.07.250,untitled,,2025.1.1,72.19836063456263,2025-11-03 13h23.14.146185 +0530,
49,60,89,145,5,20,t,0.9134404000360519,None,20,5,145,4,220.823281200137,,220.81849139998667,220.823281200137,221.8094794000499,221.8094794000499,221.816719800001,222.7268417000305,t,0.9134404000360519,None,4,001,2025-11-03_13h23.07.250,untitled,,2025.1.1,72.19836063456263,2025-11-03 13h23.14.146185 +0530,
11,30,7,146,6,20,t,0.08554510003887117,None,20,6,146,0,222.73581390012987,,222.73087630001828,222.73581390012987,223.72215350018814,223.72215350018814,223.7292458000593,223.81301510008052,t,0.08554510003887117,None,4,001,2025-11-03_13h23.07.250,untitled,,2025.1.1,72.19836063456263,2025-11-03 13h23.14.146185 +0530,
49,60,89,147,0,21,t,1.0494440998882055,None,21,0,147,4,223.82219850015827,,223.81733940006234,223.82219850015827,224.8087899000384,224.8087899000384,224.81535460008308,225.86508660018444,t,1.0494440998882055,None,4,001,2025-11-03_13h23.07.250,untitled,,2025.1.1,72.19836063456263,2025-11-03 13h23.14.146185 +0530,
11,30,7,148,1,21,l,0.0819866000674665,None,21,1,148,0,225.88254050002433,,225.8722444002051,225.88254050002433,226.86107260012068,226.86107260012068,226.8752427001018,226.94523380021565,l,0.0819866000674665,None,4,001,2025-11-03_13h23.07.250,untitled,,2025.1.1,72.19836063456263,2025-11-03 13h23.14.146185 +0530,
78,80,162,149,2,21,t,0.10571080003865063,None,21,2,149,6,226.95358770014718,,226.94871020014398,226.95358770014718,227.93987870006822,227.93987870006822,227.94700560020283,228.05165520007722,t,0.10571080003865063,None,4,001,2025-11-03_13h23.07.250,untitled,,2025.1.1,72.19836063456263,2025-11-03 13h23.14.146185 +0530,
40,55,62,150,3,21,l,0.17992569995112717,None,21,3,150,3,228.06032280018553,,228.05551720014773,228.06032280018553,229.04680710006505,229.04680710006505,229.0540182001423,229.22800510004163,l,0.17992569995112717,None,4,001,2025-11-03_13h23.07.250,untitled,,2025.1.1,72.19836063456263,2025-11-03 13h23.14.146185 +0530,
67,75,119,151,4,21,t,0.10909009980969131,None,21,4,151,5,229.23651150008664,,229.2317013000138,229.23651150008664,230.22276660008356,230.22276660008356,230.2299622001592,230.3355492001865,t,0.10909009980969131,None,4,001,2025-11-03_13h23.07.250,untitled,,2025.1.1,72.19836063456263,2025-11-03 13h23.14.146185 +0530,
15,35,13,152,5,21,l,0.1122448998503387,None,21,5,152,1,230.34508050000295,,230.33974299998954,230.34508050000295,231.33099210006185,231.33099210006185,231.33819430018775,231.45012790011242,l,0.1122448998503387,None,4,001,2025-11-03_13h23.07.250,untitled,,2025.1.1,72.19836063456263,2025-11-03 13h23.14.146185 +0530,
27,50,21,153,6,21,t,0.18369430000893772,None,21,6,153,2,231.4595854000654,,231.45470580016263,231.4595854000654,232.4458777999971,232.4458777999971,232.452994100051,232.63430889998563,t,0.18369430000893772,None,4,001,2025-11-03_13h23.07.250,untitled,,2025.1.1,72.19836063456263,2025-11-03 13h23.14.146185 +0530,
49,60,89,154,0,22,l,0.1271659000776708,None,22,0,154,4,232.64401310007088,,232.63896980020218,232.64401310007088,233.63113430002704,233.63113430002704,233.63782240008004,233.76296680001542,l,0.1271659000776708,None,4,001,2025-11-03_13h23.07.250,untitled,,2025.1.1,72.19836063456263,2025-11-03 13h23.14.146185 +0530,
11,30,7,155,1,22,t,0.14271129993721843,None,22,1,155,0,233.77289120014757,,233.7678840002045,233.77289120014757,234.75925250002183,234.75925250002183,234.76615869998932,234.90583950001746,t,0.14271129993721843,None,4,001,2025-11-03_13h23.07.250,untitled,,2025.1.1,72.19836063456263,2025-11-03 13h23.14.146185 +0530,
27,50,21,156,2,22,l,0.3398643999826163,None,22,2,156,2,234.92316670017317,,234.91068980004638,234.92316670017317,235.89525620010681,235.89525620010681,235.91611310001463,236.23637800011784,l,0.3398643999826163,None,4,001,2025-11-03_13h23.07.250,untitled,,2025.1.1,72.19836063456263,2025-11-03 13h23.14.146185 +0530,
78,80,162,157,3,22,t,0.03996909991838038,None,22,3,157,6,236.24617659999058,,236.241022300208,236.24617659999058,237.2255755001679,237.2255755001679,237.23962160013616,237.267619300168,t,0.03996909991838038,None,4,001,2025-11-03_13h23.07.250,untitled,,2025.1.1,72.19836063456263,2025-11-03 13h23.14.146185 +0530,
15,35,13,158,4,22,l,0.17867269995622337,None,22,4,158,1,237.27716070017777,,237.27179130003788,237.27716070017777,238.2636119001545,238.2636119001545,238.27053740015253,238.44469010015018,l,0.17867269995622337,None,4,001,2025-11-03_13h23.07.250,untitled,,2025.1.1,72.19836063456263,2025-11-03 13h23.14.146185 +0530,
67,75,119,159,5,22,t,0.11820259992964566,None,22,5,159,5,238.45406490005553,,238.44893680000678,238.45406490005553,239.440377100138,239.440377100138,239.44723510020413,239.5655320000369,t,0.11820259992964566,None,4,001,2025-11-03_13h23.07.250,untitled,,2025.1.1,72.19836063456263,2025-11-03 13h23.14.146185 +0530,
40,55,62,160,6,22,l,0.3553826999850571,None,22,6,160,3,239.5748563001398,,239.5704098001588,239.5748563001398,240.56122960010543,240.56122960010543,240.56824310007505,240.9228010000661,l,0.3553826999850571,None,4,001,2025-11-03_13h23.07.250,untitled,,2025.1.1,72.19836063456263,2025-11-03 13h23.14.146185 +0530,
15,35,13,161,0,23,t,0.2543210000731051,None,23,0,161,1,240.93190880003385,,240.9270584001206,240.93190880003385,241.91838230006397,241.91838230006397,241.92519670003094,242.17597420001402,t,0.2543210000731051,None,4,001,2025-11-03_13h23.07.250,untitled,,2025.1.1,72.19836063456263,2025-11-03 13h23.14.146185 +0530,
67,75,119,162,1,23,l,0.10850360011681914,None,23,1,162,5,242.1847397000529,,242.17956420010887,242.1847397000529,243.17073940020055,243.17073940020055,243.17803380009718,243.28286720020697,l,0.10850360011681914,None,4,001,2025-11-03_13h23.07.250,untitled,,2025.1.1,72.19836063456263,2025-11-03 13h23.14.146185 +0530,
27,50,21,163,2,23,t,0.0866026000585407,None,23,2,163,2,243.29185050004162,,243.28677030000836,243.29185050004162,244.27827030001208,244.27827030001208,244.2852616000455,244.36917400010861,t,0.0866026000585407,None,4,001,2025-11-03_13h23.07.250,untitled,,2025.1.1,72.19836063456263,2025-11-03 13h23.14.146185 +0530,
11,30,7,164,3,23,l,0.26781640015542507,None,23,3,164,0,244.37830490013584,,244.37353190011345,244.37830490013584,245.3644505001139,245.3644505001139,245.37158210016787,245.63633230002597,l,0.26781640015542507,None,4,001,2025-11-03_13h23.07.250,untitled,,2025.1.1,72.19836063456263,2025-11-03 13h23.14.146185 +0530,
78,80,162,165,4,23,l,0.6214505999814719,None,23,4,165,6,245.64560410007834,,245.64058720017783,245.64560410007834,246.63181240018457,246.63181240018457,246.6388758001849,247.25762590020895,l,0.6214505999814719,None,4,001,2025-11-03_13h23.07.250,untitled,,2025.1.1,72.19836063456263,2025-11-03 13h23.14.146185 +0530,
49,60,89,166,5,23,l,0.4186510001309216,None,23,5,166,4,247.26661060005426,,247.26166460011154,247.26661060005426,248.25283830007538,248.25283830007538,248.25996759999543,248.6772551999893,l,0.4186510001309216,None,4,001,2025-11-03_13h23.07.250,untitled,,2025.1.1,72.19836063456263,2025-11-03 13h23.14.146185 +0530,
40,55,62,167,6,23,l,1.214788799872622,None,23,6,167,3,248.68621660000645,,248.68137880018912,248.68621660000645,249.67311530001462,249.67311530001462,249.67953930003569,250.88867950020358,l,1.214788799872622,None,4,001,2025-11-03_13h23.07.250,untitled,,2025.1.1,72.19836063456263,2025-11-03 13h23.14.146185 +0530,
27,50,21,168,0,24,l,0.5653804999310523,None,24,0,168,2,250.89825070020743,,250.89290640014224,250.89825070020743,251.88454800006002,251.88454800006002,251.8915505001787,252.454656700138,l,0.5653804999310523,None,4,001,2025-11-03_13h23.07.250,untitled,,2025.1.1,72.19836063456263,2025-11-03 13h23.14.146185 +0530,
49,60,89,169,1,24,l,0.19473630003631115,None,24,1,169,4,252.46419630013406,,252.45924300001934,252.46419630013406,253.4507052002009,253.4507052002009,253.45771030010656,253.6524007001426,l,0.19473630003631115,None,4,001,2025-11-03_13h23.07.250,untitled,,2025.1.1,72.19836063456263,2025-11-03 13h23.14.146185 +0530,
40,55,62,170,2,24,l,0.3769398999866098,None,24,2,170,3,253.66041650017723,,253.65599330002442,253.66041650017723,254.64658550010063,254.64658550010063,254.6537784000393,255.02945460006595,l,0.3769398999866098,None,4,001,2025-11-03_13h23.07.250,untitled,,2025.1.1,72.19836063456263,2025-11-03 13h23.14.146185 +0530,
78,80,162,171,3,24,l,0.22613369999453425,None,24,3,171,6,255.03952109999955,,255.03398330020718,255.03952109999955,256.0255679001566,256.0255679001566,256.03256290010177,256.25554190017283,l,0.22613369999453425,None,4,001,2025-11-03_13h23.07.250,untitled,,2025.1.1,72.19836063456263,2025-11-03 13h23.14.146185 +0530,
15,35,13,172,4,24,t,0.6499252999201417,None,24,4,172,1,256.2725674000103,,256.2612343002111,256.2725674000103,257.2513825001661,257.2513825001661,257.2654082002118,257.90510400012136,t,0.6499252999201417,None,4,001,2025-11-03_13h23.07.250,untitled,,2025.1.1,72.19836063456263,2025-11-03 13h23.14.146185 +0530,
11,30,7,173,5,24,t,0.28088299999944866,None,24,5,173,0,257.9151376001537,,257.91024620016105,257.9151376001537,258.89431230002083,258.89431230002083,258.90852700010873,259.18000870011747,t,0.28088299999944866,None,4,001,2025-11-03_13h23.07.250,untitled,,2025.1.1,72.19836063456263,2025-11-03 13h23.14.146185 +0530,
67,75,119,174,6,24,t,0.31296989996917546,None,24,6,174,5,259.1889714000281,,259.18374710017815,259.1889714000281,260.17537210020237,260.17537210020237,260.1823195000179,260.4951298001688,t,0.31296989996917546,None,4,001,2025-11-03_13h23.07.250,untitled,,2025.1.1,72.19836063456263,2025-11-03 13h23.14.146185 +0530,
40,55,62,175,0,25,t,0.20051990007050335,None,25,0,175,3,260.50402600015514,,260.4995723001193,260.50402600015514,261.4914007000625,261.4914007000625,261.4972749000881,261.69251010008156,t,0.20051990007050335,None,4,001,2025-11-03_13h23.07.250,untitled,,2025.1.1,72.19836063456263,2025-11-03 13h23.14.146185 +0530,
49,60,89,176,1,25,l,0.17834799992851913,None,25,1,176,4,261.7016024000477,,261.6964827000629,261.7016024000477,262.68784320005216,262.68784320005216,262.69479490001686,262.8691094000824,l,0.17834799992851913,None,4,001,2025-11-03_13h23.07.250,untitled,,2025.1.1,72.19836063456263,2025-11-03 13h23.14.146185 +0530,
11,30,7,177,2,25,t,0.10778379999101162,None,25,2,177,0,262.8783079001587,,262.87310680001974,262.8783079001587,263.8644327002112,263.8644327002112,263.87173920008354,263.9764435000252,t,0.10778379999101162,None,4,001,2025-11-03_13h23.07.250,untitled,,2025.1.1,72.19836063456263,2025-11-03 13h23.14.146185 +0530,
78,80,162,178,3,25,l,0.23716729995794594,None,25,3,178,6,263.9854958001524,,263.97990130004473,263.9854958001524,264.9718300001696,264.9718300001696,264.9790646000765,265.21540069999173,l,0.23716729995794594,None,4,001,2025-11-03_13h23.07.250,untitled,,2025.1.1,72.19836063456263,2025-11-03 13h23.14.146185 +0530,
15,35,13,179,4,25,t,0.09428979991935194,None,25,4,179,1,265.22351330006495,,265.21887900005095,265.22351330006495,266.2101626000367,266.2101626000367,266.2171416000929,266.3077646000311,t,0.09428979991935194,None,4,001,2025-11-03_13h23.07.250,untitled,,2025.1.1,72.19836063456263,2025-11-03 13h23.14.146185 +0530,
67,75,119,180,5,25,t,1.0719089000485837,None,25,5,180,5,266.3170438001398,,266.311195100192,266.3170438001398,267.30239560012706,267.30239560012706,267.3092428999953,268.3794527000282,t,1.0719089000485837,None,4,001,2025-11-03_13h23.07.250,untitled,,2025.1.1,72.19836063456263,2025-11-03 13h23.14.146185 +0530,
27,50,21,181,6,25,l,0.8639745998661965,None,25,6,181,2,268.38679110002704,,268.3828539000824,268.38679110002704,269.3738792000804,269.3738792000804,269.3808985000942,270.24195300019346,l,0.8639745998661965,None,4,001,2025-11-03_13h23.07.250,untitled,,2025.1.1,72.19836063456263,2025-11-03 13h23.14.146185 +0530,
40,55,62,182,0,26,t,0.07278970000334084,None,26,0,182,3,270.2509705000557,,270.2459401001688,270.2509705000557,271.23154750000685,271.23154750000685,271.24572780006565,271.3088440001011,t,0.07278970000334084,None,4,001,2025-11-03_13h23.07.250,untitled,,2025.1.1,72.19836063456263,2025-11-03 13h23.14.146185 +0530,
78,80,162,183,1,26,t,1.0144988000392914,None,26,1,183,6,271.3175010001287,,271.3125438001007,271.3175010001287,272.30381220020354,272.30381220020354,272.31086070020683,273.3250123001635,t,1.0144988000392914,None,4,001,2025-11-03_13h23.07.250,untitled,,2025.1.1,72.19836063456263,2025-11-03 13h23.14.146185 +0530,
15,35,13,184,2,26,l,0.06383270001970232,None,26,2,184,1,273.3341073000338,,273.32958280015737,273.3341073000338,274.32061789999716,274.32061789999716,274.3277938000392,274.39045700011775,l,0.06383270001970232,None,4,001,2025-11-03_13h23.07.250,untitled,,2025.1.1,72.19836063456263,2025-11-03 13h23.14.146185 +0530,
67,75,119,185,3,26,t,0.1742320000194013,None,26,3,185,5,274.39990750001743,,274.39480700017884,274.39990750001743,275.38606440019794,275.38606440019794,275.3930912001524,275.5675367000513,t,0.1742320000194013,None,4,001,2025-11-03_13h23.07.250,untitled,,2025.1.1,72.19836063456263,2025-11-03 13h23.14.146185 +0530,
49,60,89,186,4,26,l,0.12192689999938011,None,26,4,186,4,275.57655260013416,,275.57207170012407,275.57655260013416,276.56375190010294,276.56375190010294,276.5699211000465,276.6885014001746,l,0.12192689999938011,None,4,001,2025-11-03_13h23.07.250,untitled,,2025.1.1,72.19836063456263,2025-11-03 13h23.14.146185 +0530,
11,30,7,187,5,26,t,0.13570400001481175,None,26,5,187,0,276.69766760012135,,276.6922761001624,276.69766760012135,277.6840002001263,277.6840002001263,277.6910016001202,277.82321970001794,t,0.13570400001481175,None,4,001,2025-11-03_13h23.07.250,untitled,,2025.1.1,72.19836063456263,2025-11-03 13h23.14.146185 +0530,
27,50,21,188,6,26,t,0.18475560005754232,None,26,6,188,2,277.8320458000526,,277.8272740000393,277.8320458000526,278.8185110001359,278.8185110001359,278.82547860010527,279.0064736001659,t,0.18475560005754232,None,4,001,2025-11-03_13h23.07.250,untitled,,2025.1.1,72.19836063456263,2025-11-03 13h23.14.146185 +0530,
49,60,89,189,0,27,l,0.10073660011403263,None,27,0,189,4,279.0156561001204,,279.0107907000929,279.0156561001204,280.00171730015427,280.00171730015427,280.0089623001404,280.10673800017685,l,0.10073660011403263,None,4,001,2025-11-03_13h23.07.250,untitled,,2025.1.1,72.19836063456263,2025-11-03 13h23.14.146185 +0530,
11,30,7,190,1,27,t,0.2517016001511365,None,27,1,190,0,280.116082200082,,280.1112161001656,280.116082200082,281.10263350000605,281.10263350000605,281.10974360001273,281.3598516001366,t,0.2517016001511365,None,4,001,2025-11-03_13h23.07.250,untitled,,2025.1.1,72.19836063456263,2025-11-03 13h23.14.146185 +0530,
67,75,119,191,2,27,l,0.049318999983370304,None,27,2,191,5,281.36850950005464,,281.36353910015896,281.36850950005464,282.35506319999695,282.35506319999695,282.36199480015785,282.41074140020646,l,0.049318999983370304,None,4,001,2025-11-03_13h23.07.250,untitled,,2025.1.1,72.19836063456263,2025-11-03 13h23.14.146185 +0530,
27,50,21,192,3,27,t,0.1114183000754565,None,27,3,192,2,282.41887779999524,,282.41449340013787,282.41887779999524,283.4051654001232,283.4051654001232,283.4123713001609,283.5236931000836,t,0.1114183000754565,None,4,001,2025-11-03_13h23.07.250,untitled,,2025.1.1,72.19836063456263,2025-11-03 13h23.14.146185 +0530,
78,80,162,193,4,27,l,0.05977799999527633,None,27,4,193,6,283.53181190020405,,283.52741890004836,283.53181190020405,284.51825510011986,284.51825510011986,284.52526450017467,284.5815161000937,l,0.05977799999527633,None,4,001,2025-11-03_13h23.07.250,untitled,,2025.1.1,72.19836063456263,2025-11-03 13h23.14.146185 +0530,
40,55,62,194,5,27,t,0.05359070003032684,None,27,5,194,3,284.59040089999326,,284.5854248001706,284.59040089999326,285.5765863000415,285.5765863000415,285.58360420004465,285.632838900201,t,0.05359070003032684,None,4,001,2025-11-03_13h23.07.250,untitled,,2025.1.1,72.19836063456263,2025-11-03 13h23.14.146185 +0530,
15,35,13,195,6,27,t,0.10226089996285737,None,27,6,195,1,285.6417034000624,,285.63679910008796,285.6417034000624,286.6282421001233,286.6282421001233,286.6351356001105,286.7327774001751,t,0.10226089996285737,None,4,001,2025-11-03_13h23.07.250,untitled,,2025.1.1,72.19836063456263,2025-11-03 13h23.14.146185 +0530,
49,60,89,196,0,28,t,0.02440349990502,None,28,0,196,4,286.7414207002148,,286.7365970001556,286.7414207002148,287.72752980003133,287.72752980003133,287.7346431000624,287.7561521001626,t,0.02440349990502,None,4,001,2025-11-03_13h23.07.250,untitled,,2025.1.1,72.19836063456263,2025-11-03 13h23.14.146185 +0530,
11,30,7,197,1,28,l,0.030119100119918585,None,28,1,197,0,287.76469740015455,,287.75991040002555,287.76469740015455,288.7512171000708,288.7512171000708,288.75814210018143,288.7863151000347,l,0.030119100119918585,None,4,001,2025-11-03_13h23.07.250,untitled,,2025.1.1,72.19836063456263,2025-11-03 13h23.14.146185 +0530,
40,55,62,198,2,28,l,0.5003812999930233,None,28,2,198,3,288.7954878001474,,288.7906367001124,288.7954878001474,289.78162300004624,289.78162300004624,289.78874180000275,290.28271710011177,l,0.5003812999930233,None,4,001,2025-11-03_13h23.07.250,untitled,,2025.1.1,72.19836063456263,2025-11-03 13h23.14.146185 +0530,
67,75,119,199,3,28,l,0.9320521999616176,None,28,3,199,5,290.2911287001334,,290.28631290001795,290.2911287001334,291.27751340018585,291.27751340018585,291.28436630009674,292.2152405001689,l,0.9320521999616176,None,4,001,2025-11-03_13h23.07.250,untitled,,2025.1.1,72.19836063456263,2025-11-03 13h23.14.146185 +0530,
15,35,13,200,4,28,l,0.7598039999138564,None,28,4,200,1,292.2240195001941,,292.2193311001174,292.2240195001941,293.21006439998746,293.21006439998746,293.2173380001914,293.9749520001933,l,0.7598039999138564,None,4,001,2025-11-03_13h23.07.250,untitled,,2025.1.1,72.19836063456263,2025-11-03 13h23.14.146185 +0530,
78,80,162,201,5,28,t,0.010817000176757574,None,28,5,201,6,293.9847260999959,,293.97960860002786,293.9847260999959,294.9709875001572,294.9709875001572,294.9779754001647,294.98564990004525,t,0.010817000176757574,None,4,001,2025-11-03_13h23.07.250,untitled,,2025.1.1,72.19836063456263,2025-11-03 13h23.14.146185 +0530,
27,50,21,202,6,28,l,0.04043720010668039,None,28,6,202,2,294.99459920008667,,294.9897417000029,294.99459920008667,295.98103820020333,295.98103820020333,295.988100200193,296.0232709001284,l,0.04043720010668039,None,4,001,2025-11-03_13h23.07.250,untitled,,2025.1.1,72.19836063456263,2025-11-03 13h23.14.146185 +0530,
11,30,7,203,0,29,t,0.023727599997073412,None,29,0,203,0,296.03202350018546,,296.02711340016685,296.03202350018546,297.01828670012765,297.01828670012765,297.0253014001064,297.046696000034,t,0.023727599997073412,None,4,001,2025-11-03_13h23.07.250,untitled,,2025.1.1,72.19836063456263,2025-11-03 13h23.14.146185 +0530,
49,60,89,204,1,29,l,0.093255499843508,None,29,1,204,4,297.0567330000922,,297.0511653001886,297.0567330000922,298.0371255001519,298.0371255001519,298.050856300164,298.13356870017014,l,0.093255499843508,None,4,001,2025-11-03_13h23.07.250,untitled,,2025.1.1,72.19836063456263,2025-11-03 13h23.14.146185 +0530,
78,80,162,205,2,29,t,0.10617789998650551,None,29,2,205,6,298.1424196001608,,298.13755410001613,298.1424196001608,299.129164500162,299.129164500162,299.1359548000619,299.2403814001009,t,0.10617789998650551,None,4,001,2025-11-03_13h23.07.250,untitled,,2025.1.1,72.19836063456263,2025-11-03 13h23.14.146185 +0530,
27,50,21,206,3,29,l,0.22679150011390448,None,29,3,206,2,299.24912150017917,,299.2442561001517,299.24912150017917,300.2353704001289,300.2353704001289,300.2426084000617,300.4653925001621,l,0.22679150011390448,None,4,001,2025-11-03_13h23.07.250,untitled,,2025.1.1,72.19836063456263,2025-11-03 13h23.14.146185 +0530,
15,35,13,207,4,29,t,0.07188279996626079,None,29,4,207,1,300.4748131001834,,300.4688654001802,300.4748131001834,301.4599953000434,301.4599953000434,301.46716800006106,301.53728110017255,t,0.07188279996626079,None,4,001,2025-11-03_13h23.07.250,untitled,,2025.1.1,72.19836063456263,2025-11-03 13h23.14.146185 +0530,
40,55,62,208,5,29,t,0.08576769987121224,None,29,5,208,3,301.5462243000511,,301.54100930015557,301.5462243000511,302.5325900001917,302.5325900001917,302.53964189998806,302.6235185000114,t,0.08576769987121224,None,4,001,2025-11-03_13h23.07.250,untitled,,2025.1.1,72.19836063456263,2025-11-03 13h23.14.146185 +0530,
67,75,119,209,6,29,l,0.1554620999377221,None,29,6,209,5,302.63225690019317,,302.627181700198,302.63225690019317,303.61863110004924,303.61863110004924,303.625638600206,303.7789691002108,l,0.1554620999377221,None,4,001,2025-11-03_13h23.07.250,untitled,,2025.1.1,72.19836063456263,2025-11-03 13h23.14.146185 +0530,
78,80,162,210,0,30,l,0.07106249989010394,None,30,0,210,6,303.7876789001748,,303.78266310016625,303.7876789001748,304.77401870000176,304.77401870000176,304.7809724002145,304.850857200101,l,0.07106249989010394,None,4,001,2025-11-03_13h23.07.250,untitled,,2025.1.1,72.19836063456263,2025-11-03 13h23.14.146185 +0530,
67,75,119,211,1,30,l,0.0704320000950247,None,30,1,211,5,304.85932760010473,,304.8544988001231,304.85932760010473,305.84575350000523,305.84575350000523,305.852545700036,305.922264700057,l,0.0704320000950247,None,4,001,2025-11-03_13h23.07.250,untitled,,2025.1.1,72.19836063456263,2025-11-03 13h23.14.146185 +0530,
15,35,13,212,2,30,l,0.04935150011442602,None,30,2,212,1,305.93062250013463,,305.92611100012437,305.93062250013463,306.9171049001161,306.9171049001161,306.9242545000743,306.9728979000356,l,0.04935150011442602,None,4,001,2025-11-03_13h23.07.250,untitled,,2025.1.1,72.19836063456263,2025-11-03 13h23.14.146185 +0530,
40,55,62,213,3,30,l,0.3967222000937909,None,30,3,213,3,306.98155790008605,,306.9771762001328,306.98155790008605,307.96800210000947,307.96800210000947,307.97502270014957,308.37133580003865,l,0.3967222000937909,None,4,001,2025-11-03_13h23.07.250,untitled,,2025.1.1,72.19836063456263,2025-11-03 13h23.14.146185 +0530,
49,60,89,214,4,30,t,0.2510974002070725,None,30,4,214,4,308.38002620008774,,308.37549150013365,308.38002620008774,309.3664929000661,309.3664929000661,309.3736264000181,309.6236554000061,t,0.2510974002070725,None,4,001,2025-11-03_13h23.07.250,untitled,,2025.1.1,72.19836063456263,2025-11-03 13h23.14.146185 +0530,
27,50,21,215,5,30,t,0.08879249985329807,None,30,5,215,2,309.6321349001955,,309.62771500018425,309.6321349001955,310.6184204001911,310.6184204001911,310.6253436000552,310.7091831001453,t,0.08879249985329807,None,4,001,2025-11-03_13h23.07.250,untitled,,2025.1.1,72.19836063456263,2025-11-03 13h23.14.146185 +0530,
11,30,7,216,6,30,l,0.18498630006797612,None,30,6,216,0,310.71822470007464,,310.71328040002845,310.71822470007464,311.70449690008536,311.70449690008536,311.7113730001729,311.8923913000617,l,0.18498630006797612,None,4,001,2025-11-03_13h23.07.250,untitled,,2025.1.1,72.19836063456263,2025-11-03 13h23.14.146185 +0530,
67,75,119,217,0,31,l,0.09748039999976754,None,31,0,217,5,311.90139260003343,,311.89609410008416,311.90139260003343,312.88741910015233,312.88741910015233,312.89445560006425,312.9917053000536,l,0.09748039999976754,None,4,001,2025-11-03_13h23.07.250,untitled,,2025.1.1,72.19836063456263,2025-11-03 13h23.14.146185 +0530,
15,35,13,218,1,31,l,0.18940360005944967,None,31,1,218,1,312.9999255000148,,312.99551020003855,312.9999255000148,313.9863711001817,313.9863711001817,313.99335890007205,314.18150210008025,l,0.18940360005944967,None,4,001,2025-11-03_13h23.07.250,untitled,,2025.1.1,72.19836063456263,2025-11-03 13h23.14.146185 +0530,
11,30,7,219,2,31,l,0.18313430016860366,None,31,2,219,0,314.1908162001055,,314.18588570016436,314.1908162001055,315.17705130018294,315.17705130018294,315.1840189001523,315.3651087000035,l,0.18313430016860366,None,4,001,2025-11-03_13h23.07.250,untitled,,2025.1.1,72.19836063456263,2025-11-03 13h23.14.146185 +0530,
49,60,89,220,3,31,l,0.1264845000114292,None,31,3,220,4,315.3739708000794,,315.3691097002011,315.3739708000794,316.3601453001611,316.3601453001611,316.3673495000694,316.49251700006425,l,0.1264845000114292,None,4,001,2025-11-03_13h23.07.250,untitled,,2025.1.1,72.19836063456263,2025-11-03 13h23.14.146185 +0530,
78,80,162,221,4,31,l,0.1499289998319,None,31,4,221,6,316.500727100065,,316.49616740015335,316.500727100065,317.4871104999911,317.4871104999911,317.4942038001027,317.64045669999905,l,0.1499289998319,None,4,001,2025-11-03_13h23.07.250,untitled,,2025.1.1,72.19836063456263,2025-11-03 13h23.14.146185 +0530,
40,55,62,222,5,31,l,0.027096700156107545,None,31,5,222,3,317.6492667000275,,317.644386400003,317.6492667000275,318.6362358999904,318.6362358999904,318.6432425000239,318.66422860021703,l,0.027096700156107545,None,4,001,2025-11-03_13h23.07.250,untitled,,2025.1.1,72.19836063456263,2025-11-03 13h23.14.146185 +0530,
27,50,21,223,6,31,l,0.19503709999844432,None,31,6,223,2,318.6730416000355,,318.6681398001965,318.6730416000355,319.6592847001739,319.6592847001739,319.6665145000443,319.86200299998745,l,0.19503709999844432,None,4,001,2025-11-03_13h23.07.250,untitled,,2025.1.1,72.19836063456263,2025-11-03 13h23.14.146185 +0530,
27,50,21,224,0,32,t,0.08066760003566742,None,32,0,224,2,319.8676400000695,,319.8623556001112,319.8676400000695,320.85390540002845,320.85390540002845,320.8610826001968,320.9374993001111,t,0.08066760003566742,None,4,001,2025-11-03_13h23.07.250,untitled,,2025.1.1,72.19836063456263,2025-11-03 13h23.14.146185 +0530,
49,60,89,225,1,32,t,0.1025079998653382,None,32,1,225,4,320.94594290014356,,320.9418562001083,320.94594290014356,321.9325521001592,321.9325521001592,321.9394643001724,322.03722600010224,t,0.1025079998653382,None,4,001,2025-11-03_13h23.07.250,untitled,,2025.1.1,72.19836063456263,2025-11-03 13h23.14.146185 +0530,
15,35,13,226,2,32,t,0.06846280000172555,None,32,2,226,1,322.0453343000263,,322.0410446000751,322.0453343000263,323.0317983001005,323.0317983001005,323.03875170019455,323.1016304001678,t,0.06846280000172555,None,4,001,2025-11-03_13h23.07.250,untitled,,2025.1.1,72.19836063456263,2025-11-03 13h23.14.146185 +0530,
67,75,119,227,3,32,t,0.2336509998422116,None,32,3,227,5,323.10868410021067,,323.1046983001288,323.10868410021067,324.09512660000473,324.09512660000473,324.1021204001736,324.33204590016976,t,0.2336509998422116,None,4,001,2025-11-03_13h23.07.250,untitled,,2025.1.1,72.19836063456263,2025-11-03 13h23.14.146185 +0530,
78,80,162,228,4,32,t,0.14189009997062385,None,32,4,228,6,324.34061050019227,,324.3355473000556,324.34061050019227,325.32704910007305,325.32704910007305,325.33391340007074,325.4732253002003,t,0.14189009997062385,None,4,001,2025-11-03_13h23.07.250,untitled,,2025.1.1,72.19836063456263,2025-11-03 13h23.14.146185 +0530,
40,55,62,229,5,32,t,0.0730953998863697,None,32,5,229,3,325.4804711001925,,325.4764516002033,325.4804711001925,326.46670360001735,326.46670360001735,326.4737716000527,326.5441157000605,t,0.0730953998863697,None,4,001,2025-11-03_13h23.07.250,untitled,,2025.1.1,72.19836063456263,2025-11-03 13h23.14.146185 +0530,
11,30,7,230,6,32,l,0.08709500008262694,None,32,6,230,0,326.55291030020453,,326.5479382001795,326.55291030020453,327.5393538000062,327.5393538000062,327.54638800001703,327.6301712000277,l,0.08709500008262694,None,4,001,2025-11-03_13h23.07.250,untitled,,2025.1.1,72.19836063456263,2025-11-03 13h23.14.146185 +0530,
11,30,7,231,0,33,t,0.14979139994829893,None,33,0,231,0,327.6365416001063,,327.63037990010343,327.6365416001063,328.62265140004456,328.62265140004456,328.62963080010377,328.77570960018784,t,0.14979139994829893,None,4,001,2025-11-03_13h23.07.250,untitled,,2025.1.1,72.19836063456263,2025-11-03 13h23.14.146185 +0530,
78,80,162,232,1,33,l,0.17773110000416636,None,33,1,232,6,328.78445730009116,,328.7796571000945,328.78445730009116,329.77064780006185,329.77064780006185,329.7778811000753,329.9519784001168,l,0.17773110000416636,None,4,001,2025-11-03_13h23.07.250,untitled,,2025.1.1,72.19836063456263,2025-11-03 13h23.14.146185 +0530,
40,55,62,233,2,33,t,0.27463999995961785,None,33,2,233,3,329.96111700008623,,329.9559927000664,329.96111700008623,330.94745590002276,330.94745590002276,330.9544210000895,331.22595080011524,t,0.27463999995961785,None,4,001,2025-11-03_13h23.07.250,untitled,,2025.1.1,72.19836063456263,2025-11-03 13h23.14.146185 +0530,
27,50,21,234,3,33,l,0.005499199964106083,None,33,3,234,2,331.23503030021675,,331.2301677002106,331.23503030021675,332.22140420018695,332.22140420018695,332.2284965000581,332.22909610019997,l,0.005499199964106083,None,4,001,2025-11-03_13h23.07.250,untitled,,2025.1.1,72.19836063456263,2025-11-03 13h23.14.146185 +0530,
67,75,119,235,4,33,t,0.19383689993992448,None,33,4,235,5,332.23908580001444,,332.2340433001518,332.23908580001444,333.2253890000284,333.2253890000284,333.23233770020306,333.42043560021557,t,0.19383689993992448,None,4,001,2025-11-03_13h23.07.250,untitled,,2025.1.1,72.19836063456263,2025-11-03 13h23.14.146185 +0530,
49,60,89,236,5,33,t,0.6032539999578148,None,33,5,236,4,333.4293740000576,,333.42464069998823,333.4293740000576,334.4157947001513,334.4157947001513,334.4227876001969,335.02064910018817,t,0.6032539999578148,None,4,001,2025-11-03_13h23.07.250,untitled,,2025.1.1,72.19836063456263,2025-11-03 13h23.14.146185 +0530,
15,35,13,237,6,33,t,0.6583738999906927,None,33,6,237,1,335.0298280999996,,335.025041700108,335.0298280999996,336.0160723000299,336.0160723000299,336.0231170000043,336.6762306999881,t,0.6583738999906927,None,4,001,2025-11-03_13h23.07.250,untitled,,2025.1.1,72.19836063456263,2025-11-03 13h23.14.146185 +0530,
11,30,7,238,0,34,l,0.26137520000338554,None,34,0,238,0,336.6855664001778,,336.68068790016696,336.6855664001778,337.67219780012965,337.67219780012965,337.67900910018943,337.9362996001728,l,0.26137520000338554,None,4,001,2025-11-03_13h23.07.250,untitled,,2025.1.1,72.19836063456263,2025-11-03 13h23.14.146185 +0530,
40,55,62,239,1,34,l,0.16644659987650812,None,34,1,239,3,337.9457966000773,,337.9403447001241,337.9457966000773,338.9322308001574,338.9322308001574,338.9393056000117,339.09959950018674,l,0.16644659987650812,None,4,001,2025-11-03_13h23.07.250,untitled,,2025.1.1,72.19836063456263,2025-11-03 13h23.14.146185 +0530,
67,75,119,240,2,34,t,0.18669330002740026,None,34,2,240,5,339.108052900061,,339.10326840006746,339.108052900061,340.09454780002125,340.09454780002125,340.10152050014585,340.2826301001478,t,0.18669330002740026,None,4,001,2025-11-03_13h23.07.250,untitled,,2025.1.1,72.19836063456263,2025-11-03 13h23.14.146185 +0530,
27,50,21,241,3,34,l,0.05277880001813173,None,34,3,241,2,340.2914179000072,,340.28651290014386,340.2914179000072,341.27791490009986,341.27791490009986,341.2847668000031,341.33403890021145,l,0.05277880001813173,None,4,001,2025-11-03_13h23.07.250,untitled,,2025.1.1,72.19836063456263,2025-11-03 13h23.14.146185 +0530,
15,35,13,242,4,34,t,0.1179617999587208,None,34,4,242,1,341.34287650021724,,341.3377582000103,341.34287650021724,342.32902430021204,342.32902430021204,342.33605410018936,342.44798170006834,t,0.1179617999587208,None,4,001,2025-11-03_13h23.07.250,untitled,,2025.1.1,72.19836063456263,2025-11-03 13h23.14.146185 +0530,
78,80,162,243,5,34,l,0.4042762001045048,None,34,5,243,6,342.4566357000731,,342.45157050015405,342.4566357000731,343.4436109000817,343.4436109000817,343.4507898001466,343.85360920010135,l,0.4042762001045048,None,4,001,2025-11-03_13h23.07.250,untitled,,2025.1.1,72.19836063456263,2025-11-03 13h23.14.146185 +0530,
49,60,89,244,6,34,l,0.20833789999596775,None,34,6,244,4,343.86349100014195,,343.8578951000236,343.86349100014195,344.8495540001895,344.8495540001895,344.8564824000932,345.0587928001769,l,0.20833789999596775,None,4,001,2025-11-03_13h23.07.250,untitled,,2025.1.1,72.19836063456263,2025-11-03 13h23.14.146185 +0530,
11,30,7,245,0,35,l,0.40370510006323457,None,35,0,245,0,345.06788660003804,,345.06288430001587,345.06788660003804,346.0542800000403,346.0542800000403,346.0611622000579,346.46539989998564,l,0.40370510006323457,None,4,001,2025-11-03_13h23.07.250,untitled,,2025.1.1,72.19836063456263,2025-11-03 13h23.14.146185 +0530,
15,35,13,246,1,35,t,0.11677490011788905,None,35,1,246,1,346.47410610015504,,346.46959770005196,346.47410610015504,347.4605880000163,347.4605880000163,347.467553100083,347.57924440014176,t,0.11677490011788905,None,4,001,2025-11-03_13h23.07.250,untitled,,2025.1.1,72.19836063456263,2025-11-03 13h23.14.146185 +0530,
78,80,162,247,2,35,l,0.14342629979364574,None,35,2,247,6,347.58818140020594,,347.5826049000025,347.58818140020594,348.57548070000485,348.57548070000485,348.5825343001634,348.7218084000051,l,0.14342629979364574,None,4,001,2025-11-03_13h23.07.250,untitled,,2025.1.1,72.19836063456263,2025-11-03 13h23.14.146185 +0530,
27,50,21,248,3,35,t,0.011446099961176515,None,35,3,248,2,348.7308626000304,,348.7258016001433,348.7308626000304,349.71715720021166,349.71715720021166,349.7241815000307,349.7318710000254,t,0.011446099961176515,None,4,001,2025-11-03_13h23.07.250,untitled,,2025.1.1,72.19836063456263,2025-11-03 13h23.14.146185 +0530,
49,60,89,249,4,35,l,0.21504039992578328,None,35,4,249,4,349.7411721001845,,349.7358216000721,349.7411721001845,350.7211714000441,350.7211714000441,350.734363600146,350.9429985000752,l,0.21504039992578328,None,4,001,2025-11-03_13h23.07.250,untitled,,2025.1.1,72.19836063456263,2025-11-03 13h23.14.146185 +0530,
67,75,119,250,5,35,t,0.17841900000348687,None,35,5,250,5,350.95173369999975,,350.94717840012163,350.95173369999975,351.9381478000432,351.9381478000432,351.9450771000702,352.1191629001405,t,0.17841900000348687,None,4,001,2025-11-03_13h23.07.250,untitled,,2025.1.1,72.19836063456263,2025-11-03 13h23.14.146185 +0530,
40,55,62,251,6,35,l,0.2342884000390768,None,35,6,251,3,352.1284690001048,,352.12366100004874,352.1284690001048,353.1146341001149,353.1146341001149,353.12172490009107,353.35156470001675,l,0.2342884000390768,None,4,001,2025-11-03_13h23.07.250,untitled,,2025.1.1,72.19836063456263,2025-11-03 13h23.14.146185 +0530,
15,35,13,252,0,36,t,0.21886690007522702,None,36,0,252,1,353.36055240011774,,353.3555146001745,353.36055240011774,354.3413154000882,354.3413154000882,354.35477680014446,354.56376380007714,t,0.21886690007522702,None,4,001,2025-11-03_13h23.07.250,untitled,,2025.1.1,72.19836063456263,2025-11-03 13h23.14.146185 +0530,
11,30,7,253,1,36,l,0.07751669990830123,None,36,1,253,0,354.57280880003236,,354.56787130003795,354.57280880003236,355.55918270000257,355.55918270000257,355.56616120017134,355.642722300021,l,0.07751669990830123,None,4,001,2025-11-03_13h23.07.250,untitled,,2025.1.1,72.19836063456263,2025-11-03 13h23.14.146185 +0530,
67,75,119,254,2,36,t,0.2874979998450726,None,36,2,254,5,355.6507231001742,,355.64634090010077,355.6507231001742,356.637122400105,356.637122400105,356.64415600011125,356.92948350007646,t,0.2874979998450726,None,4,001,2025-11-03_13h23.07.250,untitled,,2025.1.1,72.19836063456263,2025-11-03 13h23.14.146185 +0530,
40,55,62,255,3,36,l,0.09915370005182922,None,36,3,255,3,356.93905230006203,,356.93416050006635,356.93905230006203,357.92548199999146,357.92548199999146,357.93253570003435,358.03035810007714,l,0.09915370005182922,None,4,001,2025-11-03_13h23.07.250,untitled,,2025.1.1,72.19836063456263,2025-11-03 13h23.14.146185 +0530,
78,80,162,256,4,36,l,0.17391370004042983,None,36,4,256,6,358.0393326000776,,358.0346313000191,358.0393326000776,359.0186501001008,359.0186501001008,359.0327204000205,359.19971770001575,l,0.17391370004042983,None,4,001,2025-11-03_13h23.07.250,untitled,,2025.1.1,72.19836063456263,2025-11-03 13h23.14.146185 +0530,
49,60,89,257,5,36,l,0.04362599994055927,None,36,5,257,4,359.20831840019673,,359.2036919000093,359.20831840019673,360.19479000009596,360.19479000009596,360.2017269001808,360.24432920012623,l,0.04362599994055927,None,4,001,2025-11-03_13h23.07.250,untitled,,2025.1.1,72.19836063456263,2025-11-03 13h23.14.146185 +0530,
27,50,21,258,6,36,l,0.16478039999492466,None,36,6,258,2,360.253168300027,,360.24817980010994,360.253168300027,361.2391439001076,361.2391439001076,361.2461898000911,361.4066433000844,l,0.16478039999492466,None,4,001,2025-11-03_13h23.07.250,untitled,,2025.1.1,72.19836063456263,2025-11-03 13h23.14.146185 +0530,
78,80,162,259,0,37,l,0.06386220012791455,None,37,0,259,6,361.4150832002051,,361.4102727000136,361.4150832002051,362.40142280003056,362.40142280003056,362.40847340016626,362.47143130004406,l,0.06386220012791455,None,4,001,2025-11-03_13h23.07.250,untitled,,2025.1.1,72.19836063456263,2025-11-03 13h23.14.146185 +0530,
49,60,89,260,1,37,l,0.23555169999599457,None,37,1,260,4,362.479620099999,,362.4752368000336,362.479620099999,363.46606480004266,363.46606480004266,363.4731813000981,363.70288530015387,l,0.23555169999599457,None,4,001,2025-11-03_13h23.07.250,untitled,,2025.1.1,72.19836063456263,2025-11-03 13h23.14.146185 +0530,
11,30,7,261,2,37,l,0.8628889999818057,None,37,2,261,0,363.7113391000312,,363.70657839998603,363.7113391000312,364.6976397000253,364.6976397000253,364.7048536001239,365.56650860002264,l,0.8628889999818057,None,4,001,2025-11-03_13h23.07.250,untitled,,2025.1.1,72.19836063456263,2025-11-03 13h23.14.146185 +0530,
40,55,62,262,3,37,t,0.01837050006724894,None,37,3,262,3,365.57551330002025,,365.5706897000782,365.57551330002025,366.5619856000412,366.5619856000412,366.56902610021643,366.583429899998,t,0.01837050006724894,None,4,001,2025-11-03_13h23.07.250,untitled,,2025.1.1,72.19836063456263,2025-11-03 13h23.14.146185 +0530,
27,50,21,263,4,37,t,0.10224509984254837,None,37,4,263,2,366.5921881000977,,366.5873520001769,366.5921881000977,367.5782767999917,367.5782767999917,367.58549710013904,367.6830784000922,t,0.10224509984254837,None,4,001,2025-11-03_13h23.07.250,untitled,,2025.1.1,72.19836063456263,2025-11-03 13h23.14.146185 +0530,
67,75,119,264,5,37,t,0.6023788000456989,None,37,5,264,5,367.6916797000449,,367.6867792000994,367.6916797000449,368.6782560001593,368.6782560001593,368.68509909999557,369.2829266001936,t,0.6023788000456989,None,4,001,2025-11-03_13h23.07.250,untitled,,2025.1.1,72.19836063456263,2025-11-03 13h23.14.146185 +0530,
15,35,13,265,6,37,t,0.36701139993965626,None,37,6,265,1,369.2920390001964,,369.2869457001798,369.2920390001964,370.278373000212,370.278373000212,370.2853415000718,370.6469206002075,t,0.36701139993965626,None,4,001,2025-11-03_13h23.07.250,untitled,,2025.1.1,72.19836063456263,2025-11-03 13h23.14.146185 +0530,
11,30,7,266,0,38,t,0.039005399914458394,None,38,0,266,0,370.6560345001053,,370.65101330005564,370.6560345001053,371.6422081000637,371.6422081000637,371.6492135000881,371.6845985001419,t,0.039005399914458394,None,4,001,2025-11-03_13h23.07.250,untitled,,2025.1.1,72.19836063456263,2025-11-03 13h23.14.146185 +0530,
27,50,21,267,1,38,t,0.09235100005753338,None,38,1,267,2,371.6945842001587,,371.6896466000471,371.6945842001587,372.6739961002022,372.6739961002022,372.68793560005724,372.77192540001124,t,0.09235100005753338,None,4,001,2025-11-03_13h23.07.250,untitled,,2025.1.1,72.19836063456263,2025-11-03 13h23.14.146185 +0530,
49,60,89,268,2,38,t,0.27228339994326234,None,38,2,268,4,372.7815217000898,,372.7763575001154,372.7815217000898,373.76781060011126,373.76781060011126,373.7748862002045,374.0460659000091,t,0.27228339994326234,None,4,001,2025-11-03_13h23.07.250,untitled,,2025.1.1,72.19836063456263,2025-11-03 13h23.14.146185 +0530,
67,75,119,269,3,38,t,0.38636449980549514,None,38,3,269,5,374.05332210008055,,374.0495986000169,374.05332210008055,375.0402234001085,375.0402234001085,375.0465248001274,375.4294839000795,t,0.38636449980549514,None,4,001,2025-11-03_13h23.07.250,untitled,,2025.1.1,72.19836063456263,2025-11-03 13h23.14.146185 +0530,
40,55,62,270,4,38,t,0.15227270009927452,None,38,4,270,3,375.4382340000011,,375.43328080000356,375.4382340000011,376.424984900048,376.424984900048,376.4319059001282,376.5783476000652,t,0.15227270009927452,None,4,001,2025-11-03_13h23.07.250,untitled,,2025.1.1,72.19836063456263,2025-11-03 13h23.14.146185 +0530,
15,35,13,271,5,38,t,0.9747266999911517,None,38,5,271,1,376.5857155001722,,376.58189610019326,376.5857155001722,377.57218250003643,377.57218250003643,377.57917920011096,378.5518136001192,t,0.9747266999911517,None,4,001,2025-11-03_13h23.07.250,untitled,,2025.1.1,72.19836063456263,2025-11-03 13h23.14.146185 +0530,
78,80,162,272,6,38,l,0.19248110009357333,None,38,6,272,6,378.55950830015354,,378.5555881001055,378.55950830015354,379.54608530015685,379.54608530015685,379.5529453000054,379.74085390008986,l,0.19248110009357333,None,4,001,2025-11-03_13h23.07.250,untitled,,2025.1.1,72.19836063456263,2025-11-03 13h23.14.146185 +0530,
27,50,21,273,0,39,l,0.22699579992331564,None,39,0,273,2,379.7482456001453,,379.74436800018884,379.7482456001453,380.7349996000994,380.7349996000994,380.741663900204,380.96427290001884,l,0.22699579992331564,None,4,001,2025-11-03_13h23.07.250,untitled,,2025.1.1,72.19836063456263,2025-11-03 13h23.14.146185 +0530,
15,35,13,274,1,39,l,0.05967839993536472,None,39,1,274,1,380.9714959000703,,380.9678036000114,380.9714959000703,381.9577552000992,381.9577552000992,381.9648730000481,382.0212839001324,l,0.05967839993536472,None,4,001,2025-11-03_13h23.07.250,untitled,,2025.1.1,72.19836063456263,2025-11-03 13h23.14.146185 +0530,
49,60,89,275,2,39,l,0.27239159983582795,None,39,2,275,4,382.03067170013674,,382.0257149999961,382.03067170013674,383.01680500013754,383.01680500013754,383.023802800104,383.29534090007655,l,0.27239159983582795,None,4,001,2025-11-03_13h23.07.250,untitled,,2025.1.1,72.19836063456263,2025-11-03 13h23.14.146185 +0530,
78,80,162,276,3,39,t,1.1090764000546187,None,39,3,276,6,383.3041455000639,,383.2993575001601,383.3041455000639,384.2909349000547,384.2909349000547,384.29809270007536,385.4026467001531,t,1.1090764000546187,None,4,001,2025-11-03_13h23.07.250,untitled,,2025.1.1,72.19836063456263,2025-11-03 13h23.14.146185 +0530,
11,30,7,277,4,39,t,0.26487950002774596,None,39,4,277,0,385.41131160012446,,385.40642920020036,385.41131160012446,386.39784050011076,386.39784050011076,386.40457670018077,386.669101000065,t,0.26487950002774596,None,4,001,2025-11-03_13h23.07.250,untitled,,2025.1.1,72.19836063456263,2025-11-03 13h23.14.146185 +0530,
67,75,119,278,5,39,t,0.1997841999400407,None,39,5,278,5,386.67774280020967,,386.67327230004594,386.67774280020967,387.6638196001295,387.6638196001295,387.6709186001681,387.86660549999215,t,0.1997841999400407,None,4,001,2025-11-03_13h23.07.250,untitled,,2025.1.1,72.19836063456263,2025-11-03 13h23.14.146185 +0530,
40,55,62,279,6,39,l,0.12275129999034107,None,39,6,279,3,387.87578000011854,,387.87081140000373,387.87578000011854,388.8620146000758,388.8620146000758,388.8691929001361,388.9876427000854,l,0.12275129999034107,None,4,001,2025-11-03_13h23.07.250,untitled,,2025.1.1,72.19836063456263,2025-11-03 13h23.14.146185 +0530,
67,75,119,280,0,40,l,0.097760200034827,None,40,0,280,5,388.996395500144,,388.9915464001242,388.996395500144,389.98303960007615,389.98303960007615,389.9899403001182,390.0875851002056,l,0.097760200034827,None,4,001,2025-11-03_13h23.07.250,untitled,,2025.1.1,72.19836063456263,2025-11-03 13h23.14.146185 +0530,
27,50,21,281,1,40,l,0.09988379990682006,None,40,1,281,2,390.096045400016,,390.0914171000477,390.096045400016,391.0823912001215,391.0823912001215,391.08932030014694,391.1872648000717,l,0.09988379990682006,None,4,001,2025-11-03_13h23.07.250,untitled,,2025.1.1,72.19836063456263,2025-11-03 13h23.14.146185 +0530,
15,35,13,282,2,40,l,0.1606238998938352,None,40,2,282,1,391.1962098001968,,391.19085820019245,391.1962098001968,392.1823501000181,392.1823501000181,392.1894467000384,392.3498718000483,l,0.1606238998938352,None,4,001,2025-11-03_13h23.07.250,untitled,,2025.1.1,72.19836063456263,2025-11-03 13h23.14.146185 +0530,
49,60,89,283,3,40,t,0.008266799850389361,None,40,3,283,4,392.35875450004824,,392.3539332000073,392.35875450004824,393.34519380005077,393.34519380005077,393.35212600021623,393.35935610020533,t,0.008266799850389361,None,4,001,2025-11-03_13h23.07.250,untitled,,2025.1.1,72.19836063456263,2025-11-03 13h23.14.146185 +0530,
78,80,162,284,4,40,t,0.1307358001358807,None,40,4,284,6,393.36801169998944,,393.36343090003356,393.36801169998944,394.35433500004,394.35433500004,394.36136170011014,394.48702380014583,t,0.1307358001358807,None,4,001,2025-11-03_13h23.07.250,untitled,,2025.1.1,72.19836063456263,2025-11-03 13h23.14.146185 +0530,
11,30,7,285,5,40,t,0.1585128998849541,None,40,5,285,0,394.4957883001771,,394.49080070015043,394.4957883001771,395.48230560007505,395.48230560007505,395.4893557000905,395.64268820011057,t,0.1585128998849541,None,4,001,2025-11-03_13h23.07.250,untitled,,2025.1.1,72.19836063456263,2025-11-03 13h23.14.146185 +0530,
40,55,62,286,6,40,t,0.19900689995847642,None,40,6,286,3,395.65232530003414,,395.6466636999976,395.65232530003414,396.63883469998837,396.63883469998837,396.6456806000788,396.8407049002126,t,0.19900689995847642,None,4,001,2025-11-03_13h23.07.250,untitled,,2025.1.1,72.19836063456263,2025-11-03 13h23.14.146185 +0530,
15,35,13,287,0,41,t,0.1049267000053078,None,41,0,287,1,396.8498148000799,,396.84471030021086,396.8498148000799,397.8357023000717,397.8357023000717,397.84311810019426,397.94725130009465,t,0.1049267000053078,None,4,001,2025-11-03_13h23.07.250,untitled,,2025.1.1,72.19836063456263,2025-11-03 13h23.14.146185 +0530,
11,30,7,288,1,41,l,0.11279999976977706,None,41,1,288,0,397.95528650004417,,397.95073870010674,397.95528650004417,398.9413149000611,398.9413149000611,398.94852680014446,399.059922600165,l,0.11279999976977706,None,4,001,2025-11-03_13h23.07.250,untitled,,2025.1.1,72.19836063456263,2025-11-03 13h23.14.146185 +0530,
78,80,162,289,2,41,l,0.04999659978784621,None,41,2,289,6,399.06857790006325,,399.06390220019966,399.06857790006325,400.05487840017304,400.05487840017304,400.0614555000793,400.1107197999954,l,0.04999659978784621,None,4,001,2025-11-03_13h23.07.250,untitled,,2025.1.1,72.19836063456263,2025-11-03 13h23.14.146185 +0530,
49,60,89,290,3,41,l,0.023340600077062845,None,41,3,290,4,400.1196918000933,,400.1149781001732,400.1196918000933,401.106045700144,401.106045700144,401.1130608001258,401.1345509001985,l,0.023340600077062845,None,4,001,2025-11-03_13h23.07.250,untitled,,2025.1.1,72.19836063456263,2025-11-03 13h23.14.146185 +0530,
67,75,119,291,4,41,l,0.010658599901944399,None,41,4,291,5,401.1432786001824,,401.1382695999928,401.1432786001824,402.1294137001969,402.1294137001969,402.13645140011795,402.1442138000857,l,0.010658599901944399,None,4,001,2025-11-03_13h23.07.250,untitled,,2025.1.1,72.19836063456263,2025-11-03 13h23.14.146185 +0530,
40,55,62,292,5,41,l,0.05148439994081855,None,41,5,292,3,402.1536424001679,,402.1485878000967,402.1536424001679,403.1400129001122,403.1400129001122,403.1470163001213,403.19604529999197,l,0.05148439994081855,None,4,001,2025-11-03_13h23.07.250,untitled,,2025.1.1,72.19836063456263,2025-11-03 13h23.14.146185 +0530,
27,50,21,293,6,41,l,0.6838896998669952,None,41,6,293,2,403.20555850001983,,403.2003297000192,403.20555850001983,404.19184550014324,404.19184550014324,404.1987334000878,404.88014800008386,l,0.6838896998669952,None,4,001,2025-11-03_13h23.07.250,untitled,,2025.1.1,72.19836063456263,2025-11-03 13h23.14.146185 +0530,
11,30,7,294,0,42,t,0.9417612000834197,None,42,0,294,0,404.8898972000461,,404.8845524000935,404.8898972000461,405.869641300058,405.869641300058,405.8835341001395,406.8146032001823,t,0.9417612000834197,None,4,001,2025-11-03_13h23.07.250,untitled,,2025.1.1,72.19836063456263,2025-11-03 13h23.14.146185 +0530,
78,80,162,295,1,42,t,0.05733199999667704,None,42,1,295,6,406.8234977000393,,406.81852720002644,406.8234977000393,407.80993570014834,407.80993570014834,407.81693440000527,407.8727740000468,t,0.05733199999667704,None,4,001,2025-11-03_13h23.07.250,untitled,,2025.1.1,72.19836063456263,2025-11-03 13h23.14.146185 +0530,
49,60,89,296,2,42,t,0.8716197998728603,None,42,2,296,4,407.8813270002138,,407.8767777001485,407.8813270002138,408.8680374000687,408.8680374000687,408.87509480002336,409.74355240003206,t,0.8716197998728603,None,4,001,2025-11-03_13h23.07.250,untitled,,2025.1.1,72.19836063456263,2025-11-03 13h23.14.146185 +0530,
15,35,13,297,3,42,t,1.0156972999684513,None,42,3,297,1,409.7527909001801,,409.74783130013384,409.7527909001801,410.7393064000644,410.7393064000644,410.7466953000985,411.76117740012705,t,1.0156972999684513,None,4,001,2025-11-03_13h23.07.250,untitled,,2025.1.1,72.19836063456263,2025-11-03 13h23.14.146185 +0530,
40,55,62,298,4,42,t,0.12348639988340437,None,42,4,298,3,411.77042300021276,,411.76560680009425,411.77042300021276,412.75677280011587,412.75677280011587,412.76371780014597,412.8824943001382,t,0.12348639988340437,None,4,001,2025-11-03_13h23.07.250,untitled,,2025.1.1,72.19836063456263,2025-11-03 13h23.14.146185 +0530,
67,75,119,299,5,42,t,0.05274860002100468,None,42,5,299,5,412.8912111001555,,412.8864194001071,412.8912111001555,413.877526700031,413.877526700031,413.8846531000454,413.9335827000905,t,0.05274860002100468,None,4,001,2025-11-03_13h23.07.250,untitled,,2025.1.1,72.19836063456263,2025-11-03 13h23.14.146185 +0530,
27,50,21,300,6,42,l,0.1844732000026852,None,42,6,300,2,413.94257590011694,,413.93775430019014,413.94257590011694,414.92901309998706,414.92901309998706,414.935888200067,415.11710540018976,l,0.1844732000026852,None,4,001,2025-11-03_13h23.07.250,untitled,,2025.1.1,72.19836063456263,2025-11-03 13h23.14.146185 +0530,
78,80,162,301,0,43,l,0.08693150011822581,None,43,0,301,6,415.1258368000854,,415.1209756000899,415.1258368000854,416.1121904000174,416.1121904000174,416.11912290006876,416.2030331999995,l,0.08693150011822581,None,4,001,2025-11-03_13h23.07.250,untitled,,2025.1.1,72.19836063456263,2025-11-03 13h23.14.146185 +0530,
40,55,62,302,1,43,t,0.1460719001479447,None,43,1,302,3,416.21207400015555,,416.2072664001025,416.21207400015555,417.1983435000293,417.1983435000293,417.2054169999901,417.3454291000962,t,0.1460719001479447,None,4,001,2025-11-03_13h23.07.250,untitled,,2025.1.1,72.19836063456263,2025-11-03 13h23.14.146185 +0530,
15,35,13,303,2,43,t,0.09069409989751875,None,43,2,303,1,417.36238310020417,,417.35162730002776,417.36238310020417,418.34123740019277,418.34123740019277,418.35528650018387,418.4388447999954,t,0.09069409989751875,None,4,001,2025-11-03_13h23.07.250,untitled,,2025.1.1,72.19836063456263,2025-11-03 13h23.14.146185 +0530,
27,50,21,304,3,43,t,0.8180004998575896,None,43,3,304,2,418.4476344999857,,418.44293750007637,418.4476344999857,419.4339855001308,419.4339855001308,419.4409791000653,420.25384880020283,t,0.8180004998575896,None,4,001,2025-11-03_13h23.07.250,untitled,,2025.1.1,72.19836063456263,2025-11-03 13h23.14.146185 +0530,
11,30,7,305,4,43,l,0.767701500095427,None,43,4,305,0,420.2624792000279,,420.25770070008,420.2624792000279,421.2488549000118,421.2488549000118,421.25586500018835,422.02072880021296,l,0.767701500095427,None,4,001,2025-11-03_13h23.07.250,untitled,,2025.1.1,72.19836063456263,2025-11-03 13h23.14.146185 +0530,
49,60,89,306,5,43,t,0.20117729995399714,None,43,5,306,4,422.0294077000581,,422.02459940011613,422.0294077000581,423.01582690002397,423.01582690002397,423.02294940012507,423.2179958000779,t,0.20117729995399714,None,4,001,2025-11-03_13h23.07.250,untitled,,2025.1.1,72.19836063456263,2025-11-03 13h23.14.146185 +0530,
67,75,119,307,6,43,l,0.22188559989444911,None,43,6,307,5,423.22638070001267,,423.2215588002,423.22638070001267,424.2131629001815,424.2131629001815,424.21949809999205,424.4423292002175,l,0.22188559989444911,None,4,001,2025-11-03_13h23.07.250,untitled,,2025.1.1,72.19836063456263,2025-11-03 13h23.14.146185 +0530,
49,60,89,308,0,44,t,0.08468160009942949,None,44,0,308,4,424.4501404000912,,424.44578020018525,424.4501404000912,425.436627499992,425.436627499992,425.44376880000345,425.5271925001871,t,0.08468160009942949,None,4,001,2025-11-03_13h23.07.250,untitled,,2025.1.1,72.19836063456263,2025-11-03 13h23.14.146185 +0530,
40,55,62,309,1,44,t,0.46933820005506277,None,44,1,309,3,425.53536570002325,,425.5308583001606,425.53536570002325,426.5213941000402,426.5213941000402,426.5287228000816,426.9943893000018,t,0.46933820005506277,None,4,001,2025-11-03_13h23.07.250,untitled,,2025.1.1,72.19836063456263,2025-11-03 13h23.14.146185 +0530,
27,50,21,310,2,44,l,0.35853339987806976,None,44,2,310,2,427.00320840021595,,426.9984184000641,427.00320840021595,427.98970929998904,427.98970929998904,427.99668380012736,428.351112900069,l,0.35853339987806976,None,4,001,2025-11-03_13h23.07.250,untitled,,2025.1.1,72.19836063456263,2025-11-03 13h23.14.146185 +0530,
78,80,162,311,3,44,l,0.2889643998350948,None,44,3,311,6,428.3595497000497,,428.35477990005165,428.3595497000497,429.3459838000126,429.3459838000126,429.35305170016363,429.63835360016674,l,0.2889643998350948,None,4,001,2025-11-03_13h23.07.250,untitled,,2025.1.1,72.19836063456263,2025-11-03 13h23.14.146185 +0530,
67,75,119,312,4,44,l,0.8704474000260234,None,44,4,312,5,429.6476054000668,,429.64230200019665,429.6476054000668,430.63393420004286,430.63393420004286,430.64093830017373,431.50956450006925,l,0.8704474000260234,None,4,001,2025-11-03_13h23.07.250,untitled,,2025.1.1,72.19836063456263,2025-11-03 13h23.14.146185 +0530,
15,35,13,313,5,44,l,0.2927820000331849,None,44,5,313,1,431.51826929999515,,431.5132210000884,431.51826929999515,432.50433520018123,432.50433520018123,432.511528900126,432.8036785000004,l,0.2927820000331849,None,4,001,2025-11-03_13h23.07.250,untitled,,2025.1.1,72.19836063456263,2025-11-03 13h23.14.146185 +0530,
11,30,7,314,6,44,t,0.24178919987753034,None,44,6,314,0,432.8128025000915,,432.80802730005234,432.8128025000915,433.7987929000519,433.7987929000519,433.8059794001747,434.0426506001968,t,0.24178919987753034,None,4,001,2025-11-03_13h23.07.250,untitled,,2025.1.1,72.19836063456263,2025-11-03 13h23.14.146185 +0530,
11,30,7,315,0,45,t,0.15628080000169575,None,45,0,315,0,434.0491550001316,,434.04286440019496,434.0491550001316,435.0351195000112,435.0351195000112,435.0422708000988,435.19580109999515,t,0.15628080000169575,None,4,001,2025-11-03_13h23.07.250,untitled,,2025.1.1,72.19836063456263,2025-11-03 13h23.14.146185 +0530,
49,60,89,316,1,45,t,1.2027181999292225,None,45,1,316,4,435.20559080014937,,435.20048800017685,435.20559080014937,436.184990900103,436.184990900103,436.1987503001001,437.3939737000037,t,1.2027181999292225,None,4,001,2025-11-03_13h23.07.250,untitled,,2025.1.1,72.19836063456263,2025-11-03 13h23.14.146185 +0530,
15,35,13,317,2,45,t,0.33030110015533864,None,45,2,317,1,437.4028385002166,,437.3980808001943,437.4028385002166,438.38935220008716,438.38935220008716,438.39629470021464,438.7235272000544,t,0.33030110015533864,None,4,001,2025-11-03_13h23.07.250,untitled,,2025.1.1,72.19836063456263,2025-11-03 13h23.14.146185 +0530,
67,75,119,318,3,45,l,0.2295297000091523,None,45,3,318,5,438.73224770021625,,438.7268720001448,438.73224770021625,439.7182427002117,439.7182427002117,439.7253330000676,439.948397600092,l,0.2295297000091523,None,4,001,2025-11-03_13h23.07.250,untitled,,2025.1.1,72.19836063456263,2025-11-03 13h23.14.146185 +0530,
78,80,162,319,4,45,l,1.0532521000131965,None,45,4,319,6,439.95696830004454,,439.9518774000462,439.95696830004454,440.9432032001205,440.9432032001205,440.9503124000039,441.9992449001875,l,1.0532521000131965,None,4,001,2025-11-03_13h23.07.250,untitled,,2025.1.1,72.19836063456263,2025-11-03 13h23.14.146185 +0530,
40,55,62,320,5,45,t,0.2558602001518011,None,45,5,320,3,442.00782120018266,,442.0030467000324,442.00782120018266,442.99396560015157,442.99396560015157,443.0013337000273,443.25156390015036,t,0.2558602001518011,None,4,001,2025-11-03_13h23.07.250,untitled,,2025.1.1,72.19836063456263,2025-11-03 13h23.14.146185 +0530,
27,50,21,321,6,45,t,0.19909889996051788,None,45,6,321,2,443.2614775002003,,443.2555088000372,443.2614775002003,444.2478614000138,444.2478614000138,444.25480940006673,444.44969060015865,t,0.19909889996051788,None,4,001,2025-11-03_13h23.07.250,untitled,,2025.1.1,72.19836063456263,2025-11-03 13h23.14.146185 +0530,
27,50,21,322,0,46,t,0.14587910007685423,None,46,0,322,2,444.4562008001376,,444.4498984001111,444.4562008001376,445.4422587000299,445.4422587000299,445.4492103001103,445.58877020003274,t,0.14587910007685423,None,4,001,2025-11-03_13h23.07.250,untitled,,2025.1.1,72.19836063456263,2025-11-03 13h23.14.146185 +0530,
40,55,62,323,1,46,l,0.4250257001258433,None,46,1,323,3,445.5974733000621,,445.59252790012397,445.5974733000621,446.5834751999937,446.5834751999937,446.5907278000377,447.014586500125,l,0.4250257001258433,None,4,001,2025-11-03_13h23.07.250,untitled,,2025.1.1,72.19836063456263,2025-11-03 13h23.14.146185 +0530,
78,80,162,324,2,46,t,0.3141254000365734,None,46,2,324,6,447.02296880003996,,447.0184723001439,447.02296880003996,448.0090973000042,448.0090973000042,448.0162100000307,448.32946120016277,t,0.3141254000365734,None,4,001,2025-11-03_13h23.07.250,untitled,,2025.1.1,72.19836063456263,2025-11-03 13h23.14.146185 +0530,
67,75,119,325,3,46,l,0.2575600000564009,None,46,3,325,5,448.33858700003475,,448.33369660004973,448.33858700003475,449.32478010002524,449.32478010002524,449.3318364000879,449.58927160012536,l,0.2575600000564009,None,4,001,2025-11-03_13h23.07.250,untitled,,2025.1.1,72.19836063456263,2025-11-03 13h23.14.146185 +0530,
15,35,13,326,4,46,t,0.037181599996984005,None,46,4,326,1,449.5982139001135,,449.5937697000336,449.5982139001135,450.58468670002185,450.58468670002185,450.5916125001386,450.6268178001046,t,0.037181599996984005,None,4,001,2025-11-03_13h23.07.250,untitled,,2025.1.1,72.19836063456263,2025-11-03 13h23.14.146185 +0530,
11,30,7,327,5,46,l,0.7005985998548567,None,46,5,327,0,450.63660630001687,,450.6313980000559,450.63660630001687,451.62297170003876,451.62297170003876,451.6300211001653,452.3249536000658,l,0.7005985998548567,None,4,001,2025-11-03_13h23.07.250,untitled,,2025.1.1,72.19836063456263,2025-11-03 13h23.14.146185 +0530,
49,60,89,328,6,46,l,0.3921662999782711,None,46,6,328,4,452.33388600009494,,452.3290327000432,452.33388600009494,453.3202844001353,453.3202844001353,453.3272347000893,453.716698900098,l,0.3921662999782711,None,4,001,2025-11-03_13h23.07.250,untitled,,2025.1.1,72.19836063456263,2025-11-03 13h23.14.146185 +0530,
40,55,62,329,0,47,l,0.30240549985319376,None,47,0,329,3,453.7265159999952,,453.72170300013386,453.7265159999952,454.7129316001665,454.7129316001665,454.719916800037,455.01910870010033,l,0.30240549985319376,None,4,001,2025-11-03_13h23.07.250,untitled,,2025.1.1,72.19836063456263,2025-11-03 13h23.14.146185 +0530,
67,75,119,330,1,47,l,0.2995110999327153,None,47,1,330,5,455.02776850014925,,455.02294510020874,455.02776850014925,456.01417600014247,456.01417600014247,456.0213527001906,456.32007280015387,l,0.2995110999327153,None,4,001,2025-11-03_13h23.07.250,untitled,,2025.1.1,72.19836063456263,2025-11-03 13h23.14.146185 +0530,
27,50,21,331,2,47,l,1.4834018999245018,None,47,2,331,2,456.32833970012143,,456.32385460007936,456.32833970012143,457.3147391001694,457.3147391001694,457.32187300012447,458.8013305000495,l,1.4834018999245018,None,4,001,2025-11-03_13h23.07.250,untitled,,2025.1.1,72.19836063456263,2025-11-03 13h23.14.146185 +0530,
49,60,89,332,3,47,l,2.6980427999515086,None,47,3,332,4,458.8099652000237,,458.8051240001805,458.8099652000237,459.79642700008117,459.79642700008117,459.8033810001798,462.4983351000119,l,2.6980427999515086,None,4,001,2025-11-03_13h23.07.250,untitled,,2025.1.1,72.19836063456263,2025-11-03 13h23.14.146185 +0530,
15,35,13,333,4,47,l,0.0958213999401778,None,47,4,333,1,462.5074940000195,,462.5026911001187,462.5074940000195,463.49358060001396,463.49358060001396,463.5007866001688,463.5915374001488,l,0.0958213999401778,None,4,001,2025-11-03_13h23.07.250,untitled,,2025.1.1,72.19836063456263,2025-11-03 13h23.14.146185 +0530,
11,30,7,334,5,47,t,0.23991340002976358,None,47,5,334,0,463.600211400073,,463.5953058002051,463.600211400073,464.58670120011084,464.58670120011084,464.5936638000421,464.8306456999853,t,0.23991340002976358,None,4,001,2025-11-03_13h23.07.250,untitled,,2025.1.1,72.19836063456263,2025-11-03 13h23.14.146185 +0530,
78,80,162,335,6,47,t,0.015471299877390265,None,47,6,335,6,464.8393320001196,,464.83441870007664,464.8393320001196,465.8259212002158,465.8259212002158,465.83291080011986,465.8469134999905,t,0.015471299877390265,None,4,001,2025-11-03_13h23.07.250,untitled,,2025.1.1,72.19836063456263,2025-11-03 13h23.14.146185 +0530,
11,30,7,336,0,48,t,0.07379469997249544,None,48,0,336,0,465.85604000021704,,465.8511952001136,465.85604000021704,466.8426704001613,466.8426704001613,466.8492037001997,466.9195429000538,t,0.07379469997249544,None,4,001,2025-11-03_13h23.07.250,untitled,,2025.1.1,72.19836063456263,2025-11-03 13h23.14.146185 +0530,
40,55,62,337,1,48,t,0.08768550003878772,None,48,1,337,3,466.92913300008513,,466.923773100134,466.92913300008513,467.91508650011383,467.91508650011383,467.922312800074,468.0058652001899,t,0.08768550003878772,None,4,001,2025-11-03_13h23.07.250,untitled,,2025.1.1,72.19836063456263,2025-11-03 13h23.14.146185 +0530,
27,50,21,338,2,48,t,0.09198020002804697,None,48,2,338,2,468.01456730021164,,468.0096321001183,468.01456730021164,469.0008960000705,469.0008960000705,469.00794800021686,469.09869760018773,t,0.09198020002804697,None,4,001,2025-11-03_13h23.07.250,untitled,,2025.1.1,72.19836063456263,2025-11-03 13h23.14.146185 +0530,
49,60,89,339,3,48,t,0.15052600018680096,None,48,3,339,4,469.10759880021214,,469.10274190013297,469.10759880021214,470.09400580008514,470.09400580008514,470.1010130001232,470.24711870006286,t,0.15052600018680096,None,4,001,2025-11-03_13h23.07.250,untitled,,2025.1.1,72.19836063456263,2025-11-03 13h23.14.146185 +0530,
15,35,13,340,4,48,t,0.15538319991901517,None,48,4,340,1,470.2559631001204,,470.2512575001456,470.2559631001204,471.24237490003,471.24237490003,471.24943540012464,471.4027031001169,t,0.15538319991901517,None,4,001,2025-11-03_13h23.07.250,untitled,,2025.1.1,72.19836063456263,2025-11-03 13h23.14.146185 +0530,
67,75,119,341,5,48,l,0.194918799912557,None,48,5,341,5,471.4119061999954,,471.4070705000777,471.4119061999954,472.399800500134,472.399800500134,472.4069090001285,472.6017812001519,l,0.194918799912557,None,4,001,2025-11-03_13h23.07.250,untitled,,2025.1.1,72.19836063456263,2025-11-03 13h23.14.146185 +0530,
78,80,162,342,6,48,t,0.06365230004303157,None,48,6,342,6,472.6097892001271,,472.60540780005977,472.6097892001271,473.59611360006966,473.59611360006966,473.60307620000094,473.6661055001896,t,0.06365230004303157,None,4,001,2025-11-03_13h23.07.250,untitled,,2025.1.1,72.19836063456263,2025-11-03 13h23.14.146185 +0530,
78,80,162,343,0,49,l,0.041826299857348204,None,49,0,343,6,473.67229350004345,,473.66631820006296,473.67229350004345,474.6587553001009,474.6587553001009,474.66597700002603,474.7075126999989,l,0.041826299857348204,None,4,001,2025-11-03_13h23.07.250,untitled,,2025.1.1,72.19836063456263,2025-11-03 13h23.14.146185 +0530,
15,35,13,344,1,49,l,0.1356744000222534,None,49,1,344,1,474.7165150002111,,474.7118659000844,474.7165150002111,475.7058735000901,475.7058735000901,475.7058735000901,475.8449441001285,l,0.1356744000222534,None,4,001,2025-11-03_13h23.07.250,untitled,,2025.1.1,72.19836063456263,2025-11-03 13h23.14.146185 +0530,
49,60,89,345,2,49,l,0.6876038999762386,None,49,2,345,4,475.8537537001539,,475.8489232000429,475.8537537001539,476.8402784001082,476.8402784001082,476.8472087001428,477.53492380003445,l,0.6876038999762386,None,4,001,2025-11-03_13h23.07.250,untitled,,2025.1.1,72.19836063456263,2025-11-03 13h23.14.146185 +0530,
40,55,62,346,3,49,l,0.048775200033560395,None,49,3,346,3,477.54312960011885,,477.53872660011984,477.54312960011885,478.52945410017855,478.52945410017855,478.53645860007964,478.5789695000276,l,0.048775200033560395,None,4,001,2025-11-03_13h23.07.250,untitled,,2025.1.1,72.19836063456263,2025-11-03 13h23.14.146185 +0530,
11,30,7,347,4,49,l,0.27612080005928874,None,49,4,347,0,478.58760070009157,,478.5826960001141,478.58760070009157,479.57403880008496,479.57403880008496,479.5811478001997,479.85226900014095,l,0.27612080005928874,None,4,001,2025-11-03_13h23.07.250,untitled,,2025.1.1,72.19836063456263,2025-11-03 13h23.14.146185 +0530,
67,75,119,348,5,49,l,0.209716800134629,None,49,5,348,5,479.8610959001817,,479.8563189001288,479.8610959001817,480.84765930008143,480.84765930008143,480.85455460008234,481.0635466000531,l,0.209716800134629,None,4,001,2025-11-03_13h23.07.250,untitled,,2025.1.1,72.19836063456263,2025-11-03 13h23.14.146185 +0530,
27,50,21,349,6,49,t,0.07327660010196269,None,49,6,349,2,481.0727100002114,,481.067948800046,481.0727100002114,482.05921249999665,482.05921249999665,482.06612360011786,482.1360435001552,t,0.07327660010196269,None,4,001,2025-11-03_13h23.07.250,untitled,,2025.1.1,72.19836063456263,2025-11-03 13h23.14.146185 +0530,
67,75,119,350,0,50,t,0.046240400057286024,None,50,0,350,5,482.14469490014017,,482.13988930010237,482.14469490014017,483.1311153001152,483.1311153001152,483.13812820008025,483.1799357000273,t,0.046240400057286024,None,4,001,2025-11-03_13h23.07.250,untitled,,2025.1.1,72.19836063456263,2025-11-03 13h23.14.146185 +0530,
11,30,7,351,1,50,t,0.11133490013889968,None,50,1,351,0,483.1884260000661,,483.18362270016223,483.1884260000661,484.17483830009587,484.17483830009587,484.1819017000962,484.2931628001388,t,0.11133490013889968,None,4,001,2025-11-03_13h23.07.250,untitled,,2025.1.1,72.19836063456263,2025-11-03 13h23.14.146185 +0530,
15,35,13,352,2,50,t,0.03703110013157129,None,50,2,352,1,484.30258830008097,,484.29748290008865,484.30258830008097,485.28896969999187,485.28896969999187,485.2956231001299,485.33106410014443,t,0.03703110013157129,None,4,001,2025-11-03_13h23.07.250,untitled,,2025.1.1,72.19836063456263,2025-11-03 13h23.14.146185 +0530,
49,60,89,353,3,50,t,0.03846260020509362,None,50,3,353,4,485.3396819999907,,485.33497359999456,485.3396819999907,486.32694280007854,486.32694280007854,486.3331630001776,486.3684115000069,t,0.03846260020509362,None,4,001,2025-11-03_13h23.07.250,untitled,,2025.1.1,72.19836063456263,2025-11-03 13h23.14.146185 +0530,
27,50,21,354,4,50,t,0.04283900000154972,None,50,4,354,2,486.377081300132,,486.3720540001523,486.377081300132,487.3634906001389,487.3634906001389,487.37037390004843,487.4127570001874,t,0.04283900000154972,None,4,001,2025-11-03_13h23.07.250,untitled,,2025.1.1,72.19836063456263,2025-11-03 13h23.14.146185 +0530,
40,55,62,355,5,50,t,0.9208736999426037,None,50,5,355,3,487.4214992001653,,487.41646910016425,487.4214992001653,488.40748070017435,488.40748070017435,488.41456280020066,489.3318191000726,t,0.9208736999426037,None,4,001,2025-11-03_13h23.07.250,untitled,,2025.1.1,72.19836063456263,2025-11-03 13h23.14.146185 +0530,
78,80,162,356,6,50,t,0.007162499940022826,None,50,6,356,6,489.3403840002138,,489.33560390002094,489.3403840002138,490.32682640012354,490.32682640012354,490.33397680008784,490.340846600011,t,0.007162499940022826,None,4,001,2025-11-03_13h23.07.250,untitled,,2025.1.1,72.19836063456263,2025-11-03 13h23.14.146185 +0530,
78,80,162,357,0,51,t,0.2611295999959111,None,51,0,357,6,490.3477559001185,,490.34105370007455,490.3477559001185,491.3339371001348,491.3339371001348,491.340781400213,491.598090399988,t,0.2611295999959111,None,4,001,2025-11-03_13h23.07.250,untitled,,2025.1.1,72.19836063456263,2025-11-03 13h23.14.146185 +0530,
15,35,13,358,1,51,t,0.23010529996827245,None,51,1,358,1,491.61567000020295,,491.6033708001487,491.61567000020295,492.5874412001576,492.5874412001576,492.60871749999933,492.8240414999891,t,0.23010529996827245,None,4,001,2025-11-03_13h23.07.250,untitled,,2025.1.1,72.19836063456263,2025-11-03 13h23.14.146185 +0530,
40,55,62,359,2,51,t,1.1541251000016928,None,51,2,359,3,492.83225099998526,,492.8278640001081,492.83225099998526,493.818623600062,493.818623600062,493.8256428001914,494.97918330016546,t,1.1541251000016928,None,4,001,2025-11-03_13h23.07.250,untitled,,2025.1.1,72.19836063456263,2025-11-03 13h23.14.146185 +0530,
67,75,119,360,3,51,l,0.2264199999626726,None,51,3,360,5,494.98758340021595,,494.98316800012253,494.98758340021595,495.97377540008165,495.97377540008165,495.981071599992,496.2036766000092,l,0.2264199999626726,None,4,001,2025-11-03_13h23.07.250,untitled,,2025.1.1,72.19836063456263,2025-11-03 13h23.14.146185 +0530,
11,30,7,361,4,51,l,0.21751580014824867,None,51,4,361,0,496.21322150016204,,496.20790100004524,496.21322150016204,497.1997905999888,497.1997905999888,497.2063492999878,497.422366600018,l,0.21751580014824867,None,4,001,2025-11-03_13h23.07.250,untitled,,2025.1.1,72.19836063456263,2025-11-03 13h23.14.146185 +0530,
49,60,89,362,5,51,l,0.33775489986874163,None,51,5,362,4,497.43096320005134,,497.42621200019494,497.43096320005134,498.4174374002032,498.4174374002032,498.42445800011046,498.7582524002064,l,0.33775489986874163,None,4,001,2025-11-03_13h23.07.250,untitled,,2025.1.1,72.19836063456263,2025-11-03 13h23.14.146185 +0530,
27,50,21,363,6,51,t,0.2343404998537153,None,51,6,363,2,498.7664878000505,,498.7617286001332,498.7664878000505,499.75303010013886,499.75303010013886,499.76004860014655,499.98958669998683,t,0.2343404998537153,None,4,001,2025-11-03_13h23.07.250,untitled,,2025.1.1,72.19836063456263,2025-11-03 13h23.14.146185 +0530,
40,55,62,364,0,52,t,0.14371490012854338,None,52,0,364,3,499.9977837000042,,499.9930599001236,499.9977837000042,500.9843023000285,500.9843023000285,500.9913526000455,501.1307065000292,t,0.14371490012854338,None,4,001,2025-11-03_13h23.07.250,untitled,,2025.1.1,72.19836063456263,2025-11-03 13h23.14.146185 +0530,
27,50,21,365,1,52,t,0.13932439987547696,None,52,1,365,2,501.13921739999205,,501.1342094000429,501.13921739999205,502.12554710009135,502.12554710009135,502.1325605001766,502.27188190002926,t,0.13932439987547696,None,4,001,2025-11-03_13h23.07.250,untitled,,2025.1.1,72.19836063456263,2025-11-03 13h23.14.146185 +0530,
49,60,89,366,2,52,t,0.20444099977612495,None,52,2,366,4,502.28009110013954,,502.2757061000448,502.28009110013954,503.26652680011466,503.26652680011466,503.27358750021085,503.47557490016334,t,0.20444099977612495,None,4,001,2025-11-03_13h23.07.250,untitled,,2025.1.1,72.19836063456263,2025-11-03 13h23.14.146185 +0530,
78,80,162,367,3,52,t,0.32415650016628206,None,52,3,367,6,503.4843435001094,,503.47929280018434,503.4843435001094,504.47086190013215,504.47086190013215,504.4777402000036,504.79796510003507,t,0.32415650016628206,None,4,001,2025-11-03_13h23.07.250,untitled,,2025.1.1,72.19836063456263,2025-11-03 13h23.14.146185 +0530,
67,75,119,368,4,52,t,0.39952350012026727,None,52,4,368,5,504.8073840001598,,504.8017967999913,504.8073840001598,505.79366310010664,505.79366310010664,505.800634900108,506.19690720015205,t,0.39952350012026727,None,4,001,2025-11-03_13h23.07.250,untitled,,2025.1.1,72.19836063456263,2025-11-03 13h23.14.146185 +0530,
11,30,7,369,5,52,l,0.5354853000026196,None,52,5,369,0,506.2064226001967,,506.2014603000134,506.2064226001967,507.19254680001177,507.19254680001177,507.1995478000026,507.7349574000109,l,0.5354853000026196,None,4,001,2025-11-03_13h23.07.250,untitled,,2025.1.1,72.19836063456263,2025-11-03 13h23.14.146185 +0530,
15,35,13,370,6,52,l,14.635872500017285,None,52,6,370,1,507.74440110009164,,507.73985600005835,507.74440110009164,508.7308633001521,508.7308633001521,508.7378136999905,523.3696824000217,l,14.635872500017285,None,4,001,2025-11-03_13h23.07.250,untitled,,2025.1.1,72.19836063456263,2025-11-03 13h23.14.146185 +0530,
27,50,21,371,0,53,l,5.724235399859026,None,53,0,371,2,523.3795436001383,,523.374160700012,523.3795436001383,524.3590438000392,524.3590438000392,524.3729949002154,530.0904018001165,l,5.724235399859026,None,4,001,2025-11-03_13h23.07.250,untitled,,2025.1.1,72.19836063456263,2025-11-03 13h23.14.146185 +0530,
15,35,13,372,1,53,t,2.97194610000588,None,53,1,372,1,530.0995532001834,,530.0950586001854,530.0995532001834,531.0859327001963,531.0859327001963,531.0928723001853,534.0624586001504,t,2.97194610000588,None,4,001,2025-11-03_13h23.07.250,untitled,,2025.1.1,72.19836063456263,2025-11-03 13h23.14.146185 +0530,
11,30,7,373,2,53,t,0.35134899988770485,None,53,2,373,0,534.0719837001525,,534.0669271000661,534.0719837001525,535.058298200136,535.058298200136,535.0652568000369,535.4130375999957,t,0.35134899988770485,None,4,001,2025-11-03_13h23.07.250,untitled,,2025.1.1,72.19836063456263,2025-11-03 13h23.14.146185 +0530,
67,75,119,374,3,53,t,0.2335995000321418,None,53,3,374,5,535.4220675001852,,535.4169503999874,535.4220675001852,536.4084548000246,536.4084548000246,536.4153148999903,536.6450303001329,t,0.2335995000321418,None,4,001,2025-11-03_13h23.07.250,untitled,,2025.1.1,72.19836063456263,2025-11-03 13h23.14.146185 +0530,
40,55,62,375,4,53,t,0.9761512000113726,None,53,4,375,3,536.6538117001764,,536.6488978001289,536.6538117001764,537.6402783000376,537.6402783000376,537.6472252001986,538.6199101000093,t,0.9761512000113726,None,4,001,2025-11-03_13h23.07.250,untitled,,2025.1.1,72.19836063456263,2025-11-03 13h23.14.146185 +0530,
49,60,89,376,5,53,l,0.263667399995029,None,53,5,376,4,538.6286669000983,,538.6236595001537,538.6286669000983,539.615305100102,539.615305100102,539.6222868000623,539.8802724000998,l,0.263667399995029,None,4,001,2025-11-03_13h23.07.250,untitled,,2025.1.1,72.19836063456263,2025-11-03 13h23.14.146185 +0530,
78,80,162,377,6,53,l,0.3122078999876976,None,53,6,377,6,539.8889816000592,,539.8839480001479,539.8889816000592,540.8754664000589,540.8754664000589,540.8823706000112,541.1886601001024,l,0.3122078999876976,None,4,001,2025-11-03_13h23.07.250,untitled,,2025.1.1,72.19836063456263,2025-11-03 13h23.14.146185 +0530,
15,35,13,378,0,54,t,0.21417480008676648,None,54,0,378,1,541.1978053001221,,541.1927326000296,541.1978053001221,542.1844254999887,542.1844254999887,542.1914599000011,542.4003742001951,t,0.21417480008676648,None,4,001,2025-11-03_13h23.07.250,untitled,,2025.1.1,72.19836063456263,2025-11-03 13h23.14.146185 +0530,
11,30,7,379,1,54,l,0.25489900005050004,None,54,1,379,0,542.4096597000025,,542.4045909000561,542.4096597000025,543.3957553000655,543.3957553000655,543.4031412000768,543.6535273001064,l,0.25489900005050004,None,4,001,2025-11-03_13h23.07.250,untitled,,2025.1.1,72.19836063456263,2025-11-03 13h23.14.146185 +0530,
78,80,162,380,2,54,l,0.06630710000172257,None,54,2,380,6,543.6630863000173,,543.6575444000773,543.6630863000173,544.6496606001165,544.6496606001165,544.6566983000375,544.7195830000564,l,0.06630710000172257,None,4,001,2025-11-03_13h23.07.250,untitled,,2025.1.1,72.19836063456263,2025-11-03 13h23.14.146185 +0530,
67,75,119,381,3,54,t,0.08642429998144507,None,54,3,381,5,544.7296581000555,,544.7235474002082,544.7296581000555,545.7159090000205,545.7159090000205,545.7228318999987,545.8067001001909,t,0.08642429998144507,None,4,001,2025-11-03_13h23.07.250,untitled,,2025.1.1,72.19836063456263,2025-11-03 13h23.14.146185 +0530,
49,60,89,382,4,54,l,0.1673925002105534,None,54,4,382,4,545.8160600000992,,545.8112060001586,545.8160600000992,546.8021568001714,546.8021568001714,546.8092066000681,546.9765643000137,l,0.1673925002105534,None,4,001,2025-11-03_13h23.07.250,untitled,,2025.1.1,72.19836063456263,2025-11-03 13h23.14.146185 +0530,
27,50,21,383,5,54,t,0.037791899871081114,None,54,5,383,2,546.9848836001474,,546.9803691999987,546.9848836001474,547.9712760001421,547.9712760001421,547.9782374000642,548.0137165000197,t,0.037791899871081114,None,4,001,2025-11-03_13h23.07.250,untitled,,2025.1.1,72.19836063456263,2025-11-03 13h23.14.146185 +0530,
40,55,62,384,6,54,l,0.247640399960801,None,54,6,384,3,548.0230362000875,,548.0180506000761,548.0230362000875,549.0093365001958,549.0093365001958,549.016256300034,549.2599327000789,l,0.247640399960801,None,4,001,2025-11-03_13h23.07.250,untitled,,2025.1.1,72.19836063456263,2025-11-03 13h23.14.146185 +0530,
27,50,21,385,0,55,t,0.1332456001546234,None,55,0,385,2,549.2689019001555,,549.2640134000685,549.2689019001555,550.2553758001886,550.2553758001886,550.2623840000015,550.3945409001317,t,0.1332456001546234,None,4,001,2025-11-03_13h23.07.250,untitled,,2025.1.1,72.19836063456263,2025-11-03 13h23.14.146185 +0530,
15,35,13,386,1,55,t,0.012940000044181943,None,55,1,386,1,550.4040429000743,,550.3991598000284,550.4040429000743,551.3904744000174,551.3904744000174,551.3975179002155,551.4048495001625,t,0.012940000044181943,None,4,001,2025-11-03_13h23.07.250,untitled,,2025.1.1,72.19836063456263,2025-11-03 13h23.14.146185 +0530,
40,55,62,387,2,55,t,0.2559936000034213,None,55,2,387,3,551.4141206000932,,551.4091557001229,551.4141206000932,552.400605100207,552.400605100207,552.4076274000108,552.6580505000893,t,0.2559936000034213,None,4,001,2025-11-03_13h23.07.250,untitled,,2025.1.1,72.19836063456263,2025-11-03 13h23.14.146185 +0530,
78,80,162,388,3,55,t,0.25045829988084733,None,55,3,388,6,552.6664774999954,,552.6616075001657,552.6664774999954,553.6528268000111,553.6528268000111,553.6600239002146,553.9100866001099,t,0.25045829988084733,None,4,001,2025-11-03_13h23.07.250,untitled,,2025.1.1,72.19836063456263,2025-11-03 13h23.14.146185 +0530,
67,75,119,389,4,55,l,0.22916379990056157,None,55,4,389,5,553.9187287001405,,553.9139430001378,553.9187287001405,554.9052084002178,554.9052084002178,554.9121285001747,555.1351360001136,l,0.22916379990056157,None,4,001,2025-11-03_13h23.07.250,untitled,,2025.1.1,72.19836063456263,2025-11-03 13h23.14.146185 +0530,
49,60,89,390,5,55,l,0.45870680012740195,None,55,5,390,4,555.1436986001208,,555.1388822000008,555.1436986001208,556.1298017001245,556.1298017001245,556.1369917001575,556.5892704001162,l,0.45870680012740195,None,4,001,2025-11-03_13h23.07.250,untitled,,2025.1.1,72.19836063456263,2025-11-03 13h23.14.146185 +0530,
11,30,7,391,6,55,l,0.0594390002079308,None,55,6,391,0,556.5978438002057,,556.5929415000137,556.5978438002057,557.5842350001913,557.5842350001913,557.5909125001635,557.6471706000157,l,0.0594390002079308,None,4,001,2025-11-03_13h23.07.250,untitled,,2025.1.1,72.19836063456263,2025-11-03 13h23.14.146185 +0530,
15,35,13,392,0,56,t,0.37501799990423024,None,56,0,392,1,557.6560597000644,,557.651277200086,557.6560597000644,558.6425276000518,558.6425276000518,558.6495904000476,559.0250208000652,t,0.37501799990423024,None,4,001,2025-11-03_13h23.07.250,untitled,,2025.1.1,72.19836063456263,2025-11-03 13h23.14.146185 +0530,
49,60,89,393,1,56,t,0.11826719995588064,None,56,1,393,4,559.0334313001949,,559.0290071000345,559.0334313001949,560.0199655999895,560.0199655999895,560.0266108000651,560.1453035001177,t,0.11826719995588064,None,4,001,2025-11-03_13h23.07.250,untitled,,2025.1.1,72.19836063456263,2025-11-03 13h23.14.146185 +0530,
67,75,119,394,2,56,t,0.3013410000130534,None,56,2,394,5,560.1534171001986,,560.1489310001489,560.1534171001986,561.1395074999891,561.1395074999891,561.1469501000829,561.4457392999902,t,0.3013410000130534,None,4,001,2025-11-03_13h23.07.250,untitled,,2025.1.1,72.19836063456263,2025-11-03 13h23.14.146185 +0530,
40,55,62,395,3,56,l,0.1202628999017179,None,56,3,395,3,561.4543457000982,,561.4495236000512,561.4543457000982,562.5515213999897,562.5515213999897,562.5638553001918,562.6747239001561,l,0.1202628999017179,None,4,001,2025-11-03_13h23.07.250,untitled,,2025.1.1,72.19836063456263,2025-11-03 13h23.14.146185 +0530,
78,80,162,396,4,56,t,0.19015879998914897,None,56,4,396,6,562.6835824002046,,562.6787982000969,562.6835824002046,563.6701206001453,563.6701206001453,563.6770840000827,563.8653886001557,t,0.19015879998914897,None,4,001,2025-11-03_13h23.07.250,untitled,,2025.1.1,72.19836063456263,2025-11-03 13h23.14.146185 +0530,
27,50,21,397,5,56,l,0.12956140004098415,None,56,5,397,2,563.8752183001488,,563.8701677001081,563.8752183001488,564.8615550000686,564.8615550000686,564.8684817000758,564.9940167001914,l,0.12956140004098415,None,4,001,2025-11-03_13h23.07.250,untitled,,2025.1.1,72.19836063456263,2025-11-03 13h23.14.146185 +0530,
11,30,7,398,6,56,t,0.13884919998236,None,56,6,398,0,565.0028213001788,,564.9980111999903,565.0028213001788,565.989526099991,565.989526099991,565.996297800215,566.1353259000462,t,0.13884919998236,None,4,001,2025-11-03_13h23.07.250,untitled,,2025.1.1,72.19836063456263,2025-11-03 13h23.14.146185 +0530,
40,55,62,399,0,57,l,0.21329099987633526,None,57,0,399,3,566.1438029001001,,566.1393883000128,566.1438029001001,567.1305291000754,567.1305291000754,567.1369371002074,567.3458781000227,l,0.21329099987633526,None,4,001,2025-11-03_13h23.07.250,untitled,,2025.1.1,72.19836063456263,2025-11-03 13h23.14.146185 +0530,
78,80,162,400,1,57,l,0.07409230014309287,None,57,1,400,6,567.3543565000873,,567.3496358999982,567.3543565000873,568.3408536000643,568.3408536000643,568.3478276000824,568.4177138002124,l,0.07409230014309287,None,4,001,2025-11-03_13h23.07.250,untitled,,2025.1.1,72.19836063456263,2025-11-03 13h23.14.146185 +0530,
67,75,119,401,2,57,t,0.05798269994556904,None,57,2,401,5,568.4352100000251,,568.423431500094,568.4352100000251,569.4070114002097,569.4070114002097,569.4281975000631,569.4701472001616,t,0.05798269994556904,None,4,001,2025-11-03_13h23.07.250,untitled,,2025.1.1,72.19836063456263,2025-11-03 13h23.14.146185 +0530,
27,50,21,402,3,57,t,0.04886629991233349,None,57,3,402,2,569.4797442001291,,569.4748968000058,569.4797442001291,570.4662522000726,570.4662522000726,570.4733123001643,570.5221212999895,t,0.04886629991233349,None,4,001,2025-11-03_13h23.07.250,untitled,,2025.1.1,72.19836063456263,2025-11-03 13h23.14.146185 +0530,
11,30,7,403,4,57,t,0.1747277001850307,None,57,4,403,0,570.5316232000478,,570.5267218002118,570.5316232000478,571.5181748000905,571.5181748000905,571.5250842000823,571.6989863000344,t,0.1747277001850307,None,4,001,2025-11-03_13h23.07.250,untitled,,2025.1.1,72.19836063456263,2025-11-03 13h23.14.146185 +0530,
15,35,13,404,5,57,l,0.18082340015098453,None,57,5,404,1,571.7087258000392,,571.7037577000447,571.7087258000392,572.6881123001222,572.6881123001222,572.7018022001721,572.8760968002025,l,0.18082340015098453,None,4,001,2025-11-03_13h23.07.250,untitled,,2025.1.1,72.19836063456263,2025-11-03 13h23.14.146185 +0530,
49,60,89,405,6,57,l,0.045004099840298295,None,57,6,405,4,572.8854373001959,,572.8802881001029,572.8854373001959,573.8717563000973,573.8717563000973,573.8786677001044,573.920702900039,l,0.045004099840298295,None,4,001,2025-11-03_13h23.07.250,untitled,,2025.1.1,72.19836063456263,2025-11-03 13h23.14.146185 +0530,
15,35,13,406,0,58,t,0.16879300004802644,None,58,0,406,1,573.9302376999985,,573.9253344000317,573.9302376999985,574.9166104001924,574.9166104001924,574.9237528000958,575.0907022000756,t,0.16879300004802644,None,4,001,2025-11-03_13h23.07.250,untitled,,2025.1.1,72.19836063456263,2025-11-03 13h23.14.146185 +0530,
67,75,119,407,1,58,t,0.07418009988032281,None,58,1,407,5,575.0995527000632,,575.0947613001335,575.0995527000632,576.0861255000345,576.0861255000345,576.0929708001204,576.1628390001133,t,0.07418009988032281,None,4,001,2025-11-03_13h23.07.250,untitled,,2025.1.1,72.19836063456263,2025-11-03 13h23.14.146185 +0530,
27,50,21,408,2,58,l,0.1285317000001669,None,58,2,408,2,576.1724156001583,,576.167515899986,576.1724156001583,577.1588122001849,577.1588122001849,577.1658219001256,577.2913345000707,l,0.1285317000001669,None,4,001,2025-11-03_13h23.07.250,untitled,,2025.1.1,72.19836063456263,2025-11-03 13h23.14.146185 +0530,
40,55,62,409,3,58,l,0.05989959998987615,None,58,3,409,3,577.3006478000898,,577.2958584001753,577.3006478000898,578.2871040001046,578.2871040001046,578.294126200024,578.3501907000318,l,0.05989959998987615,None,4,001,2025-11-03_13h23.07.250,untitled,,2025.1.1,72.19836063456263,2025-11-03 13h23.14.146185 +0530,
78,80,162,410,4,58,t,0.07618660014122725,None,58,4,410,6,578.3593478000257,,578.3543695001863,578.3593478000257,579.3461661001202,579.3461661001202,579.3531657001004,579.4233113001101,t,0.07618660014122725,None,4,001,2025-11-03_13h23.07.250,untitled,,2025.1.1,72.19836063456263,2025-11-03 13h23.14.146185 +0530,
49,60,89,411,5,58,t,0.0036285000387579203,None,58,5,411,4,579.4327232001815,,579.4279704000801,579.4327232001815,580.4192602001131,580.4192602001131,580.4261302000377,580.4268594000023,t,0.0036285000387579203,None,4,001,2025-11-03_13h23.07.250,untitled,,2025.1.1,72.19836063456263,2025-11-03 13h23.14.146185 +0530,
11,30,7,412,6,58,l,0.6710966001264751,None,58,6,412,0,580.4364765000064,,580.4315108000301,580.4364765000064,581.4229323000181,581.4229323000181,581.4300252001267,582.0970867001452,l,0.6710966001264751,None,4,001,2025-11-03_13h23.07.250,untitled,,2025.1.1,72.19836063456263,2025-11-03 13h23.14.146185 +0530,
78,80,162,413,0,59,t,0.06142000015825033,None,59,0,413,6,582.1063287002034,,582.1015018001199,582.1063287002034,583.0925998000894,583.0925998000894,583.099655700149,583.1557318000123,t,0.06142000015825033,None,4,001,2025-11-03_13h23.07.250,untitled,,2025.1.1,72.19836063456263,2025-11-03 13h23.14.146185 +0530,
27,50,21,414,1,59,l,0.0004991998430341482,None,59,1,414,2,583.1648075000849,,583.1597899000626,583.1648075000849,584.151426800061,584.151426800061,584.1583118000999,584.1590055001434,l,0.0004991998430341482,None,4,001,2025-11-03_13h23.07.250,untitled,,2025.1.1,72.19836063456263,2025-11-03 13h23.14.146185 +0530,
15,35,13,415,2,59,t,0.09171639988198876,None,59,2,415,1,584.1685282001272,,584.1637151001487,584.1685282001272,585.1546532001812,585.1546532001812,585.1617072999943,585.2520306000952,t,0.09171639988198876,None,4,001,2025-11-03_13h23.07.250,untitled,,2025.1.1,72.19836063456263,2025-11-03 13h23.14.146185 +0530,
40,55,62,416,3,59,l,0.018388799857348204,None,59,3,416,3,585.2607415001839,,585.2561574000865,585.2607415001839,586.2472687000409,586.2472687000409,586.2544533000328,586.2685529000591,l,0.018388799857348204,None,4,001,2025-11-03_13h23.07.250,untitled,,2025.1.1,72.19836063456263,2025-11-03 13h23.14.146185 +0530,
49,60,89,417,4,59,t,0.17516260012052953,None,59,4,417,4,586.2781756999902,,586.2726938000415,586.2781756999902,587.2642265001778,587.2642265001778,587.2711715002079,587.4450996001251,t,0.17516260012052953,None,4,001,2025-11-03_13h23.07.250,untitled,,2025.1.1,72.19836063456263,2025-11-03 13h23.14.146185 +0530,
11,30,7,418,5,59,t,0.09781559999100864,None,59,5,418,0,587.4538104000967,,587.4489316002,587.4538104000967,588.4402511001099,588.4402511001099,588.4468481000513,588.545003300067,t,0.09781559999100864,None,4,001,2025-11-03_13h23.07.250,untitled,,2025.1.1,72.19836063456263,2025-11-03 13h23.14.146185 +0530,
67,75,119,419,6,59,t,0.07938020001165569,None,59,6,419,5,588.5538376001641,,588.5494256000966,588.5538376001641,589.5404304000549,589.5404304000549,589.5469076000154,589.6242678000126,t,0.07938020001165569,None,4,001,2025-11-03_13h23.07.250,untitled,,2025.1.1,72.19836063456263,2025-11-03 13h23.14.146185 +0530,
78,80,162,420,0,60,t,0.14022949989885092,None,60,0,420,6,589.6329504000023,,589.6280070000794,589.6329504000023,590.6194933000952,590.6194933000952,590.6265553000849,590.7657444002107,t,0.14022949989885092,None,4,001,2025-11-03_13h23.07.250,untitled,,2025.1.1,72.19836063456263,2025-11-03 13h23.14.146185 +0530,
49,60,89,421,1,60,l,0.0881046000868082,None,60,1,421,4,590.774760800181,,590.7699373001233,590.774760800181,591.7616501001175,591.7616501001175,591.7681774999946,591.8523901000153,l,0.0881046000868082,None,4,001,2025-11-03_13h23.07.250,untitled,,2025.1.1,72.19836063456263,2025-11-03 13h23.14.146185 +0530,
27,50,21,422,2,60,l,0.05931279994547367,None,60,2,422,2,591.8610863999929,,591.8562257001176,591.8610863999929,592.8471453001257,592.8471453001257,592.8543416000903,592.9104041000828,l,0.05931279994547367,None,4,001,2025-11-03_13h23.07.250,untitled,,2025.1.1,72.19836063456263,2025-11-03 13h23.14.146185 +0530,
15,35,13,423,3,60,t,0.12716959998942912,None,60,3,423,1,592.9189960001968,,592.9142565000802,592.9189960001968,593.9053133002017,593.9053133002017,593.9123136000708,594.038000300061,t,0.12716959998942912,None,4,001,2025-11-03_13h23.07.250,untitled,,2025.1.1,72.19836063456263,2025-11-03 13h23.14.146185 +0530,
67,75,119,424,4,60,t,0.10028779995627701,None,60,4,424,5,594.0465050002094,,594.0416967000347,594.0465050002094,595.0328648001887,595.0328648001887,595.040144600207,595.1377711000387,t,0.10028779995627701,None,4,001,2025-11-03_13h23.07.250,untitled,,2025.1.1,72.19836063456263,2025-11-03 13h23.14.146185 +0530,
40,55,62,425,5,60,t,0.10102110006846488,None,60,5,425,3,595.1466020001099,,595.1417577001266,595.1466020001099,596.1330887000076,596.1330887000076,596.1402481000405,596.2379889001604,t,0.10102110006846488,None,4,001,2025-11-03_13h23.07.250,untitled,,2025.1.1,72.19836063456263,2025-11-03 13h23.14.146185 +0530,
11,30,7,426,6,60,t,0.07686899998225272,None,60,6,426,0,596.2463312000036,,596.2414893000387,596.2463312000036,597.2325715001207,597.2325715001207,597.2401372999884,597.3165983001236,t,0.07686899998225272,None,4,001,2025-11-03_13h23.07.250,untitled,,2025.1.1,72.19836063456263,2025-11-03 13h23.14.146185 +0530,
78,80,162,427,0,61,t,0.3658934000413865,None,61,0,427,6,597.3264019000344,,597.3212555001955,597.3264019000344,598.3125999001786,598.3125999001786,598.3195760000963,598.6814885002095,t,0.3658934000413865,None,4,001,2025-11-03_13h23.07.250,untitled,,2025.1.1,72.19836063456263,2025-11-03 13h23.14.146185 +0530,
11,30,7,428,1,61,l,0.3348318000789732,None,61,1,428,0,598.6899318001233,,598.6850649002008,598.6899318001233,599.6761402999982,599.6761402999982,599.6832981000189,600.0169742000289,l,0.3348318000789732,None,4,001,2025-11-03_13h23.07.250,untitled,,2025.1.1,72.19836063456263,2025-11-03 13h23.14.146185 +0530,
67,75,119,429,2,61,l,0.10536219994537532,None,61,2,429,5,600.0250448000152,,600.0204266000073,600.0250448000152,601.011262500193,601.011262500193,601.0185469000135,601.1231019000988,l,0.10536219994537532,None,4,001,2025-11-03_13h23.07.250,untitled,,2025.1.1,72.19836063456263,2025-11-03 13h23.14.146185 +0530,
15,35,13,430,3,61,t,1.0229468999896199,None,61,3,430,1,601.1321742001455,,601.1272857000586,601.1321742001455,602.1185258000623,602.1185258000623,602.1255157000851,603.146677599987,t,1.0229468999896199,None,4,001,2025-11-03_13h23.07.250,untitled,,2025.1.1,72.19836063456263,2025-11-03 13h23.14.146185 +0530,
27,50,21,431,4,61,l,0.049385700142011046,None,61,4,431,2,603.1558209001087,,603.150967300171,603.1558209001087,604.1422902999911,604.1422902999911,604.1493399001192,604.1983575001359,l,0.049385700142011046,None,4,001,2025-11-03_13h23.07.250,untitled,,2025.1.1,72.19836063456263,2025-11-03 13h23.14.146185 +0530,
40,55,62,432,5,61,t,0.12366680009290576,None,61,5,432,3,604.2078463002108,,604.203148700064,604.2078463002108,605.1938833000604,605.1938833000604,605.2010191001464,605.319685800001,t,0.12366680009290576,None,4,001,2025-11-03_13h23.07.250,untitled,,2025.1.1,72.19836063456263,2025-11-03 13h23.14.146185 +0530,
49,60,89,433,6,61,l,0.09809970017522573,None,61,6,433,4,605.3288740001153,,605.3240074000787,605.3288740001153,606.315139700193,606.315139700193,606.322119000135,606.4197578001767,l,0.09809970017522573,None,4,001,2025-11-03_13h23.07.250,untitled,,2025.1.1,72.19836063456263,2025-11-03 13h23.14.146185 +0530,
40,55,62,434,0,62,t,0.18906029989011586,None,62,0,434,3,606.42956650001,,606.4251276000869,606.42956650001,607.4158811001107,607.4158811001107,607.423055900028,607.6106714000925,t,0.18906029989011586,None,4,001,2025-11-03_13h23.07.250,untitled,,2025.1.1,72.19836063456263,2025-11-03 13h23.14.146185 +0530,
27,50,21,435,1,62,l,0.07475570007227361,None,62,1,435,2,607.6197866001166,,607.61500170012,607.6197866001166,608.606180800125,608.606180800125,608.6133359000087,608.6830269000493,l,0.07475570007227361,None,4,001,2025-11-03_13h23.07.250,untitled,,2025.1.1,72.19836063456263,2025-11-03 13h23.14.146185 +0530,
49,60,89,436,2,62,l,1.092269599903375,None,62,2,436,4,608.6919976000208,,608.6872442001477,608.6919976000208,609.6785637000576,609.6785637000576,609.6860232001636,610.7758985999972,l,1.092269599903375,None,4,001,2025-11-03_13h23.07.250,untitled,,2025.1.1,72.19836063456263,2025-11-03 13h23.14.146185 +0530,
11,30,7,437,3,62,t,0.9587626999709755,None,62,3,437,0,610.7851444000844,,610.780177900102,610.7851444000844,611.7714254001621,611.7714254001621,611.7783906001132,612.7372940999921,t,0.9587626999709755,None,4,001,2025-11-03_13h23.07.250,untitled,,2025.1.1,72.19836063456263,2025-11-03 13h23.14.146185 +0530,
78,80,162,438,4,62,l,0.2663110001012683,None,62,4,438,6,612.7461012001149,,612.7414683001116,612.7461012001149,613.7323330000509,613.7323330000509,613.7392864001449,614.0039727000985,l,0.2663110001012683,None,4,001,2025-11-03_13h23.07.250,untitled,,2025.1.1,72.19836063456263,2025-11-03 13h23.14.146185 +0530,
67,75,119,439,5,62,t,0.0197437999304384,None,62,5,439,5,614.0132385999896,,614.0082590000238,614.0132385999896,614.9990873001516,614.9990873001516,615.0064033002127,615.0208763000555,t,0.0197437999304384,None,4,001,2025-11-03_13h23.07.250,untitled,,2025.1.1,72.19836063456263,2025-11-03 13h23.14.146185 +0530,
15,35,13,440,6,62,t,0.14340149983763695,None,62,6,440,1,615.0296084000729,,615.0247391001321,615.0296084000729,616.0160270000342,616.0160270000342,616.0231554000638,616.1622753001284,t,0.14340149983763695,None,4,001,2025-11-03_13h23.07.250,untitled,,2025.1.1,72.19836063456263,2025-11-03 13h23.14.146185 +0530,
27,50,21,441,0,63,t,0.1982059001456946,None,63,0,441,2,616.1708527000155,,616.1661013001576,616.1708527000155,617.1573739000596,617.1573739000596,617.164308300009,617.359381900169,t,0.1982059001456946,None,4,001,2025-11-03_13h23.07.250,untitled,,2025.1.1,72.19836063456263,2025-11-03 13h23.14.146185 +0530,
40,55,62,442,1,63,t,0.23934759991243482,None,63,1,442,3,617.3682166000362,,617.3632726001088,617.3682166000362,618.3548458002042,618.3548458002042,618.3615848000627,618.5981682999991,t,0.23934759991243482,None,4,001,2025-11-03_13h23.07.250,untitled,,2025.1.1,72.19836063456263,2025-11-03 13h23.14.146185 +0530,
11,30,7,443,2,63,l,0.25612909998744726,None,63,2,443,0,618.6069104000926,,618.6021122999955,618.6069104000926,619.5933427000418,619.5933427000418,619.6003563001286,619.8510346000548,l,0.25612909998744726,None,4,001,2025-11-03_13h23.07.250,untitled,,2025.1.1,72.19836063456263,2025-11-03 13h23.14.146185 +0530,
15,35,13,444,3,63,t,0.04472999996505678,None,63,3,444,1,619.8594333000947,,619.8546372000128,619.8594333000947,620.8407471000683,620.8407471000683,620.8547853000928,620.8909825000446,t,0.04472999996505678,None,4,001,2025-11-03_13h23.07.250,untitled,,2025.1.1,72.19836063456263,2025-11-03 13h23.14.146185 +0530,
78,80,162,445,4,63,t,0.06369540002197027,None,63,4,445,6,620.9000514000654,,620.894640600076,620.9000514000654,621.8864627000876,621.8864627000876,621.8933965000324,621.9563053001184,t,0.06369540002197027,None,4,001,2025-11-03_13h23.07.250,untitled,,2025.1.1,72.19836063456263,2025-11-03 13h23.14.146185 +0530,
67,75,119,446,5,63,t,0.12525220005773008,None,63,5,446,5,621.9638668000698,,621.9603701001033,621.9638668000698,622.950441500172,622.950441500172,622.9574556001462,623.0830376001541,t,0.12525220005773008,None,4,001,2025-11-03_13h23.07.250,untitled,,2025.1.1,72.19836063456263,2025-11-03 13h23.14.146185 +0530,
49,60,89,447,6,63,l,0.11607220000587404,None,63,6,447,4,623.0903023001738,,623.0867330001201,623.0903023001738,624.076734600123,624.076734600123,624.0839645999949,624.1952246001456,l,0.11607220000587404,None,4,001,2025-11-03_13h23.07.250,untitled,,2025.1.1,72.19836063456263,2025-11-03 13h23.14.146185 +0530,
78,80,162,448,0,64,t,0.2135075000114739,None,64,0,448,6,624.2025115999859,,624.1987105000298,624.2025115999859,625.1889610001817,625.1889610001817,625.1959556001239,625.4047652001027,t,0.2135075000114739,None,4,001,2025-11-03_13h23.07.250,untitled,,2025.1.1,72.19836063456263,2025-11-03 13h23.14.146185 +0530,
49,60,89,449,1,64,l,0.07179490011185408,None,64,1,449,4,625.4124224002007,,625.4086444000714,625.4124224002007,626.3987761000171,626.3987761000171,626.4058557001408,626.4768145000562,l,0.07179490011185408,None,4,001,2025-11-03_13h23.07.250,untitled,,2025.1.1,72.19836063456263,2025-11-03 13h23.14.146185 +0530,
11,30,7,450,2,64,t,0.09934710012748837,None,64,2,450,0,626.493665400194,,626.4820123000536,626.493665400194,627.4724277001806,627.4724277001806,627.4864070999902,627.5772001000587,t,0.09934710012748837,None,4,001,2025-11-03_13h23.07.250,untitled,,2025.1.1,72.19836063456263,2025-11-03 13h23.14.146185 +0530,
40,55,62,451,3,64,t,0.07057349989190698,None,64,3,451,3,627.5870912000537,,627.5820416000206,627.5870912000537,628.5667185001075,628.5667185001075,628.5806277000811,628.643903200049,t,0.07057349989190698,None,4,001,2025-11-03_13h23.07.250,untitled,,2025.1.1,72.19836063456263,2025-11-03 13h23.14.146185 +0530,
15,35,13,452,4,64,l,0.1943061000201851,None,64,4,452,1,628.6531989001669,,628.6480531000998,628.6531989001669,629.6391873999964,629.6391873999964,629.6467981000897,629.8343529000413,l,0.1943061000201851,None,4,001,2025-11-03_13h23.07.250,untitled,,2025.1.1,72.19836063456263,2025-11-03 13h23.14.146185 +0530,
67,75,119,453,5,64,l,0.45270109991542995,None,64,5,453,5,629.8428539000452,,629.8379488000646,629.8428539000452,630.8288418999873,630.8288418999873,630.8359909001738,631.2882183000911,l,0.45270109991542995,None,4,001,2025-11-03_13h23.07.250,untitled,,2025.1.1,72.19836063456263,2025-11-03 13h23.14.146185 +0530,
27,50,21,454,6,64,t,0.2323898000176996,None,64,6,454,2,631.2955608000048,,631.2915653001983,631.2955608000048,632.2822105002124,632.2822105002124,632.2893325001933,632.518955900101,t,0.2323898000176996,None,4,001,2025-11-03_13h23.07.250,untitled,,2025.1.1,72.19836063456263,2025-11-03 13h23.14.146185 +0530,
27,50,21,455,0,65,l,0.04931730008684099,None,65,0,455,2,632.5251311000902,,632.519266200019,632.5251311000902,633.5109660001472,633.5109660001472,633.5182219000999,633.567479000194,l,0.04931730008684099,None,4,001,2025-11-03_13h23.07.250,untitled,,2025.1.1,72.19836063456263,2025-11-03 13h23.14.146185 +0530,
78,80,162,456,1,65,t,0.11852929997257888,None,65,1,456,6,633.5761254001409,,633.5717576001771,633.5761254001409,634.562675600173,634.562675600173,634.569688900141,634.6879561000969,t,0.11852929997257888,None,4,001,2025-11-03_13h23.07.250,untitled,,2025.1.1,72.19836063456263,2025-11-03 13h23.14.146185 +0530,
67,75,119,457,2,65,l,0.4114276000764221,None,65,2,457,5,634.6965537001379,,634.692167900037,634.6965537001379,635.6829785001464,635.6829785001464,635.6900903000496,636.1003003001679,l,0.4114276000764221,None,4,001,2025-11-03_13h23.07.250,untitled,,2025.1.1,72.19836063456263,2025-11-03 13h23.14.146185 +0530,
40,55,62,458,3,65,t,0.21704110014252365,None,65,3,458,3,636.1105328002013,,636.1050023001153,636.1105328002013,637.0897662001662,637.0897662001662,637.1036885001231,637.3124031000771,t,0.21704110014252365,None,4,001,2025-11-03_13h23.07.250,untitled,,2025.1.1,72.19836063456263,2025-11-03 13h23.14.146185 +0530,
15,35,13,459,4,65,l,0.13992880005389452,None,65,4,459,1,637.3215899001807,,637.3165593000595,637.3215899001807,638.3075525001623,638.3075525001623,638.3150039000902,638.4540054001845,l,0.13992880005389452,None,4,001,2025-11-03_13h23.07.250,untitled,,2025.1.1,72.19836063456263,2025-11-03 13h23.14.146185 +0530,
11,30,7,460,5,65,t,0.24523760005831718,None,65,5,460,0,638.462985200109,,638.4583338000812,638.462985200109,639.4492297000252,639.4492297000252,639.4565529001411,639.7000965999905,t,0.24523760005831718,None,4,001,2025-11-03_13h23.07.250,untitled,,2025.1.1,72.19836063456263,2025-11-03 13h23.14.146185 +0530,
49,60,89,461,6,65,t,0.23282820009626448,None,65,6,461,4,639.7100457001943,,639.7045566001907,639.7100457001943,640.6894657001831,640.6894657001831,640.7034099001903,640.9260836001486,t,0.23282820009626448,None,4,001,2025-11-03_13h23.07.250,untitled,,2025.1.1,72.19836063456263,2025-11-03 13h23.14.146185 +0530,
27,50,21,462,0,66,l,0.418680900009349,None,66,0,462,2,640.935453900136,,640.9305664000567,640.935453900136,641.9219175002072,641.9219175002072,641.9288610999938,642.3464600001462,l,0.418680900009349,None,4,001,2025-11-03_13h23.07.250,untitled,,2025.1.1,72.19836063456263,2025-11-03 13h23.14.146185 +0530,
67,75,119,463,1,66,l,0.13109940011054277,None,66,1,463,5,642.3555938000791,,642.3505367001053,642.3555938000791,643.3357404000126,643.3357404000126,643.3498031999916,643.4682055001613,l,0.13109940011054277,None,4,001,2025-11-03_13h23.07.250,untitled,,2025.1.1,72.19836063456263,2025-11-03 13h23.14.146185 +0530,
11,30,7,464,2,66,t,0.18786769988946617,None,66,2,464,0,643.4758198000491,,643.471792000113,643.4758198000491,644.4624533001333,644.4624533001333,644.4695090001915,644.6570228000637,t,0.18786769988946617,None,4,001,2025-11-03_13h23.07.250,untitled,,2025.1.1,72.19836063456263,2025-11-03 13h23.14.146185 +0530,
15,35,13,465,3,66,t,0.15303799998946488,None,66,3,465,1,644.6656229000073,,644.6611210000701,644.6656229000073,645.6519787001889,645.6519787001889,645.6590040000156,645.812146600103,t,0.15303799998946488,None,4,001,2025-11-03_13h23.07.250,untitled,,2025.1.1,72.19836063456263,2025-11-03 13h23.14.146185 +0530,
49,60,89,466,4,66,l,0.1749072999227792,None,66,4,466,4,645.820996500086,,645.8165837000124,645.820996500086,646.807136700023,646.807136700023,646.8143476000987,646.9883252000436,l,0.1749072999227792,None,4,001,2025-11-03_13h23.07.250,untitled,,2025.1.1,72.19836063456263,2025-11-03 13h23.14.146185 +0530,
78,80,162,467,5,66,l,0.08862569998018444,None,66,5,467,6,646.9967753000092,,646.9920960001182,646.9967753000092,647.9832110002171,647.9832110002171,647.9902167001273,648.0739689001348,l,0.08862569998018444,None,4,001,2025-11-03_13h23.07.250,untitled,,2025.1.1,72.19836063456263,2025-11-03 13h23.14.146185 +0530,
40,55,62,468,6,66,l,0.24694590014405549,None,66,6,468,3,648.0829530002084,,648.0778614000883,648.0829530002084,649.0694115001243,649.0694115001243,649.0764259002171,649.3198840001132,l,0.24694590014405549,None,4,001,2025-11-03_13h23.07.250,untitled,,2025.1.1,72.19836063456263,2025-11-03 13h23.14.146185 +0530,
11,30,7,469,0,67,t,0.28439689986407757,None,67,0,469,0,649.3287100000307,,649.3238250000868,649.3287100000307,650.3150178000797,650.3150178000797,650.3220469001681,650.600467500044,t,0.28439689986407757,None,4,001,2025-11-03_13h23.07.250,untitled,,2025.1.1,72.19836063456263,2025-11-03 13h23.14.146185 +0530,
49,60,89,470,1,67,t,0.0841852999292314,None,67,1,470,4,650.6091184001416,,650.6043281999882,650.6091184001416,651.5954808001406,651.5954808001406,651.6027281000279,651.6832408001646,t,0.0841852999292314,None,4,001,2025-11-03_13h23.07.250,untitled,,2025.1.1,72.19836063456263,2025-11-03 13h23.14.146185 +0530,
15,35,13,471,2,67,t,0.16783739998936653,None,67,2,471,1,651.6919957001228,,651.6871357001364,651.6919957001228,652.6784728001803,652.6784728001803,652.6855663000606,652.8525173000526,t,0.16783739998936653,None,4,001,2025-11-03_13h23.07.250,untitled,,2025.1.1,72.19836063456263,2025-11-03 13h23.14.146185 +0530,
67,75,119,472,3,67,t,0.9321705000475049,None,67,3,472,5,652.8621114001144,,652.8568310001865,652.8621114001144,653.8477358000819,653.8477358000819,653.8549207001925,654.7858864001464,t,0.9321705000475049,None,4,001,2025-11-03_13h23.07.250,untitled,,2025.1.1,72.19836063456263,2025-11-03 13h23.14.146185 +0530,
40,55,62,473,4,67,l,0.1758941002190113,None,67,4,473,3,654.7945409000386,,654.7901075000409,654.7945409000386,655.7807452999987,655.7807452999987,655.7878692999948,655.9621596999932,l,0.1758941002190113,None,4,001,2025-11-03_13h23.07.250,untitled,,2025.1.1,72.19836063456263,2025-11-03 13h23.14.146185 +0530,
27,50,21,474,5,67,l,0.10552999982610345,None,67,5,474,2,655.9712510001846,,655.9663498001173,655.9712510001846,656.957689100178,656.957689100178,656.9646664999891,657.0691504999995,l,0.10552999982610345,None,4,001,2025-11-03_13h23.07.250,untitled,,2025.1.1,72.19836063456263,2025-11-03 13h23.14.146185 +0530,
78,80,162,475,6,67,l,0.08520770003087819,None,67,6,475,6,657.0775521001779,,657.0729341001716,657.0775521001779,658.0639547000173,658.0639547000173,658.0709035000764,658.1546942000277,l,0.08520770003087819,None,4,001,2025-11-03_13h23.07.250,untitled,,2025.1.1,72.19836063456263,2025-11-03 13h23.14.146185 +0530,
11,30,7,476,0,68,l,0.07389460015110672,None,68,0,476,0,658.1645655001048,,658.1587822001893,658.1645655001048,659.1509015001357,659.1509015001357,659.1578095001169,659.227452600142,l,0.07389460015110672,None,4,001,2025-11-03_13h23.07.250,untitled,,2025.1.1,72.19836063456263,2025-11-03 13h23.14.146185 +0530,
40,55,62,477,1,68,t,0.1268118000589311,None,68,1,477,3,659.2364779000636,,659.23172660009,659.2364779000636,660.2229105001315,660.2229105001315,660.2299008001573,660.3553262001369,t,0.1268118000589311,None,4,001,2025-11-03_13h23.07.250,untitled,,2025.1.1,72.19836063456263,2025-11-03 13h23.14.146185 +0530,
49,60,89,478,2,68,l,0.10218459996394813,None,68,2,478,4,660.3655334000941,,660.3601929000579,660.3655334000941,661.3450555000454,661.3450555000454,661.3591227000579,661.4499379000627,l,0.10218459996394813,None,4,001,2025-11-03_13h23.07.250,untitled,,2025.1.1,72.19836063456263,2025-11-03 13h23.14.146185 +0530,
67,75,119,479,3,68,t,0.11627240013331175,None,68,3,479,5,661.459003200056,,661.4539588000625,661.459003200056,662.4452104000375,662.4452104000375,662.452340700198,662.5640097002033,t,0.11627240013331175,None,4,001,2025-11-03_13h23.07.250,untitled,,2025.1.1,72.19836063456263,2025-11-03 13h23.14.146185 +0530,
27,50,21,480,4,68,l,0.10777150001376867,None,68,4,480,2,662.5733964000829,,662.5681619001552,662.5733964000829,663.5595957001206,663.5595957001206,663.5670545001049,663.6715207002126,l,0.10777150001376867,None,4,001,2025-11-03_13h23.07.250,untitled,,2025.1.1,72.19836063456263,2025-11-03 13h23.14.146185 +0530,
15,35,13,481,5,68,t,0.005294399801641703,None,68,5,481,1,663.6805813000537,,663.6756552001461,663.6805813000537,664.6670062001795,664.6670062001795,664.6737310001627,664.6742416000925,t,0.005294399801641703,None,4,001,2025-11-03_13h23.07.250,untitled,,2025.1.1,72.19836063456263,2025-11-03 13h23.14.146185 +0530,
78,80,162,482,6,68,l,0.21021810011006892,None,68,6,482,6,664.6827601001132,,664.6780334000941,664.6827601001132,665.6692896999884,665.6692896999884,665.6763244001195,665.8852191001642,l,0.21021810011006892,None,4,001,2025-11-03_13h23.07.250,untitled,,2025.1.1,72.19836063456263,2025-11-03 13h23.14.146185 +0530,
78,80,162,483,0,69,t,0.20918580004945397,None,69,0,483,6,665.8911259002052,,665.8855741000734,665.8911259002052,666.8777786002029,666.8777786002029,666.8845744000282,667.0932301001158,t,0.20918580004945397,None,4,001,2025-11-03_13h23.07.250,untitled,,2025.1.1,72.19836063456263,2025-11-03 13h23.14.146185 +0530,
40,55,62,484,1,69,l,0.05492549994960427,None,69,1,484,3,667.1017069001682,,667.0971349000465,667.1017069001682,668.0881396001205,668.0881396001205,668.0950955001172,668.1442868001759,l,0.05492549994960427,None,4,001,2025-11-03_13h23.07.250,untitled,,2025.1.1,72.19836063456263,2025-11-03 13h23.14.146185 +0530,
11,30,7,485,2,69,t,0.033141099847853184,None,69,2,485,0,668.1531939001288,,668.1481283002067,668.1531939001288,669.1391767000314,669.1391767000314,669.1463115001097,669.1749334000051,t,0.033141099847853184,None,4,001,2025-11-03_13h23.07.250,untitled,,2025.1.1,72.19836063456263,2025-11-03 13h23.14.146185 +0530,
15,35,13,486,3,69,t,0.08299320004880428,None,69,3,486,1,669.1838060000446,,669.1789653000887,669.1838060000446,670.1702782001812,670.1702782001812,670.177080700174,670.2541420999914,t,0.08299320004880428,None,4,001,2025-11-03_13h23.07.250,untitled,,2025.1.1,72.19836063456263,2025-11-03 13h23.14.146185 +0530,
49,60,89,487,4,69,l,0.039474899880588055,None,69,4,487,4,670.2627264000475,,670.2580067000818,670.2627264000475,671.2491547001991,671.2491547001991,671.2560665002093,671.2914766999893,l,0.039474899880588055,None,4,001,2025-11-03_13h23.07.250,untitled,,2025.1.1,72.19836063456263,2025-11-03 13h23.14.146185 +0530,
27,50,21,488,5,69,l,0.10208980017341673,None,69,5,488,2,671.300399000058,,671.2954830999952,671.300399000058,672.2867626000661,672.2867626000661,672.2938649000134,672.3915366001893,l,0.10208980017341673,None,4,001,2025-11-03_13h23.07.250,untitled,,2025.1.1,72.19836063456263,2025-11-03 13h23.14.146185 +0530,
67,75,119,489,6,69,l,0.07266009994782507,None,69,6,489,5,672.4003673000261,,672.3955622999929,672.4003673000261,673.386847600108,673.386847600108,673.3938460000791,673.4637980000116,l,0.07266009994782507,None,4,001,2025-11-03_13h23.07.250,untitled,,2025.1.1,72.19836063456263,2025-11-03 13h23.14.146185 +0530,
49,60,89,490,0,70,l,0.2579635998699814,None,70,0,490,4,673.4723697002046,,673.4676306000911,673.4723697002046,674.4588257002179,674.4588257002179,674.4658655000385,674.7230595999863,l,0.2579635998699814,None,4,001,2025-11-03_13h23.07.250,untitled,,2025.1.1,72.19836063456263,2025-11-03 13h23.14.146185 +0530,
11,30,7,491,1,70,l,0.20021110004745424,None,70,1,491,0,674.7310397000983,,674.72659570002,674.7310397000983,675.7175355001818,675.7175355001818,675.7244914001785,675.9196753001306,l,0.20021110004745424,None,4,001,2025-11-03_13h23.07.250,untitled,,2025.1.1,72.19836063456263,2025-11-03 13h23.14.146185 +0530,
40,55,62,492,2,70,t,0.09883489995263517,None,70,2,492,3,675.9289314001799,,675.9239561001305,675.9289314001799,676.9150029001758,676.9150029001758,676.9219481002074,677.0197637001984,t,0.09883489995263517,None,4,001,2025-11-03_13h23.07.250,untitled,,2025.1.1,72.19836063456263,2025-11-03 13h23.14.146185 +0530,
67,75,119,493,3,70,t,0.003555899951606989,None,70,3,493,5,677.0280452000443,,677.0241495000664,677.0280452000443,678.0147130000405,678.0147130000405,678.0218475000001,678.0223461000714,t,0.003555899951606989,None,4,001,2025-11-03_13h23.07.250,untitled,,2025.1.1,72.19836063456263,2025-11-03 13h23.14.146185 +0530,
15,35,13,494,4,70,l,0.13748449995182455,None,70,4,494,1,678.0301807001233,,678.0261984001845,678.0301807001233,679.016766600078,679.016766600078,679.0237364000641,679.1564068000298,l,0.13748449995182455,None,4,001,2025-11-03_13h23.07.250,untitled,,2025.1.1,72.19836063456263,2025-11-03 13h23.14.146185 +0530,
27,50,21,495,5,70,l,0.45488770003430545,None,70,5,495,2,679.163975100033,,679.1599034999963,679.163975100033,680.1501221000217,680.1501221000217,680.1570933000185,680.6091079001781,l,0.45488770003430545,None,4,001,2025-11-03_13h23.07.250,untitled,,2025.1.1,72.19836063456263,2025-11-03 13h23.14.146185 +0530,
78,80,162,496,6,70,l,0.0768791998270899,None,70,6,496,6,680.6174056001473,,680.6129646000918,680.6174056001473,681.6038994002156,681.6038994002156,681.6109893000685,681.6876623001881,l,0.0768791998270899,None,4,001,2025-11-03_13h23.07.250,untitled,,2025.1.1,72.19836063456263,2025-11-03 13h23.14.146185 +0530,
27,50,21,497,0,71,l,0.724071100121364,None,71,0,497,2,681.6960926000029,,681.6923535000533,681.6960926000029,682.6827128999867,682.6827128999867,682.6898302000482,683.4121803001035,l,0.724071100121364,None,4,001,2025-11-03_13h23.07.250,untitled,,2025.1.1,72.19836063456263,2025-11-03 13h23.14.146185 +0530,
78,80,162,498,1,71,t,1.1022401000373065,None,71,1,498,6,683.421545300167,,683.4166649000254,683.421545300167,684.4092914999928,684.4092914999928,684.4162528000306,685.514011700172,t,1.1022401000373065,None,4,001,2025-11-03_13h23.07.250,untitled,,2025.1.1,72.19836063456263,2025-11-03 13h23.14.146185 +0530,
11,30,7,499,2,71,t,0.24124659993685782,None,71,2,499,0,685.5238941002171,,685.5185332000256,685.5238941002171,686.5035640001297,686.5035640001297,686.5179211001378,686.7469570999965,t,0.24124659993685782,None,4,001,2025-11-03_13h23.07.250,untitled,,2025.1.1,72.19836063456263,2025-11-03 13h23.14.146185 +0530,
40,55,62,500,3,71,t,0.08410939993336797,None,71,3,500,3,686.7559043001384,,686.7511393001769,686.7559043001384,687.7426335001364,687.7426335001364,687.7497625001706,687.8333233001176,t,0.08410939993336797,None,4,001,2025-11-03_13h23.07.250,untitled,,2025.1.1,72.19836063456263,2025-11-03 13h23.14.146185 +0530,
67,75,119,501,4,71,l,0.20429780008271337,None,71,4,501,5,687.8424284001812,,687.8373503000475,687.8424284001812,688.8281516002025,688.8281516002025,688.8357935000677,689.037522500148,l,0.20429780008271337,None,4,001,2025-11-03_13h23.07.250,untitled,,2025.1.1,72.19836063456263,2025-11-03 13h23.14.146185 +0530,
49,60,89,502,5,71,l,0.04966110014356673,None,71,5,502,4,689.0467610000633,,689.0418786001392,689.0467610000633,690.0331697000656,690.0331697000656,690.0400650000665,690.0893487001304,l,0.04966110014356673,None,4,001,2025-11-03_13h23.07.250,untitled,,2025.1.1,72.19836063456263,2025-11-03 13h23.14.146185 +0530,
15,35,13,503,6,71,l,0.18165039992891252,None,71,6,503,1,690.0969680000562,,690.0932746999897,690.0969680000562,691.0837318000849,691.0837318000849,691.0901403001044,691.2713042001706,l,0.18165039992891252,None,4,001,2025-11-03_13h23.07.250,untitled,,2025.1.1,72.19836063456263,2025-11-03 13h23.14.146185 +0530,
40,55,62,504,0,72,l,0.03307950007729232,None,72,0,504,3,691.2806371999905,,691.2758444000501,691.2806371999905,692.2668836000375,692.2668836000375,692.2742903002072,692.3025849000551,l,0.03307950007729232,None,4,001,2025-11-03_13h23.07.250,untitled,,2025.1.1,72.19836063456263,2025-11-03 13h23.14.146185 +0530,
67,75,119,505,1,72,l,0.1020647999830544,None,72,1,505,5,692.3111696999986,,692.3061586001422,692.3111696999986,693.2972486000508,693.2972486000508,693.3043583000544,693.402241700096,l,0.1020647999830544,None,4,001,2025-11-03_13h23.07.250,untitled,,2025.1.1,72.19836063456263,2025-11-03 13h23.14.146185 +0530,
15,35,13,506,2,72,l,0.12271949998103082,None,72,2,506,1,693.4108214001171,,693.4059624001384,693.4108214001171,694.3972383001819,694.3972383001819,694.4042456999887,694.5229575000703,l,0.12271949998103082,None,4,001,2025-11-03_13h23.07.250,untitled,,2025.1.1,72.19836063456263,2025-11-03 13h23.14.146185 +0530,
78,80,162,507,3,72,t,0.8507634999696165,None,72,3,507,6,694.531693900004,,694.5269133001566,694.531693900004,695.5181898002047,695.5181898002047,695.5251228001434,696.372839000076,t,0.8507634999696165,None,4,001,2025-11-03_13h23.07.250,untitled,,2025.1.1,72.19836063456263,2025-11-03 13h23.14.146185 +0530,
27,50,21,508,4,72,l,0.10651500010862947,None,72,4,508,2,696.3819949000608,,696.3771656001918,696.3819949000608,697.368050100049,697.368050100049,697.3753893000539,697.4799120000098,l,0.10651500010862947,None,4,001,2025-11-03_13h23.07.250,untitled,,2025.1.1,72.19836063456263,2025-11-03 13h23.14.146185 +0530,
49,60,89,509,5,72,t,0.06026739999651909,None,72,5,509,4,697.4885590001941,,697.4838535001036,697.4885590001941,698.4750628001057,698.4750628001057,698.4820825001225,698.5378756001592,t,0.06026739999651909,None,4,001,2025-11-03_13h23.07.250,untitled,,2025.1.1,72.19836063456263,2025-11-03 13h23.14.146185 +0530,
11,30,7,510,6,72,t,0.08410699991509318,None,72,6,510,0,698.5466569000855,,698.5416253001895,698.5466569000855,699.5329692000523,699.5329692000523,699.5399440000765,699.623673300026,t,0.08410699991509318,None,4,001,2025-11-03_13h23.07.250,untitled,,2025.1.1,72.19836063456263,2025-11-03 13h23.14.146185 +0530,
40,55,62,511,0,73,t,0.09663780010305345,None,73,0,511,3,699.6323097001296,,699.6277839001268,699.6323097001296,700.6183766000904,700.6183766000904,700.625515300082,700.7164295001421,t,0.09663780010305345,None,4,001,2025-11-03_13h23.07.250,untitled,,2025.1.1,72.19836063456263,2025-11-03 13h23.14.146185 +0530,
49,60,89,512,1,73,t,0.09457309986464679,None,73,1,512,4,700.7250903001986,,700.7203287000302,700.7250903001986,701.71146650007,701.71146650007,701.7185643000994,701.8092144001275,t,0.09457309986464679,None,4,001,2025-11-03_13h23.07.250,untitled,,2025.1.1,72.19836063456263,2025-11-03 13h23.14.146185 +0530,
67,75,119,513,2,73,t,0.9686296000145376,None,73,2,513,5,701.8179292001296,,701.8131688002031,701.8179292001296,702.8041132001672,702.8041132001672,702.811315700179,703.7771250000224,t,0.9686296000145376,None,4,001,2025-11-03_13h23.07.250,untitled,,2025.1.1,72.19836063456263,2025-11-03 13h23.14.146185 +0530,
11,30,7,514,3,73,l,0.18657379993237555,None,73,3,514,0,703.7860762001947,,703.7812670001294,703.7860762001947,704.7722078000661,704.7722078000661,704.779494700022,704.9605133000296,l,0.18657379993237555,None,4,001,2025-11-03_13h23.07.250,untitled,,2025.1.1,72.19836063456263,2025-11-03 13h23.14.146185 +0530,
78,80,162,515,4,73,t,1.0761446999385953,None,73,4,515,6,704.9695056001656,,704.9645612000022,704.9695056001656,705.9557465000544,705.9557465000544,705.962767300196,707.0330136001576,t,1.0761446999385953,None,4,001,2025-11-03_13h23.07.250,untitled,,2025.1.1,72.19836063456263,2025-11-03 13h23.14.146185 +0530,
15,35,13,516,5,73,l,0.05101070017553866,None,73,5,516,1,707.0406183002051,,707.0368037000299,707.0406183002051,708.0272878000978,708.0272878000978,708.0342598001007,708.0831298001576,l,0.05101070017553866,None,4,001,2025-11-03_13h23.07.250,untitled,,2025.1.1,72.19836063456263,2025-11-03 13h23.14.146185 +0530,
27,50,21,517,6,73,l,0.03929039998911321,None,73,6,517,2,708.0925514001865,,708.0876555000432,708.0925514001865,709.0791381001472,709.0791381001472,709.0862926000264,709.1215021000244,l,0.03929039998911321,None,4,001,2025-11-03_13h23.07.250,untitled,,2025.1.1,72.19836063456263,2025-11-03 13h23.14.146185 +0530,
78,80,162,518,0,74,t,0.3687261000741273,None,74,0,518,6,709.1308140000328,,709.1256675000768,709.1308140000328,710.1171800000593,710.1171800000593,710.1241834000684,710.492494800128,t,0.3687261000741273,None,4,001,2025-11-03_13h23.07.250,untitled,,2025.1.1,72.19836063456263,2025-11-03 13h23.14.146185 +0530,
15,35,13,519,1,74,t,1.1292719000484794,None,74,1,519,1,710.5013078001793,,710.496797400061,710.5013078001793,711.4878546001855,711.4878546001855,711.4948071001563,712.620333300205,t,1.1292719000484794,None,4,001,2025-11-03_13h23.07.250,untitled,,2025.1.1,72.19836063456263,2025-11-03 13h23.14.146185 +0530,
67,75,119,520,2,74,l,0.23430579993873835,None,74,2,520,5,712.6289906001184,,712.6240660999902,712.6289906001184,713.6152094001882,713.6152094001882,713.622200100217,713.8518723000307,l,0.23430579993873835,None,4,001,2025-11-03_13h23.07.250,untitled,,2025.1.1,72.19836063456263,2025-11-03 13h23.14.146185 +0530,
49,60,89,521,3,74,l,0.06595730013214052,None,74,3,521,4,713.8609474000987,,713.856046800036,713.8609474000987,714.8474326999858,714.8474326999858,714.8543907999992,714.9173430001829,l,0.06595730013214052,None,4,001,2025-11-03_13h23.07.250,untitled,,2025.1.1,72.19836063456263,2025-11-03 13h23.14.146185 +0530,
11,30,7,522,4,74,l,0.031950100092217326,None,74,4,522,0,714.9274050001986,,714.9223583000712,714.9274050001986,715.9135653001722,715.9135653001722,715.9205021001399,715.9489012002014,l,0.031950100092217326,None,4,001,2025-11-03_13h23.07.250,untitled,,2025.1.1,72.19836063456263,2025-11-03 13h23.14.146185 +0530,
27,50,21,523,5,74,t,0.15229059988632798,None,74,5,523,2,715.9582541000564,,715.9533081001136,715.9582541000564,716.944313300075,716.944313300075,716.9516276000068,717.0979257000145,t,0.15229059988632798,None,4,001,2025-11-03_13h23.07.250,untitled,,2025.1.1,72.19836063456263,2025-11-03 13h23.14.146185 +0530,
40,55,62,524,6,74,t,0.053618700010702014,None,74,6,524,3,717.1069897999987,,717.1021134001203,717.1069897999987,718.0935092000291,718.0935092000291,718.1003818002064,718.149457400199,t,0.053618700010702014,None,4,001,2025-11-03_13h23.07.250,untitled,,2025.1.1,72.19836063456263,2025-11-03 13h23.14.146185 +0530,
27,50,21,525,0,75,l,1.0728414000477642,None,75,0,525,2,718.158654600149,,718.1536487000994,718.158654600149,719.1446965001523,719.1446965001523,719.1518592000939,720.2221102002077,l,1.0728414000477642,None,4,001,2025-11-03_13h23.07.250,untitled,,2025.1.1,72.19836063456263,2025-11-03 13h23.14.146185 +0530,
78,80,162,526,1,75,l,0.056034799898043275,None,75,1,526,6,720.2308956000488,,720.2261435000692,720.2308956000488,721.2173429001123,721.2173429001123,721.2244116000365,721.280164900003,l,0.056034799898043275,None,4,001,2025-11-03_13h23.07.250,untitled,,2025.1.1,72.19836063456263,2025-11-03 13h23.14.146185 +0530,
67,75,119,527,2,75,t,0.2004443001933396,None,75,2,527,5,721.290040400112,,721.2855066000484,721.290040400112,722.2696060000453,722.2696060000453,722.2835125999991,722.4717484000139,t,0.2004443001933396,None,4,001,2025-11-03_13h23.07.250,untitled,,2025.1.1,72.19836063456263,2025-11-03 13h23.14.146185 +0530,
49,60,89,528,3,75,t,0.0431296001188457,None,75,3,528,4,722.480665500043,,722.4759086000267,722.480665500043,723.4670124000404,723.4670124000404,723.4740366002079,723.5162361999974,t,0.0431296001188457,None,4,001,2025-11-03_13h23.07.250,untitled,,2025.1.1,72.19836063456263,2025-11-03 13h23.14.146185 +0530,
15,35,13,529,4,75,l,0.9272788998205215,None,75,4,529,1,723.5253374001477,,723.5204698999878,723.5253374001477,724.5117790000513,724.5117790000513,724.5186924000736,725.443020600127,l,0.9272788998205215,None,4,001,2025-11-03_13h23.07.250,untitled,,2025.1.1,72.19836063456263,2025-11-03 13h23.14.146185 +0530,
11,30,7,530,5,75,l,0.9312586998566985,None,75,5,530,0,725.4522660002112,,725.4470308001619,725.4522660002112,726.4384524000343,726.4384524000343,726.4454824000131,727.3766261001583,l,0.9312586998566985,None,4,001,2025-11-03_13h23.07.250,untitled,,2025.1.1,72.19836063456263,2025-11-03 13h23.14.146185 +0530,
40,55,62,531,6,75,t,0.8634643999394029,None,75,6,531,3,727.3856060001999,,727.3811937000137,727.3856060001999,728.3722080001608,728.3722080001608,728.3791181000415,729.2406962001696,t,0.8634643999394029,None,4,001,2025-11-03_13h23.07.250,untitled,,2025.1.1,72.19836063456263,2025-11-03 13h23.14.146185 +0530,
40,55,62,532,0,76,t,0.23423720011487603,None,76,0,532,3,729.2468396001495,,729.2410038001835,729.2468396001495,730.2330615001265,730.2330615001265,730.2401072001085,730.4698437000625,t,0.23423720011487603,None,4,001,2025-11-03_13h23.07.250,untitled,,2025.1.1,72.19836063456263,2025-11-03 13h23.14.146185 +0530,
78,80,162,533,1,76,t,0.2113979000132531,None,76,1,533,6,730.4785734000616,,730.473442699993,730.4785734000616,731.4650454001967,731.4650454001967,731.4718846001197,731.6808151002042,t,0.2113979000132531,None,4,001,2025-11-03_13h23.07.250,untitled,,2025.1.1,72.19836063456263,2025-11-03 13h23.14.146185 +0530,
49,60,89,534,2,76,l,0.054777099983766675,None,76,2,534,4,731.6904413001612,,731.6848925000522,731.6904413001612,732.671449100133,732.671449100133,732.6854268000461,732.7274098000489,l,0.054777099983766675,None,4,001,2025-11-03_13h23.07.250,untitled,,2025.1.1,72.19836063456263,2025-11-03 13h23.14.146185 +0530,
27,50,21,535,3,76,t,0.09023239999078214,None,76,3,535,2,732.7361501001287,,732.731093400158,732.7361501001287,733.7225531002041,733.7225531002041,733.7294891001657,733.813437800156,t,0.09023239999078214,None,4,001,2025-11-03_13h23.07.250,untitled,,2025.1.1,72.19836063456263,2025-11-03 13h23.14.146185 +0530,
67,75,119,536,4,76,l,0.1098346000071615,None,76,4,536,5,733.8221600002144,,733.8173808001447,733.8221600002144,734.8083016001619,734.8083016001619,734.8155577001162,734.9205350000411,l,0.1098346000071615,None,4,001,2025-11-03_13h23.07.250,untitled,,2025.1.1,72.19836063456263,2025-11-03 13h23.14.146185 +0530,
11,30,7,537,5,76,l,0.10444560018368065,None,76,5,537,0,734.9297974000219,,734.9244778000284,734.9297974000219,735.9159238000866,735.9159238000866,735.9228303001728,736.0273644002154,l,0.10444560018368065,None,4,001,2025-11-03_13h23.07.250,untitled,,2025.1.1,72.19836063456263,2025-11-03 13h23.14.146185 +0530,
15,35,13,538,6,76,l,0.13769729994237423,None,76,6,538,1,736.035756100202,,736.0312566000503,736.035756100202,737.0218691001646,737.0218691001646,737.0290212000255,737.161496900022,l,0.13769729994237423,None,4,001,2025-11-03_13h23.07.250,untitled,,2025.1.1,72.19836063456263,2025-11-03 13h23.14.146185 +0530,
27,50,21,539,0,77,l,0.01290179998613894,None,77,0,539,2,737.1701709001791,,737.1653563000727,737.1701709001791,738.1566292000934,738.1566292000934,738.163563300157,738.171092200093,l,0.01290179998613894,None,4,001,2025-11-03_13h23.07.250,untitled,,2025.1.1,72.19836063456263,2025-11-03 13h23.14.146185 +0530,
40,55,62,540,1,77,l,0.08348209992982447,None,77,1,540,3,738.1800937000662,,738.1753079001792,738.1800937000662,739.1667782000732,739.1667782000732,739.1736874000635,739.2508673002012,l,0.08348209992982447,None,4,001,2025-11-03_13h23.07.250,untitled,,2025.1.1,72.19836063456263,2025-11-03 13h23.14.146185 +0530,
15,35,13,541,2,77,l,0.024622000055387616,None,77,2,541,1,739.2599848001264,,739.25511870021,739.2599848001264,740.246155800065,740.246155800065,740.2532824000809,740.2747667999938,l,0.024622000055387616,None,4,001,2025-11-03_13h23.07.250,untitled,,2025.1.1,72.19836063456263,2025-11-03 13h23.14.146185 +0530,
11,30,7,542,3,77,t,0.11505959997884929,None,77,3,542,0,740.2846559002064,,740.2796197000425,740.2846559002064,741.2709596999921,741.2709596999921,741.2779876000714,741.3897504000925,t,0.11505959997884929,None,4,001,2025-11-03_13h23.07.250,untitled,,2025.1.1,72.19836063456263,2025-11-03 13h23.14.146185 +0530,
49,60,89,543,4,77,t,0.02107910020276904,None,77,4,543,4,741.3995728001464,,741.3946185000241,741.3995728001464,742.3859274000861,742.3859274000861,742.393025400117,742.4140226000454,t,0.02107910020276904,None,4,001,2025-11-03_13h23.07.250,untitled,,2025.1.1,72.19836063456263,2025-11-03 13h23.14.146185 +0530,
67,75,119,544,5,77,t,0.07909639994613826,None,77,5,544,5,742.424025000073,,742.4193502000999,742.424025000073,743.4031764999963,743.4031764999963,743.4173885001801,743.4875942000654,t,0.07909639994613826,None,4,001,2025-11-03_13h23.07.250,untitled,,2025.1.1,72.19836063456263,2025-11-03 13h23.14.146185 +0530,
78,80,162,545,6,77,t,0.5801220000721514,None,77,6,545,6,743.4960656000767,,743.491255100118,743.4960656000767,744.4829675999936,744.4829675999936,744.490267300047,745.0670652000699,t,0.5801220000721514,None,4,001,2025-11-03_13h23.07.250,untitled,,2025.1.1,72.19836063456263,2025-11-03 13h23.14.146185 +0530,
27,50,21,546,0,78,l,0.28859040001407266,None,78,0,546,2,745.0758135002106,,745.0708428001963,745.0758135002106,746.0621578001883,746.0621578001883,746.0692806001753,746.3544685000088,l,0.28859040001407266,None,4,001,2025-11-03_13h23.07.250,untitled,,2025.1.1,72.19836063456263,2025-11-03 13h23.14.146185 +0530,
67,75,119,547,1,78,l,0.5647954999003559,None,78,1,547,5,746.3635535000358,,746.3584780001547,746.3635535000358,747.3498225000221,747.3498225000221,747.3567725000903,747.920528500108,l,0.5647954999003559,None,4,001,2025-11-03_13h23.07.250,untitled,,2025.1.1,72.19836063456263,2025-11-03 13h23.14.146185 +0530,
49,60,89,548,2,78,l,1.1872948000673205,None,78,2,548,4,747.9297159002163,,747.9246970000677,747.9297159002163,748.916317500174,748.916317500174,748.9232561001554,750.1044842000119,l,1.1872948000673205,None,4,001,2025-11-03_13h23.07.250,untitled,,2025.1.1,72.19836063456263,2025-11-03 13h23.14.146185 +0530,
40,55,62,549,3,78,l,0.42727290000766516,None,78,3,549,3,750.1133373000193,,750.1082864000928,750.1133373000193,751.0998122000601,751.0998122000601,751.1067500000354,751.5309842000715,l,0.42727290000766516,None,4,001,2025-11-03_13h23.07.250,untitled,,2025.1.1,72.19836063456263,2025-11-03 13h23.14.146185 +0530,
11,30,7,550,4,78,l,0.8960762999486178,None,78,4,550,0,751.5395848001353,,751.5347441001795,751.5395848001353,752.5257100001909,752.5257100001909,752.5332545000128,753.4225989000406,l,0.8960762999486178,None,4,001,2025-11-03_13h23.07.250,untitled,,2025.1.1,72.19836063456263,2025-11-03 13h23.14.146185 +0530,
78,80,162,551,5,78,l,0.6791920000687242,None,78,5,551,6,753.4315065001138,,753.4262373000383,753.4315065001138,754.4181056001689,754.4181056001689,754.4249079001602,755.0993424002081,l,0.6791920000687242,None,4,001,2025-11-03_13h23.07.250,untitled,,2025.1.1,72.19836063456263,2025-11-03 13h23.14.146185 +0530,
15,35,13,552,6,78,l,0.04232680005952716,None,78,6,552,1,755.1086841002107,,755.1033056001179,755.1086841002107,756.0949711001012,756.0949711001012,756.1019787001424,756.1439577001147,l,0.04232680005952716,None,4,001,2025-11-03_13h23.07.250,untitled,,2025.1.1,72.19836063456263,2025-11-03 13h23.14.146185 +0530,
67,75,119,553,0,79,t,0.016249599866569042,None,79,0,553,5,756.1530523002148,,756.1483894002158,756.1530523002148,757.1395041001961,757.1395041001961,757.146338700084,757.1611709001008,t,0.016249599866569042,None,4,001,2025-11-03_13h23.07.250,untitled,,2025.1.1,72.19836063456263,2025-11-03 13h23.14.146185 +0530,
11,30,7,554,1,79,t,0.5838314997963607,None,79,1,554,0,757.1692548000719,,757.1646887001116,757.1692548000719,758.1552987000905,758.1552987000905,758.1624147000257,758.7462409001309,t,0.5838314997963607,None,4,001,2025-11-03_13h23.07.250,untitled,,2025.1.1,72.19836063456263,2025-11-03 13h23.14.146185 +0530,
49,60,89,555,2,79,t,0.09839159995317459,None,79,2,555,4,758.7546268000733,,758.7499969000928,758.7546268000733,759.7409834000282,759.7409834000282,759.7482582000084,759.8455676001031,t,0.09839159995317459,None,4,001,2025-11-03_13h23.07.250,untitled,,2025.1.1,72.19836063456263,2025-11-03 13h23.14.146185 +0530,
40,55,62,556,3,79,t,0.38269320013932884,None,79,3,556,3,759.8542446000502,,759.8495271999855,759.8542446000502,760.8402788999956,760.8402788999956,760.8474657000042,761.2305635001976,t,0.38269320013932884,None,4,001,2025-11-03_13h23.07.250,untitled,,2025.1.1,72.19836063456263,2025-11-03 13h23.14.146185 +0530,
15,35,13,557,4,79,l,0.17376959999091923,None,79,4,557,1,761.2398055000231,,761.2344915000722,761.2398055000231,762.2255480000749,762.2255480000749,762.2328096001875,762.4002945001703,l,0.17376959999091923,None,4,001,2025-11-03_13h23.07.250,untitled,,2025.1.1,72.19836063456263,2025-11-03 13h23.14.146185 +0530,
27,50,21,558,5,79,t,0.19506049994379282,None,79,5,558,2,762.4094870002009,,762.4043676999863,762.4094870002009,763.3959305000026,763.3959305000026,763.4026089000981,763.5981974001043,t,0.19506049994379282,None,4,001,2025-11-03_13h23.07.250,untitled,,2025.1.1,72.19836063456263,2025-11-03 13h23.14.146185 +0530,
78,80,162,559,6,79,t,1.0461897000204772,None,79,6,559,6,763.608100600075,,763.6032009001356,763.608100600075,764.5940343001857,764.5940343001857,764.6013976000249,765.6434640001971,t,1.0461897000204772,None,4,001,2025-11-03_13h23.07.250,untitled,,2025.1.1,72.19836063456263,2025-11-03 13h23.14.146185 +0530,
15,35,13,560,0,80,t,0.21845169994048774,None,80,0,560,1,765.6532364001032,,765.6482795001939,765.6532364001032,766.6395223999862,766.6395223999862,766.6464740000665,766.8625572000165,t,0.21845169994048774,None,4,001,2025-11-03_13h23.07.250,untitled,,2025.1.1,72.19836063456263,2025-11-03 13h23.14.146185 +0530,
78,80,162,561,1,80,t,0.10863330005668104,None,80,1,561,6,766.879999200115,,766.8677251001354,766.879999200115,767.8587188001256,767.8587188001256,767.8728265000973,767.9704826001544,t,0.10863330005668104,None,4,001,2025-11-03_13h23.07.250,untitled,,2025.1.1,72.19836063456263,2025-11-03 13h23.14.146185 +0530,
27,50,21,562,2,80,l,0.2555455998517573,None,80,2,562,2,767.9796039001085,,767.9745936000254,767.9796039001085,768.9659594001714,768.9659594001714,768.9729024001863,769.223813700024,l,0.2555455998517573,None,4,001,2025-11-03_13h23.07.250,untitled,,2025.1.1,72.19836063456263,2025-11-03 13h23.14.146185 +0530,
49,60,89,563,3,80,l,0.16922600008547306,None,80,3,563,4,769.2321109001059,,769.2273222000804,769.2321109001059,770.2184761001263,770.2184761001263,770.2255134000443,770.3942827000283,l,0.16922600008547306,None,4,001,2025-11-03_13h23.07.250,untitled,,2025.1.1,72.19836063456263,2025-11-03 13h23.14.146185 +0530,
67,75,119,564,4,80,t,0.3971867999061942,None,80,4,564,5,770.4025744001847,,770.3981300999876,770.4025744001847,771.3888207001146,771.3888207001146,771.3958196002059,771.7922160001472,t,0.3971867999061942,None,4,001,2025-11-03_13h23.07.250,untitled,,2025.1.1,72.19836063456263,2025-11-03 13h23.14.146185 +0530,
40,55,62,565,5,80,t,1.2059767001774162,None,80,5,565,3,771.8012343000155,,771.7961368001997,771.8012343000155,772.7873757001944,772.7873757001944,772.7944448001217,773.9962737001479,t,1.2059767001774162,None,4,001,2025-11-03_13h23.07.250,untitled,,2025.1.1,72.19836063456263,2025-11-03 13h23.14.146185 +0530,
11,30,7,566,6,80,t,0.08742940006777644,None,80,6,566,0,774.0049432001542,,774.0001388001256,774.0049432001542,774.9913624001201,774.9913624001201,774.9984648001846,775.0821733002085,t,0.08742940006777644,None,4,001,2025-11-03_13h23.07.250,untitled,,2025.1.1,72.19836063456263,2025-11-03 13h23.14.146185 +0530,
67,75,119,567,0,81,t,0.19827309995889664,None,81,0,567,5,775.0913291000761,,775.0860984001774,775.0913291000761,776.0777877999935,776.0777877999935,776.0847031001467,776.2796385001857,t,0.19827309995889664,None,4,001,2025-11-03_13h23.07.250,untitled,,2025.1.1,72.19836063456263,2025-11-03 13h23.14.146185 +0530,
78,80,162,568,1,81,l,0.15334249986335635,None,81,1,568,6,776.2883414002135,,776.2834958999883,776.2883414002135,777.2747343000956,777.2747343000956,777.2817166000605,777.434663800057,l,0.15334249986335635,None,4,001,2025-11-03_13h23.07.250,untitled,,2025.1.1,72.19836063456263,2025-11-03 13h23.14.146185 +0530,
40,55,62,569,2,81,t,0.08403410017490387,None,81,2,569,3,777.4431702999864,,777.4385483001824,777.4431702999864,778.4291191000957,778.4291191000957,778.4363000001758,778.5204007001594,t,0.08403410017490387,None,4,001,2025-11-03_13h23.07.250,untitled,,2025.1.1,72.19836063456263,2025-11-03 13h23.14.146185 +0530,
11,30,7,570,3,81,t,0.21667949995025992,None,81,3,570,0,778.5289532002062,,778.5245758001693,778.5289532002062,779.5151802001055,779.5151802001055,779.5226495000534,779.738076500129,t,0.21667949995025992,None,4,001,2025-11-03_13h23.07.250,untitled,,2025.1.1,72.19836063456263,2025-11-03 13h23.14.146185 +0530,
49,60,89,571,4,81,l,0.18290030001662672,None,81,4,571,4,779.7468686001375,,779.742475300096,779.7468686001375,780.7333573000506,780.7333573000506,780.7403172000777,780.9214121000841,l,0.18290030001662672,None,4,001,2025-11-03_13h23.07.250,untitled,,2025.1.1,72.19836063456263,2025-11-03 13h23.14.146185 +0530,
27,50,21,572,5,81,l,0.19540970004163682,None,81,5,572,2,780.930881400127,,780.9261274000164,780.930881400127,781.9174303000327,781.9174303000327,781.9239908000454,782.11929780012,l,0.19540970004163682,None,4,001,2025-11-03_13h23.07.250,untitled,,2025.1.1,72.19836063456263,2025-11-03 13h23.14.146185 +0530,
15,35,13,573,6,81,t,0.10861680004745722,None,81,6,573,1,782.1287460001186,,782.1243230002001,782.1287460001186,783.1150129002053,783.1150129002053,783.1223159001675,783.2268425000366,t,0.10861680004745722,None,4,001,2025-11-03_13h23.07.250,untitled,,2025.1.1,72.19836063456263,2025-11-03 13h23.14.146185 +0530,
11,30,7,574,0,82,t,0.12688930006697774,None,82,0,574,0,783.2362261000089,,783.230999100022,783.2362261000089,784.2223815000616,784.2223815000616,784.2291653000284,784.3550007001031,t,0.12688930006697774,None,4,001,2025-11-03_13h23.07.250,untitled,,2025.1.1,72.19836063456263,2025-11-03 13h23.14.146185 +0530,
15,35,13,575,1,82,t,0.21592559991404414,None,82,1,575,1,784.3650036000181,,784.3593914001249,784.3650036000181,785.3511523001362,785.3511523001362,785.3581247001421,785.5737811001018,t,0.21592559991404414,None,4,001,2025-11-03_13h23.07.250,untitled,,2025.1.1,72.19836063456263,2025-11-03 13h23.14.146185 +0530,
78,80,162,576,2,82,t,0.017685800092294812,None,82,2,576,6,785.5828272001818,,785.5780674000271,785.5828272001818,786.5700302000623,786.5700302000623,786.5774237001315,786.5915095000528,t,0.017685800092294812,None,4,001,2025-11-03_13h23.07.250,untitled,,2025.1.1,72.19836063456263,2025-11-03 13h23.14.146185 +0530,
49,60,89,577,3,82,t,0.3537412998266518,None,82,3,577,4,786.6007148001809,,786.5956842000596,786.6007148001809,787.5872109001502,787.5872109001502,787.5939086000435,787.9419140000828,t,0.3537412998266518,None,4,001,2025-11-03_13h23.07.250,untitled,,2025.1.1,72.19836063456263,2025-11-03 13h23.14.146185 +0530,
67,75,119,578,4,82,l,0.2713185998145491,None,82,4,578,5,787.9508271000814,,787.9460289000999,787.9508271000814,788.9372131000273,788.9372131000273,788.944216000149,789.2154044001363,l,0.2713185998145491,None,4,001,2025-11-03_13h23.07.250,untitled,,2025.1.1,72.19836063456263,2025-11-03 13h23.14.146185 +0530,
27,50,21,579,5,82,l,0.3288687998428941,None,82,5,579,2,789.2251191001851,,789.220306500094,789.2251191001851,790.2115157002117,790.2115157002117,790.2185705001466,790.5455923001282,l,0.3288687998428941,None,4,001,2025-11-03_13h23.07.250,untitled,,2025.1.1,72.19836063456263,2025-11-03 13h23.14.146185 +0530,
40,55,62,580,6,82,t,0.2048034998588264,None,82,6,580,3,790.554699000204,,790.5496485000476,790.554699000204,791.5379497001413,791.5379497001413,791.5449303002097,791.7471618000418,t,0.2048034998588264,None,4,001,2025-11-03_13h23.07.250,untitled,,2025.1.1,72.19836063456263,2025-11-03 13h23.14.146185 +0530,
67,75,119,581,0,83,l,0.167420000070706,None,83,0,581,5,791.7642371000256,,791.752939300146,791.7642371000256,792.7433766000904,792.7433766000904,792.7573121001478,792.9174357000738,l,0.167420000070706,None,4,001,2025-11-03_13h23.07.250,untitled,,2025.1.1,72.19836063456263,2025-11-03 13h23.14.146185 +0530,
15,35,13,582,1,83,t,0.2499180999584496,None,83,1,582,1,792.9258499001153,,792.9212647001259,792.9258499001153,793.912259100005,793.912259100005,793.9189680002164,794.1628859001212,t,0.2499180999584496,None,4,001,2025-11-03_13h23.07.250,untitled,,2025.1.1,72.19836063456263,2025-11-03 13h23.14.146185 +0530,
40,55,62,583,2,83,t,0.23985600005835295,None,83,2,583,3,794.1715791001916,,794.166640000185,794.1715791001916,795.1580776001792,795.1580776001792,795.1649892001878,795.401967999991,t,0.23985600005835295,None,4,001,2025-11-03_13h23.07.250,untitled,,2025.1.1,72.19836063456263,2025-11-03 13h23.14.146185 +0530,
78,80,162,584,3,83,t,0.2789906000252813,None,83,3,584,6,795.4106028000824,,795.4056836001109,795.4106028000824,796.3970070001669,796.3970070001669,796.4037882001139,796.6818846000824,t,0.2789906000252813,None,4,001,2025-11-03_13h23.07.250,untitled,,2025.1.1,72.19836063456263,2025-11-03 13h23.14.146185 +0530,
11,30,7,585,4,83,l,0.12052819994278252,None,83,4,585,0,796.6898560000118,,796.6853536001872,796.6898560000118,797.675914700143,797.675914700143,797.6831100001,797.8017458000686,l,0.12052819994278252,None,4,001,2025-11-03_13h23.07.250,untitled,,2025.1.1,72.19836063456263,2025-11-03 13h23.14.146185 +0530,
49,60,89,586,5,83,l,0.16748189995996654,None,83,5,586,4,797.8105427001137,,797.8055877001025,797.8105427001137,798.7968612001278,798.7968612001278,798.8039120000321,798.9708640000317,l,0.16748189995996654,None,4,001,2025-11-03_13h23.07.250,untitled,,2025.1.1,72.19836063456263,2025-11-03 13h23.14.146185 +0530,
27,50,21,587,6,83,l,0.3374838000163436,None,83,6,587,2,798.9794178002048,,798.9747113001067,798.9794178002048,799.9653257001191,799.9653257001191,799.9729511002079,800.3065476000775,l,0.3374838000163436,None,4,001,2025-11-03_13h23.07.250,untitled,,2025.1.1,72.19836063456263,2025-11-03 13h23.14.146185 +0530,
27,50,21,588,0,84,t,0.17473059985786676,None,84,0,588,2,800.3125905999914,,800.3068582999986,800.3125905999914,801.2989866000134,801.2989866000134,801.3059876000043,801.479812500067,t,0.17473059985786676,None,4,001,2025-11-03_13h23.07.250,untitled,,2025.1.1,72.19836063456263,2025-11-03 13h23.14.146185 +0530,
67,75,119,589,1,84,l,0.19100759993307292,None,84,1,589,5,801.4887358001433,,801.483940300066,801.4887358001433,802.474998800084,802.474998800084,802.4819744001143,802.6701681001578,l,0.19100759993307292,None,4,001,2025-11-03_13h23.07.250,untitled,,2025.1.1,72.19836063456263,2025-11-03 13h23.14.146185 +0530,
40,55,62,590,2,84,t,0.06980020017363131,None,84,2,590,3,802.6801197000314,,802.675026900135,802.6801197000314,803.6663520000875,803.6663520000875,803.673282600008,803.7430385001935,t,0.06980020017363131,None,4,001,2025-11-03_13h23.07.250,untitled,,2025.1.1,72.19836063456263,2025-11-03 13h23.14.146185 +0530,
49,60,89,591,3,84,l,0.03197529981844127,None,84,3,591,4,803.7519377002027,,803.7474826001562,803.7519377002027,804.7383575001732,804.7383575001732,804.7453519999981,804.7736596001778,l,0.03197529981844127,None,4,001,2025-11-03_13h23.07.250,untitled,,2025.1.1,72.19836063456263,2025-11-03 13h23.14.146185 +0530,
78,80,162,592,4,84,l,0.16397740016691387,None,84,4,592,6,804.781759600155,,804.7769694000017,804.781759600155,805.7682032000739,805.7682032000739,805.7752015001606,805.9352867000271,l,0.16397740016691387,None,4,001,2025-11-03_13h23.07.250,untitled,,2025.1.1,72.19836063456263,2025-11-03 13h23.14.146185 +0530,
15,35,13,593,5,84,t,0.11798330000601709,None,84,5,593,1,805.9439498002175,,805.9391024000943,805.9439498002175,806.9304300001822,806.9304300001822,806.9373627000023,807.0492648000363,t,0.11798330000601709,None,4,001,2025-11-03_13h23.07.250,untitled,,2025.1.1,72.19836063456263,2025-11-03 13h23.14.146185 +0530,
11,30,7,594,6,84,t,0.1608879000414163,None,84,6,594,0,807.0577778001316,,807.0529748999979,807.0577778001316,808.0438718001824,808.0438718001824,808.0509547002148,808.2113022000995,t,0.1608879000414163,None,4,001,2025-11-03_13h23.07.250,untitled,,2025.1.1,72.19836063456263,2025-11-03 13h23.14.146185 +0530,
40,55,62,595,0,85,t,0.15020129992626607,None,85,0,595,3,808.21989580011,,808.215417200001,808.21989580011,809.2060252001975,809.2060252001975,809.2131769000553,809.3596299001947,t,0.15020129992626607,None,4,001,2025-11-03_13h23.07.250,untitled,,2025.1.1,72.19836063456263,2025-11-03 13h23.14.146185 +0530,
27,50,21,596,1,85,t,0.11240159999579191,None,85,1,596,2,809.368200100027,,809.3634616001509,809.368200100027,810.3545060001779,810.3545060001779,810.3615139001049,810.4731489000842,t,0.11240159999579191,None,4,001,2025-11-03_13h23.07.250,untitled,,2025.1.1,72.19836063456263,2025-11-03 13h23.14.146185 +0530,
15,35,13,597,2,85,l,0.10986010008491576,None,85,2,597,1,810.482265900122,,810.4774417001754,810.482265900122,811.4683456001803,811.4683456001803,811.4755185001995,811.5804112001788,l,0.10986010008491576,None,4,001,2025-11-03_13h23.07.250,untitled,,2025.1.1,72.19836063456263,2025-11-03 13h23.14.146185 +0530,
67,75,119,598,3,85,l,0.008045299910008907,None,85,3,598,5,811.5887099001557,,811.5838680001907,811.5887099001557,812.5751499000471,812.5751499000471,812.5821951001417,812.5897401000839,l,0.008045299910008907,None,4,001,2025-11-03_13h23.07.250,untitled,,2025.1.1,72.19836063456263,2025-11-03 13h23.14.146185 +0530,
11,30,7,599,4,85,l,0.4832354001700878,None,85,4,599,0,812.5993367000483,,812.5938942001667,812.5993367000483,813.5846241000108,813.5846241000108,813.5916361000855,814.0715623002034,l,0.4832354001700878,None,4,001,2025-11-03_13h23.07.250,untitled,,2025.1.1,72.19836063456263,2025-11-03 13h23.14.146185 +0530,
78,80,162,600,5,85,l,0.10150799993425608,None,85,5,600,6,814.0812542000785,,814.0759496001992,814.0812542000785,815.0680800001137,815.0680800001137,815.0751428999938,815.1722650001757,l,0.10150799993425608,None,4,001,2025-11-03_13h23.07.250,untitled,,2025.1.1,72.19836063456263,2025-11-03 13h23.14.146185 +0530,
49,60,89,601,6,85,l,0.6630432000383735,None,85,6,601,4,815.1812755002175,,815.1758902000729,815.1812755002175,816.1682523000054,816.1682523000054,816.1752626001835,816.8353392002173,l,0.6630432000383735,None,4,001,2025-11-03_13h23.07.250,untitled,,2025.1.1,72.19836063456263,2025-11-03 13h23.14.146185 +0530,
27,50,21,602,0,86,l,0.46405730000697076,None,86,0,602,2,816.8448266000487,,816.83998290007,816.8448266000487,817.8312219001818,817.8312219001818,817.838331800187,818.2970567999873,l,0.46405730000697076,None,4,001,2025-11-03_13h23.07.250,untitled,,2025.1.1,72.19836063456263,2025-11-03 13h23.14.146185 +0530,
49,60,89,603,1,86,t,0.2850041000638157,None,86,1,603,4,818.3058941999916,,818.3011016000528,818.3058941999916,819.292325500166,819.292325500166,819.2992913001217,819.5843861000612,t,0.2850041000638157,None,4,001,2025-11-03_13h23.07.250,untitled,,2025.1.1,72.19836063456263,2025-11-03 13h23.14.146185 +0530,
67,75,119,604,2,86,t,0.17900500004179776,None,86,2,604,5,819.5940711000003,,819.5890916001517,819.5940711000003,820.5804070001468,820.5804070001468,820.5873980000615,820.7613009000197,t,0.17900500004179776,None,4,001,2025-11-03_13h23.07.250,untitled,,2025.1.1,72.19836063456263,2025-11-03 13h23.14.146185 +0530,
11,30,7,605,3,86,t,0.12406519986689091,None,86,3,605,0,820.7702686002012,,820.7654383000918,820.7702686002012,821.7567074000835,821.7567074000835,821.7637812001631,821.882276999997,t,0.12406519986689091,None,4,001,2025-11-03_13h23.07.250,untitled,,2025.1.1,72.19836063456263,2025-11-03 13h23.14.146185 +0530,
40,55,62,606,4,86,l,0.05385909997858107,None,86,4,606,3,821.8995278000366,,821.8877735000569,821.8995278000366,822.8715313000139,822.8715313000139,822.8927858001553,822.9278160000686,l,0.05385909997858107,None,4,001,2025-11-03_13h23.07.250,untitled,,2025.1.1,72.19836063456263,2025-11-03 13h23.14.146185 +0530,
15,35,13,607,5,86,t,0.16023840010166168,None,86,5,607,1,822.9365024000872,,822.931678700028,822.9365024000872,823.9229060001671,823.9229060001671,823.9299895002041,824.0837805999909,t,0.16023840010166168,None,4,001,2025-11-03_13h23.07.250,untitled,,2025.1.1,72.19836063456263,2025-11-03 13h23.14.146185 +0530,
78,80,162,608,6,86,l,0.10968490014784038,None,86,6,608,6,824.0929274000227,,824.0880003999919,824.0929274000227,825.0792592000216,825.0792592000216,825.0863441000693,825.1909591001458,l,0.10968490014784038,None,4,001,2025-11-03_13h23.07.250,untitled,,2025.1.1,72.19836063456263,2025-11-03 13h23.14.146185 +0530,
40,55,62,609,0,87,t,0.022247500019147992,None,87,0,609,3,825.2002715000417,,825.1953500001691,825.2002715000417,826.186528300168,826.186528300168,826.1935370001011,826.2147255002055,t,0.022247500019147992,None,4,001,2025-11-03_13h23.07.250,untitled,,2025.1.1,72.19836063456263,2025-11-03 13h23.14.146185 +0530,
67,75,119,610,1,87,l,0.3281687998678535,None,87,1,610,5,826.2229478000663,,826.2184927000199,826.2229478000663,827.209383000154,827.209383000154,827.2164296000265,827.5432081001345,l,0.3281687998678535,None,4,001,2025-11-03_13h23.07.250,untitled,,2025.1.1,72.19836063456263,2025-11-03 13h23.14.146185 +0530,
49,60,89,611,2,87,t,0.14002869999967515,None,87,2,611,4,827.5532612001989,,827.5484053001273,827.5532612001989,828.5327943000011,828.5327943000011,828.5466784001328,828.6789771001786,t,0.14002869999967515,None,4,001,2025-11-03_13h23.07.250,untitled,,2025.1.1,72.19836063456263,2025-11-03 13h23.14.146185 +0530,
27,50,21,612,3,87,t,0.0828857000451535,None,87,3,612,2,828.6885963000823,,828.6837631000672,828.6885963000823,829.6750059002079,829.6750059002079,829.682131400099,829.7589908000082,t,0.0828857000451535,None,4,001,2025-11-03_13h23.07.250,untitled,,2025.1.1,72.19836063456263,2025-11-03 13h23.14.146185 +0530,
78,80,162,613,4,87,t,0.4625512999482453,None,87,4,613,6,829.7678152001463,,829.7630588000175,829.7678152001463,830.7540772000793,830.7540772000793,830.7612058999948,831.2203498000745,t,0.4625512999482453,None,4,001,2025-11-03_13h23.07.250,untitled,,2025.1.1,72.19836063456263,2025-11-03 13h23.14.146185 +0530,
15,35,13,614,5,87,l,0.1615112000145018,None,87,5,614,1,831.2299155001529,,831.2245623001363,831.2299155001529,832.2159946002066,832.2159946002066,832.2233543000184,832.383061000146,l,0.1615112000145018,None,4,001,2025-11-03_13h23.07.250,untitled,,2025.1.1,72.19836063456263,2025-11-03 13h23.14.146185 +0530,
11,30,7,615,6,87,l,0.045369200175628066,None,87,6,615,0,832.3916621000972,,832.3871540001128,832.3916621000972,833.3781592000742,833.3781592000742,833.3851972001139,833.4271703001577,l,0.045369200175628066,None,4,001,2025-11-03_13h23.07.250,untitled,,2025.1.1,72.19836063456263,2025-11-03 13h23.14.146185 +0530,
40,55,62,616,0,88,l,0.3718236999120563,None,88,0,616,3,833.4365185000934,,833.4314567002002,833.4365185000934,834.4229896001052,834.4229896001052,834.4299831001554,834.7985999002121,l,0.3718236999120563,None,4,001,2025-11-03_13h23.07.250,untitled,,2025.1.1,72.19836063456263,2025-11-03 13h23.14.146185 +0530,
27,50,21,617,1,88,t,0.20462079998105764,None,88,1,617,2,834.8077498001512,,834.8028939000797,834.8077498001512,835.7938799001276,835.7938799001276,835.8009673000779,836.0029690000229,t,0.20462079998105764,None,4,001,2025-11-03_13h23.07.250,untitled,,2025.1.1,72.19836063456263,2025-11-03 13h23.14.146185 +0530,
49,60,89,618,2,88,t,0.04959720000624657,None,88,2,618,4,836.0119859999977,,836.0072047000285,836.0119859999977,836.998365300009,836.998365300009,837.0052762001287,837.0546608001459,t,0.04959720000624657,None,4,001,2025-11-03_13h23.07.250,untitled,,2025.1.1,72.19836063456263,2025-11-03 13h23.14.146185 +0530,
67,75,119,619,3,88,t,0.1988592001143843,None,88,3,619,5,837.0634463999886,,837.0589331001975,837.0634463999886,838.0501682001632,838.0501682001632,838.0568729001097,838.2529100000393,t,0.1988592001143843,None,4,001,2025-11-03_13h23.07.250,untitled,,2025.1.1,72.19836063456263,2025-11-03 13h23.14.146185 +0530,
78,80,162,620,4,88,t,0.1980544999241829,None,88,4,620,6,838.2620027000085,,838.2567002000287,838.2620027000085,839.2484112000093,839.2484112000093,839.2558111001272,839.4504033999983,t,0.1980544999241829,None,4,001,2025-11-03_13h23.07.250,untitled,,2025.1.1,72.19836063456263,2025-11-03 13h23.14.146185 +0530,
15,35,13,621,5,88,l,0.1934746999759227,None,88,5,621,1,839.4602892000694,,839.4547610001173,839.4602892000694,840.4399041000288,840.4399041000288,840.4537472000811,840.6348650001455,l,0.1934746999759227,None,4,001,2025-11-03_13h23.07.250,untitled,,2025.1.1,72.19836063456263,2025-11-03 13h23.14.146185 +0530,
11,30,7,622,6,88,l,0.15021339990198612,None,88,6,622,0,840.6442146000918,,840.6391703002155,840.6442146000918,841.6301367999986,841.6301367999986,841.6375732000452,841.7838646001182,l,0.15021339990198612,None,4,001,2025-11-03_13h23.07.250,untitled,,2025.1.1,72.19836063456263,2025-11-03 13h23.14.146185 +0530,
67,75,119,623,0,89,l,0.1628680001012981,None,89,0,623,5,841.7925210001413,,841.7874170001596,841.7925210001413,842.7791840999853,842.7791840999853,842.7858901000582,842.9462620001286,l,0.1628680001012981,None,4,001,2025-11-03_13h23.07.250,untitled,,2025.1.1,72.19836063456263,2025-11-03 13h23.14.146185 +0530,
27,50,21,624,1,89,l,0.10599129996262491,None,89,1,624,2,842.9554532000329,,842.9503256001044,842.9554532000329,843.9414571002126,843.9414571002126,843.9486964000389,844.0532190001104,l,0.10599129996262491,None,4,001,2025-11-03_13h23.07.250,untitled,,2025.1.1,72.19836063456263,2025-11-03 13h23.14.146185 +0530,
78,80,162,625,2,89,l,0.14838859997689724,None,89,2,625,6,844.0614016000181,,844.0568348001689,844.0614016000181,845.0476794000715,845.0476794000715,845.0546531002037,845.2011259000283,l,0.14838859997689724,None,4,001,2025-11-03_13h23.07.250,untitled,,2025.1.1,72.19836063456263,2025-11-03 13h23.14.146185 +0530,
15,35,13,626,3,89,t,0.18855639989487827,None,89,3,626,1,845.210063100094,,845.2052056000102,845.210063100094,846.1964849000797,846.1964849000797,846.2034574002028,846.3912528001238,t,0.18855639989487827,None,4,001,2025-11-03_13h23.07.250,untitled,,2025.1.1,72.19836063456263,2025-11-03 13h23.14.146185 +0530,
11,30,7,627,4,89,t,0.22920920001342893,None,89,4,627,0,846.3993975000922,,846.3947584000416,846.3993975000922,847.3868476999924,847.3868476999924,847.3923565000296,847.622432500124,t,0.22920920001342893,None,4,001,2025-11-03_13h23.07.250,untitled,,2025.1.1,72.19836063456263,2025-11-03 13h23.14.146185 +0530,
49,60,89,628,5,89,l,0.19543079985305667,None,89,5,628,4,847.6318459000904,,847.6266231001355,847.6318459000904,848.6180770001374,848.6180770001374,848.6252835001796,848.8199918000028,l,0.19543079985305667,None,4,001,2025-11-03_13h23.07.250,untitled,,2025.1.1,72.19836063456263,2025-11-03 13h23.14.146185 +0530,
40,55,62,629,6,89,l,0.19595399987883866,None,89,6,629,3,848.82877500006,,848.8241242000367,848.82877500006,849.814663400175,849.814663400175,849.8218298000284,850.0165812000632,l,0.19595399987883866,None,4,001,2025-11-03_13h23.07.250,untitled,,2025.1.1,72.19836063456263,2025-11-03 13h23.14.146185 +0530,
27,50,21,630,0,90,t,0.2207963999826461,None,90,0,630,2,850.0252769000363,,850.0208314000629,850.0252769000363,851.0117276001256,851.0117276001256,851.0190451000817,851.2344695001375,t,0.2207963999826461,None,4,001,2025-11-03_13h23.07.250,untitled,,2025.1.1,72.19836063456263,2025-11-03 13h23.14.146185 +0530,
49,60,89,631,1,90,l,0.23985469993203878,None,90,1,631,4,851.2433685001452,,851.2383844000287,851.2433685001452,852.2298685000278,852.2298685000278,852.2368389000185,852.4733876001555,l,0.23985469993203878,None,4,001,2025-11-03_13h23.07.250,untitled,,2025.1.1,72.19836063456263,2025-11-03 13h23.14.146185 +0530,
11,30,7,632,2,90,t,0.15699739987030625,None,90,2,632,0,852.4825485001784,,852.4775982000865,852.4825485001784,853.4688120000064,853.4688120000064,853.4759117001668,853.6292587001808,t,0.15699739987030625,None,4,001,2025-11-03_13h23.07.250,untitled,,2025.1.1,72.19836063456263,2025-11-03 13h23.14.146185 +0530,
40,55,62,633,3,90,l,0.19830009993165731,None,90,3,633,3,853.6379592001904,,853.6331698000431,853.6379592001904,854.624411100056,854.624411100056,854.6311233001761,854.8265349001158,l,0.19830009993165731,None,4,001,2025-11-03_13h23.07.250,untitled,,2025.1.1,72.19836063456263,2025-11-03 13h23.14.146185 +0530,
78,80,162,634,4,90,t,0.161082899896428,None,90,4,634,6,854.835199000081,,854.8303480001632,854.835199000081,855.8178699000273,855.8178699000273,855.824743400095,855.9849005001597,t,0.161082899896428,None,4,001,2025-11-03_13h23.07.250,untitled,,2025.1.1,72.19836063456263,2025-11-03 13h23.14.146185 +0530,
15,35,13,635,5,90,l,0.17539429990574718,None,90,5,635,1,856.0024993000552,,855.9904722000938,856.0024993000552,856.9743801001459,856.9743801001459,856.9954433999956,857.1558505999856,l,0.17539429990574718,None,4,001,2025-11-03_13h23.07.250,untitled,,2025.1.1,72.19836063456263,2025-11-03 13h23.14.146185 +0530,
67,75,119,636,6,90,t,0.20593559998087585,None,90,6,636,5,857.1651822000276,,857.1603863001801,857.1651822000276,858.1515838000923,858.1515838000923,858.1586319000926,858.3604420002084,t,0.20593559998087585,None,4,001,2025-11-03_13h23.07.250,untitled,,2025.1.1,72.19836063456263,2025-11-03 13h23.14.146185 +0530,
49,60,89,637,0,91,l,0.17955020000226796,None,91,0,637,4,858.3693762000185,,858.3645799001679,858.3693762000185,859.356020900188,859.356020900188,859.363004400162,859.5370466001332,l,0.17955020000226796,None,4,001,2025-11-03_13h23.07.250,untitled,,2025.1.1,72.19836063456263,2025-11-03 13h23.14.146185 +0530,
78,80,162,638,1,91,t,0.145172200165689,None,91,1,638,6,859.5468988001812,,859.5414470001124,859.5468988001812,860.5261068001855,860.5261068001855,860.5411319001578,860.672683800105,t,0.145172200165689,None,4,001,2025-11-03_13h23.07.250,untitled,,2025.1.1,72.19836063456263,2025-11-03 13h23.14.146185 +0530,
15,35,13,639,2,91,l,0.16469660005532205,None,91,2,639,1,860.6820485000499,,860.6767954002135,860.6820485000499,861.6685913000256,861.6685913000256,861.6757186001632,861.8356018001214,l,0.16469660005532205,None,4,001,2025-11-03_13h23.07.250,untitled,,2025.1.1,72.19836063456263,2025-11-03 13h23.14.146185 +0530,
11,30,7,640,3,91,t,0.057957899989560246,None,91,3,640,0,861.8448792002164,,861.839962700149,861.8448792002164,862.8312942001503,862.8312942001503,862.8383828001097,862.8942635001149,t,0.057957899989560246,None,4,001,2025-11-03_13h23.07.250,untitled,,2025.1.1,72.19836063456263,2025-11-03 13h23.14.146185 +0530,
40,55,62,641,4,91,l,0.1207373000215739,None,91,4,641,3,862.9032841001172,,862.8984968999866,862.9032841001172,863.8895164001733,863.8895164001733,863.8967846001033,864.01534680021,l,0.1207373000215739,None,4,001,2025-11-03_13h23.07.250,untitled,,2025.1.1,72.19836063456263,2025-11-03 13h23.14.146185 +0530,
67,75,119,642,5,91,t,0.05619770009070635,None,91,5,642,5,864.0255218001548,,864.0204466001596,864.0255218001548,865.0045846002176,865.0045846002176,865.0187170000281,865.0680132000707,t,0.05619770009070635,None,4,001,2025-11-03_13h23.07.250,untitled,,2025.1.1,72.19836063456263,2025-11-03 13h23.14.146185 +0530,
27,50,21,643,6,91,t,0.0233948000241071,None,91,6,643,2,865.0778970001265,,865.0731053000782,865.0778970001265,866.0571132001933,866.0571132001933,866.0710940000135,866.0855909001548,t,0.0233948000241071,None,4,001,2025-11-03_13h23.07.250,untitled,,2025.1.1,72.19836063456263,2025-11-03 13h23.14.146185 +0530,
15,35,13,644,0,92,t,0.03899800009094179,None,92,0,644,1,866.0951666000765,,866.0903218002059,866.0951666000765,867.0813595000654,867.0813595000654,867.088607700076,867.1242682000156,t,0.03899800009094179,None,4,001,2025-11-03_13h23.07.250,untitled,,2025.1.1,72.19836063456263,2025-11-03 13h23.14.146185 +0530,
67,75,119,645,1,92,t,0.0667389000300318,None,92,1,645,5,867.1328978000674,,867.1278199001681,867.1328978000674,868.1192984001245,868.1192984001245,868.1261036000215,868.1893154000863,t,0.0667389000300318,None,4,001,2025-11-03_13h23.07.250,untitled,,2025.1.1,72.19836063456263,2025-11-03 13h23.14.146185 +0530,
49,60,89,646,2,92,l,0.015782199800014496,None,92,2,646,4,868.1989309000783,,868.1934337001294,868.1989309000783,869.1854385000188,869.1854385000188,869.1923926000018,869.2063743001781,l,0.015782199800014496,None,4,001,2025-11-03_13h23.07.250,untitled,,2025.1.1,72.19836063456263,2025-11-03 13h23.14.146185 +0530,
78,80,162,647,3,92,l,0.17145119979977608,None,92,3,647,6,869.2148681001272,,869.210167700192,869.2148681001272,870.2013195999898,870.2013195999898,870.2083915001713,870.3755952001084,l,0.17145119979977608,None,4,001,2025-11-03_13h23.07.250,untitled,,2025.1.1,72.19836063456263,2025-11-03 13h23.14.146185 +0530,
40,55,62,648,4,92,t,0.09185689990408719,None,92,4,648,3,870.384950300213,,870.3793444000185,870.384950300213,871.3712536999956,871.3712536999956,871.3781237001531,871.4687191999983,t,0.09185689990408719,None,4,001,2025-11-03_13h23.07.250,untitled,,2025.1.1,72.19836063456263,2025-11-03 13h23.14.146185 +0530,
27,50,21,649,5,92,l,0.0741401999257505,None,92,5,649,2,871.4779079,,871.4730940000154,871.4779079,872.4640728000086,872.4640728000086,872.4710403000936,872.5412097000517,l,0.0741401999257505,None,4,001,2025-11-03_13h23.07.250,untitled,,2025.1.1,72.19836063456263,2025-11-03 13h23.14.146185 +0530,
11,30,7,650,6,92,l,0.17439469997771084,None,92,6,650,0,872.5494020001497,,872.5446920001414,872.5494020001497,873.5358531000093,873.5358531000093,873.5430100001395,873.7178009001072,l,0.17439469997771084,None,4,001,2025-11-03_13h23.07.250,untitled,,2025.1.1,72.19836063456263,2025-11-03 13h23.14.146185 +0530,
78,80,162,651,0,93,t,0.20970469992607832,None,93,0,651,6,873.7264562000055,,873.72163130017,873.7264562000055,874.7128819001373,874.7128819001373,874.7200139001943,874.9289287000429,t,0.20970469992607832,None,4,001,2025-11-03_13h23.07.250,untitled,,2025.1.1,72.19836063456263,2025-11-03 13h23.14.146185 +0530,
27,50,21,652,1,93,t,0.14417740004137158,None,93,1,652,2,874.9375444001053,,874.9327069001738,874.9375444001053,875.9237863000017,875.9237863000017,875.9316774001345,876.0703221000731,t,0.14417740004137158,None,4,001,2025-11-03_13h23.07.250,untitled,,2025.1.1,72.19836063456263,2025-11-03 13h23.14.146185 +0530,
49,60,89,653,2,93,t,0.2160718000959605,None,93,2,653,4,876.0791681001429,,876.074293400161,876.0791681001429,877.0655404001009,877.0655404001009,877.0727090002038,877.2882389000151,t,0.2160718000959605,None,4,001,2025-11-03_13h23.07.250,untitled,,2025.1.1,72.19836063456263,2025-11-03 13h23.14.146185 +0530,
67,75,119,654,3,93,l,0.5526199999731034,None,93,3,654,5,877.2985817000736,,877.2936368000228,877.2985817000736,878.2780883000232,878.2780883000232,878.2920099000912,878.8338166000322,l,0.5526199999731034,None,4,001,2025-11-03_13h23.07.250,untitled,,2025.1.1,72.19836063456263,2025-11-03 13h23.14.146185 +0530,
15,35,13,655,4,93,l,0.08709000004455447,None,93,4,655,1,878.843243899988,,878.83808710007,878.843243899988,879.8292251999956,879.8292251999956,879.836183300009,879.9200511001982,l,0.08709000004455447,None,4,001,2025-11-03_13h23.07.250,untitled,,2025.1.1,72.19836063456263,2025-11-03 13h23.14.146185 +0530,
11,30,7,656,5,93,t,0.1075042998418212,None,93,5,656,0,879.930241700029,,879.9249202001374,879.930241700029,880.9097173002083,880.9097173002083,880.9234452000819,881.0216815001331,t,0.1075042998418212,None,4,001,2025-11-03_13h23.07.250,untitled,,2025.1.1,72.19836063456263,2025-11-03 13h23.14.146185 +0530,
40,55,62,657,6,93,l,0.18627669988200068,None,93,6,657,3,881.0306092000101,,881.0258614001796,881.0306092000101,882.0170823000371,882.0170823000371,882.0242238000501,882.2051438000053,l,0.18627669988200068,None,4,001,2025-11-03_13h23.07.250,untitled,,2025.1.1,72.19836063456263,2025-11-03 13h23.14.146185 +0530,
15,35,13,658,0,94,l,0.04865790018811822,None,94,0,658,1,882.2145612000022,,882.209292500047,882.2145612000022,883.2010055000428,883.2010055000428,883.2079485000577,883.2504704000894,l,0.04865790018811822,None,4,001,2025-11-03_13h23.07.250,untitled,,2025.1.1,72.19836063456263,2025-11-03 13h23.14.146185 +0530,
27,50,21,659,1,94,l,0.28651780006475747,None,94,1,659,2,883.2595263000112,,883.2546616001055,883.2595263000112,884.2457916000858,884.2457916000858,884.2531390001532,884.5380163001828,l,0.28651780006475747,None,4,001,2025-11-03_13h23.07.250,untitled,,2025.1.1,72.19836063456263,2025-11-03 13h23.14.146185 +0530,
11,30,7,660,2,94,t,0.16484689991921186,None,94,2,660,0,884.5463382999878,,884.5419525001198,884.5463382999878,885.5329029001296,885.5329029001296,885.539914400084,885.6998310000636,t,0.16484689991921186,None,4,001,2025-11-03_13h23.07.250,untitled,,2025.1.1,72.19836063456263,2025-11-03 13h23.14.146185 +0530,
67,75,119,661,3,94,l,0.18210430000908673,None,94,3,661,5,885.7083080001175,,885.7035013001878,885.7083080001175,886.6948127001524,886.6948127001524,886.7018213002011,886.8827924001962,l,0.18210430000908673,None,4,001,2025-11-03_13h23.07.250,untitled,,2025.1.1,72.19836063456263,2025-11-03 13h23.14.146185 +0530,
78,80,162,662,4,94,t,0.10797389992512763,None,94,4,662,6,886.8914652999956,,886.8864519000053,886.8914652999956,887.8775347000919,887.8775347000919,887.88509230013,887.9894839001354,t,0.10797389992512763,None,4,001,2025-11-03_13h23.07.250,untitled,,2025.1.1,72.19836063456263,2025-11-03 13h23.14.146185 +0530,
40,55,62,663,5,94,t,0.7335571998264641,None,94,5,663,3,887.9985462999903,,887.993382200133,887.9985462999903,888.9847932001576,888.9847932001576,888.9917102002073,889.7214105001185,t,0.7335571998264641,None,4,001,2025-11-03_13h23.07.250,untitled,,2025.1.1,72.19836063456263,2025-11-03 13h23.14.146185 +0530,
49,60,89,664,6,94,t,0.2644758999813348,None,94,6,664,4,889.7299906001426,,889.7252519000322,889.7299906001426,890.7168284000363,890.7168284000363,890.724546500016,890.9876941000111,t,0.2644758999813348,None,4,001,2025-11-03_13h23.07.250,untitled,,2025.1.1,72.19836063456263,2025-11-03 13h23.14.146185 +0530,
78,80,162,665,0,95,l,0.6043695998378098,None,95,0,665,6,890.9958744000178,,890.9914939000737,890.9958744000178,891.9820591001771,891.9820591001771,891.9892716000322,892.5872185002081,l,0.6043695998378098,None,4,001,2025-11-03_13h23.07.250,untitled,,2025.1.1,72.19836063456263,2025-11-03 13h23.14.146185 +0530,
67,75,119,666,1,95,t,0.16455919994041324,None,95,1,666,5,892.5956839001738,,892.5908882000949,892.5956839001738,893.5821928000078,893.5821928000078,893.5892368000932,893.7492879000492,t,0.16455919994041324,None,4,001,2025-11-03_13h23.07.250,untitled,,2025.1.1,72.19836063456263,2025-11-03 13h23.14.146185 +0530,
49,60,89,667,2,95,l,0.10414579999633133,None,95,2,667,4,893.7586601001676,,893.7531586000696,893.7586601001676,894.7447908001486,894.7447908001486,894.751994700171,894.8497979000676,l,0.10414579999633133,None,4,001,2025-11-03_13h23.07.250,untitled,,2025.1.1,72.19836063456263,2025-11-03 13h23.14.146185 +0530,
11,30,7,668,3,95,l,0.08511340012773871,None,95,3,668,0,894.8587855000515,,894.8538286001422,894.8587855000515,895.8447248002049,895.8447248002049,895.851919000037,895.9357201000676,l,0.08511340012773871,None,4,001,2025-11-03_13h23.07.250,untitled,,2025.1.1,72.19836063456263,2025-11-03 13h23.14.146185 +0530,
40,55,62,669,4,95,t,0.25138300005346537,None,95,4,669,3,895.9440226000734,,895.9396637000609,895.9440226000734,896.930158900097,896.930158900097,896.937498500105,897.187715700129,t,0.25138300005346537,None,4,001,2025-11-03_13h23.07.250,untitled,,2025.1.1,72.19836063456263,2025-11-03 13h23.14.146185 +0530,
27,50,21,670,5,95,l,0.1955816000699997,None,95,5,670,2,897.1960777000058,,897.1916791000403,897.1960777000058,898.1821475001052,898.1821475001052,898.1893682000227,898.3840272000525,l,0.1955816000699997,None,4,001,2025-11-03_13h23.07.250,untitled,,2025.1.1,72.19836063456263,2025-11-03 13h23.14.146185 +0530,
15,35,13,671,6,95,t,0.15519739990122616,None,95,6,671,1,898.392934500007,,898.3884755000472,898.392934500007,899.3794365001377,899.3794365001377,899.3863778000232,899.5396410000976,t,0.15519739990122616,None,4,001,2025-11-03_13h23.07.250,untitled,,2025.1.1,72.19836063456263,2025-11-03 13h23.14.146185 +0530,
67,75,119,672,0,96,l,0.33099450008012354,None,96,0,672,5,899.5489440001547,,899.5440719001926,899.5489440001547,900.5354320001788,900.5354320001788,900.5423246000428,900.869106200058,l,0.33099450008012354,None,4,001,2025-11-03_13h23.07.250,untitled,,2025.1.1,72.19836063456263,2025-11-03 13h23.14.146185 +0530,
15,35,13,673,1,96,l,0.11924610007554293,None,96,1,673,1,900.8784055002034,,900.8734343000688,900.8784055002034,901.864471900044,901.864471900044,901.8715415000916,901.9900703001767,l,0.11924610007554293,None,4,001,2025-11-03_13h23.07.250,untitled,,2025.1.1,72.19836063456263,2025-11-03 13h23.14.146185 +0530,
11,30,7,674,2,96,t,0.12352310004644096,None,96,2,674,0,901.9993144001346,,901.9948082000483,901.9993144001346,902.9854721000884,902.9854721000884,902.9927774001844,903.1113187000155,t,0.12352310004644096,None,4,001,2025-11-03_13h23.07.250,untitled,,2025.1.1,72.19836063456263,2025-11-03 13h23.14.146185 +0530,
78,80,162,675,3,96,t,0.10917879990302026,None,96,3,675,6,903.1198278001975,,903.114934100071,903.1198278001975,904.1061463002115,904.1061463002115,904.1133459000848,904.2177664001938,t,0.10917879990302026,None,4,001,2025-11-03_13h23.07.250,untitled,,2025.1.1,72.19836063456263,2025-11-03 13h23.14.146185 +0530,
49,60,89,676,4,96,t,0.24606280005536973,None,96,4,676,4,904.2260589001235,,904.2212671001907,904.2260589001235,905.2122310001869,905.2122310001869,905.219582100166,905.463015699992,t,0.24606280005536973,None,4,001,2025-11-03_13h23.07.250,untitled,,2025.1.1,72.19836063456263,2025-11-03 13h23.14.146185 +0530,
40,55,62,677,5,96,l,0.24054230004549026,None,96,5,677,3,905.4721792000346,,905.4672118001617,905.4721792000346,906.4586499000434,906.4586499000434,906.465884800069,906.7027420999948,l,0.24054230004549026,None,4,001,2025-11-03_13h23.07.250,untitled,,2025.1.1,72.19836063456263,2025-11-03 13h23.14.146185 +0530,
27,50,21,678,6,96,t,0.2988684999290854,None,96,6,678,2,906.7113409000449,,906.7065002000891,906.7113409000449,907.6984031000175,907.6984031000175,907.7053857999854,908.003528600093,t,0.2988684999290854,None,4,001,2025-11-03_13h23.07.250,untitled,,2025.1.1,72.19836063456263,2025-11-03 13h23.14.146185 +0530,
49,60,89,679,0,97,l,0.17558449995703995,None,97,0,679,4,908.0119767000433,,908.0075100001413,908.0119767000433,908.9984846001025,908.9984846001025,909.0054289000109,909.1797772999853,l,0.17558449995703995,None,4,001,2025-11-03_13h23.07.250,untitled,,2025.1.1,72.19836063456263,2025-11-03 13h23.14.146185 +0530,
78,80,162,680,1,97,l,0.37334010004997253,None,97,1,680,6,909.1886212001555,,909.1838277000934,909.1886212001555,910.1749123001937,910.1749123001937,910.1819937000982,910.5503607999999,l,0.37334010004997253,None,4,001,2025-11-03_13h23.07.250,untitled,,2025.1.1,72.19836063456263,2025-11-03 13h23.14.146185 +0530,
15,35,13,681,2,97,l,0.1648211998399347,None,97,2,681,1,910.5589364001062,,910.5541855001356,910.5589364001062,911.5452543001156,911.5452543001156,911.5525615999941,911.7126567000523,l,0.1648211998399347,None,4,001,2025-11-03_13h23.07.250,untitled,,2025.1.1,72.19836063456263,2025-11-03 13h23.14.146185 +0530,
40,55,62,682,3,97,l,0.32608560007065535,None,97,3,682,3,911.7213573001791,,911.7164773000404,911.7213573001791,912.7078313000966,912.7078313000966,912.7147747999988,913.0348512001801,l,0.32608560007065535,None,4,001,2025-11-03_13h23.07.250,untitled,,2025.1.1,72.19836063456263,2025-11-03 13h23.14.146185 +0530,
27,50,21,683,4,97,t,0.1489595000166446,None,97,4,683,2,913.0436959001236,,913.0388461002149,913.0436959001236,914.0301177999936,914.0301177999936,914.0371885001659,914.1833725001197,t,0.1489595000166446,None,4,001,2025-11-03_13h23.07.250,untitled,,2025.1.1,72.19836063456263,2025-11-03 13h23.14.146185 +0530,
67,75,119,684,5,97,t,0.045484500005841255,None,97,5,684,5,914.192235100083,,914.1874571000226,914.192235100083,915.1786410000641,915.1786410000641,915.1856033999939,915.2280645000283,t,0.045484500005841255,None,4,001,2025-11-03_13h23.07.250,untitled,,2025.1.1,72.19836063456263,2025-11-03 13h23.14.146185 +0530,
11,30,7,685,6,97,t,0.28274310007691383,None,97,6,685,0,915.2369520000648,,915.2322060000151,915.2369520000648,916.2234205000568,916.2234205000568,916.2305182002019,916.5086972001009,t,0.28274310007691383,None,4,001,2025-11-03_13h23.07.250,untitled,,2025.1.1,72.19836063456263,2025-11-03 13h23.14.146185 +0530,
78,80,162,686,0,98,t,0.32123750005848706,None,98,0,686,6,916.5176360001788,,916.512846800033,916.5176360001788,917.5040651001036,917.5040651001036,917.5110138000455,917.8312427001074,t,0.32123750005848706,None,4,001,2025-11-03_13h23.07.250,untitled,,2025.1.1,72.19836063456263,2025-11-03 13h23.14.146185 +0530,
49,60,89,687,1,98,l,0.8648928999900818,None,98,1,687,4,917.8488448001444,,917.8363793999888,917.8488448001444,918.827486500144,918.827486500144,918.8414712999947,919.6962806000374,l,0.8648928999900818,None,4,001,2025-11-03_13h23.07.250,untitled,,2025.1.1,72.19836063456263,2025-11-03 13h23.14.146185 +0530,
67,75,119,688,2,98,l,0.29876459995284677,None,98,2,688,5,919.7052824001294,,919.7003004001454,919.7052824001294,920.6923911999911,920.6923911999911,920.6992240000982,920.9981994000264,l,0.29876459995284677,None,4,001,2025-11-03_13h23.07.250,untitled,,2025.1.1,72.19836063456263,2025-11-03 13h23.14.146185 +0530,
40,55,62,689,3,98,l,0.06837220001034439,None,98,3,689,3,921.0061920001172,,921.0026138999965,921.0061920001172,921.9925903000403,921.9925903000403,921.9995991000906,922.0623895002063,l,0.06837220001034439,None,4,001,2025-11-03_13h23.07.250,untitled,,2025.1.1,72.19836063456263,2025-11-03 13h23.14.146185 +0530,
27,50,21,690,4,98,t,1.2174554001539946,None,98,4,690,2,922.0701302001253,,922.0659779000562,922.0701302001253,923.0566105002072,923.0566105002072,923.0636140001006,924.2795841000043,t,1.2174554001539946,None,4,001,2025-11-03_13h23.07.250,untitled,,2025.1.1,72.19836063456263,2025-11-03 13h23.14.146185 +0530,
15,35,13,691,5,98,l,0.18342760019004345,None,98,5,691,1,924.2888808001298,,924.2839953000657,924.2888808001298,925.2750639000442,925.2750639000442,925.2820184000302,925.4632208000403,l,0.18342760019004345,None,4,001,2025-11-03_13h23.07.250,untitled,,2025.1.1,72.19836063456263,2025-11-03 13h23.14.146185 +0530,
11,30,7,692,6,98,t,0.18804219993762672,None,98,6,692,0,925.4715278001968,,925.4672604000662,925.4715278001968,926.4580727000721,926.4580727000721,926.4650618000887,926.6526934001595,t,0.18804219993762672,None,4,001,2025-11-03_13h23.07.250,untitled,,2025.1.1,72.19836063456263,2025-11-03 13h23.14.146185 +0530,
78,80,162,693,0,99,l,0.26040450017899275,None,99,0,693,6,926.661273600068,,926.65683670016,926.661273600068,927.6475717001595,927.6475717001595,927.654592800187,927.9122921000235,l,0.26040450017899275,None,4,001,2025-11-03_13h23.07.250,untitled,,2025.1.1,72.19836063456263,2025-11-03 13h23.14.146185 +0530,
15,35,13,694,1,99,t,0.16269470006227493,None,99,1,694,1,927.9297331999987,,927.9169798002113,927.9297331999987,928.901744000148,928.901744000148,928.9227264001966,929.0689239001367,t,0.16269470006227493,None,4,001,2025-11-03_13h23.07.250,untitled,,2025.1.1,72.19836063456263,2025-11-03 13h23.14.146185 +0530,
27,50,21,695,2,99,l,0.1517519000917673,None,99,2,695,2,929.0786202000454,,929.0736465000082,929.0786202000454,930.065001900075,930.065001900075,930.0719616001006,930.2182159000076,l,0.1517519000917673,None,4,001,2025-11-03_13h23.07.250,untitled,,2025.1.1,72.19836063456263,2025-11-03 13h23.14.146185 +0530,
67,75,119,696,3,99,l,0.011917700059711933,None,99,3,696,5,930.2271565000992,,930.2222041999921,930.2271565000992,931.2132503001485,931.2132503001485,931.2204181000125,931.2280749999918,l,0.011917700059711933,None,4,001,2025-11-03_13h23.07.250,untitled,,2025.1.1,72.19836063456263,2025-11-03 13h23.14.146185 +0530,
49,60,89,697,4,99,l,0.06252569984644651,None,99,4,697,4,931.2377298001666,,931.2328516000416,931.2377298001666,932.2241027001292,932.2241027001292,932.2311139001977,932.2874088000972,l,0.06252569984644651,None,4,001,2025-11-03_13h23.07.250,untitled,,2025.1.1,72.19836063456263,2025-11-03 13h23.14.146185 +0530,
11,30,7,698,5,99,l,1.0084693999961019,None,99,5,698,0,932.296502500074,,932.2916423000861,932.296502500074,933.2829408000689,933.2829408000689,933.290198800154,934.2974789000582,l,1.0084693999961019,None,4,001,2025-11-03_13h23.07.250,untitled,,2025.1.1,72.19836063456263,2025-11-03 13h23.14.146185 +0530,
40,55,62,699,6,99,t,0.2823363000061363,None,99,6,699,3,934.307306200033,,934.3022636000533,934.307306200033,935.2869009000715,935.2869009000715,935.3008446001913,935.5722825000994,t,0.2823363000061363,None,4,001,2025-11-03_13h23.07.250,untitled,,2025.1.1,72.19836063456263,2025-11-03 13h23.14.146185 +0530,
